# Blender 5.1.2
# www.blender.org
mtllib Archway.mtl
o SM_Archway_01
v 1.951099 3.590660 0.128711
v 1.746387 3.779261 0.128711
v 1.747845 3.780852 0.164629
v 1.951099 3.590659 0.164629
v 1.517232 3.950655 0.128711
v 1.261923 4.098335 0.128711
v 1.263039 4.099342 0.164629
v 1.517232 3.950655 0.164629
v 0.713093 4.312287 0.128711
v 0.712952 4.312031 0.164631
v 0.989609 4.216501 0.164631
v 0.989609 4.216501 0.128711
v 0.135614 4.422166 0.128711
v 0.135614 4.422167 0.164629
v 0.426227 4.377250 0.164631
v 0.426227 4.377249 0.128711
v -0.449367 4.418045 0.128711
v -0.449366 4.418045 0.164629
v -0.156901 4.433453 0.164631
v -0.156901 4.433452 0.128711
v -1.017533 4.298473 0.128711
v -1.017533 4.298473 0.164629
v -0.736616 4.368389 0.164629
v -0.736616 4.368390 0.128711
v -1.548741 4.080509 0.128711
v -1.548740 4.080508 0.164629
v -1.288385 4.198561 0.164629
v -1.288385 4.198561 0.128711
v -1.998179 3.764382 0.128711
v -1.998179 3.764382 0.164629
v -1.787011 3.927880 0.164629
v -1.787011 3.927881 0.128711
v 1.717004 3.747156 0.128711
v 1.915447 3.558128 0.128711
v 1.240848 4.058896 0.128711
v 1.488289 3.912610 0.128708
v 0.972309 4.172397 0.128711
v 0.699733 4.266689 0.128711
v 0.417397 4.330759 0.128711
v 0.133417 4.372080 0.128711
v -0.440633 4.368041 0.128711
v -0.155183 4.381232 0.128711
v -0.998466 4.254519 0.128711
v -0.723679 4.322164 0.128711
v -1.521756 4.039670 0.128711
v -1.263302 4.156726 0.128711
v -1.758220 3.888163 0.128711
v -1.964536 3.728709 0.128711
v -2.148957 3.549102 0.164629
v -1.964536 3.728709 0.164629
v -2.187450 3.580729 0.164629
v -1.758220 3.888163 0.164629
v -1.521756 4.039670 0.164629
v -1.263302 4.156726 0.164629
v -0.998466 4.254518 0.164629
v -0.723679 4.322164 0.164629
v -0.440632 4.368042 0.164629
v -0.155183 4.381232 0.164629
v 0.133417 4.372080 0.164629
v 0.417397 4.330758 0.164629
v 0.699865 4.266933 0.164629
v 0.972309 4.172397 0.164629
v 1.239680 4.057847 0.164629
v 1.488289 3.912610 0.164629
v 1.715546 3.745563 0.164629
v 1.915447 3.558127 0.164629
v -2.187450 3.580730 0.128711
v -2.148957 3.549102 0.128711
v 2.819267 3.534253 -0.174551
v 2.819267 3.534253 -0.138076
v 1.937958 3.532497 -0.138076
v 1.937958 3.532497 -0.174551
v 2.819199 3.575984 -0.138076
v 1.986434 3.574326 -0.138076
v 2.819199 3.575984 -0.174551
v 1.986434 3.574326 -0.174551
v 2.819267 3.534253 0.128647
v 2.819267 3.534253 0.165119
v 1.937958 3.532497 0.165119
v 1.937958 3.532497 0.128647
v 2.819199 3.575984 0.165119
v 1.986434 3.574326 0.165119
v 2.819199 3.575984 0.128647
v 1.986434 3.574326 0.128647
v 2.819272 3.534254 0.129155
v 2.781069 3.534176 0.129155
v 2.781069 3.534176 -0.138589
v 2.819272 3.534254 -0.138589
v 2.780831 3.575907 0.129155
v 2.780831 3.575907 -0.138589
v 2.819203 3.575984 0.129155
v 2.819203 3.575984 -0.138589
v 2.818754 3.844512 -0.174551
v 2.818754 3.844512 -0.138076
v 2.299725 3.843488 -0.138076
v 2.299725 3.843488 -0.174549
v 2.818686 3.886242 -0.138076
v 2.279970 3.885186 -0.138076
v 2.818686 3.886242 -0.174551
v 2.279970 3.885186 -0.174549
v 2.818754 3.844512 0.128647
v 2.818754 3.844512 0.165119
v 2.299725 3.843488 0.165119
v 2.299725 3.843488 0.128647
v 2.818686 3.886242 0.165119
v 2.279970 3.885187 0.165119
v 2.818686 3.886242 0.128647
v 2.279970 3.885187 0.128647
v 2.818759 3.844471 0.129155
v 2.779301 3.844394 0.129155
v 2.779301 3.844394 -0.138589
v 2.818759 3.844471 -0.138589
v 2.779062 3.886125 0.129155
v 2.779062 3.886125 -0.138589
v 2.818691 3.886201 0.129155
v 2.818691 3.886201 -0.138589
v 2.818758 3.845363 0.165141
v 2.779295 3.845286 0.165141
v 2.780834 3.575299 0.165141
v 2.819203 3.575376 0.165141
v 2.779295 3.845286 0.123757
v 2.780834 3.575299 0.123757
v 2.818758 3.845363 0.123757
v 2.819203 3.575376 0.123757
v 2.818758 3.845363 -0.133455
v 2.779295 3.845286 -0.133455
v 2.780834 3.575299 -0.133455
v 2.819203 3.575376 -0.133455
v 2.779295 3.845286 -0.174839
v 2.780834 3.575299 -0.174839
v 2.818758 3.845363 -0.174839
v 2.819203 3.575376 -0.174839
v 1.822886 3.431667 -0.138076
v 1.822886 3.431667 -0.174549
v 1.821401 3.480359 -0.138076
v 1.821401 3.480359 -0.174549
v 1.822886 3.431667 0.165119
v 1.822886 3.431667 0.128647
v 1.821401 3.480359 0.165119
v 1.821401 3.480359 0.128647
v 2.339365 3.844413 0.165141
v 2.299636 3.844336 0.165141
v 2.300103 3.574349 0.165141
v 2.340015 3.574426 0.165141
v 2.299636 3.844336 0.128659
v 2.300103 3.574349 0.128659
v 2.339365 3.844413 0.128659
v 2.340015 3.574426 0.128659
v 2.339365 3.844413 -0.138130
v 2.299636 3.844336 -0.138130
v 2.300103 3.574349 -0.138130
v 2.340015 3.574426 -0.138130
v 2.299636 3.844336 -0.174839
v 2.300103 3.574349 -0.174839
v 2.339365 3.844413 -0.174839
v 2.340015 3.574426 -0.174839
v 2.752666 4.340279 0.165144
v 2.713706 4.340201 0.165144
v 2.715584 3.882934 0.165141
v 2.754544 3.883011 0.165141
v 2.713706 4.340201 0.123757
v 2.715584 3.882934 0.123757
v 2.752666 4.340278 0.123757
v 2.754543 3.883011 0.123757
v 2.752666 4.340279 -0.133455
v 2.713706 4.340202 -0.133455
v 2.715584 3.882934 -0.133455
v 2.754543 3.883011 -0.133455
v 2.713706 4.340202 -0.174839
v 2.715584 3.882934 -0.174839
v 2.752666 4.340279 -0.174839
v 2.754543 3.883011 -0.174839
v 2.380092 4.339540 0.165141
v 2.341132 4.339463 0.165141
v 2.343008 3.882195 0.165141
v 2.381968 3.882273 0.165141
v 2.341132 4.339463 0.123757
v 2.343008 3.882195 0.123757
v 2.380092 4.339540 0.123757
v 2.381968 3.882273 0.123757
v 2.380092 4.339540 -0.133455
v 2.341132 4.339463 -0.133455
v 2.343008 3.882195 -0.133455
v 2.381968 3.882272 -0.133455
v 2.341132 4.339463 -0.174839
v 2.343008 3.882195 -0.174839
v 2.380092 4.339540 -0.174839
v 2.381968 3.882272 -0.174839
v 1.547943 0.080992 0.100713
v 1.761575 0.081416 0.100713
v 1.761575 0.081416 -0.099287
v 1.547943 0.080992 -0.099287
v 1.442394 -0.000000 0.200713
v 1.869658 -0.000000 0.200713
v 1.869614 0.083483 0.200713
v 1.442347 0.082636 0.200713
v 1.869658 -0.000000 -0.199287
v 1.869614 0.083483 -0.199287
v 1.442394 -0.000000 -0.199287
v 1.442347 0.082636 -0.199287
v 1.761053 0.097332 0.100713
v 1.547420 0.096909 0.100713
v 1.761053 0.097332 -0.099287
v 1.547420 0.096909 -0.099287
v 1.466734 0.081000 0.175686
v 1.531033 0.081127 0.175686
v 1.530458 3.399454 0.175688
v 1.466160 3.399327 0.175688
v 1.531033 0.081127 0.113777
v 1.530458 3.399454 0.113777
v 1.466734 0.081000 0.113777
v 1.466160 3.399327 0.113777
v 1.466734 0.081000 -0.112834
v 1.531033 0.081127 -0.112834
v 1.530458 3.399454 -0.112835
v 1.466160 3.399327 -0.112835
v 1.531033 0.081127 -0.174746
v 1.530458 3.399454 -0.174746
v 1.466734 0.081000 -0.174746
v 1.466160 3.399327 -0.174746
v 1.778924 0.081618 0.175686
v 1.843223 0.081746 0.175686
v 1.842648 3.400073 0.175688
v 1.778350 3.399945 0.175688
v 1.843223 0.081746 0.113777
v 1.842648 3.400073 0.113777
v 1.778924 0.081618 0.113777
v 1.778350 3.399945 0.113777
v 1.778924 0.081618 -0.112834
v 1.843223 0.081746 -0.112834
v 1.842648 3.400073 -0.112835
v 1.778350 3.399945 -0.112835
v 1.843223 0.081746 -0.174746
v 1.842648 3.400073 -0.174746
v 1.778924 0.081618 -0.174746
v 1.778350 3.399945 -0.174746
v 1.863851 3.407155 0.197221
v 1.444045 3.406324 0.197221
v 1.440434 3.402674 0.200713
v 1.867700 3.403520 0.200713
v 1.863851 3.407155 -0.195796
v 1.867700 3.403520 -0.199287
v 1.444045 3.406324 -0.195796
v 1.440435 3.402674 -0.199287
v 1.869399 3.351721 0.200713
v 1.442133 3.350875 0.200713
v 1.466301 3.350923 0.178088
v 1.845232 3.351673 0.178088
v 1.869399 3.351721 -0.199287
v 1.845232 3.351673 -0.176663
v 1.442134 3.350875 -0.199287
v 1.466301 3.350923 -0.176663
v 1.464799 3.396692 0.178088
v 1.843730 3.397443 0.178088
v 1.843730 3.397443 -0.176663
v 1.464799 3.396692 -0.176663
v 1.866695 3.434141 -0.199287
v 1.439429 3.433294 -0.199287
v 1.439429 3.433294 0.200713
v 1.866695 3.434141 0.200713
v 1.440176 3.410550 0.200713
v 1.867442 3.411396 0.200713
v 1.867442 3.411396 -0.199287
v 1.440176 3.410549 -0.199287
v 1.474380 0.847753 -0.114067
v 1.526155 0.847856 -0.114067
v 1.526155 0.847856 0.114709
v 1.474380 0.847753 0.114709
v 1.526138 0.903314 -0.114067
v 1.526138 0.903314 0.114709
v 1.474363 0.903212 -0.114067
v 1.474363 0.903212 0.114709
v 1.473181 1.663988 -0.114068
v 1.524959 1.664090 -0.114068
v 1.524959 1.664090 0.114709
v 1.473181 1.663988 0.114709
v 1.524937 1.719549 -0.114068
v 1.524937 1.719549 0.114709
v 1.473161 1.719446 -0.114068
v 1.473161 1.719446 0.114709
v 1.469842 2.482573 -0.114068
v 1.521636 2.482676 -0.114068
v 1.521636 2.482676 0.114709
v 1.469842 2.482573 0.114709
v 1.521600 2.538134 -0.114068
v 1.521600 2.538134 0.114709
v 1.469839 2.538031 -0.114068
v 1.469839 2.538031 0.114709
v 1.786949 0.848372 -0.114067
v 1.838721 0.848475 -0.114067
v 1.838721 0.848475 0.114709
v 1.786949 0.848372 0.114709
v 1.838699 0.903933 -0.114067
v 1.838699 0.903933 0.114709
v 1.786922 0.903831 -0.114067
v 1.786922 0.903831 0.114709
v 1.785753 1.664607 -0.114068
v 1.837523 1.664709 -0.114068
v 1.837523 1.664709 0.114709
v 1.785753 1.664607 0.114709
v 1.837501 1.720168 -0.114068
v 1.837501 1.720168 0.114709
v 1.785721 1.720065 -0.114068
v 1.785721 1.720065 0.114709
v 1.786271 2.483192 -0.114068
v 1.838046 2.483295 -0.114068
v 1.838046 2.483295 0.114709
v 1.786271 2.483192 0.114709
v 1.838032 2.538753 -0.114068
v 1.838032 2.538753 0.114709
v 1.786252 2.538650 -0.114068
v 1.786252 2.538651 0.114709
v 1.530535 0.084625 0.169617
v 1.530535 0.084625 0.121145
v 1.782828 0.439628 0.121145
v 1.782828 0.439628 0.169617
v 1.528716 0.140083 0.121145
v 1.782803 0.495088 0.121145
v 1.528716 0.140083 0.169617
v 1.782803 0.495088 0.169617
v 1.782806 0.491900 0.121145
v 1.782806 0.491900 0.169617
v 1.530506 0.848862 0.169617
v 1.530506 0.848862 0.121145
v 1.782781 0.547358 0.169617
v 1.530513 0.904319 0.169617
v 1.782781 0.547358 0.121145
v 1.530513 0.904319 0.121145
v 1.530514 0.901092 0.169617
v 1.530514 0.901092 0.121145
v 1.780286 1.256096 0.121145
v 1.780286 1.256096 0.169617
v 1.530494 0.956550 0.121145
v 1.780285 1.311555 0.121145
v 1.530494 0.956550 0.169617
v 1.780285 1.311555 0.169617
v 1.780285 1.308367 0.121145
v 1.780285 1.308367 0.169617
v 1.529429 1.665329 0.169617
v 1.529429 1.665329 0.121145
v 1.780284 1.363825 0.169617
v 1.529431 1.720788 0.169617
v 1.780284 1.363825 0.121145
v 1.529431 1.720788 0.121145
v 1.529431 1.719415 0.169617
v 1.529431 1.719415 0.121145
v 1.784101 2.074420 0.121145
v 1.784101 2.074420 0.169617
v 1.529412 1.774873 0.121145
v 1.784078 2.129878 0.121145
v 1.529412 1.774873 0.169617
v 1.784078 2.129878 0.169617
v 1.784080 2.126690 0.121145
v 1.784080 2.126690 0.169617
v 1.526647 2.483653 0.169617
v 1.526647 2.483653 0.121145
v 1.784057 2.182148 0.169617
v 1.526629 2.539111 0.169617
v 1.784057 2.182148 0.121145
v 1.526629 2.539111 0.121145
v 1.526631 2.534437 0.169617
v 1.526631 2.534437 0.121145
v 1.781784 2.889442 0.121145
v 1.781784 2.889442 0.169616
v 1.526613 2.589895 0.121145
v 1.781744 2.944900 0.121145
v 1.526613 2.589895 0.169617
v 1.781744 2.944900 0.169616
v 1.781746 2.941712 0.121145
v 1.781746 2.941712 0.169616
v 1.533382 3.298675 0.169616
v 1.533382 3.298675 0.121145
v 1.781706 2.997170 0.169616
v 1.531563 3.354132 0.169616
v 1.781706 2.997170 0.121145
v 1.531563 3.354132 0.121145
v 1.779902 0.085119 -0.169172
v 1.779902 0.085119 -0.120701
v 1.529507 0.439135 -0.120701
v 1.529507 0.439135 -0.169172
v 1.778082 0.140577 -0.120701
v 1.529492 0.494594 -0.120701
v 1.778082 0.140577 -0.169172
v 1.529492 0.494594 -0.169172
v 1.529492 0.491406 -0.120701
v 1.529492 0.491406 -0.169172
v 1.780538 0.849356 -0.169172
v 1.780538 0.849356 -0.120701
v 1.529476 0.546864 -0.169172
v 1.780501 0.904814 -0.169172
v 1.529476 0.546864 -0.120701
v 1.780501 0.904814 -0.120701
v 1.780504 0.901586 -0.169172
v 1.780504 0.901586 -0.120701
v 1.529521 1.255603 -0.120701
v 1.529521 1.255603 -0.169172
v 1.780467 0.957044 -0.120701
v 1.529471 1.311061 -0.120701
v 1.780467 0.957044 -0.169172
v 1.529471 1.311061 -0.169172
v 1.529473 1.307873 -0.120701
v 1.529473 1.307873 -0.169172
v 1.779290 1.665823 -0.169172
v 1.779290 1.665823 -0.120701
v 1.529423 1.363331 -0.169172
v 1.779264 1.721282 -0.169172
v 1.529423 1.363331 -0.120701
v 1.779264 1.721282 -0.120701
v 1.779264 1.719909 -0.169172
v 1.779264 1.719909 -0.120701
v 1.526317 2.073926 -0.120701
v 1.526317 2.073926 -0.169173
v 1.779239 1.775367 -0.120701
v 1.526298 2.129384 -0.120701
v 1.779239 1.775367 -0.169172
v 1.526298 2.129384 -0.169173
v 1.526298 2.126196 -0.120701
v 1.526298 2.126196 -0.169173
v 1.779872 2.484146 -0.169173
v 1.779872 2.484146 -0.120701
v 1.526280 2.181654 -0.169173
v 1.779854 2.539605 -0.169173
v 1.526280 2.181654 -0.120701
v 1.779854 2.539605 -0.120701
v 1.779857 2.534931 -0.169173
v 1.779857 2.534931 -0.120701
v 1.529512 2.888948 -0.120701
v 1.529512 2.888948 -0.169173
v 1.779838 2.590389 -0.120701
v 1.529492 2.944406 -0.120701
v 1.779838 2.590389 -0.169173
v 1.529492 2.944406 -0.169173
v 1.529493 2.941218 -0.120701
v 1.529493 2.941218 -0.169173
v 1.782748 3.299168 -0.169173
v 1.782748 3.299168 -0.120701
v 1.529471 2.996676 -0.169173
v 1.780928 3.354626 -0.169173
v 1.529471 2.996676 -0.120701
v 1.780928 3.354626 -0.120701
v -1.989870 0.073986 0.100713
v -1.776237 0.074409 0.100713
v -1.776237 0.074409 -0.099287
v -1.989870 0.073986 -0.099287
v -2.095415 -0.000000 0.200713
v -1.668140 -0.000000 0.200713
v -1.668212 0.076476 0.200713
v -2.095469 0.075630 0.200713
v -1.668140 -0.000000 -0.199287
v -1.668212 0.076476 -0.199287
v -2.095415 -0.000000 -0.199287
v -2.095469 0.075630 -0.199287
v -1.776758 0.090326 0.100713
v -1.990392 0.089903 0.100713
v -1.776758 0.090326 -0.099287
v -1.990392 0.089903 -0.099287
v -2.071078 0.073992 0.175686
v -2.006778 0.074121 0.175686
v -2.006782 3.392448 0.175688
v -2.071081 3.392321 0.175688
v -2.006778 0.074121 0.113777
v -2.006782 3.392448 0.113777
v -2.071078 0.073992 0.113777
v -2.071081 3.392321 0.113777
v -2.071078 0.073992 -0.112834
v -2.006778 0.074121 -0.112834
v -2.006782 3.392448 -0.112835
v -2.071081 3.392321 -0.112835
v -2.006778 0.074121 -0.174746
v -2.006782 3.392448 -0.174746
v -2.071078 0.073992 -0.174746
v -2.071081 3.392321 -0.174746
v -1.758888 0.074612 0.175686
v -1.694589 0.074739 0.175686
v -1.694592 3.393066 0.175688
v -1.758892 3.392939 0.175688
v -1.694589 0.074739 0.113777
v -1.694592 3.393066 0.113777
v -1.758888 0.074612 0.113777
v -1.758892 3.392939 0.113777
v -1.758888 0.074612 -0.112837
v -1.694589 0.074739 -0.112837
v -1.694592 3.393066 -0.112835
v -1.758892 3.392939 -0.112835
v -1.694589 0.074739 -0.174746
v -1.694592 3.393066 -0.174746
v -1.758888 0.074612 -0.174746
v -1.758892 3.392939 -0.174746
v -1.673390 3.400149 0.197221
v -2.093196 3.399317 0.197221
v -2.096807 3.395667 0.200713
v -1.669541 3.396514 0.200713
v -1.673390 3.400149 -0.195796
v -1.669541 3.396514 -0.199287
v -2.093196 3.399317 -0.195796
v -2.096807 3.395667 -0.199287
v -1.667840 3.344715 0.200713
v -2.095107 3.343868 0.200713
v -2.070939 3.343916 0.178088
v -1.692009 3.344667 0.178088
v -1.667840 3.344715 -0.199287
v -1.692009 3.344667 -0.176663
v -2.095107 3.343868 -0.199287
v -2.070939 3.343916 -0.176663
v -2.072441 3.389686 0.178088
v -1.693509 3.390436 0.178088
v -1.693509 3.390436 -0.176663
v -2.072441 3.389686 -0.176663
v -1.670546 3.427135 -0.199287
v -2.097810 3.426288 -0.199287
v -2.097810 3.426288 0.200713
v -1.670546 3.427135 0.200713
v -2.097064 3.403543 0.200713
v -1.669798 3.404389 0.200713
v -1.669798 3.404389 -0.199287
v -2.097064 3.403543 -0.199287
v -2.062759 0.840747 -0.114067
v -2.010983 0.840849 -0.114067
v -2.010983 0.840849 0.114709
v -2.062759 0.840747 0.114709
v -2.011031 0.896308 -0.114067
v -2.011031 0.896308 0.114709
v -2.062808 0.896205 -0.114067
v -2.062808 0.896205 0.114709
v -2.066051 1.656981 -0.114068
v -2.014277 1.657084 -0.114068
v -2.014277 1.657084 0.114709
v -2.066051 1.656981 0.114709
v -2.014312 1.712542 -0.114068
v -2.014312 1.712542 0.114709
v -2.066087 1.712440 -0.114068
v -2.066087 1.712440 0.114709
v -2.064718 2.475567 -0.114068
v -2.012963 2.475669 -0.114068
v -2.012963 2.475669 0.114709
v -2.064718 2.475567 0.114709
v -2.013004 2.531128 -0.114068
v -2.013004 2.531127 0.114709
v -2.064798 2.531025 -0.114068
v -2.064798 2.531025 0.114709
v -1.750199 0.841366 -0.114067
v -1.698430 0.841468 -0.114067
v -1.698430 0.841468 0.114709
v -1.750199 0.841366 0.114709
v -1.698457 0.896927 -0.114067
v -1.698457 0.896927 0.114709
v -1.750238 0.896824 -0.114067
v -1.750238 0.896824 0.114709
v -1.753485 1.657600 -0.114068
v -1.701711 1.657703 -0.114068
v -1.701711 1.657703 0.114709
v -1.753485 1.657600 0.114709
v -1.701750 1.713161 -0.114068
v -1.701750 1.713161 0.114709
v -1.753527 1.713059 -0.114068
v -1.753527 1.713059 0.114709
v -1.752178 2.476186 -0.114068
v -1.700394 2.476288 -0.114068
v -1.700394 2.476288 0.114709
v -1.752178 2.476186 0.114709
v -1.700443 2.531747 -0.114068
v -1.700443 2.531747 0.114709
v -1.752211 2.531644 -0.114068
v -1.752211 2.531644 0.114709
v -2.008160 0.077618 0.169617
v -2.008160 0.077618 0.121145
v -1.756166 0.432622 0.121145
v -1.756166 0.432622 0.169617
v -2.008212 0.133076 0.121145
v -1.756217 0.488081 0.121145
v -2.008212 0.133076 0.169617
v -1.756217 0.488081 0.169617
v -1.756215 0.484892 0.121145
v -1.756215 0.484892 0.169617
v -2.007755 0.841856 0.169617
v -2.007755 0.841856 0.121145
v -1.756265 0.540351 0.169617
v -2.007792 0.897314 0.169617
v -1.756265 0.540351 0.121145
v -2.007792 0.897314 0.121145
v -2.007789 0.894086 0.169617
v -2.007789 0.894086 0.121145
v -1.753698 1.249090 0.121145
v -1.753698 1.249090 0.169617
v -2.007827 0.949544 0.121145
v -1.753738 1.304548 0.121145
v -2.007827 0.949544 0.169617
v -1.753738 1.304548 0.169617
v -1.753735 1.301360 0.121145
v -1.753735 1.301360 0.169617
v -2.009324 1.658323 0.169617
v -2.009324 1.658323 0.121145
v -1.753776 1.356819 0.169617
v -2.009343 1.713781 0.169617
v -1.753776 1.356819 0.121145
v -2.009343 1.713781 0.121145
v -2.009343 1.712409 0.169617
v -2.009343 1.712409 0.121145
v -1.754382 2.067413 0.121145
v -1.754382 2.067413 0.169617
v -2.009362 1.767867 0.121145
v -1.754405 2.122872 0.121145
v -2.009362 1.767867 0.169617
v -1.754405 2.122872 0.169617
v -1.754404 2.119684 0.121145
v -1.754404 2.119684 0.169617
v -2.007957 2.476646 0.169617
v -2.007957 2.476646 0.121145
v -1.754426 2.175142 0.169617
v -2.007969 2.532105 0.169617
v -1.754426 2.175142 0.121145
v -2.007969 2.532105 0.121145
v -2.007968 2.527431 0.169617
v -2.007968 2.527431 0.121145
v -1.757541 2.882435 0.121145
v -1.757541 2.882435 0.169616
v -2.007981 2.582889 0.121145
v -1.759359 2.937893 0.121145
v -2.007981 2.582889 0.169617
v -1.759359 2.937893 0.169616
v -1.759257 2.934705 0.121145
v -1.759257 2.934705 0.169616
v -2.003859 3.291668 0.169616
v -2.003859 3.291668 0.121145
v -1.761075 2.990163 0.169616
v -2.005678 3.347126 0.169616
v -1.761075 2.990163 0.121145
v -2.005678 3.347126 0.121145
v -1.758121 0.078112 -0.169172
v -1.758121 0.078112 -0.120701
v -2.007564 0.432128 -0.120701
v -2.007564 0.432128 -0.169172
v -1.758166 0.133570 -0.120701
v -2.007612 0.487587 -0.120701
v -1.758166 0.133570 -0.169172
v -2.007612 0.487587 -0.169172
v -2.007610 0.484399 -0.120701
v -2.007610 0.484399 -0.169172
v -1.756610 0.842350 -0.169172
v -1.756610 0.842350 -0.120701
v -2.007658 0.539858 -0.169172
v -1.756653 0.897808 -0.169172
v -2.007658 0.539858 -0.120701
v -1.756653 0.897808 -0.120701
v -1.756650 0.894579 -0.169172
v -1.756650 0.894579 -0.120701
v -2.010346 1.248596 -0.120701
v -2.010346 1.248596 -0.169172
v -1.756693 0.950038 -0.120701
v -2.010396 1.304055 -0.120701
v -1.756693 0.950038 -0.169172
v -2.010396 1.304055 -0.169172
v -2.010393 1.300867 -0.120701
v -2.010393 1.300867 -0.169172
v -1.757626 1.658817 -0.169172
v -1.757626 1.658817 -0.120701
v -2.010442 1.356325 -0.169172
v -1.757642 1.714275 -0.169172
v -2.010442 1.356325 -0.120701
v -1.757642 1.714275 -0.120701
v -1.757642 1.712903 -0.169172
v -1.757642 1.712903 -0.120701
v -2.009165 2.066920 -0.120701
v -2.009165 2.066920 -0.169173
v -1.757657 1.768361 -0.120701
v -2.009185 2.122378 -0.120701
v -1.757657 1.768361 -0.169172
v -2.009185 2.122378 -0.169173
v -2.009184 2.119190 -0.120701
v -2.009184 2.119190 -0.169173
v -1.757158 2.477140 -0.169173
v -1.757158 2.477140 -0.120701
v -2.009204 2.174648 -0.169173
v -1.757186 2.532599 -0.169173
v -2.009204 2.174648 -0.120701
v -1.757186 2.532599 -0.120701
v -1.757184 2.527924 -0.169173
v -1.757184 2.527924 -0.120701
v -2.006908 2.881941 -0.120701
v -2.006908 2.881941 -0.169173
v -1.757213 2.583383 -0.120701
v -2.008727 2.937400 -0.120701
v -1.757213 2.583383 -0.169173
v -2.008727 2.937400 -0.169173
v -2.008622 2.934211 -0.120701
v -2.008622 2.934211 -0.169173
v -1.754493 3.292162 -0.169173
v -1.754493 3.292162 -0.120701
v -2.010442 2.989669 -0.169173
v -1.756312 3.347620 -0.169173
v -2.010442 2.989669 -0.120701
v -1.756312 3.347620 -0.120701
v -3.062750 3.522603 0.164853
v -3.062750 3.522603 0.128379
v -2.170361 3.524359 0.128379
v -2.170361 3.524359 0.164853
v -3.062792 3.564333 0.128379
v -2.221576 3.565991 0.128379
v -3.062792 3.564333 0.164853
v -2.221576 3.565991 0.164853
v -3.062750 3.522603 -0.138343
v -3.062750 3.522603 -0.174817
v -2.170361 3.524359 -0.174817
v -2.170361 3.524359 -0.138343
v -3.062792 3.564333 -0.174817
v -2.221576 3.565991 -0.174817
v -3.062792 3.564333 -0.138343
v -2.221576 3.565991 -0.138343
v -3.062753 3.522603 -0.138853
v -3.023878 3.522680 -0.138853
v -3.023878 3.522680 0.128891
v -3.062753 3.522603 0.128891
v -3.023911 3.564411 -0.138853
v -3.023911 3.564411 0.128891
v -3.062795 3.564333 -0.138853
v -3.062795 3.564333 0.128891
v -3.063065 3.832861 0.164853
v -3.063065 3.832861 0.128379
v -2.550766 3.833884 0.128379
v -2.550766 3.833884 0.164853
v -3.063107 3.874592 0.128379
v -2.535469 3.875648 0.128379
v -3.063107 3.874592 0.164853
v -2.535469 3.875648 0.164853
v -3.063065 3.832861 -0.138343
v -3.063065 3.832861 -0.174817
v -2.550766 3.833884 -0.174817
v -2.550766 3.833884 -0.138343
v -3.063107 3.874592 -0.174817
v -2.535469 3.875648 -0.174817
v -3.063107 3.874592 -0.138343
v -2.535469 3.875648 -0.138343
v -3.063068 3.832820 -0.138853
v -3.024125 3.832897 -0.138853
v -3.024125 3.832897 0.128891
v -3.063068 3.832820 0.128891
v -3.024159 3.874628 -0.138853
v -3.024159 3.874628 0.128891
v -3.063110 3.874551 -0.138853
v -3.063110 3.874551 0.128891
v -3.063068 3.833712 -0.174839
v -3.024127 3.833789 -0.174839
v -3.023911 3.563802 -0.174839
v -3.062794 3.563725 -0.174839
v -3.024127 3.833789 -0.133455
v -3.023911 3.563802 -0.133455
v -3.063068 3.833712 -0.133455
v -3.062794 3.563725 -0.133455
v -3.063068 3.833712 0.123757
v -3.024127 3.833789 0.123757
v -3.023911 3.563802 0.123757
v -3.062794 3.563725 0.123757
v -3.024127 3.833789 0.165141
v -3.023911 3.563802 0.165141
v -3.063068 3.833712 0.165141
v -3.062794 3.563725 0.165141
v -2.048690 3.423998 0.128379
v -2.048690 3.423998 0.164853
v -2.050400 3.472690 0.128379
v -2.050400 3.472690 0.164853
v -2.048690 3.423998 -0.174817
v -2.048690 3.423998 -0.138343
v -2.050400 3.472690 -0.174817
v -2.050400 3.472690 -0.138343
v -2.583753 3.834662 -0.174839
v -2.544841 3.834738 -0.174839
v -2.544539 3.564752 -0.174839
v -2.583547 3.564674 -0.174839
v -2.544841 3.834738 -0.138357
v -2.544539 3.564752 -0.138357
v -2.583753 3.834662 -0.138357
v -2.583547 3.564674 -0.138357
v -2.583753 3.834662 0.128435
v -2.544841 3.834738 0.128435
v -2.544539 3.564752 0.128435
v -2.583547 3.564674 0.128435
v -2.544841 3.834738 0.165141
v -2.544539 3.564752 0.165141
v -2.583753 3.834662 0.165141
v -2.583547 3.564674 0.165141
v -3.009405 4.328786 -0.174839
v -2.970445 4.328864 -0.174839
v -2.970878 3.871670 -0.174839
v -3.009838 3.871593 -0.174839
v -2.970445 4.328864 -0.133455
v -2.970878 3.871670 -0.133455
v -3.009405 4.328786 -0.133455
v -3.009838 3.871593 -0.133455
v -3.009405 4.328786 0.123757
v -2.970445 4.328863 0.123757
v -2.970878 3.871670 0.123757
v -3.009838 3.871593 0.123757
v -2.970445 4.328863 0.165141
v -2.970878 3.871670 0.165141
v -3.009405 4.328786 0.165141
v -3.009838 3.871593 0.165141
v -2.636829 4.329523 -0.174839
v -2.597870 4.329599 -0.174839
v -2.598303 3.872408 -0.174839
v -2.637261 3.872331 -0.174839
v -2.597870 4.329599 -0.133455
v -2.598303 3.872408 -0.133455
v -2.636829 4.329523 -0.133455
v -2.637261 3.872331 -0.133455
v -2.636829 4.329523 0.123757
v -2.597869 4.329599 0.123757
v -2.598303 3.872408 0.123757
v -2.637261 3.872331 0.123757
v -2.597869 4.329599 0.165141
v -2.598303 3.872408 0.165141
v -2.636829 4.329523 0.165141
v -2.637261 3.872331 0.165141
v -3.008180 4.296623 0.167370
v -3.008180 4.296625 -0.177215
v -2.594330 4.297445 -0.177215
v -2.594330 4.297443 0.167370
v -2.399435 4.188093 0.328237
v -2.399435 4.188093 -0.338081
v -2.815768 4.739473 -0.004922
v -3.195874 4.186514 0.328237
v -3.195874 4.186514 -0.338081
v -3.180549 4.186546 0.313891
v -2.414759 4.188063 0.313891
v -3.180550 4.186545 -0.323733
v -2.414759 4.188062 -0.323736
v 2.340164 4.307223 0.168549
v 2.340164 4.307224 -0.176035
v 2.754012 4.308045 -0.176035
v 2.754012 4.308042 0.168549
v 2.948908 4.198693 0.329416
v 2.948907 4.198692 -0.336905
v 2.532574 4.750072 -0.003743
v 2.152469 4.197114 0.329416
v 2.152469 4.197114 -0.336905
v 2.167794 4.197145 0.315068
v 2.933583 4.198662 0.315068
v 2.167792 4.197144 -0.322556
v 2.933582 4.198661 -0.322556
v -0.192085 4.834719 0.128435
v -0.153126 4.834796 0.128435
v -0.139348 4.414857 0.128435
v -0.178308 4.414780 0.128435
v -0.153126 4.834796 0.165141
v -0.139348 4.414857 0.165144
v -0.192085 4.834719 0.165141
v -0.178308 4.414780 0.165144
v 1.272873 4.525809 0.128435
v 1.307216 4.507486 0.128435
v 1.096729 4.143368 0.128435
v 1.062385 4.161691 0.128435
v 1.307216 4.507486 0.165141
v 1.096729 4.143368 0.165141
v 1.272873 4.525809 0.165141
v 1.062385 4.161691 0.165141
v -1.458521 4.574156 0.165141
v -1.493320 4.558543 0.165141
v -1.292838 4.178322 0.165141
v -1.258037 4.193935 0.165141
v -1.493320 4.558543 0.128435
v -1.292838 4.178322 0.128435
v -1.458520 4.574156 0.128435
v -1.258037 4.193935 0.128435
v -2.536460 3.873261 0.164917
v -2.314034 4.085030 0.164917
v -2.314034 4.085030 0.128864
v -2.536460 3.873261 0.128864
v -2.018767 4.304638 0.164917
v -2.018767 4.304638 0.128864
v -1.746042 4.474248 0.164917
v -1.746042 4.474248 0.128864
v -1.148545 4.721402 0.164917
v -1.148545 4.721402 0.128864
v -1.453642 4.610126 0.128864
v -1.453642 4.610128 0.164917
v -0.505466 4.849108 0.164917
v -0.505466 4.849108 0.128864
v -0.831464 4.796926 0.128864
v -0.831464 4.796926 0.164917
v 0.156854 4.853212 0.164917
v 0.156854 4.853212 0.128864
v -0.175452 4.866081 0.128864
v -0.175452 4.866081 0.164917
v 0.809273 4.733535 0.164917
v 0.809273 4.733535 0.128864
v 0.485458 4.805243 0.128864
v 0.485458 4.805244 0.164917
v 1.423566 4.491987 0.164917
v 1.423566 4.491987 0.128864
v 1.121452 4.626415 0.128864
v 1.121453 4.626415 0.164917
v 1.880914 4.213437 0.164917
v 1.880914 4.213437 0.128864
v 1.709333 4.328228 0.128864
v 1.709332 4.328228 0.164917
v 2.044024 4.087793 0.164917
v 2.280486 3.883995 0.164917
v 2.280486 3.883995 0.128864
v 2.044024 4.087793 0.128864
v -2.492569 3.837338 0.128864
v -2.492569 3.837338 0.164919
v -2.269043 4.050357 0.164919
v -1.984486 4.260411 0.164919
v -1.715744 4.427289 0.164919
v -1.427854 4.561175 0.164919
v -1.127315 4.670605 0.164919
v -0.814949 4.744736 0.164919
v -0.496276 4.795483 0.164919
v -0.173623 4.810314 0.164919
v 0.151116 4.799591 0.164919
v 0.791315 4.682668 0.164919
v 0.472332 4.753005 0.164919
v 1.098843 4.577383 0.164919
v 1.396418 4.445082 0.164919
v 1.677925 4.283893 0.164919
v 1.845474 4.171988 0.164919
v 2.004774 4.049503 0.164919
v 2.238836 3.848028 0.164919
v 2.238836 3.848028 0.128864
v 2.004774 4.049503 0.128864
v 1.845474 4.171988 0.128864
v 1.677925 4.283894 0.128864
v 1.396418 4.445083 0.128864
v 1.098842 4.577383 0.128864
v 0.791315 4.682668 0.128864
v 0.472332 4.753004 0.128864
v 0.151116 4.799591 0.128864
v -0.173623 4.810314 0.128864
v -0.496276 4.795483 0.128864
v -1.127315 4.670605 0.128864
v -0.814949 4.744736 0.128864
v -1.427854 4.561175 0.128864
v -1.715744 4.427289 0.128864
v -1.984486 4.260411 0.128864
v -2.269043 4.050357 0.128864
v 1.951099 3.590660 -0.173867
v 1.746387 3.779261 -0.173867
v 1.747845 3.780852 -0.137947
v 1.951099 3.590659 -0.137947
v 1.517232 3.950655 -0.173867
v 1.261923 4.098335 -0.173867
v 1.263038 4.099342 -0.137947
v 1.517231 3.950655 -0.137950
v 0.713093 4.312287 -0.173868
v 0.712952 4.312031 -0.137947
v 0.989609 4.216501 -0.137947
v 0.989609 4.216501 -0.173867
v 0.135614 4.422166 -0.173868
v 0.135614 4.422166 -0.137947
v 0.426227 4.377250 -0.137947
v 0.426227 4.377250 -0.173868
v -0.449367 4.418045 -0.173868
v -0.449366 4.418046 -0.137950
v -0.156901 4.433453 -0.137947
v -0.156901 4.433452 -0.173868
v -1.017533 4.298473 -0.173868
v -1.017533 4.298473 -0.137947
v -0.736616 4.368389 -0.137947
v -0.736616 4.368390 -0.173868
v -1.548741 4.080509 -0.173867
v -1.548740 4.080508 -0.137950
v -1.288385 4.198561 -0.137950
v -1.288385 4.198561 -0.173867
v -1.998179 3.764382 -0.173867
v -1.998179 3.764381 -0.137947
v -1.787011 3.927880 -0.137947
v -1.787011 3.927881 -0.173867
v 1.717004 3.747156 -0.173867
v 1.915447 3.558128 -0.173867
v 1.240848 4.058897 -0.173867
v 1.488289 3.912610 -0.173870
v 0.972309 4.172397 -0.173867
v 0.699733 4.266689 -0.173868
v 0.417397 4.330759 -0.173868
v 0.133417 4.372081 -0.173868
v -0.440632 4.368042 -0.173868
v -0.155183 4.381231 -0.173868
v -0.998466 4.254519 -0.173868
v -0.723679 4.322164 -0.173868
v -1.521756 4.039670 -0.173867
v -1.263302 4.156726 -0.173867
v -1.758220 3.888163 -0.173867
v -1.964537 3.728709 -0.173867
v -2.148957 3.549102 -0.137949
v -1.964536 3.728709 -0.137949
v -2.187450 3.580729 -0.137949
v -1.758220 3.888163 -0.137950
v -1.521756 4.039670 -0.137950
v -1.263302 4.156726 -0.137950
v -0.998466 4.254519 -0.137950
v -0.723679 4.322164 -0.137950
v -0.440632 4.368041 -0.137950
v -0.155183 4.381233 -0.137950
v 0.133417 4.372081 -0.137950
v 0.417397 4.330759 -0.137950
v 0.699865 4.266933 -0.137950
v 0.972309 4.172397 -0.137950
v 1.239680 4.057847 -0.137950
v 1.488289 3.912610 -0.137950
v 1.715547 3.745563 -0.137949
v 1.915447 3.558127 -0.137949
v -2.187450 3.580730 -0.173867
v -2.148957 3.549102 -0.173867
v -0.192086 4.834718 -0.174143
v -0.153126 4.834796 -0.174143
v -0.139349 4.414857 -0.174143
v -0.178308 4.414780 -0.174143
v -0.153126 4.834796 -0.137434
v -0.139349 4.414858 -0.137434
v -0.192086 4.834718 -0.137434
v -0.178308 4.414780 -0.137434
v 1.272874 4.525809 -0.174143
v 1.307216 4.507486 -0.174143
v 1.096729 4.143369 -0.174143
v 1.062385 4.161691 -0.174143
v 1.307216 4.507486 -0.137434
v 1.096729 4.143369 -0.137437
v 1.272873 4.525809 -0.137434
v 1.062385 4.161691 -0.137437
v -1.458521 4.574156 -0.137434
v -1.493320 4.558542 -0.137434
v -1.292838 4.178321 -0.137434
v -1.258037 4.193935 -0.137434
v -1.493320 4.558542 -0.174143
v -1.292838 4.178321 -0.174143
v -1.458520 4.574156 -0.174143
v -1.258037 4.193935 -0.174143
v -2.536460 3.873261 -0.137661
v -2.314034 4.085030 -0.137659
v -2.314034 4.085030 -0.173714
v -2.536460 3.873261 -0.173714
v -2.018767 4.304638 -0.137661
v -2.018767 4.304638 -0.173714
v -1.746042 4.474248 -0.137659
v -1.746042 4.474248 -0.173714
v -1.148545 4.721402 -0.137659
v -1.148545 4.721403 -0.173714
v -1.453642 4.610126 -0.173714
v -1.453642 4.610128 -0.137659
v -0.505466 4.849109 -0.137659
v -0.505466 4.849109 -0.173714
v -0.831464 4.796926 -0.173714
v -0.831464 4.796926 -0.137659
v 0.156854 4.853212 -0.137659
v 0.156854 4.853212 -0.173714
v -0.175452 4.866081 -0.173714
v -0.175452 4.866081 -0.137659
v 0.809273 4.733535 -0.137659
v 0.809272 4.733534 -0.173714
v 0.485458 4.805243 -0.173714
v 0.485458 4.805244 -0.137659
v 1.423565 4.491987 -0.137659
v 1.423566 4.491987 -0.173714
v 1.121452 4.626415 -0.173714
v 1.121453 4.626415 -0.137659
v 1.880912 4.213437 -0.137659
v 1.880914 4.213437 -0.173714
v 1.709333 4.328228 -0.173714
v 1.709333 4.328228 -0.137659
v 2.044024 4.087793 -0.137659
v 2.280486 3.883995 -0.137659
v 2.280486 3.883995 -0.173714
v 2.044024 4.087793 -0.173714
v -2.492572 3.837338 -0.173714
v -2.492572 3.837338 -0.137659
v -2.269043 4.050356 -0.137659
v -1.984487 4.260411 -0.137659
v -1.715744 4.427289 -0.137659
v -1.427854 4.561176 -0.137659
v -1.127315 4.670605 -0.137659
v -0.814949 4.744737 -0.137659
v -0.496276 4.795483 -0.137659
v -0.173623 4.810314 -0.137659
v 0.151115 4.799590 -0.137659
v 0.791315 4.682668 -0.137659
v 0.472332 4.753005 -0.137659
v 1.098843 4.577383 -0.137659
v 1.396418 4.445083 -0.137659
v 1.677925 4.283894 -0.137659
v 1.845474 4.171988 -0.137659
v 2.004775 4.049501 -0.137659
v 2.238836 3.848028 -0.137659
v 2.238836 3.848028 -0.173714
v 2.004775 4.049501 -0.173714
v 1.845474 4.171988 -0.173714
v 1.677925 4.283893 -0.173714
v 1.396419 4.445083 -0.173714
v 1.098842 4.577383 -0.173714
v 0.791314 4.682667 -0.173714
v 0.472332 4.753004 -0.173714
v 0.151115 4.799590 -0.173714
v -0.173623 4.810314 -0.173714
v -0.496276 4.795483 -0.173714
v -1.127315 4.670605 -0.173714
v -0.814949 4.744737 -0.173714
v -1.427854 4.561176 -0.173714
v -1.715744 4.427289 -0.173714
v -1.984487 4.260411 -0.173714
v -2.269043 4.050356 -0.173714
v 0.603780 5.189240 0.128435
v 0.641749 5.179069 0.128435
v 0.548107 4.773227 0.128435
v 0.510139 4.783399 0.128435
v 0.641749 5.179069 0.165144
v 0.548107 4.773227 0.165144
v 0.603780 5.189240 0.165144
v 0.510139 4.783400 0.165144
v -0.961217 5.175893 0.128435
v -0.923921 5.186215 0.128435
v -0.803665 4.780798 0.128435
v -0.840960 4.770475 0.128435
v -0.923921 5.186215 0.165144
v -0.803665 4.780798 0.165144
v -0.961217 5.175893 0.165144
v -0.840961 4.770475 0.165144
v 0.683674 5.209032 0.128711
v 0.683533 5.208775 0.164631
v 0.960190 5.113246 0.164631
v 0.960190 5.113246 0.128711
v 0.106196 5.318911 0.128711
v 0.106196 5.318911 0.164631
v 0.396808 5.273995 0.164631
v 0.396808 5.273993 0.128711
v -0.478786 5.314789 0.128711
v -0.478786 5.314789 0.164631
v -0.186320 5.330196 0.164631
v -0.186320 5.330196 0.128711
v -1.046952 5.195219 0.128711
v -1.046952 5.195219 0.164629
v -0.766035 5.265134 0.164631
v -0.766035 5.265135 0.128711
v 0.942889 5.069142 0.128711
v 0.670314 5.163434 0.128711
v 0.387978 5.227502 0.128711
v 0.103998 5.268825 0.128711
v -0.470052 5.264786 0.128711
v -0.184602 5.277976 0.128711
v -1.027885 5.151263 0.128711
v -0.753098 5.218909 0.128711
v -1.292721 5.053471 0.164629
v -1.027885 5.151263 0.164629
v -1.317804 5.095306 0.164629
v -0.753098 5.218909 0.164629
v -0.470052 5.264786 0.164629
v -0.184602 5.277977 0.164629
v 0.103998 5.268825 0.164629
v 0.387978 5.227502 0.164629
v 0.670446 5.163679 0.164629
v -1.317805 5.095305 0.128711
v -1.292721 5.053471 0.128711
v 0.942889 5.069142 0.164629
v -1.175933 5.556224 0.164919
v -1.175934 5.556224 0.128864
v -1.481030 5.444947 0.128864
v -1.481030 5.444947 0.164919
v -0.532854 5.683929 0.164919
v -0.532854 5.683929 0.128864
v -0.858851 5.631746 0.128864
v -0.858851 5.631746 0.164919
v 0.129466 5.688034 0.164919
v 0.129466 5.688034 0.128864
v -0.202840 5.700902 0.128864
v -0.202840 5.700902 0.164919
v 0.781885 5.568357 0.164919
v 0.781885 5.568355 0.128864
v 0.458071 5.640063 0.128864
v 0.458071 5.640066 0.164919
v -1.455242 5.395996 0.164919
v -1.154703 5.505426 0.164919
v -0.842336 5.579557 0.164919
v -0.523663 5.630304 0.164919
v -0.201011 5.645135 0.164919
v 0.123727 5.634411 0.164919
v 0.763928 5.517489 0.164919
v 0.444944 5.587826 0.164919
v 1.071456 5.412205 0.128864
v 0.763926 5.517488 0.128864
v 1.094064 5.461236 0.128864
v 0.444944 5.587826 0.128864
v 0.123727 5.634411 0.128864
v -0.201011 5.645135 0.128864
v -0.523663 5.630304 0.128864
v -1.154703 5.505426 0.128864
v -0.842336 5.579557 0.128864
v -1.455242 5.395996 0.128864
v 1.094066 5.461236 0.164917
v 1.071456 5.412205 0.164919
v 0.683674 5.209032 -0.173868
v 0.683533 5.208776 -0.137947
v 0.960190 5.113246 -0.137947
v 0.960190 5.113246 -0.173868
v 0.106196 5.318911 -0.173868
v 0.106196 5.318911 -0.137947
v 0.396808 5.273995 -0.137947
v 0.396808 5.273995 -0.173868
v -0.478786 5.314789 -0.173868
v -0.478786 5.314791 -0.137947
v -0.186320 5.330198 -0.137947
v -0.186320 5.330196 -0.173868
v -1.046952 5.195219 -0.173868
v -1.046952 5.195219 -0.137947
v -0.766035 5.265134 -0.137947
v -0.766035 5.265135 -0.173868
v 0.942889 5.069142 -0.173868
v 0.670314 5.163434 -0.173868
v 0.387978 5.227502 -0.173868
v 0.103998 5.268825 -0.173868
v -0.470052 5.264786 -0.173868
v -0.184602 5.277976 -0.173868
v -1.027885 5.151263 -0.173868
v -0.753099 5.218909 -0.173868
v -1.292721 5.053471 -0.137950
v -1.027885 5.151263 -0.137950
v -1.317804 5.095306 -0.137950
v -0.753099 5.218909 -0.137950
v -0.470052 5.264786 -0.137950
v -0.184602 5.277977 -0.137950
v 0.103998 5.268825 -0.137950
v 0.387978 5.227502 -0.137950
v 0.670446 5.163679 -0.137950
v -1.317805 5.095305 -0.173868
v -1.292721 5.053471 -0.173868
v 0.942889 5.069142 -0.137950
v -1.175933 5.556224 -0.137659
v -1.175933 5.556224 -0.173714
v -1.481030 5.444947 -0.173714
v -1.481030 5.444947 -0.137659
v -0.532854 5.683930 -0.137659
v -0.532854 5.683930 -0.173714
v -0.858851 5.631748 -0.173714
v -0.858851 5.631748 -0.137659
v 0.129466 5.688034 -0.137659
v 0.129466 5.688034 -0.173714
v -0.202840 5.700902 -0.173714
v -0.202840 5.700902 -0.137659
v 0.781885 5.568356 -0.137659
v 0.781884 5.568355 -0.173714
v 0.458071 5.640063 -0.173714
v 0.458071 5.640066 -0.137659
v -1.455242 5.395997 -0.137659
v -1.154703 5.505426 -0.137659
v -0.842336 5.579557 -0.137659
v -0.523663 5.630304 -0.137659
v -0.201011 5.645135 -0.137659
v 0.123729 5.634411 -0.137659
v 0.763928 5.517489 -0.137659
v 0.444944 5.587826 -0.137659
v 1.071454 5.412205 -0.173714
v 0.763926 5.517488 -0.173714
v 1.094064 5.461236 -0.173714
v 0.444944 5.587826 -0.173714
v 0.123729 5.634411 -0.173714
v -0.201011 5.645135 -0.173714
v -0.523663 5.630304 -0.173714
v -1.154703 5.505426 -0.173714
v -0.842336 5.579557 -0.173714
v -1.455242 5.395997 -0.173714
v 1.094066 5.461236 -0.137659
v 1.071456 5.412205 -0.137659
v 0.603780 5.189240 -0.174295
v 0.641749 5.179069 -0.174295
v 0.548107 4.773227 -0.174295
v 0.510139 4.783400 -0.174295
v 0.641749 5.179069 -0.137586
v 0.548107 4.773227 -0.137586
v 0.603780 5.189240 -0.137586
v 0.510139 4.783400 -0.137586
v -0.961217 5.175893 -0.174295
v -0.923920 5.186216 -0.174295
v -0.803665 4.780798 -0.174295
v -0.840960 4.770476 -0.174295
v -0.923920 5.186216 -0.137586
v -0.803665 4.780798 -0.137586
v -0.961217 5.175893 -0.137586
v -0.840961 4.770475 -0.137586
v -0.218895 5.651913 0.128435
v -0.179935 5.651991 0.128435
v -0.169204 5.324886 0.128435
v -0.208163 5.324808 0.128435
v -0.179935 5.651991 0.165144
v -0.169204 5.324886 0.165144
v -0.218895 5.651913 0.165144
v -0.208164 5.324808 0.165144
v -0.218895 5.651913 -0.174143
v -0.179935 5.651991 -0.174143
v -0.169204 5.324886 -0.174143
v -0.208163 5.324810 -0.174143
v -0.179935 5.651991 -0.137435
v -0.169204 5.324887 -0.137434
v -0.218895 5.651913 -0.137435
v -0.208163 5.324810 -0.137434
v -1.513300 5.429903 0.128435
v -1.479102 5.445622 0.128435
v -1.291606 5.054001 0.128435
v -1.326991 5.038762 0.128435
v -1.479102 5.445622 0.165144
v -1.291606 5.054001 0.165141
v -1.513300 5.429903 0.165141
v -1.326992 5.038762 0.165141
v -1.513300 5.429902 -0.174295
v -1.479102 5.445622 -0.174295
v -1.291606 5.054001 -0.174295
v -1.326991 5.038762 -0.174295
v -1.479102 5.445622 -0.137586
v -1.291606 5.054001 -0.137586
v -1.513300 5.429902 -0.137586
v -1.326991 5.038762 -0.137586
v 1.127430 5.447378 0.165141
v 1.090932 5.461936 0.165141
v 0.940431 5.070124 0.165141
v 0.977647 5.056483 0.165141
v 1.090932 5.461936 0.128432
v 0.940431 5.070124 0.128432
v 1.127430 5.447378 0.128432
v 0.977647 5.056482 0.128432
v 1.127430 5.447376 -0.137586
v 1.090931 5.461936 -0.137586
v 0.940431 5.070124 -0.137586
v 0.977647 5.056483 -0.137586
v 1.090931 5.461936 -0.174295
v 0.940431 5.070124 -0.174295
v 1.127430 5.447376 -0.174295
v 0.977647 5.056482 -0.174295
v 0.001531 6.112407 0.165144
v -0.037429 6.112330 0.165144
v -0.036686 5.671141 0.165141
v 0.002274 5.671219 0.165141
v -0.037429 6.112330 0.123757
v -0.036686 5.671141 0.123757
v 0.001530 6.112407 0.123757
v 0.002274 5.671219 0.123757
v 0.001531 6.112408 -0.136556
v -0.037429 6.112331 -0.136556
v -0.036686 5.671142 -0.136556
v 0.002274 5.671219 -0.136556
v -0.037429 6.112330 -0.177940
v -0.036686 5.671142 -0.177940
v 0.001531 6.112408 -0.177940
v 0.002274 5.671219 -0.177940
v -0.371044 6.111668 0.165144
v -0.410004 6.111590 0.165144
v -0.409262 5.670404 0.165141
v -0.370302 5.670481 0.165144
v -0.410004 6.111590 0.123759
v -0.409262 5.670404 0.123757
v -0.371044 6.111668 0.123757
v -0.370302 5.670481 0.123757
v -0.371045 6.111670 -0.136556
v -0.410004 6.111590 -0.136556
v -0.409262 5.670404 -0.136556
v -0.370302 5.670481 -0.136556
v -0.410004 6.111590 -0.177940
v -0.409262 5.670404 -0.177940
v -0.371045 6.111670 -0.177940
v -0.370302 5.670481 -0.177940
v -0.411499 6.095431 0.168549
v -0.411499 6.095431 -0.176036
v 0.002348 6.096252 -0.176036
v 0.002348 6.096251 0.168549
v 0.197244 5.986900 0.329416
v 0.197244 5.986899 -0.336905
v -0.219090 6.538280 -0.003743
v -0.599195 5.985321 0.329416
v -0.599195 5.985322 -0.336905
v -0.583871 5.985352 0.315070
v 0.181920 5.986869 0.315070
v -0.583871 5.985352 -0.322557
v 0.181918 5.986869 -0.322557
v 1.783491 3.691776 0.128435
v 1.823057 3.655142 0.128435
v 1.823411 3.423605 0.128435
v 1.783857 3.423527 0.128435
v 1.823057 3.655142 0.165141
v 1.823411 3.423605 0.165141
v 1.783491 3.691776 0.165141
v 1.783857 3.423527 0.165141
v 1.479721 3.937870 0.128435
v 1.519547 3.901236 0.128435
v 1.519827 3.423012 0.128435
v 1.480532 3.422934 0.128435
v 1.519547 3.901236 0.165141
v 1.519827 3.423012 0.165141
v 1.479721 3.937870 0.165141
v 1.480532 3.422934 0.165141
v 1.783491 3.691777 -0.174795
v 1.823057 3.655142 -0.174795
v 1.823411 3.423606 -0.174795
v 1.783857 3.423527 -0.174795
v 1.823057 3.655142 -0.138086
v 1.823411 3.423605 -0.138086
v 1.783491 3.691777 -0.138086
v 1.783857 3.423527 -0.138086
v 1.479721 3.937870 -0.174795
v 1.519547 3.901236 -0.174795
v 1.519827 3.423012 -0.174795
v 1.480532 3.422935 -0.174795
v 1.519547 3.901236 -0.138086
v 1.519827 3.423012 -0.138086
v 1.479721 3.937870 -0.138086
v 1.480532 3.422935 -0.138086
v -2.016031 3.678460 -0.138089
v -2.054378 3.641672 -0.138089
v -2.054054 3.415926 -0.138089
v -2.015685 3.416002 -0.138089
v -2.054378 3.641672 -0.174795
v -2.054054 3.415926 -0.174795
v -2.016031 3.678460 -0.174795
v -2.015685 3.416002 -0.174795
v -1.729050 3.913358 -0.138089
v -1.767411 3.876569 -0.138089
v -1.767008 3.416502 -0.138089
v -1.728655 3.416578 -0.138089
v -1.767411 3.876569 -0.174795
v -1.767008 3.416502 -0.174795
v -1.729050 3.913358 -0.174795
v -1.728655 3.416578 -0.174795
v -2.016031 3.678461 0.165075
v -2.054378 3.641673 0.165075
v -2.054054 3.415926 0.165073
v -2.015685 3.416002 0.165073
v -2.054378 3.641672 0.128366
v -2.054054 3.415926 0.128366
v -2.016031 3.678461 0.128366
v -2.015685 3.416002 0.128366
v -1.729050 3.913359 0.165075
v -1.767411 3.876570 0.165075
v -1.767008 3.416502 0.165073
v -1.728655 3.416579 0.165073
v -1.767411 3.876570 0.128366
v -1.767008 3.416502 0.128366
v -1.729050 3.913359 0.128366
v -1.728655 3.416579 0.128366
vn 0.6801 0.7325 -0.0300
vn 0.5027 0.8642 -0.0199
vn 0.3269 0.9451 0.0040
vn 0.1527 0.9883 -0.0000
vn -0.0526 0.9986 -0.0000
vn -0.2415 0.9704 -0.0000
vn -0.4130 0.9107 -0.0000
vn -0.6122 0.7907 -0.0000
vn -0.0000 -0.0000 -1.0000
vn -0.0000 -0.0000 1.0000
vn -0.5394 0.8421 -0.0000
vn -0.3461 0.9382 -0.0000
vn -0.1703 0.9854 -0.0000
vn 0.0386 0.9993 -0.0000
vn 0.2213 0.9752 0.0039
vn 0.3959 0.9181 -0.0190
vn 0.5957 0.8027 -0.0299
vn -0.6964 0.7177 -0.0000
vn 0.6977 -0.7164 -0.0000
vn 0.6115 -0.7912 -0.0000
vn 0.5395 -0.8420 -0.0000
vn 0.4126 -0.9109 -0.0000
vn 0.3464 -0.9381 -0.0000
vn 0.2390 -0.9710 -0.0000
vn 0.1600 -0.9871 -0.0000
vn 0.0462 -0.9989 -0.0000
vn -0.0317 -0.9995 -0.0000
vn -0.1440 -0.9896 -0.0000
vn -0.2208 -0.9753 0.0037
vn -0.3274 -0.9449 0.0038
vn -0.3915 -0.9200 -0.0198
vn -0.5066 -0.8620 -0.0208
vn -0.5889 -0.8076 -0.0299
vn -0.6866 -0.7265 -0.0300
vn 0.0020 -1.0000 -0.0000
vn -0.0020 1.0000 -0.0000
vn 1.0000 0.0016 -0.0000
vn -1.0000 -0.0057 -0.0000
vn -0.0019 1.0000 -0.0000
vn 1.0000 0.0017 -0.0000
vn 0.6536 -0.7568 -0.0000
vn -0.6618 0.7497 -0.0000
vn -1.0000 -0.0017 -0.0000
vn 1.0000 0.0024 -0.0000
vn -1.0000 -0.0041 -0.0000
vn 1.0000 0.0041 -0.0000
vn 1.0000 0.0005 -0.0000
vn -1.0000 -0.0006 -0.0000
vn -0.0020 0.9903 0.1393
vn 0.1265 0.9920 -0.0000
vn -0.0020 0.9903 -0.1393
vn -0.1346 0.9909 -0.0000
vn -0.9995 -0.0328 -0.0000
vn 0.9995 0.0328 -0.0000
vn 1.0000 0.0002 -0.0000
vn -1.0000 -0.0002 -0.0000
vn -0.0014 0.6919 0.7220
vn 0.6866 0.7270 -0.0000
vn -0.0014 0.6919 -0.7220
vn -0.7110 0.7032 -0.0000
vn 0.0013 -0.6362 0.7715
vn 0.7631 -0.6462 -0.0000
vn 0.0013 -0.6362 -0.7715
vn -0.7376 -0.6753 -0.0000
vn 1.0000 0.0003 -0.0000
vn -1.0000 -0.0003 -0.0000
vn 1.0000 0.0004 -0.0000
vn -1.0000 -0.0004 -0.0000
vn 1.0000 0.0007 -0.0000
vn -1.0000 -0.0000 -0.0000
vn -1.0000 -0.0005 -0.0000
vn 0.8151 -0.5793 -0.0000
vn -0.8132 0.5820 -0.0000
vn -0.8166 -0.5772 -0.0000
vn 0.8166 0.5771 -0.0000
vn 0.8179 -0.5754 -0.0000
vn -0.8178 0.5755 -0.0000
vn -0.8182 -0.5750 -0.0000
vn 0.8182 0.5750 -0.0000
vn 0.8125 -0.5829 -0.0000
vn -0.8126 0.5829 -0.0000
vn -0.8111 -0.5849 -0.0000
vn 0.8111 0.5849 -0.0000
vn 0.8120 -0.5836 -0.0000
vn -0.8120 0.5836 -0.0000
vn -0.8209 -0.5711 -0.0000
vn 0.8189 0.5739 -0.0000
vn -0.8164 -0.5775 -0.0000
vn 0.8184 0.5747 -0.0000
vn 0.8187 -0.5742 -0.0000
vn -0.8187 0.5742 -0.0000
vn -0.8158 -0.5784 -0.0000
vn 0.8158 0.5784 -0.0000
vn 0.8200 -0.5723 -0.0000
vn -0.8200 0.5723 -0.0000
vn -0.8136 -0.5814 -0.0000
vn 0.8137 0.5813 -0.0000
vn 0.8160 -0.5781 -0.0000
vn -0.8160 0.5781 -0.0000
vn -0.8165 -0.5774 -0.0000
vn 0.8165 0.5774 -0.0000
vn 0.8163 -0.5776 -0.0000
vn -0.8183 0.5748 -0.0000
vn 1.0000 0.0009 -0.0000
vn -1.0000 -0.0007 -0.0000
vn 0.1266 0.9920 -0.0000
vn 1.0000 -0.0000 -0.0000
vn -0.0014 0.6919 0.7219
vn -0.0014 0.6920 -0.7219
vn -0.7109 0.7033 -0.0000
vn 0.7631 -0.6463 -0.0000
vn -0.7376 -0.6752 -0.0000
vn -1.0000 -0.0009 -0.0000
vn 1.0000 0.0006 -0.0000
vn -1.0000 -0.0014 -0.0000
vn 0.8154 -0.5788 -0.0000
vn -0.8154 0.5788 -0.0000
vn -0.8174 -0.5760 -0.0000
vn 0.8175 0.5760 -0.0000
vn 0.8132 -0.5820 -0.0000
vn -0.8131 -0.5822 -0.0000
vn 0.8131 0.5821 -0.0000
vn 0.8122 -0.5833 -0.0000
vn -0.8122 0.5833 -0.0000
vn -0.8153 -0.5791 -0.0000
vn 0.8153 0.5791 -0.0000
vn 0.8171 -0.5764 -0.0000
vn -0.8191 0.5736 -0.0000
vn -0.8249 -0.5653 -0.0000
vn 0.8249 0.5653 -0.0000
vn -0.8175 -0.5760 -0.0000
vn 0.8188 -0.5741 -0.0000
vn -0.8188 0.5741 -0.0000
vn -0.8128 -0.5825 -0.0000
vn 0.8128 0.5825 -0.0000
vn 0.8169 -0.5768 -0.0000
vn -0.8168 0.5769 -0.0000
vn -0.8152 -0.5792 -0.0000
vn 0.8152 0.5792 -0.0000
vn 0.8177 -0.5757 -0.0000
vn -0.8177 0.5757 -0.0000
vn -0.8172 -0.5764 -0.0000
vn 0.8154 -0.5789 -0.0000
vn -0.8154 0.5789 -0.0000
vn -1.0000 -0.0010 -0.0000
vn 1.0000 0.0008 -0.0000
vn -0.6324 -0.7746 -0.0000
vn 0.6390 0.7692 -0.0000
vn 1.0000 0.0011 -0.0000
vn -1.0000 -0.0008 -0.0000
vn 1.0000 -0.0009 -0.0000
vn -1.0000 0.0009 -0.0000
vn 0.7981 0.6026 -0.0000
vn -0.0010 0.5166 0.8562
vn -0.0010 0.5166 -0.8562
vn -0.8241 0.5665 -0.0000
vn 0.0016 -0.8004 -0.5995
vn 0.5382 -0.8428 -0.0000
vn 0.0016 -0.8004 0.5995
vn -0.5202 -0.8540 -0.0000
vn 0.8658 -0.5005 -0.0000
vn -0.8658 0.5005 -0.0000
vn -0.8846 -0.4664 -0.0000
vn 0.8846 0.4664 -0.0000
vn -0.6895 0.7242 -0.0000
vn -0.5968 0.8024 -0.0000
vn -0.5281 0.8492 -0.0000
vn -0.3426 0.9395 -0.0000
vn -0.1581 0.9874 -0.0000
vn 0.0387 0.9993 -0.0000
vn 0.2162 0.9763 -0.0000
vn 0.4065 0.9136 -0.0000
vn 0.5561 0.8311 -0.0000
vn 0.6529 0.7575 -0.0000
vn -0.4214 0.9069 -0.0000
vn -0.2317 0.9728 -0.0000
vn -0.0514 0.9987 -0.0000
vn 0.1444 0.9895 -0.0000
vn 0.3246 0.9459 -0.0000
vn 0.4972 0.8676 -0.0000
vn 0.6102 0.7922 -0.0000
vn -0.0000 -0.0001 1.0000
vn -0.5889 -0.8076 -0.0298
vn 0.9744 -0.2248 -0.0000
vn -0.9744 0.2248 -0.0000
vn 0.9587 0.2844 -0.0000
vn -0.9587 -0.2844 -0.0000
vn 0.2162 0.9763 -0.0001
vn -0.6524 -0.7579 -0.0000
vn -0.6095 -0.7928 -0.0000
vn -0.5554 -0.8316 -0.0000
vn -0.4969 -0.8678 -0.0000
vn -0.4063 -0.9138 -0.0000
vn -0.3239 -0.9461 -0.0000
vn -0.2153 -0.9765 -0.0000
vn -0.1435 -0.9896 -0.0000
vn -0.0330 -0.9995 -0.0000
vn 0.0459 -0.9989 -0.0000
vn 0.1573 -0.9876 -0.0000
vn 0.2309 -0.9730 -0.0000
vn 0.3421 -0.9396 -0.0000
vn 0.3421 -0.9397 -0.0000
vn 0.4217 -0.9067 -0.0000
vn 0.5275 -0.8495 -0.0000
vn 0.5939 -0.8045 -0.0000
vn 0.6899 -0.7239 -0.0000
vn 0.9020 0.4318 -0.0000
vn -0.9028 -0.4300 -0.0000
vn -0.9335 0.3586 -0.0000
vn 0.9338 -0.3578 -0.0000
vn 1.0000 0.0015 -0.0000
vn -1.0000 -0.0016 -0.0000
vn 1.0000 0.0013 -0.0000
vn 0.3705 0.9288 -0.0000
vn -0.4177 0.9086 -0.0000
vn 0.3955 -0.9184 -0.0000
vn 0.3956 -0.9184 -0.0000
vn -0.3442 -0.9389 -0.0000
vt 0.108348 0.733688
vt 0.108348 0.733131
vt 0.112637 0.733131
vt 0.112637 0.733688
vt 0.099409 0.733688
vt 0.099409 0.733131
vt 0.103934 0.733131
vt 0.103934 0.733688
vt 0.090325 0.733131
vt 0.094837 0.733131
vt 0.094837 0.733688
vt 0.090325 0.733688
vt 0.081278 0.733131
vt 0.085793 0.733131
vt 0.085793 0.733688
vt 0.081278 0.733688
vt 0.072267 0.733131
vt 0.076764 0.733131
vt 0.076764 0.733688
vt 0.072267 0.733688
vt 0.063328 0.733131
vt 0.067776 0.733131
vt 0.067776 0.733688
vt 0.063328 0.733688
vt 0.054471 0.733131
vt 0.058891 0.733131
vt 0.058891 0.733688
vt 0.054471 0.733688
vt 0.045995 0.733131
vt 0.050097 0.733131
vt 0.050097 0.733688
vt 0.045995 0.733688
vt 0.112637 0.734437
vt 0.108348 0.734437
vt 0.103934 0.734437
vt 0.099409 0.734437
vt 0.090325 0.734437
vt 0.094837 0.734437
vt 0.081278 0.734437
vt 0.085793 0.734437
vt 0.072267 0.734437
vt 0.076764 0.734437
vt 0.063328 0.734437
vt 0.067776 0.734437
vt 0.054471 0.734437
vt 0.058891 0.734437
vt 0.045995 0.734437
vt 0.050097 0.734437
vt 0.041945 0.734994
vt 0.045995 0.734994
vt 0.045995 0.735749
vt 0.041945 0.735749
vt 0.050097 0.734994
vt 0.054471 0.734994
vt 0.054471 0.735749
vt 0.050097 0.735749
vt 0.058891 0.734994
vt 0.063328 0.734994
vt 0.063328 0.735749
vt 0.058891 0.735749
vt 0.067776 0.734994
vt 0.072267 0.734994
vt 0.072267 0.735749
vt 0.067776 0.735749
vt 0.076764 0.734994
vt 0.081278 0.734994
vt 0.081278 0.735749
vt 0.076764 0.735749
vt 0.090325 0.734994
vt 0.090325 0.735749
vt 0.085793 0.735749
vt 0.085793 0.734994
vt 0.099409 0.734994
vt 0.099409 0.735749
vt 0.094837 0.735749
vt 0.094837 0.734994
vt 0.108348 0.734994
vt 0.108348 0.735749
vt 0.103934 0.735749
vt 0.103934 0.734994
vt 0.112637 0.734994
vt 0.112637 0.735749
vt 0.041945 0.733131
vt 0.041945 0.733688
vt 0.041945 0.734437
vt 0.024747 0.644293
vt 0.010997 0.644293
vt 0.010997 0.643727
vt 0.024747 0.643727
vt 0.099343 0.711796
vt 0.099343 0.710976
vt 0.112707 0.710976
vt 0.112707 0.711796
vt 0.099343 0.710410
vt 0.112707 0.710410
vt 0.099343 0.709590
vt 0.112707 0.709590
vt 0.024361 0.665215
vt 0.010997 0.665215
vt 0.010997 0.664650
vt 0.024361 0.664650
vt 0.024361 0.666035
vt 0.010997 0.666035
vt 0.099726 0.639759
vt 0.112703 0.639759
vt 0.112703 0.640325
vt 0.099726 0.640325
vt 0.010997 0.663830
vt 0.024361 0.663830
vt 0.025394 0.644293
vt 0.025394 0.643727
vt 0.099079 0.640325
vt 0.099079 0.639759
vt 0.012249 0.677239
vt 0.012249 0.673088
vt 0.012853 0.673088
vt 0.012853 0.677239
vt 0.011601 0.677239
vt 0.011601 0.673088
vt 0.010997 0.677239
vt 0.010997 0.673088
vt 0.013500 0.673088
vt 0.013500 0.677239
vt 0.112602 0.656898
vt 0.104464 0.656898
vt 0.104464 0.656332
vt 0.112602 0.656332
vt 0.112602 0.657600
vt 0.104464 0.657600
vt 0.094965 0.637908
vt 0.103233 0.637908
vt 0.103233 0.638473
vt 0.094965 0.638473
vt 0.112602 0.655630
vt 0.104464 0.655630
vt 0.112602 0.721174
vt 0.104464 0.721174
vt 0.104464 0.720608
vt 0.112602 0.720608
vt 0.112602 0.721876
vt 0.104464 0.721876
vt 0.094965 0.738950
vt 0.103233 0.738950
vt 0.103233 0.739516
vt 0.094965 0.739516
vt 0.112602 0.719906
vt 0.104464 0.719906
vt 0.094318 0.638473
vt 0.094318 0.637908
vt 0.094318 0.739516
vt 0.094318 0.738950
vt 0.111440 0.679620
vt 0.111440 0.675468
vt 0.112044 0.675468
vt 0.112044 0.679620
vt 0.110792 0.679620
vt 0.110792 0.675468
vt 0.110188 0.679620
vt 0.110188 0.675468
vt 0.112691 0.675468
vt 0.112691 0.679620
vt 0.010997 0.692508
vt 0.010997 0.691904
vt 0.015186 0.691904
vt 0.015186 0.692508
vt 0.010997 0.691262
vt 0.015186 0.691262
vt 0.010997 0.690658
vt 0.015186 0.690658
vt 0.010997 0.690016
vt 0.015186 0.690016
vt 0.077389 0.690921
vt 0.077389 0.690317
vt 0.081578 0.690317
vt 0.081578 0.690921
vt 0.077389 0.689675
vt 0.081578 0.689675
vt 0.077389 0.689071
vt 0.081578 0.689071
vt 0.077389 0.688429
vt 0.081578 0.688429
vt 0.094847 0.656898
vt 0.094847 0.656332
vt 0.094847 0.657600
vt 0.112717 0.637908
vt 0.112717 0.638473
vt 0.094847 0.655630
vt 0.094847 0.721174
vt 0.094847 0.720608
vt 0.094847 0.721876
vt 0.112717 0.738950
vt 0.112717 0.739516
vt 0.094847 0.719906
vt 0.025545 0.713781
vt 0.025545 0.713177
vt 0.029734 0.713177
vt 0.029734 0.713781
vt 0.025545 0.712611
vt 0.029734 0.712611
vt 0.025545 0.712007
vt 0.029734 0.712007
vt 0.025545 0.711441
vt 0.029734 0.711441
vt 0.060725 0.705324
vt 0.060725 0.704720
vt 0.064914 0.704720
vt 0.064914 0.705324
vt 0.060725 0.704150
vt 0.064914 0.704150
vt 0.060725 0.703546
vt 0.064914 0.703546
vt 0.060725 0.702977
vt 0.064914 0.702977
vt 0.068660 0.731920
vt 0.068660 0.731316
vt 0.075754 0.731316
vt 0.075754 0.731920
vt 0.068660 0.730674
vt 0.075754 0.730674
vt 0.068660 0.730070
vt 0.075754 0.730070
vt 0.068660 0.729428
vt 0.075754 0.729428
vt 0.077918 0.658122
vt 0.077918 0.657517
vt 0.085012 0.657517
vt 0.085012 0.658122
vt 0.077918 0.656876
vt 0.085012 0.656876
vt 0.077918 0.656272
vt 0.085012 0.656272
vt 0.077918 0.655630
vt 0.085012 0.655630
vt 0.052525 0.653096
vt 0.052525 0.652492
vt 0.059619 0.652492
vt 0.059619 0.653096
vt 0.052525 0.651850
vt 0.059619 0.651850
vt 0.052525 0.651246
vt 0.059619 0.651246
vt 0.052525 0.650604
vt 0.059619 0.650604
vt 0.059619 0.726290
vt 0.059619 0.726894
vt 0.052525 0.726894
vt 0.052525 0.726290
vt 0.059619 0.725044
vt 0.052525 0.725044
vt 0.052525 0.724402
vt 0.059619 0.724402
vt 0.059619 0.725648
vt 0.052525 0.725648
vt 0.048843 0.691626
vt 0.048843 0.688525
vt 0.052156 0.688525
vt 0.052156 0.691626
vt 0.079775 0.697876
vt 0.074254 0.697876
vt 0.074254 0.696641
vt 0.079775 0.696641
vt 0.041455 0.691452
vt 0.042689 0.691452
vt 0.042689 0.696621
vt 0.041455 0.696621
vt 0.068401 0.672408
vt 0.068401 0.673642
vt 0.062880 0.673642
vt 0.062880 0.672408
vt 0.051841 0.702705
vt 0.050606 0.702705
vt 0.050606 0.697536
vt 0.051841 0.697536
vt 0.074254 0.694362
vt 0.079775 0.694362
vt 0.044973 0.691452
vt 0.044973 0.696621
vt 0.068401 0.675921
vt 0.062880 0.675921
vt 0.048332 0.702705
vt 0.048332 0.697536
vt 0.048843 0.691873
vt 0.052156 0.691873
vt 0.048596 0.688525
vt 0.048596 0.691626
vt 0.052156 0.688278
vt 0.048843 0.688278
vt 0.052403 0.691626
vt 0.052403 0.688525
vt 0.060499 0.718175
vt 0.111980 0.718175
vt 0.111980 0.719172
vt 0.060499 0.719172
vt 0.060499 0.717215
vt 0.111980 0.717215
vt 0.060499 0.716218
vt 0.111980 0.716218
vt 0.060499 0.715258
vt 0.111980 0.715258
vt 0.010243 0.660777
vt 0.061723 0.660777
vt 0.061723 0.661774
vt 0.010243 0.661774
vt 0.010243 0.659817
vt 0.061723 0.659817
vt 0.010243 0.658820
vt 0.061723 0.658820
vt 0.010243 0.657860
vt 0.061723 0.657860
vt 0.010243 0.650725
vt 0.061723 0.650725
vt 0.061723 0.651722
vt 0.010243 0.651722
vt 0.010243 0.649765
vt 0.061723 0.649765
vt 0.010243 0.648768
vt 0.061723 0.648768
vt 0.010243 0.647808
vt 0.061723 0.647808
vt 0.060499 0.655751
vt 0.111980 0.655751
vt 0.111980 0.656748
vt 0.060499 0.656748
vt 0.060499 0.654791
vt 0.111980 0.654791
vt 0.060499 0.653794
vt 0.111980 0.653794
vt 0.060499 0.652834
vt 0.111980 0.652834
vt 0.032574 0.683597
vt 0.032574 0.683694
vt 0.026093 0.683694
vt 0.026093 0.683597
vt 0.025638 0.683141
vt 0.025540 0.683141
vt 0.025540 0.677074
vt 0.025638 0.677074
vt 0.026093 0.676618
vt 0.026093 0.676521
vt 0.032574 0.676521
vt 0.032574 0.676618
vt 0.033030 0.677074
vt 0.033127 0.677074
vt 0.033127 0.683141
vt 0.033030 0.683141
vt 0.032574 0.684498
vt 0.032574 0.685011
vt 0.026093 0.685011
vt 0.026093 0.684498
vt 0.024736 0.683141
vt 0.024223 0.683141
vt 0.024223 0.677074
vt 0.024736 0.677074
vt 0.026093 0.675717
vt 0.026093 0.675204
vt 0.032574 0.675204
vt 0.032574 0.675717
vt 0.033930 0.677074
vt 0.034444 0.677074
vt 0.034444 0.683141
vt 0.033930 0.683141
vt 0.029959 0.705137
vt 0.029959 0.704427
vt 0.035834 0.704427
vt 0.035834 0.705137
vt 0.036544 0.704427
vt 0.035834 0.698926
vt 0.036544 0.698926
vt 0.029959 0.698216
vt 0.035834 0.698216
vt 0.029959 0.698926
vt 0.029249 0.698926
vt 0.029249 0.704427
vt 0.032574 0.677074
vt 0.032574 0.683141
vt 0.026093 0.683141
vt 0.026093 0.677074
vt 0.032574 0.683494
vt 0.026093 0.683494
vt 0.025740 0.683141
vt 0.025740 0.677074
vt 0.026093 0.676721
vt 0.032574 0.676721
vt 0.032926 0.677074
vt 0.032926 0.683141
vt 0.057940 0.685104
vt 0.057940 0.688651
vt 0.057137 0.688651
vt 0.057137 0.685104
vt 0.058800 0.685104
vt 0.058800 0.688651
vt 0.056277 0.685104
vt 0.056277 0.688651
vt 0.055474 0.688651
vt 0.055474 0.685104
vt 0.065337 0.695420
vt 0.065337 0.698967
vt 0.064534 0.698967
vt 0.064534 0.695420
vt 0.066197 0.695420
vt 0.066197 0.698967
vt 0.067000 0.695420
vt 0.067000 0.698967
vt 0.063673 0.698967
vt 0.063673 0.695420
vt 0.054756 0.694626
vt 0.054756 0.698174
vt 0.053954 0.698174
vt 0.053954 0.694626
vt 0.055617 0.694626
vt 0.055617 0.698174
vt 0.056419 0.694626
vt 0.056419 0.698174
vt 0.053093 0.698174
vt 0.053093 0.694626
vt 0.055285 0.689865
vt 0.055285 0.693413
vt 0.054483 0.693413
vt 0.054483 0.689865
vt 0.056146 0.689865
vt 0.056146 0.693413
vt 0.056948 0.689865
vt 0.056948 0.693413
vt 0.053622 0.693413
vt 0.053622 0.689865
vt 0.073801 0.688014
vt 0.073801 0.691561
vt 0.072998 0.691561
vt 0.072998 0.688014
vt 0.074661 0.688014
vt 0.074661 0.691561
vt 0.075464 0.688014
vt 0.075464 0.691561
vt 0.072138 0.691561
vt 0.072138 0.688014
vt 0.064808 0.647808
vt 0.064808 0.651356
vt 0.064005 0.651356
vt 0.064005 0.647808
vt 0.065668 0.647808
vt 0.065668 0.651356
vt 0.066471 0.647808
vt 0.066471 0.651356
vt 0.063145 0.651356
vt 0.063145 0.647808
vt 0.034842 0.679839
vt 0.041467 0.679839
vt 0.041467 0.680590
vt 0.034842 0.680590
vt 0.034842 0.678979
vt 0.041467 0.678979
vt 0.034842 0.678227
vt 0.041467 0.678227
vt 0.034842 0.681451
vt 0.041467 0.681451
vt 0.076350 0.670275
vt 0.069493 0.670275
vt 0.069493 0.669523
vt 0.076350 0.669523
vt 0.076350 0.671135
vt 0.069493 0.671135
vt 0.076350 0.668663
vt 0.069493 0.668663
vt 0.069493 0.667911
vt 0.076350 0.667911
vt 0.089860 0.689890
vt 0.096485 0.689890
vt 0.096485 0.690642
vt 0.089860 0.690642
vt 0.089860 0.689030
vt 0.096485 0.689030
vt 0.089860 0.688278
vt 0.096485 0.688278
vt 0.089860 0.691502
vt 0.096485 0.691502
vt 0.068415 0.670275
vt 0.061557 0.670275
vt 0.061557 0.669523
vt 0.068415 0.669523
vt 0.068415 0.671135
vt 0.061557 0.671135
vt 0.068415 0.668663
vt 0.061557 0.668663
vt 0.061557 0.667911
vt 0.068415 0.667911
vt 0.033255 0.693064
vt 0.039880 0.693064
vt 0.039880 0.693816
vt 0.033255 0.693816
vt 0.033255 0.692204
vt 0.039880 0.692204
vt 0.033255 0.691452
vt 0.039880 0.691452
vt 0.033255 0.694676
vt 0.039880 0.694676
vt 0.041699 0.685087
vt 0.034842 0.685087
vt 0.034842 0.684336
vt 0.041699 0.684336
vt 0.041699 0.685947
vt 0.034842 0.685947
vt 0.041699 0.683475
vt 0.034842 0.683475
vt 0.034842 0.682724
vt 0.041699 0.682724
vt 0.051242 0.717399
vt 0.057866 0.717399
vt 0.057866 0.718151
vt 0.051242 0.718151
vt 0.051242 0.716539
vt 0.057866 0.716539
vt 0.051242 0.715787
vt 0.057866 0.715787
vt 0.051242 0.719011
vt 0.057866 0.719011
vt 0.041132 0.696083
vt 0.034274 0.696083
vt 0.034274 0.695331
vt 0.041132 0.695331
vt 0.041132 0.696943
vt 0.034274 0.696943
vt 0.041132 0.694471
vt 0.034274 0.694471
vt 0.034274 0.693719
vt 0.041132 0.693719
vt 0.088744 0.690642
vt 0.081925 0.690642
vt 0.081925 0.689890
vt 0.088744 0.689890
vt 0.088744 0.691502
vt 0.081925 0.691502
vt 0.088744 0.689030
vt 0.081925 0.689030
vt 0.081925 0.688278
vt 0.088744 0.688278
vt 0.042777 0.677194
vt 0.049439 0.677194
vt 0.049439 0.677945
vt 0.042777 0.677945
vt 0.042777 0.676333
vt 0.049439 0.676333
vt 0.042777 0.675582
vt 0.049439 0.675582
vt 0.042777 0.678806
vt 0.049439 0.678806
vt 0.050920 0.709199
vt 0.044100 0.709199
vt 0.044100 0.708448
vt 0.050920 0.708448
vt 0.050920 0.710060
vt 0.044100 0.710060
vt 0.050920 0.710811
vt 0.044100 0.710811
vt 0.050920 0.707587
vt 0.044100 0.707587
vt 0.042777 0.681690
vt 0.049439 0.681690
vt 0.049439 0.682442
vt 0.042777 0.682442
vt 0.042777 0.680830
vt 0.049439 0.680830
vt 0.042777 0.680079
vt 0.049439 0.680079
vt 0.042777 0.683302
vt 0.049439 0.683302
vt 0.057003 0.674242
vt 0.050184 0.674242
vt 0.050184 0.673491
vt 0.057003 0.673491
vt 0.057003 0.675103
vt 0.050184 0.675103
vt 0.057003 0.672630
vt 0.050184 0.672630
vt 0.050184 0.671879
vt 0.057003 0.671879
vt 0.073989 0.678516
vt 0.080651 0.678516
vt 0.080651 0.679268
vt 0.073989 0.679268
vt 0.073989 0.677656
vt 0.080651 0.677656
vt 0.073989 0.676904
vt 0.080651 0.676904
vt 0.073989 0.680128
vt 0.080651 0.680128
vt 0.058590 0.712902
vt 0.051771 0.712902
vt 0.051771 0.712151
vt 0.058590 0.712151
vt 0.058590 0.713763
vt 0.051771 0.713763
vt 0.058590 0.714514
vt 0.051771 0.714514
vt 0.058590 0.711291
vt 0.051771 0.711291
vt 0.070247 0.671790
vt 0.076909 0.671790
vt 0.076909 0.672542
vt 0.070247 0.672542
vt 0.070247 0.670930
vt 0.076909 0.670930
vt 0.070247 0.670178
vt 0.076909 0.670178
vt 0.070247 0.673402
vt 0.076909 0.673402
vt 0.063127 0.733948
vt 0.063127 0.730847
vt 0.066439 0.730847
vt 0.066439 0.733948
vt 0.068401 0.724062
vt 0.062880 0.724062
vt 0.062880 0.722828
vt 0.068401 0.722828
vt 0.069228 0.676904
vt 0.070462 0.676904
vt 0.070462 0.682073
vt 0.069228 0.682073
vt 0.056233 0.679814
vt 0.056233 0.681048
vt 0.050713 0.681048
vt 0.050713 0.679814
vt 0.071679 0.702705
vt 0.070444 0.702705
vt 0.070444 0.697536
vt 0.071679 0.697536
vt 0.062880 0.720548
vt 0.068401 0.720548
vt 0.072747 0.676904
vt 0.072747 0.682073
vt 0.056233 0.683328
vt 0.050713 0.683328
vt 0.068170 0.702705
vt 0.068170 0.697536
vt 0.063127 0.734195
vt 0.066439 0.734195
vt 0.062880 0.730847
vt 0.062880 0.733948
vt 0.066439 0.730600
vt 0.063127 0.730600
vt 0.066686 0.733948
vt 0.066686 0.730847
vt 0.010243 0.733252
vt 0.061723 0.733252
vt 0.061723 0.734249
vt 0.010243 0.734249
vt 0.010243 0.732292
vt 0.061723 0.732292
vt 0.010243 0.731295
vt 0.061723 0.731295
vt 0.010243 0.730335
vt 0.061723 0.730335
vt 0.060499 0.728227
vt 0.111980 0.728227
vt 0.111980 0.729224
vt 0.060499 0.729224
vt 0.060499 0.727267
vt 0.111980 0.727267
vt 0.060499 0.726270
vt 0.111980 0.726270
vt 0.060499 0.725310
vt 0.111980 0.725310
vt 0.010243 0.723201
vt 0.061723 0.723201
vt 0.061723 0.724198
vt 0.010243 0.724198
vt 0.010243 0.722241
vt 0.061723 0.722241
vt 0.010243 0.721244
vt 0.061723 0.721244
vt 0.010243 0.720284
vt 0.061723 0.720284
vt 0.060499 0.665802
vt 0.111980 0.665802
vt 0.111980 0.666799
vt 0.060499 0.666799
vt 0.060499 0.664842
vt 0.111980 0.664842
vt 0.060499 0.663845
vt 0.111980 0.663845
vt 0.060499 0.662885
vt 0.111980 0.662885
vt 0.097907 0.698938
vt 0.097907 0.699036
vt 0.091426 0.699036
vt 0.091426 0.698938
vt 0.090972 0.698483
vt 0.090873 0.698483
vt 0.090873 0.692415
vt 0.090972 0.692415
vt 0.091426 0.691960
vt 0.091426 0.691862
vt 0.097907 0.691862
vt 0.097907 0.691960
vt 0.098364 0.692415
vt 0.098460 0.692415
vt 0.098460 0.698483
vt 0.098364 0.698483
vt 0.097907 0.699839
vt 0.097907 0.700352
vt 0.091426 0.700352
vt 0.091426 0.699839
vt 0.090070 0.698483
vt 0.089557 0.698483
vt 0.089557 0.692415
vt 0.090070 0.692415
vt 0.091426 0.691059
vt 0.091426 0.690545
vt 0.097907 0.690545
vt 0.097907 0.691059
vt 0.099264 0.692415
vt 0.099777 0.692415
vt 0.099777 0.698483
vt 0.099264 0.698483
vt 0.042126 0.667576
vt 0.042126 0.666866
vt 0.048002 0.666866
vt 0.048002 0.667576
vt 0.048712 0.666866
vt 0.048002 0.661366
vt 0.048712 0.661366
vt 0.042126 0.660656
vt 0.048002 0.660656
vt 0.042126 0.661366
vt 0.041416 0.661366
vt 0.041416 0.666866
vt 0.097907 0.692415
vt 0.097907 0.698483
vt 0.091426 0.698483
vt 0.091426 0.692415
vt 0.097907 0.698835
vt 0.091426 0.698835
vt 0.091074 0.698483
vt 0.091074 0.692415
vt 0.091426 0.692062
vt 0.097907 0.692062
vt 0.098260 0.692415
vt 0.098260 0.698483
vt 0.071420 0.692775
vt 0.071420 0.696322
vt 0.070618 0.696322
vt 0.070618 0.692775
vt 0.072281 0.692775
vt 0.072281 0.696322
vt 0.073084 0.692775
vt 0.073084 0.696322
vt 0.069757 0.696322
vt 0.069757 0.692775
vt 0.054756 0.699388
vt 0.054756 0.702935
vt 0.053954 0.702935
vt 0.053954 0.699388
vt 0.055617 0.699388
vt 0.055617 0.702935
vt 0.056419 0.699388
vt 0.056419 0.702935
vt 0.053093 0.702935
vt 0.053093 0.699388
vt 0.066395 0.680872
vt 0.066395 0.684419
vt 0.065592 0.684419
vt 0.065592 0.680872
vt 0.067255 0.680872
vt 0.067255 0.684419
vt 0.068058 0.680872
vt 0.068058 0.684419
vt 0.064731 0.684419
vt 0.064731 0.680872
vt 0.058988 0.680343
vt 0.058988 0.683890
vt 0.058186 0.683890
vt 0.058186 0.680343
vt 0.059849 0.680343
vt 0.059849 0.683890
vt 0.060652 0.680343
vt 0.060652 0.683890
vt 0.057325 0.683890
vt 0.057325 0.680343
vt 0.059253 0.700446
vt 0.059253 0.703993
vt 0.058450 0.703993
vt 0.058450 0.700446
vt 0.060113 0.700446
vt 0.060113 0.703993
vt 0.060916 0.700446
vt 0.060916 0.703993
vt 0.057590 0.703993
vt 0.057590 0.700446
vt 0.066924 0.690659
vt 0.066924 0.694206
vt 0.066121 0.694206
vt 0.066121 0.690659
vt 0.067784 0.690659
vt 0.067784 0.694206
vt 0.068587 0.690659
vt 0.068587 0.694206
vt 0.065260 0.694206
vt 0.065260 0.690659
vt 0.081925 0.680897
vt 0.088549 0.680897
vt 0.088549 0.681648
vt 0.081925 0.681648
vt 0.081925 0.680037
vt 0.088549 0.680037
vt 0.081925 0.679285
vt 0.088549 0.679285
vt 0.081925 0.682509
vt 0.088549 0.682509
vt 0.043815 0.705719
vt 0.036958 0.705719
vt 0.036958 0.704967
vt 0.043815 0.704967
vt 0.043815 0.706579
vt 0.036958 0.706579
vt 0.043815 0.704107
vt 0.036958 0.704107
vt 0.036958 0.703355
vt 0.043815 0.703355
vt 0.025320 0.693858
vt 0.031945 0.693858
vt 0.031945 0.694609
vt 0.025320 0.694609
vt 0.025320 0.692998
vt 0.031945 0.692998
vt 0.025320 0.692246
vt 0.031945 0.692246
vt 0.025320 0.695470
vt 0.031945 0.695470
vt 0.084285 0.708628
vt 0.077428 0.708628
vt 0.077428 0.707877
vt 0.084285 0.707877
vt 0.084285 0.709489
vt 0.077428 0.709489
vt 0.084285 0.707017
vt 0.077428 0.707017
vt 0.077428 0.706265
vt 0.084285 0.706265
vt 0.080867 0.696503
vt 0.087491 0.696503
vt 0.087491 0.697254
vt 0.080867 0.697254
vt 0.080867 0.695643
vt 0.087491 0.695643
vt 0.080867 0.694891
vt 0.087491 0.694891
vt 0.080867 0.698115
vt 0.087491 0.698115
vt 0.055983 0.665249
vt 0.049125 0.665249
vt 0.049125 0.664497
vt 0.055983 0.664497
vt 0.055983 0.666109
vt 0.049125 0.666109
vt 0.055983 0.663637
vt 0.049125 0.663637
vt 0.049125 0.662885
vt 0.055983 0.662885
vt 0.069228 0.659472
vt 0.075853 0.659472
vt 0.075853 0.660223
vt 0.069228 0.660223
vt 0.069228 0.658611
vt 0.075853 0.658611
vt 0.069228 0.657860
vt 0.075853 0.657860
vt 0.069228 0.661084
vt 0.075853 0.661084
vt 0.043835 0.712084
vt 0.050693 0.712084
vt 0.050693 0.712836
vt 0.043835 0.712836
vt 0.043835 0.714448
vt 0.050693 0.714448
vt 0.050693 0.715308
vt 0.043835 0.715308
vt 0.043835 0.713696
vt 0.050693 0.713696
vt 0.055945 0.669746
vt 0.049125 0.669746
vt 0.049125 0.668994
vt 0.055945 0.668994
vt 0.055945 0.670606
vt 0.049125 0.670606
vt 0.055945 0.668134
vt 0.049125 0.668134
vt 0.049125 0.667382
vt 0.055945 0.667382
vt 0.069493 0.712373
vt 0.076155 0.712373
vt 0.076155 0.713125
vt 0.069493 0.713125
vt 0.069493 0.711513
vt 0.076155 0.711513
vt 0.069493 0.710761
vt 0.076155 0.710761
vt 0.069493 0.713985
vt 0.076155 0.713985
vt 0.084248 0.674771
vt 0.077428 0.674771
vt 0.077428 0.674020
vt 0.084248 0.674020
vt 0.084248 0.675632
vt 0.077428 0.675632
vt 0.084248 0.673159
vt 0.077428 0.673159
vt 0.077428 0.672408
vt 0.084248 0.672408
vt 0.080867 0.701000
vt 0.087528 0.701000
vt 0.087528 0.701751
vt 0.080867 0.701751
vt 0.080867 0.700139
vt 0.087528 0.700139
vt 0.080867 0.699388
vt 0.087528 0.699388
vt 0.080867 0.702611
vt 0.087528 0.702611
vt 0.076312 0.723176
vt 0.069493 0.723176
vt 0.069493 0.722425
vt 0.076312 0.722425
vt 0.076312 0.724037
vt 0.069493 0.724037
vt 0.076312 0.721564
vt 0.069493 0.721564
vt 0.069493 0.720813
vt 0.076312 0.720813
vt 0.077428 0.712373
vt 0.084090 0.712373
vt 0.084090 0.713125
vt 0.077428 0.713125
vt 0.077428 0.711513
vt 0.084090 0.711513
vt 0.077428 0.710761
vt 0.084090 0.710761
vt 0.077428 0.713985
vt 0.084090 0.713985
vt 0.048275 0.673449
vt 0.041455 0.673449
vt 0.041455 0.672697
vt 0.048275 0.672697
vt 0.048275 0.674309
vt 0.041455 0.674309
vt 0.048275 0.671837
vt 0.041455 0.671837
vt 0.041455 0.671085
vt 0.048275 0.671085
vt 0.077428 0.669523
vt 0.084090 0.669523
vt 0.084090 0.670275
vt 0.077428 0.670275
vt 0.077428 0.668663
vt 0.084090 0.668663
vt 0.077428 0.667911
vt 0.084090 0.667911
vt 0.077428 0.671135
vt 0.084090 0.671135
vt 0.099343 0.666517
vt 0.112707 0.666517
vt 0.112707 0.667082
vt 0.099343 0.667082
vt 0.099343 0.665681
vt 0.112707 0.665681
vt 0.023974 0.733697
vt 0.010997 0.733697
vt 0.010997 0.733131
vt 0.023974 0.733131
vt 0.112707 0.667918
vt 0.099343 0.667918
vt 0.010997 0.712277
vt 0.024361 0.712277
vt 0.024361 0.712842
vt 0.010997 0.712842
vt 0.010997 0.711441
vt 0.024361 0.711441
vt 0.112056 0.737664
vt 0.099079 0.737664
vt 0.099079 0.737099
vt 0.112056 0.737099
vt 0.024361 0.713678
vt 0.010997 0.713678
vt 0.024622 0.733131
vt 0.024622 0.733697
vt 0.112703 0.737099
vt 0.112703 0.737664
vt 0.112044 0.697952
vt 0.112044 0.702103
vt 0.111440 0.702103
vt 0.111440 0.697952
vt 0.112691 0.697952
vt 0.112691 0.702103
vt 0.110792 0.697952
vt 0.110792 0.702103
vt 0.110188 0.702103
vt 0.110188 0.697952
vt 0.010997 0.715578
vt 0.019136 0.715578
vt 0.019136 0.716143
vt 0.010997 0.716143
vt 0.010997 0.714880
vt 0.019136 0.714880
vt 0.029043 0.642441
vt 0.020775 0.642441
vt 0.020775 0.641876
vt 0.029043 0.641876
vt 0.010997 0.716841
vt 0.019136 0.716841
vt 0.010997 0.661353
vt 0.019136 0.661353
vt 0.019136 0.661919
vt 0.010997 0.661919
vt 0.010997 0.660656
vt 0.019136 0.660656
vt 0.029043 0.735548
vt 0.020775 0.735548
vt 0.020775 0.734983
vt 0.029043 0.734983
vt 0.010997 0.662616
vt 0.019136 0.662616
vt 0.029690 0.641876
vt 0.029690 0.642441
vt 0.029690 0.734983
vt 0.029690 0.735548
vt 0.012249 0.706151
vt 0.012249 0.710303
vt 0.011645 0.710303
vt 0.011645 0.706151
vt 0.012896 0.706151
vt 0.012896 0.710303
vt 0.013500 0.706151
vt 0.013500 0.710303
vt 0.010997 0.710303
vt 0.010997 0.706151
vt 0.063327 0.675656
vt 0.059138 0.675656
vt 0.059138 0.675052
vt 0.063327 0.675052
vt 0.063327 0.676298
vt 0.059138 0.676298
vt 0.063327 0.676902
vt 0.059138 0.676902
vt 0.059138 0.674410
vt 0.063327 0.674410
vt 0.068881 0.676185
vt 0.064693 0.676185
vt 0.064693 0.675581
vt 0.068881 0.675581
vt 0.068881 0.676827
vt 0.064693 0.676827
vt 0.068881 0.677431
vt 0.064693 0.677431
vt 0.064693 0.674939
vt 0.068881 0.674939
vt 0.029050 0.715578
vt 0.029050 0.716143
vt 0.029050 0.714880
vt 0.010997 0.642441
vt 0.010997 0.641876
vt 0.029050 0.716841
vt 0.029050 0.661353
vt 0.029050 0.661919
vt 0.029050 0.660656
vt 0.010997 0.735548
vt 0.010997 0.734983
vt 0.029050 0.662616
vt 0.015186 0.697799
vt 0.010997 0.697799
vt 0.010997 0.697195
vt 0.015186 0.697195
vt 0.015186 0.698364
vt 0.010997 0.698364
vt 0.015186 0.698968
vt 0.010997 0.698968
vt 0.010997 0.696629
vt 0.015186 0.696629
vt 0.040843 0.643049
vt 0.036655 0.643049
vt 0.036655 0.642445
vt 0.040843 0.642445
vt 0.040843 0.643618
vt 0.036655 0.643618
vt 0.040843 0.644222
vt 0.036655 0.644222
vt 0.036655 0.641876
vt 0.040843 0.641876
vt 0.112785 0.689146
vt 0.105692 0.689146
vt 0.105692 0.688542
vt 0.112785 0.688542
vt 0.112785 0.689788
vt 0.105692 0.689788
vt 0.112785 0.690392
vt 0.105692 0.690392
vt 0.105692 0.687900
vt 0.112785 0.687900
vt 0.033167 0.695759
vt 0.026074 0.695759
vt 0.026074 0.695155
vt 0.033167 0.695155
vt 0.033167 0.696400
vt 0.026074 0.696400
vt 0.033167 0.697004
vt 0.026074 0.697004
vt 0.026074 0.694513
vt 0.033167 0.694513
vt 0.041367 0.673540
vt 0.034274 0.673540
vt 0.034274 0.672936
vt 0.041367 0.672936
vt 0.041367 0.674181
vt 0.034274 0.674181
vt 0.041367 0.674786
vt 0.034274 0.674786
vt 0.034274 0.672294
vt 0.041367 0.672294
vt 0.085276 0.720622
vt 0.078183 0.720622
vt 0.078183 0.720018
vt 0.085276 0.720018
vt 0.085276 0.721264
vt 0.078183 0.721264
vt 0.085276 0.721868
vt 0.078183 0.721868
vt 0.078183 0.719377
vt 0.085276 0.719377
vt 0.339707 0.702006
vt 0.345988 0.702005
vt 0.345988 0.707189
vt 0.339707 0.707189
vt 0.352661 0.686280
vt 0.352661 0.675949
vt 0.363374 0.681115
vt 0.283833 0.671667
vt 0.271484 0.671663
vt 0.277926 0.661665
vt 0.261697 0.698129
vt 0.274046 0.698125
vt 0.268139 0.708127
vt 0.340521 0.678999
vt 0.350925 0.673833
vt 0.350925 0.684164
vt 0.283596 0.671890
vt 0.271721 0.671886
vt 0.351163 0.674055
vt 0.351163 0.683942
vt 0.261935 0.697907
vt 0.273809 0.697903
vt 0.352423 0.686058
vt 0.352423 0.676171
vt 0.336817 0.709703
vt 0.348974 0.709704
vt 0.336818 0.699491
vt 0.348974 0.699490
vt 0.264587 0.678993
vt 0.270867 0.678993
vt 0.270867 0.684177
vt 0.264587 0.684177
vt 0.283360 0.714583
vt 0.283360 0.704251
vt 0.294073 0.709417
vt 0.363450 0.706053
vt 0.351101 0.706049
vt 0.357543 0.696051
vt 0.351101 0.667182
vt 0.363450 0.667178
vt 0.357543 0.677180
vt 0.280213 0.663657
vt 0.290617 0.658491
vt 0.290617 0.668823
vt 0.363213 0.706276
vt 0.351338 0.706272
vt 0.290855 0.658714
vt 0.290854 0.668600
vt 0.351338 0.666959
vt 0.363213 0.666955
vt 0.283122 0.714360
vt 0.283122 0.704474
vt 0.261697 0.686691
vt 0.273853 0.686692
vt 0.261697 0.676479
vt 0.273853 0.676478
vt 0.057982 0.675319
vt 0.051467 0.675319
vt 0.051467 0.674715
vt 0.057982 0.674715
vt 0.057982 0.675888
vt 0.051467 0.675888
vt 0.057982 0.676492
vt 0.051467 0.676492
vt 0.051467 0.674146
vt 0.057982 0.674146
vt 0.041680 0.686957
vt 0.041680 0.686353
vt 0.048202 0.686353
vt 0.048202 0.686957
vt 0.041680 0.685784
vt 0.048202 0.685784
vt 0.041680 0.687526
vt 0.048202 0.687526
vt 0.048202 0.688129
vt 0.041680 0.688129
vt 0.033745 0.687312
vt 0.033745 0.686720
vt 0.040410 0.686720
vt 0.040410 0.687312
vt 0.033745 0.686151
vt 0.040410 0.686151
vt 0.033745 0.685560
vt 0.040410 0.685560
vt 0.033745 0.684991
vt 0.040410 0.684991
vt 0.015770 0.736834
vt 0.015770 0.737393
vt 0.010997 0.737393
vt 0.010997 0.736834
vt 0.021387 0.736834
vt 0.021387 0.737393
vt 0.026337 0.737393
vt 0.026337 0.736834
vt 0.036311 0.737393
vt 0.031306 0.737393
vt 0.031306 0.736834
vt 0.036311 0.736834
vt 0.046408 0.737393
vt 0.041335 0.737393
vt 0.041335 0.736834
vt 0.046408 0.736834
vt 0.056594 0.737393
vt 0.051485 0.737393
vt 0.051485 0.736834
vt 0.056594 0.736834
vt 0.066809 0.737393
vt 0.061697 0.737393
vt 0.061697 0.736834
vt 0.066809 0.736834
vt 0.076991 0.737393
vt 0.071895 0.737393
vt 0.071895 0.736834
vt 0.076991 0.736834
vt 0.085238 0.737393
vt 0.082068 0.737393
vt 0.082068 0.736834
vt 0.085238 0.736834
vt 0.093219 0.736834
vt 0.093219 0.737393
vt 0.088400 0.737393
vt 0.088400 0.736834
vt 0.010997 0.738805
vt 0.015770 0.738805
vt 0.015770 0.739657
vt 0.010997 0.739657
vt 0.021387 0.738805
vt 0.021387 0.739657
vt 0.026337 0.738805
vt 0.026337 0.739657
vt 0.031306 0.738805
vt 0.036311 0.738805
vt 0.036311 0.739657
vt 0.031306 0.739657
vt 0.041335 0.738805
vt 0.046408 0.738805
vt 0.046408 0.739657
vt 0.041335 0.739657
vt 0.056594 0.738805
vt 0.056594 0.739657
vt 0.051485 0.739657
vt 0.051485 0.738805
vt 0.066809 0.738805
vt 0.066809 0.739657
vt 0.061697 0.739657
vt 0.061697 0.738805
vt 0.076991 0.738805
vt 0.076991 0.739657
vt 0.071895 0.739657
vt 0.071895 0.738805
vt 0.085238 0.738805
vt 0.085238 0.739657
vt 0.082068 0.739657
vt 0.082068 0.738805
vt 0.093219 0.738805
vt 0.093219 0.739657
vt 0.088400 0.739657
vt 0.088400 0.738805
vt 0.093219 0.738245
vt 0.088400 0.738245
vt 0.085238 0.738245
vt 0.082068 0.738245
vt 0.076991 0.738245
vt 0.071895 0.738245
vt 0.066809 0.738245
vt 0.061697 0.738245
vt 0.056594 0.738245
vt 0.046408 0.738245
vt 0.051485 0.738245
vt 0.036311 0.738245
vt 0.041335 0.738245
vt 0.026337 0.738245
vt 0.031306 0.738245
vt 0.015770 0.738245
vt 0.021387 0.738245
vt 0.010997 0.738245
vt 0.108348 0.642433
vt 0.108348 0.641876
vt 0.112637 0.641876
vt 0.112637 0.642433
vt 0.099409 0.642433
vt 0.099409 0.641876
vt 0.103934 0.641876
vt 0.103934 0.642433
vt 0.090325 0.641876
vt 0.094837 0.641876
vt 0.094837 0.642433
vt 0.090325 0.642433
vt 0.081278 0.641876
vt 0.085793 0.641876
vt 0.085793 0.642433
vt 0.081278 0.642433
vt 0.072267 0.641876
vt 0.076764 0.641876
vt 0.076764 0.642433
vt 0.072267 0.642433
vt 0.063328 0.641876
vt 0.067776 0.641876
vt 0.067776 0.642433
vt 0.063328 0.642433
vt 0.054471 0.641876
vt 0.058891 0.641876
vt 0.058891 0.642433
vt 0.054471 0.642433
vt 0.045995 0.641876
vt 0.050097 0.641876
vt 0.050097 0.642433
vt 0.045995 0.642433
vt 0.112637 0.643182
vt 0.108348 0.643182
vt 0.103934 0.643182
vt 0.099409 0.643182
vt 0.090325 0.643182
vt 0.094837 0.643182
vt 0.081278 0.643182
vt 0.085793 0.643182
vt 0.072267 0.643182
vt 0.076764 0.643182
vt 0.063328 0.643182
vt 0.067776 0.643182
vt 0.054471 0.643182
vt 0.058891 0.643182
vt 0.045995 0.643182
vt 0.050097 0.643182
vt 0.041945 0.643739
vt 0.045995 0.643739
vt 0.045995 0.644494
vt 0.041945 0.644494
vt 0.050097 0.643739
vt 0.054471 0.643739
vt 0.054471 0.644494
vt 0.050097 0.644494
vt 0.058891 0.643739
vt 0.063328 0.643739
vt 0.063328 0.644494
vt 0.058891 0.644494
vt 0.067776 0.643739
vt 0.072267 0.643739
vt 0.072267 0.644494
vt 0.067776 0.644494
vt 0.076764 0.643739
vt 0.081278 0.643739
vt 0.081278 0.644494
vt 0.076764 0.644494
vt 0.090325 0.643739
vt 0.090325 0.644494
vt 0.085793 0.644494
vt 0.085793 0.643739
vt 0.099409 0.643739
vt 0.099409 0.644494
vt 0.094837 0.644494
vt 0.094837 0.643739
vt 0.108348 0.643739
vt 0.108348 0.644494
vt 0.103934 0.644494
vt 0.103934 0.643739
vt 0.112637 0.643739
vt 0.112637 0.644494
vt 0.041945 0.641876
vt 0.041945 0.642433
vt 0.041945 0.643182
vt 0.080465 0.698067
vt 0.073950 0.698067
vt 0.073950 0.697463
vt 0.080465 0.697463
vt 0.080465 0.698636
vt 0.073950 0.698636
vt 0.080465 0.699240
vt 0.073950 0.699240
vt 0.073950 0.696893
vt 0.080465 0.696893
vt 0.047937 0.698256
vt 0.047937 0.698860
vt 0.041416 0.698860
vt 0.041416 0.698256
vt 0.047937 0.699429
vt 0.041416 0.699429
vt 0.047937 0.700032
vt 0.041416 0.700032
vt 0.041416 0.697687
vt 0.047937 0.697687
vt 0.076912 0.706823
vt 0.076912 0.707415
vt 0.070247 0.707415
vt 0.070247 0.706823
vt 0.076912 0.705662
vt 0.070247 0.705662
vt 0.070247 0.705093
vt 0.076912 0.705093
vt 0.076912 0.706254
vt 0.070247 0.706254
vt 0.015770 0.637908
vt 0.015770 0.638467
vt 0.010997 0.638467
vt 0.010997 0.637908
vt 0.021387 0.637908
vt 0.021387 0.638467
vt 0.026337 0.638467
vt 0.026337 0.637908
vt 0.036311 0.638467
vt 0.031306 0.638467
vt 0.031306 0.637908
vt 0.036311 0.637908
vt 0.046408 0.638467
vt 0.041335 0.638467
vt 0.041335 0.637908
vt 0.046408 0.637908
vt 0.056594 0.638467
vt 0.051485 0.638467
vt 0.051485 0.637908
vt 0.056594 0.637908
vt 0.066809 0.638467
vt 0.061697 0.638467
vt 0.061697 0.637908
vt 0.066809 0.637908
vt 0.076991 0.638467
vt 0.071895 0.638467
vt 0.071895 0.637908
vt 0.076991 0.637908
vt 0.085238 0.638467
vt 0.082068 0.638467
vt 0.082068 0.637908
vt 0.085238 0.637908
vt 0.093219 0.637908
vt 0.093219 0.638467
vt 0.088400 0.638467
vt 0.088400 0.637908
vt 0.010997 0.639878
vt 0.015770 0.639878
vt 0.015770 0.640730
vt 0.010997 0.640730
vt 0.021387 0.639878
vt 0.021387 0.640730
vt 0.026337 0.639878
vt 0.026337 0.640730
vt 0.031306 0.639878
vt 0.036311 0.639878
vt 0.036311 0.640730
vt 0.031306 0.640730
vt 0.041335 0.639878
vt 0.046408 0.639878
vt 0.046408 0.640730
vt 0.041335 0.640730
vt 0.056594 0.639878
vt 0.056594 0.640730
vt 0.051485 0.640730
vt 0.051485 0.639878
vt 0.066809 0.639878
vt 0.066809 0.640730
vt 0.061697 0.640730
vt 0.061697 0.639878
vt 0.076991 0.639878
vt 0.076991 0.640730
vt 0.071895 0.640730
vt 0.071895 0.639878
vt 0.085238 0.639878
vt 0.085238 0.640730
vt 0.082068 0.640730
vt 0.082068 0.639878
vt 0.093219 0.639878
vt 0.093219 0.640730
vt 0.088400 0.640730
vt 0.088400 0.639878
vt 0.093219 0.639319
vt 0.088400 0.639319
vt 0.085238 0.639319
vt 0.082068 0.639319
vt 0.076991 0.639319
vt 0.071895 0.639319
vt 0.066809 0.639319
vt 0.061697 0.639319
vt 0.056594 0.639319
vt 0.046408 0.639319
vt 0.051485 0.639319
vt 0.036311 0.639319
vt 0.041335 0.639319
vt 0.026337 0.639319
vt 0.031306 0.639319
vt 0.015770 0.639319
vt 0.021387 0.639319
vt 0.010997 0.639319
vt 0.072473 0.702833
vt 0.066015 0.702833
vt 0.066015 0.702224
vt 0.072473 0.702224
vt 0.072473 0.703402
vt 0.066015 0.703402
vt 0.072473 0.704012
vt 0.066015 0.704012
vt 0.066015 0.701655
vt 0.072473 0.701655
vt 0.050089 0.683515
vt 0.043532 0.683515
vt 0.043532 0.682915
vt 0.050089 0.682915
vt 0.050089 0.684084
vt 0.043532 0.684084
vt 0.050089 0.684684
vt 0.043532 0.684684
vt 0.043532 0.682346
vt 0.050089 0.682346
vt 0.081358 0.647451
vt 0.076860 0.647451
vt 0.076860 0.646894
vt 0.081358 0.646894
vt 0.090370 0.647451
vt 0.085876 0.647451
vt 0.085876 0.646894
vt 0.090370 0.646894
vt 0.099347 0.647451
vt 0.094872 0.647451
vt 0.094872 0.646894
vt 0.099347 0.646894
vt 0.108251 0.647451
vt 0.103823 0.647451
vt 0.103823 0.646894
vt 0.108251 0.646894
vt 0.081358 0.646136
vt 0.076860 0.646136
vt 0.090370 0.646136
vt 0.085876 0.646136
vt 0.099347 0.646136
vt 0.094872 0.646136
vt 0.108251 0.646136
vt 0.103823 0.646136
vt 0.112668 0.648208
vt 0.108251 0.648208
vt 0.112668 0.647451
vt 0.103823 0.648208
vt 0.099347 0.648208
vt 0.094872 0.648208
vt 0.090370 0.648208
vt 0.081358 0.648208
vt 0.085876 0.648208
vt 0.112668 0.646894
vt 0.112668 0.646136
vt 0.076860 0.648208
vt 0.108251 0.645579
vt 0.112668 0.645579
vt 0.103823 0.645579
vt 0.099347 0.645579
vt 0.094872 0.645579
vt 0.090370 0.645579
vt 0.085876 0.645579
vt 0.081358 0.645579
vt 0.076860 0.645579
vt 0.046442 0.725543
vt 0.051432 0.725543
vt 0.051432 0.726102
vt 0.046442 0.726102
vt 0.036384 0.725543
vt 0.041434 0.725543
vt 0.041434 0.726102
vt 0.036384 0.726102
vt 0.026244 0.725543
vt 0.031329 0.725543
vt 0.031329 0.726102
vt 0.026244 0.726102
vt 0.016069 0.725543
vt 0.021164 0.725543
vt 0.021164 0.726102
vt 0.016069 0.726102
vt 0.051432 0.726948
vt 0.046442 0.726948
vt 0.041434 0.726948
vt 0.036384 0.726948
vt 0.026244 0.726948
vt 0.031329 0.726948
vt 0.016069 0.726948
vt 0.021164 0.726948
vt 0.010997 0.724697
vt 0.016069 0.724697
vt 0.010997 0.725543
vt 0.021164 0.724697
vt 0.026244 0.724697
vt 0.036384 0.724697
vt 0.031329 0.724697
vt 0.046442 0.724697
vt 0.041434 0.724697
vt 0.051432 0.724697
vt 0.010997 0.726102
vt 0.010997 0.726948
vt 0.081358 0.731300
vt 0.076860 0.731300
vt 0.076860 0.730743
vt 0.081358 0.730743
vt 0.090370 0.731300
vt 0.085876 0.731300
vt 0.085876 0.730743
vt 0.090370 0.730743
vt 0.099347 0.731300
vt 0.094872 0.731300
vt 0.094872 0.730743
vt 0.099347 0.730743
vt 0.108251 0.731300
vt 0.103823 0.731300
vt 0.103823 0.730743
vt 0.108251 0.730743
vt 0.081358 0.729985
vt 0.076860 0.729985
vt 0.090370 0.729985
vt 0.085876 0.729985
vt 0.099347 0.729985
vt 0.094872 0.729985
vt 0.108251 0.729985
vt 0.103823 0.729985
vt 0.112668 0.732057
vt 0.108251 0.732057
vt 0.112668 0.731300
vt 0.103823 0.732057
vt 0.099347 0.732057
vt 0.094872 0.732057
vt 0.090370 0.732057
vt 0.081358 0.732057
vt 0.085876 0.732057
vt 0.112668 0.730743
vt 0.112668 0.729985
vt 0.076860 0.732057
vt 0.108251 0.729428
vt 0.112668 0.729428
vt 0.103823 0.729428
vt 0.099347 0.729428
vt 0.094872 0.729428
vt 0.090370 0.729428
vt 0.085876 0.729428
vt 0.081358 0.729428
vt 0.076860 0.729428
vt 0.046442 0.652009
vt 0.051432 0.652009
vt 0.051432 0.652568
vt 0.046442 0.652568
vt 0.036384 0.652009
vt 0.041434 0.652009
vt 0.041434 0.652568
vt 0.036384 0.652568
vt 0.026244 0.652009
vt 0.031329 0.652009
vt 0.031329 0.652568
vt 0.026244 0.652568
vt 0.016069 0.652009
vt 0.021164 0.652009
vt 0.021164 0.652568
vt 0.016069 0.652568
vt 0.051432 0.653414
vt 0.046442 0.653414
vt 0.041434 0.653414
vt 0.036384 0.653414
vt 0.026244 0.653414
vt 0.031329 0.653414
vt 0.016069 0.653414
vt 0.021164 0.653414
vt 0.010997 0.651163
vt 0.016069 0.651163
vt 0.010997 0.652009
vt 0.021164 0.651163
vt 0.026244 0.651163
vt 0.036384 0.651163
vt 0.031329 0.651163
vt 0.046442 0.651163
vt 0.041434 0.651163
vt 0.051432 0.651163
vt 0.010997 0.652568
vt 0.010997 0.653414
vt 0.046442 0.724138
vt 0.051432 0.724138
vt 0.041434 0.724138
vt 0.036384 0.724138
vt 0.031329 0.724138
vt 0.026244 0.724138
vt 0.021164 0.724138
vt 0.016069 0.724138
vt 0.010997 0.724138
vt 0.010997 0.650604
vt 0.016069 0.650604
vt 0.021164 0.650604
vt 0.026244 0.650604
vt 0.031329 0.650604
vt 0.036384 0.650604
vt 0.041434 0.650604
vt 0.046442 0.650604
vt 0.051432 0.650604
vt 0.083583 0.682691
vt 0.077125 0.682691
vt 0.077125 0.682081
vt 0.083583 0.682081
vt 0.083583 0.683260
vt 0.077125 0.683260
vt 0.083583 0.683869
vt 0.077125 0.683869
vt 0.083583 0.684438
vt 0.077125 0.684438
vt 0.059347 0.706792
vt 0.052790 0.706792
vt 0.052790 0.706192
vt 0.059347 0.706192
vt 0.059347 0.707361
vt 0.052790 0.707361
vt 0.059347 0.707961
vt 0.052790 0.707961
vt 0.052790 0.705622
vt 0.059347 0.705622
vt 0.034803 0.733965
vt 0.039878 0.733965
vt 0.039878 0.734569
vt 0.034803 0.734569
vt 0.034803 0.733396
vt 0.039878 0.733396
vt 0.034803 0.735742
vt 0.034803 0.735138
vt 0.039878 0.735138
vt 0.039878 0.735742
vt 0.068709 0.656803
vt 0.063635 0.656803
vt 0.063635 0.656199
vt 0.068709 0.656199
vt 0.068709 0.657373
vt 0.063635 0.657373
vt 0.068709 0.657977
vt 0.063635 0.657977
vt 0.063635 0.655630
vt 0.068709 0.655630
vt 0.091520 0.683729
vt 0.084795 0.683729
vt 0.084795 0.683139
vt 0.091520 0.683139
vt 0.091520 0.684299
vt 0.084795 0.684299
vt 0.091520 0.684889
vt 0.084795 0.684889
vt 0.105482 0.658804
vt 0.112199 0.658804
vt 0.112199 0.659373
vt 0.105482 0.659373
vt 0.043644 0.706213
vt 0.036919 0.706213
vt 0.036919 0.705622
vt 0.043644 0.705622
vt 0.043644 0.706782
vt 0.036919 0.706782
vt 0.043644 0.707372
vt 0.036919 0.707372
vt 0.105482 0.718054
vt 0.112200 0.718054
vt 0.112200 0.718623
vt 0.105482 0.718623
vt 0.075009 0.680352
vt 0.081508 0.680352
vt 0.081508 0.680964
vt 0.075009 0.680964
vt 0.075009 0.679783
vt 0.081508 0.679783
vt 0.075009 0.679171
vt 0.081508 0.679171
vt 0.032915 0.733700
vt 0.026425 0.733700
vt 0.026425 0.733131
vt 0.032915 0.733131
vt 0.062577 0.707597
vt 0.069076 0.707597
vt 0.069076 0.708209
vt 0.062577 0.708209
vt 0.062577 0.707028
vt 0.069076 0.707028
vt 0.062577 0.706416
vt 0.069076 0.706416
vt 0.033709 0.644296
vt 0.027218 0.644296
vt 0.027218 0.643727
vt 0.033709 0.643727
vt 0.073686 0.702824
vt 0.073686 0.702220
vt 0.080531 0.702220
vt 0.080531 0.702824
vt 0.073686 0.701578
vt 0.080531 0.701578
vt 0.073686 0.700974
vt 0.080531 0.700974
vt 0.073686 0.700332
vt 0.080531 0.700332
vt 0.045648 0.704146
vt 0.045648 0.703542
vt 0.052493 0.703542
vt 0.052493 0.704146
vt 0.045648 0.702900
vt 0.052493 0.702900
vt 0.045648 0.702296
vt 0.052493 0.702296
vt 0.045648 0.701655
vt 0.052493 0.701655
vt 0.025545 0.688805
vt 0.025545 0.688201
vt 0.032390 0.688201
vt 0.032390 0.688805
vt 0.025545 0.687559
vt 0.032390 0.687559
vt 0.025545 0.686955
vt 0.032390 0.686955
vt 0.025545 0.686313
vt 0.032390 0.686313
vt 0.062312 0.711817
vt 0.062312 0.711213
vt 0.069157 0.711213
vt 0.069157 0.711817
vt 0.062312 0.710571
vt 0.069157 0.710571
vt 0.062312 0.709967
vt 0.069157 0.709967
vt 0.062312 0.709325
vt 0.069157 0.709325
vt 0.339707 0.666033
vt 0.345988 0.666032
vt 0.345988 0.671216
vt 0.339707 0.671216
vt 0.351868 0.697654
vt 0.351868 0.687323
vt 0.362581 0.692489
vt 0.281982 0.707905
vt 0.269632 0.707901
vt 0.276074 0.697903
vt 0.261697 0.665330
vt 0.274046 0.665326
vt 0.268139 0.675328
vt 0.264871 0.692224
vt 0.275275 0.687058
vt 0.275275 0.697390
vt 0.281744 0.708127
vt 0.269870 0.708123
vt 0.275513 0.687281
vt 0.275513 0.697167
vt 0.261935 0.665108
vt 0.273809 0.665104
vt 0.351630 0.697432
vt 0.351630 0.687545
vt 0.336818 0.673731
vt 0.348974 0.673731
vt 0.336817 0.663518
vt 0.348973 0.663517
vt 0.063899 0.698521
vt 0.067719 0.698521
vt 0.067719 0.699244
vt 0.063899 0.699244
vt 0.063899 0.697952
vt 0.067719 0.697952
vt 0.063899 0.700537
vt 0.063899 0.699813
vt 0.067719 0.699813
vt 0.067719 0.700537
vt 0.086118 0.656199
vt 0.093765 0.656199
vt 0.093765 0.656923
vt 0.086118 0.656923
vt 0.086118 0.655630
vt 0.093765 0.655630
vt 0.086118 0.658215
vt 0.086118 0.657492
vt 0.093765 0.657492
vt 0.093765 0.658215
vt 0.053583 0.702488
vt 0.057403 0.702488
vt 0.057403 0.703212
vt 0.053583 0.703212
vt 0.053583 0.701919
vt 0.057403 0.701919
vt 0.053583 0.704504
vt 0.053583 0.703781
vt 0.057403 0.703781
vt 0.057403 0.704504
vt 0.039829 0.714920
vt 0.047476 0.714920
vt 0.047476 0.715644
vt 0.039829 0.715644
vt 0.039829 0.714351
vt 0.047476 0.714351
vt 0.039829 0.716936
vt 0.039829 0.716213
vt 0.047476 0.716213
vt 0.047476 0.716936
vt 0.075829 0.684641
vt 0.072099 0.684641
vt 0.072099 0.683930
vt 0.075829 0.683930
vt 0.075829 0.682650
vt 0.072099 0.682650
vt 0.072099 0.682081
vt 0.075829 0.682081
vt 0.075829 0.683361
vt 0.072099 0.683361
vt 0.075761 0.648138
vt 0.068396 0.648138
vt 0.068396 0.647428
vt 0.075761 0.647428
vt 0.075761 0.646148
vt 0.068396 0.646148
vt 0.068396 0.645579
vt 0.075761 0.645579
vt 0.075761 0.646859
vt 0.068396 0.646859
vt 0.054933 0.684905
vt 0.051203 0.684905
vt 0.051203 0.684194
vt 0.054933 0.684194
vt 0.054933 0.682915
vt 0.051203 0.682915
vt 0.051203 0.682346
vt 0.054933 0.682346
vt 0.054933 0.683625
vt 0.051203 0.683625
vt 0.093748 0.721936
vt 0.086382 0.721936
vt 0.086382 0.721226
vt 0.093748 0.721226
vt 0.093748 0.719946
vt 0.086382 0.719946
vt 0.086382 0.719377
vt 0.093748 0.719377
vt 0.093748 0.720657
vt 0.086382 0.720657
vt 0.033525 0.733131
vt 0.033525 0.733700
vt 0.034318 0.643727
vt 0.034318 0.644296
vt 0.104898 0.659373
vt 0.104898 0.658804
vt 0.104898 0.718623
vt 0.104898 0.718054
vt 0.112797 0.658804
vt 0.112797 0.659373
vt 0.112797 0.718054
vt 0.112797 0.718623
vt 0.025810 0.733700
vt 0.025810 0.733131
vt 0.026603 0.644296
vt 0.026603 0.643727
s 1
usemtl 07_-_Default.002
f 2/1/1 3/2/1 4/3/1 1/4/1
f 6/5/2 7/6/2 8/7/2 5/8/2
f 10/9/3 11/10/3 12/11/3 9/12/3
f 14/13/4 15/14/4 16/15/4 13/16/4
f 18/17/5 19/18/5 20/19/5 17/20/5
f 22/21/6 23/22/6 24/23/6 21/24/6
f 26/25/7 27/26/7 28/27/7 25/28/7
f 30/29/8 31/30/8 32/31/8 29/32/8
f 2/1/9 1/4/9 34/33/9 33/34/9
f 6/5/9 5/8/9 36/35/9 35/36/9
f 38/37/9 9/12/9 12/11/9 37/38/9
f 40/39/9 13/16/9 16/15/9 39/40/9
f 41/41/9 17/20/9 20/19/9 42/42/9
f 43/43/9 21/24/9 24/23/9 44/44/9
f 45/45/9 25/28/9 28/27/9 46/46/9
f 48/47/9 29/32/9 32/31/9 47/48/9
f 49/49/10 50/50/10 30/51/10 51/52/10
f 52/53/10 53/54/10 26/55/10 31/56/10
f 54/57/10 55/58/10 22/59/10 27/60/10
f 56/61/10 57/62/10 18/63/10 23/64/10
f 58/65/10 59/66/10 14/67/10 19/68/10
f 61/69/10 10/70/10 15/71/10 60/72/10
f 63/73/10 7/74/10 11/75/10 62/76/10
f 65/77/10 3/78/10 8/79/10 64/80/10
f 31/30/11 26/25/11 25/28/11 32/31/11
f 47/48/9 32/31/9 25/28/9 45/45/9
f 27/60/10 26/55/10 53/54/10 54/57/10
f 27/26/12 22/21/12 21/24/12 28/27/12
f 46/46/9 28/27/9 21/24/9 43/43/9
f 23/64/10 22/59/10 55/58/10 56/61/10
f 23/22/13 18/17/13 17/20/13 24/23/13
f 44/44/9 24/23/9 17/20/9 41/41/9
f 19/68/10 18/63/10 57/62/10 58/65/10
f 19/18/14 14/13/14 13/16/14 20/19/14
f 42/42/9 20/19/9 13/16/9 40/39/9
f 15/71/10 14/67/10 59/66/10 60/72/10
f 15/14/15 10/9/15 9/12/15 16/15/15
f 16/15/9 9/12/9 38/37/9 39/40/9
f 11/75/10 10/70/10 61/69/10 62/76/10
f 12/11/16 11/10/16 7/6/16 6/5/16
f 12/11/9 6/5/9 35/36/9 37/38/9
f 64/80/10 8/79/10 7/74/10 63/73/10
f 5/8/17 8/7/17 3/2/17 2/1/17
f 5/8/9 2/1/9 33/34/9 36/35/9
f 66/81/10 4/82/10 3/78/10 65/77/10
f 51/83/18 30/29/18 29/32/18 67/84/18
f 68/85/9 67/84/9 29/32/9 48/47/9
f 31/56/10 30/51/10 50/50/10 52/53/10
f 50/50/19 49/49/19 68/85/19 48/47/19
f 48/47/20 47/48/20 52/53/20 50/50/20
f 53/54/21 52/53/21 47/48/21 45/45/21
f 45/45/22 46/46/22 54/57/22 53/54/22
f 55/58/23 54/57/23 46/46/23 43/43/23
f 43/43/24 44/44/24 56/61/24 55/58/24
f 57/62/25 56/61/25 44/44/25 41/41/25
f 41/41/26 42/42/26 58/65/26 57/62/26
f 59/66/27 58/65/27 42/42/27 40/39/27
f 40/39/28 39/40/28 60/72/28 59/66/28
f 61/69/29 60/72/29 39/40/29 38/37/29
f 38/37/30 37/38/30 62/76/30 61/69/30
f 63/73/31 62/76/31 37/38/31 35/36/31
f 35/36/32 36/35/32 64/80/32 63/73/32
f 65/77/33 64/80/33 36/35/33 33/34/33
f 33/34/34 34/33/34 66/81/34 65/77/34
f 70/86/35 71/87/35 72/88/35 69/89/35
f 70/90/10 73/91/10 74/92/10 71/93/10
f 75/94/36 76/95/36 74/92/36 73/91/36
f 69/96/9 72/97/9 76/95/9 75/94/9
f 78/98/35 79/99/35 80/100/35 77/101/35
f 78/98/10 81/102/10 82/103/10 79/99/10
f 83/104/36 84/105/36 82/106/36 81/107/36
f 77/101/9 80/100/9 84/108/9 83/109/9
f 73/110/37 70/86/37 69/89/37 75/111/37
f 81/107/37 78/112/37 77/113/37 83/104/37
f 86/114/35 87/115/35 88/116/35 85/117/35
f 89/118/38 90/119/38 87/115/38 86/114/38
f 91/120/36 92/121/36 90/119/36 89/118/36
f 85/117/37 88/116/37 92/122/37 91/123/37
f 94/124/35 95/125/35 96/126/35 93/127/35
f 97/128/10 98/129/10 95/125/10 94/124/10
f 99/130/36 100/131/36 98/132/36 97/133/36
f 99/134/9 93/127/9 96/126/9 100/135/9
f 102/136/35 103/137/35 104/138/35 101/139/35
f 105/140/10 106/141/10 103/137/10 102/136/10
f 107/142/36 108/143/36 106/144/36 105/145/36
f 107/146/9 101/139/9 104/138/9 108/147/9
f 97/133/37 94/148/37 93/149/37 99/130/37
f 105/145/37 102/150/37 101/151/37 107/142/37
f 110/152/35 111/153/35 112/154/35 109/155/35
f 113/156/38 114/157/38 111/153/38 110/152/38
f 115/158/39 116/159/39 114/157/39 113/156/39
f 109/155/37 112/154/37 116/160/37 115/161/37
f 117/162/10 118/163/10 119/164/10 120/165/10
f 121/166/38 122/167/38 119/164/38 118/163/38
f 123/168/9 124/169/9 122/167/9 121/166/9
f 117/170/40 120/171/40 124/169/40 123/168/40
f 125/172/10 126/173/10 127/174/10 128/175/10
f 129/176/38 130/177/38 127/174/38 126/173/38
f 131/178/9 132/179/9 130/177/9 129/176/9
f 125/180/40 128/181/40 132/179/40 131/178/40
f 95/125/41 133/182/41 134/183/41 96/126/41
f 95/125/10 98/129/10 135/184/10 133/182/10
f 100/131/42 136/185/42 135/186/42 98/132/42
f 96/126/9 134/183/9 136/187/9 100/135/9
f 103/137/41 137/188/41 138/189/41 104/138/41
f 103/137/10 106/141/10 139/190/10 137/188/10
f 108/143/42 140/191/42 139/192/42 106/144/42
f 104/138/9 138/189/9 140/193/9 108/147/9
f 141/194/10 142/195/10 143/196/10 144/197/10
f 145/198/43 146/199/43 143/196/43 142/195/43
f 147/200/9 148/201/9 146/199/9 145/198/9
f 141/202/44 144/203/44 148/201/44 147/200/44
f 149/204/10 150/205/10 151/206/10 152/207/10
f 153/208/43 154/209/43 151/206/43 150/205/43
f 155/210/9 156/211/9 154/209/9 153/208/9
f 149/212/44 152/213/44 156/211/44 155/210/44
f 157/214/10 158/215/10 159/216/10 160/217/10
f 161/218/45 162/219/45 159/216/45 158/215/45
f 163/220/9 164/221/9 162/219/9 161/218/9
f 157/222/46 160/223/46 164/221/46 163/220/46
f 165/224/10 166/225/10 167/226/10 168/227/10
f 169/228/45 170/229/45 167/226/45 166/225/45
f 171/230/9 172/231/9 170/229/9 169/228/9
f 165/232/46 168/233/46 172/231/46 171/230/46
f 173/234/10 174/235/10 175/236/10 176/237/10
f 177/238/45 178/239/45 175/236/45 174/235/45
f 179/240/9 180/241/9 178/239/9 177/238/9
f 173/242/46 176/243/46 180/241/46 179/240/46
f 181/244/10 182/245/10 183/246/10 184/247/10
f 185/248/45 186/249/45 183/250/45 182/251/45
f 187/252/9 188/253/9 186/249/9 185/248/9
f 181/244/46 184/247/46 188/253/46 187/252/46
f 190/254/36 191/255/36 192/256/36 189/257/36
f 193/258/10 194/259/10 195/260/10 196/261/10
f 197/262/47 198/263/47 195/264/47 194/265/47
f 199/266/9 200/267/9 198/268/9 197/269/9
f 193/270/48 196/271/48 200/272/48 199/273/48
f 195/260/49 201/274/49 202/275/49 196/261/49
f 198/263/50 203/276/50 201/277/50 195/264/50
f 200/267/51 204/278/51 203/279/51 198/268/51
f 196/271/52 202/280/52 204/281/52 200/272/52
f 201/282/9 190/254/9 189/257/9 202/283/9
f 203/284/53 191/255/53 190/254/53 201/285/53
f 204/286/10 192/256/10 191/255/10 203/287/10
f 202/288/54 189/257/54 192/256/54 204/289/54
f 206/290/10 207/291/10 208/292/10 205/293/10
f 209/294/55 210/295/55 207/291/55 206/290/55
f 211/296/9 212/297/9 210/295/9 209/294/9
f 205/298/56 208/299/56 212/297/56 211/296/56
f 214/300/10 215/301/10 216/302/10 213/303/10
f 217/304/55 218/305/55 215/301/55 214/300/55
f 219/306/9 220/307/9 218/305/9 217/304/9
f 213/308/56 216/309/56 220/307/56 219/306/56
f 222/310/10 223/311/10 224/312/10 221/313/10
f 225/314/55 226/315/55 223/311/55 222/310/55
f 227/316/9 228/317/9 226/315/9 225/314/9
f 221/318/56 224/319/56 228/317/56 227/316/56
f 230/320/10 231/321/10 232/322/10 229/323/10
f 233/324/55 234/325/55 231/321/55 230/320/55
f 235/326/9 236/327/9 234/325/9 233/324/9
f 229/328/56 232/329/56 236/327/56 235/326/56
f 238/330/57 239/331/57 240/332/57 237/333/57
f 237/334/58 240/335/58 242/336/58 241/337/58
f 241/338/59 242/339/59 244/340/59 243/341/59
f 243/342/60 244/343/60 239/344/60 238/345/60
f 246/346/35 247/347/35 248/348/35 245/349/35
f 245/350/35 248/351/35 250/352/35 249/353/35
f 249/354/35 250/355/35 252/356/35 251/357/35
f 251/358/35 252/359/35 247/360/35 246/361/35
f 247/362/9 253/363/9 254/364/9 248/365/9
f 248/366/53 254/364/53 255/367/53 250/368/53
f 252/369/10 250/370/10 255/367/10 256/371/10
f 252/372/54 256/371/54 253/363/54 247/373/54
f 255/367/35 254/364/35 253/363/35 256/371/35
f 258/374/36 259/375/36 260/376/36 257/377/36
f 259/375/10 261/378/10 262/379/10 260/376/10
f 261/378/61 238/330/61 237/333/61 262/379/61
f 246/346/10 245/349/10 240/332/10 239/331/10
f 260/376/54 262/380/54 263/381/54 257/377/54
f 262/380/62 237/334/62 241/337/62 263/381/62
f 249/353/54 242/336/54 240/335/54 245/350/54
f 257/377/9 263/382/9 264/383/9 258/374/9
f 263/382/63 241/338/63 243/341/63 264/383/63
f 251/357/9 244/340/9 242/339/9 249/354/9
f 258/374/53 264/384/53 261/385/53 259/375/53
f 264/384/64 243/342/64 238/345/64 261/385/64
f 246/361/53 239/344/53 244/343/53 251/358/53
f 266/386/35 267/387/35 268/388/35 265/389/35
f 269/390/65 270/391/65 267/387/65 266/386/65
f 271/392/36 272/393/36 270/394/36 269/395/36
f 265/389/66 268/388/66 272/393/66 271/392/66
f 274/396/35 275/397/35 276/398/35 273/399/35
f 277/400/67 278/401/67 275/397/67 274/396/67
f 279/402/36 280/403/36 278/401/36 277/400/36
f 273/399/68 276/398/68 280/404/68 279/405/68
f 282/406/35 283/407/35 284/408/35 281/409/35
f 285/410/69 286/411/69 283/407/69 282/406/69
f 287/412/36 288/413/36 286/411/36 285/410/36
f 281/409/70 284/408/70 288/414/70 287/415/70
f 290/416/35 291/417/35 292/418/35 289/419/35
f 293/420/67 294/421/67 291/417/67 290/416/67
f 295/422/36 296/423/36 294/421/36 293/420/36
f 289/419/71 292/418/71 296/424/71 295/425/71
f 298/426/35 299/427/35 300/428/35 297/429/35
f 301/430/67 302/431/67 299/427/67 298/426/67
f 303/432/36 304/433/36 302/431/36 301/430/36
f 297/429/48 300/428/48 304/434/48 303/435/48
f 306/436/35 307/437/35 308/438/35 305/439/35
f 309/440/65 310/441/65 307/437/65 306/436/65
f 311/442/36 312/443/36 310/441/36 309/440/36
f 305/439/68 308/438/68 312/444/68 311/445/68
f 314/446/72 315/447/72 316/448/72 313/449/72
f 317/450/9 318/451/9 315/447/9 314/446/9
f 319/452/73 320/453/73 318/451/73 317/450/73
f 319/454/10 313/449/10 316/448/10 320/455/10
f 322/456/74 323/457/74 324/458/74 321/459/74
f 325/460/10 326/461/10 323/457/10 322/456/10
f 327/462/75 328/463/75 326/464/75 325/465/75
f 327/462/9 321/459/9 324/458/9 328/463/9
f 330/466/76 331/467/76 332/468/76 329/469/76
f 333/470/9 334/471/9 331/467/9 330/466/9
f 335/472/77 336/473/77 334/471/77 333/470/77
f 335/474/10 329/469/10 332/468/10 336/475/10
f 338/476/78 339/477/78 340/478/78 337/479/78
f 341/480/10 342/481/10 339/477/10 338/476/10
f 343/482/79 344/483/79 342/484/79 341/485/79
f 343/482/9 337/479/9 340/478/9 344/483/9
f 346/486/80 347/487/80 348/488/80 345/489/80
f 349/490/9 350/491/9 347/487/9 346/486/9
f 351/492/81 352/493/81 350/491/81 349/490/81
f 351/494/10 345/489/10 348/488/10 352/495/10
f 354/496/82 355/497/82 356/498/82 353/499/82
f 357/500/10 358/501/10 355/497/10 354/496/10
f 359/502/83 360/503/83 358/504/83 357/505/83
f 359/502/9 353/499/9 356/498/9 360/503/9
f 362/506/84 363/507/84 364/508/84 361/509/84
f 365/510/9 366/511/9 363/507/9 362/506/9
f 367/512/85 368/513/85 366/511/85 365/510/85
f 367/514/10 361/509/10 364/508/10 368/515/10
f 370/516/86 371/517/86 372/518/86 369/519/86
f 373/520/10 374/521/10 371/517/10 370/516/10
f 375/522/87 376/523/87 374/524/87 373/525/87
f 375/522/9 369/519/9 372/518/9 376/523/9
f 378/526/88 379/527/88 380/528/88 377/529/88
f 381/530/10 382/531/10 379/527/10 378/526/10
f 383/532/89 384/533/89 382/534/89 381/535/89
f 383/532/9 377/529/9 380/528/9 384/533/9
f 386/536/90 387/537/90 388/538/90 385/539/90
f 389/540/9 390/541/9 387/537/9 386/536/9
f 391/542/91 392/543/91 390/541/91 389/540/91
f 391/544/10 385/539/10 388/538/10 392/545/10
f 394/546/92 395/547/92 396/548/92 393/549/92
f 397/550/10 398/551/10 395/547/10 394/546/10
f 399/552/93 400/553/93 398/551/93 397/550/93
f 399/554/9 393/549/9 396/548/9 400/555/9
f 402/556/94 403/557/94 404/558/94 401/559/94
f 405/560/9 406/561/9 403/557/9 402/556/9
f 407/562/95 408/563/95 406/561/95 405/560/95
f 407/564/10 401/559/10 404/558/10 408/565/10
f 410/566/96 411/567/96 412/568/96 409/569/96
f 413/570/10 414/571/10 411/567/10 410/566/10
f 415/572/97 416/573/97 414/574/97 413/575/97
f 415/572/9 409/569/9 412/568/9 416/573/9
f 418/576/98 419/577/98 420/578/98 417/579/98
f 421/580/9 422/581/9 419/577/9 418/576/9
f 423/582/99 424/583/99 422/581/99 421/580/99
f 423/584/10 417/579/10 420/578/10 424/585/10
f 426/586/100 427/587/100 428/588/100 425/589/100
f 429/590/10 430/591/10 427/587/10 426/586/10
f 431/592/101 432/593/101 430/591/101 429/590/101
f 431/594/9 425/589/9 428/588/9 432/595/9
f 434/596/102 435/597/102 436/598/102 433/599/102
f 437/600/9 438/601/9 435/597/9 434/596/9
f 439/602/103 440/603/103 438/601/103 437/600/103
f 439/604/10 433/599/10 436/598/10 440/605/10
f 442/606/36 443/607/36 444/608/36 441/609/36
f 445/610/10 446/611/10 447/612/10 448/613/10
f 449/614/104 450/615/104 447/616/104 446/617/104
f 451/618/9 452/619/9 450/620/9 449/621/9
f 445/622/105 448/623/105 452/624/105 451/625/105
f 447/612/49 453/626/49 454/627/49 448/613/49
f 450/615/106 455/628/106 453/629/106 447/616/106
f 452/619/51 456/630/51 455/631/51 450/620/51
f 448/623/52 454/632/52 456/633/52 452/624/52
f 453/634/9 442/606/9 441/609/9 454/635/9
f 455/636/53 443/607/53 442/606/53 453/637/53
f 456/638/10 444/608/10 443/607/10 455/639/10
f 454/640/54 441/609/54 444/608/54 456/641/54
f 458/642/10 459/643/10 460/644/10 457/645/10
f 461/646/107 462/647/107 459/643/107 458/642/107
f 463/648/9 464/649/9 462/647/9 461/646/9
f 457/650/70 460/651/70 464/649/70 463/648/70
f 466/652/10 467/653/10 468/654/10 465/655/10
f 469/656/107 470/657/107 467/653/107 466/652/107
f 471/658/9 472/659/9 470/657/9 469/656/9
f 465/660/70 468/661/70 472/659/70 471/658/70
f 474/662/10 475/663/10 476/664/10 473/665/10
f 477/666/107 478/667/107 475/663/107 474/662/107
f 479/668/9 480/669/9 478/667/9 477/666/9
f 473/670/70 476/671/70 480/669/70 479/668/70
f 482/672/10 483/673/10 484/674/10 481/675/10
f 485/676/107 486/677/107 483/673/107 482/672/107
f 487/678/9 488/679/9 486/677/9 485/676/9
f 481/680/70 484/681/70 488/679/70 487/678/70
f 490/682/108 491/683/108 492/684/108 489/685/108
f 489/686/58 492/687/58 494/688/58 493/689/58
f 493/690/109 494/691/109 496/692/109 495/693/109
f 495/694/110 496/695/110 491/696/110 490/697/110
f 498/698/35 499/699/35 500/700/35 497/701/35
f 497/702/35 500/703/35 502/704/35 501/705/35
f 501/706/35 502/707/35 504/708/35 503/709/35
f 503/710/35 504/711/35 499/712/35 498/713/35
f 499/714/9 505/715/9 506/716/9 500/717/9
f 500/718/53 506/716/53 507/719/53 502/720/53
f 504/721/10 502/722/10 507/719/10 508/723/10
f 504/724/54 508/723/54 505/715/54 499/725/54
f 507/719/35 506/716/35 505/715/35 508/723/35
f 510/726/36 511/727/36 512/728/36 509/729/36
f 511/727/10 513/730/10 514/731/10 512/728/10
f 513/730/61 490/682/61 489/685/61 514/731/61
f 498/698/10 497/701/10 492/684/10 491/683/10
f 512/728/54 514/732/54 515/733/54 509/729/54
f 514/732/111 489/686/111 493/689/111 515/733/111
f 501/705/54 494/688/54 492/687/54 497/702/54
f 509/729/9 515/734/9 516/735/9 510/726/9
f 515/734/63 493/690/63 495/693/63 516/735/63
f 503/709/9 496/692/9 494/691/9 501/706/9
f 510/726/53 516/736/53 513/737/53 511/727/53
f 516/736/112 495/694/112 490/697/112 513/737/112
f 498/713/53 491/696/53 496/695/53 503/710/53
f 518/738/35 519/739/35 520/740/35 517/741/35
f 521/742/104 522/743/104 519/739/104 518/738/104
f 523/744/36 524/745/36 522/743/36 521/742/36
f 517/741/113 520/740/113 524/746/113 523/747/113
f 526/748/35 527/749/35 528/750/35 525/751/35
f 529/752/114 530/753/114 527/749/114 526/748/114
f 531/754/36 532/755/36 530/753/36 529/752/36
f 525/751/105 528/750/105 532/756/105 531/757/105
f 534/758/35 535/759/35 536/760/35 533/761/35
f 537/762/69 538/763/69 535/759/69 534/758/69
f 539/764/36 540/765/36 538/763/36 537/762/36
f 533/761/115 536/760/115 540/766/115 539/767/115
f 542/768/35 543/769/35 544/770/35 541/771/35
f 545/772/47 546/773/47 543/769/47 542/768/47
f 547/774/36 548/775/36 546/773/36 545/772/36
f 541/771/105 544/770/105 548/776/105 547/777/105
f 550/778/35 551/779/35 552/780/35 549/781/35
f 553/782/69 554/783/69 551/779/69 550/778/69
f 555/784/36 556/785/36 554/783/36 553/782/36
f 549/781/105 552/780/105 556/786/105 555/787/105
f 558/788/35 559/789/35 560/790/35 557/791/35
f 561/792/104 562/793/104 559/789/104 558/788/104
f 563/794/36 564/795/36 562/793/36 561/792/36
f 557/791/48 560/790/48 564/796/48 563/797/48
f 566/798/116 567/799/116 568/800/116 565/801/116
f 569/802/9 570/803/9 567/799/9 566/798/9
f 571/804/117 572/805/117 570/803/117 569/802/117
f 571/806/10 565/801/10 568/800/10 572/807/10
f 574/808/118 575/809/118 576/810/118 573/811/118
f 577/812/10 578/813/10 575/809/10 574/808/10
f 579/814/119 580/815/119 578/816/119 577/817/119
f 579/814/9 573/811/9 576/810/9 580/815/9
f 582/818/120 583/819/120 584/820/120 581/821/120
f 585/822/9 586/823/9 583/819/9 582/818/9
f 587/824/73 588/825/73 586/823/73 585/822/73
f 587/826/10 581/821/10 584/820/10 588/827/10
f 590/828/121 591/829/121 592/830/121 589/831/121
f 593/832/10 594/833/10 591/829/10 590/828/10
f 595/834/122 596/835/122 594/836/122 593/837/122
f 595/834/9 589/831/9 592/830/9 596/835/9
f 598/838/123 599/839/123 600/840/123 597/841/123
f 601/842/9 602/843/9 599/839/9 598/838/9
f 603/844/124 604/845/124 602/843/124 601/842/124
f 603/846/10 597/841/10 600/840/10 604/847/10
f 606/848/125 607/849/125 608/850/125 605/851/125
f 609/852/10 610/853/10 607/849/10 606/848/10
f 611/854/126 612/855/126 610/856/126 609/857/126
f 611/854/9 605/851/9 608/850/9 612/855/9
f 614/858/127 615/859/127 616/860/127 613/861/127
f 617/862/9 618/863/9 615/859/9 614/858/9
f 619/864/128 620/865/128 618/863/128 617/862/128
f 619/866/10 613/861/10 616/860/10 620/867/10
f 622/868/129 623/869/129 624/870/129 621/871/129
f 625/872/10 626/873/10 623/874/10 622/875/10
f 627/876/130 628/877/130 626/873/130 625/872/130
f 627/876/9 621/871/9 624/870/9 628/877/9
f 630/878/131 631/879/131 632/880/131 629/881/131
f 633/882/10 634/883/10 631/879/10 630/878/10
f 635/884/119 636/885/119 634/886/119 633/887/119
f 635/884/9 629/881/9 632/880/9 636/885/9
f 638/888/132 639/889/132 640/890/132 637/891/132
f 641/892/9 642/893/9 639/889/9 638/888/9
f 643/894/133 644/895/133 642/893/133 641/892/133
f 643/896/10 637/891/10 640/890/10 644/897/10
f 646/898/134 647/899/134 648/900/134 645/901/134
f 649/902/10 650/903/10 647/899/10 646/898/10
f 651/904/135 652/905/135 650/906/135 649/907/135
f 651/904/9 645/901/9 648/900/9 652/905/9
f 654/908/136 655/909/136 656/910/136 653/911/136
f 657/912/9 658/913/9 655/909/9 654/908/9
f 659/914/137 660/915/137 658/913/137 657/912/137
f 659/916/10 653/911/10 656/910/10 660/917/10
f 662/918/138 663/919/138 664/920/138 661/921/138
f 665/922/10 666/923/10 663/919/10 662/918/10
f 667/924/139 668/925/139 666/926/139 665/927/139
f 667/924/9 661/921/9 664/920/9 668/925/9
f 670/928/140 671/929/140 672/930/140 669/931/140
f 673/932/9 674/933/9 671/929/9 670/928/9
f 675/934/141 676/935/141 674/933/141 673/932/141
f 675/936/10 669/931/10 672/930/10 676/937/10
f 678/938/142 679/939/142 680/940/142 677/941/142
f 681/942/10 682/943/10 679/939/10 678/938/10
f 683/944/139 684/945/139 682/946/139 681/947/139
f 683/944/9 677/941/9 680/940/9 684/945/9
f 686/948/143 687/949/143 688/950/143 685/951/143
f 689/952/9 690/953/9 687/949/9 686/948/9
f 691/954/144 692/955/144 690/953/144 689/952/144
f 691/956/10 685/951/10 688/950/10 692/957/10
f 694/958/35 695/959/35 696/960/35 693/961/35
f 694/958/9 697/962/9 698/963/9 695/959/9
f 699/964/36 700/965/36 698/966/36 697/967/36
f 693/961/10 696/960/10 700/968/10 699/969/10
f 702/970/35 703/971/35 704/972/35 701/973/35
f 702/970/9 705/974/9 706/975/9 703/971/9
f 707/976/36 708/977/36 706/978/36 705/979/36
f 701/973/10 704/972/10 708/980/10 707/981/10
f 697/967/145 694/982/145 693/983/145 699/964/145
f 705/979/145 702/984/145 701/985/145 707/976/145
f 710/986/35 711/987/35 712/988/35 709/989/35
f 713/990/146 714/991/146 711/987/146 710/986/146
f 715/992/36 716/993/36 714/994/36 713/995/36
f 709/989/145 712/988/145 716/993/145 715/992/145
f 718/996/35 719/997/35 720/998/35 717/999/35
f 721/1000/9 722/1001/9 719/997/9 718/996/9
f 723/1002/36 724/1003/36 722/1004/36 721/1005/36
f 723/1006/10 717/999/10 720/998/10 724/1007/10
f 726/1008/35 727/1009/35 728/1010/35 725/1011/35
f 729/1012/9 730/1013/9 727/1009/9 726/1008/9
f 731/1014/36 732/1015/36 730/1016/36 729/1017/36
f 731/1018/10 725/1011/10 728/1010/10 732/1019/10
f 721/1005/145 718/1020/145 717/1021/145 723/1002/145
f 729/1017/145 726/1022/145 725/1023/145 731/1014/145
f 734/1024/35 735/1025/35 736/1026/35 733/1027/35
f 737/1028/146 738/1029/146 735/1025/146 734/1024/146
f 739/1030/36 740/1031/36 738/1029/36 737/1028/36
f 733/1027/145 736/1026/145 740/1032/145 739/1033/145
f 742/1034/9 743/1035/9 744/1036/9 741/1037/9
f 745/1038/146 746/1039/146 743/1035/146 742/1034/146
f 745/1038/10 747/1040/10 748/1041/10 746/1039/10
f 741/1037/145 744/1036/145 748/1042/145 747/1043/145
f 750/1044/9 751/1045/9 752/1046/9 749/1047/9
f 753/1048/146 754/1049/146 751/1045/146 750/1044/146
f 753/1048/10 755/1050/10 756/1051/10 754/1049/10
f 749/1047/145 752/1046/145 756/1052/145 755/1053/145
f 719/997/147 757/1054/147 758/1055/147 720/998/147
f 719/997/9 722/1001/9 759/1056/9 757/1054/9
f 724/1003/148 760/1057/148 759/1058/148 722/1004/148
f 720/998/10 758/1055/10 760/1059/10 724/1007/10
f 727/1009/147 761/1060/147 762/1061/147 728/1010/147
f 727/1009/9 730/1013/9 763/1062/9 761/1060/9
f 732/1015/148 764/1063/148 763/1064/148 730/1016/148
f 728/1010/10 762/1061/10 764/1065/10 732/1019/10
f 766/1066/9 767/1067/9 768/1068/9 765/1069/9
f 769/1070/149 770/1071/149 767/1067/149 766/1066/149
f 769/1070/10 771/1072/10 772/1073/10 770/1071/10
f 765/1069/150 768/1068/150 772/1074/150 771/1075/150
f 774/1076/9 775/1077/9 776/1078/9 773/1079/9
f 777/1080/149 778/1081/149 775/1077/149 774/1076/149
f 777/1080/10 779/1082/10 780/1083/10 778/1081/10
f 773/1079/150 776/1078/150 780/1084/150 779/1085/150
f 782/1086/9 783/1087/9 784/1088/9 781/1089/9
f 785/1090/151 786/1091/151 783/1087/151 782/1086/151
f 785/1090/10 787/1092/10 788/1093/10 786/1091/10
f 781/1089/152 784/1088/152 788/1094/152 787/1095/152
f 790/1096/9 791/1097/9 792/1098/9 789/1099/9
f 793/1100/151 794/1101/151 791/1097/151 790/1096/151
f 793/1100/10 795/1102/10 796/1103/10 794/1101/10
f 789/1099/152 792/1098/152 796/1104/152 795/1105/152
f 798/1106/9 799/1107/9 800/1108/9 797/1109/9
f 801/1110/151 802/1111/151 799/1107/151 798/1106/151
f 801/1110/10 803/1112/10 804/1113/10 802/1111/10
f 797/1109/152 800/1108/152 804/1114/152 803/1115/152
f 806/1116/9 807/1117/9 808/1118/9 805/1119/9
f 809/1120/151 810/1121/151 807/1117/151 806/1116/151
f 809/1120/10 811/1122/10 812/1123/10 810/1121/10
f 805/1119/152 808/1118/152 812/1124/152 811/1125/152
f 814/1126/35 815/1127/35 816/1128/35 813/1129/35
f 817/1130/153 818/1131/153 819/1132/153
f 820/1133/154 817/1134/154 819/1135/154
f 818/1136/155 821/1137/155 819/1138/155
f 819/1139/156 821/1140/156 820/1141/156
f 820/1133/35 822/1142/35 823/1143/35 817/1134/35
f 821/1140/35 824/1144/35 822/1145/35 820/1141/35
f 818/1136/35 825/1146/35 824/1147/35 821/1137/35
f 817/1130/35 823/1148/35 825/1149/35 818/1131/35
f 822/1150/157 813/1129/157 816/1128/157 823/1151/157
f 824/1152/158 814/1126/158 813/1129/158 822/1150/158
f 824/1152/159 825/1153/159 815/1127/159 814/1126/159
f 823/1151/160 816/1128/160 815/1127/160 825/1153/160
f 827/1154/35 828/1155/35 829/1156/35 826/1157/35
f 830/1158/153 831/1159/153 832/1160/153
f 833/1161/154 830/1162/154 832/1163/154
f 831/1164/155 834/1165/155 832/1166/155
f 832/1167/156 834/1168/156 833/1169/156
f 833/1161/35 835/1170/35 836/1171/35 830/1162/35
f 834/1168/35 837/1172/35 835/1173/35 833/1169/35
f 831/1164/35 838/1174/35 837/1175/35 834/1165/35
f 830/1158/35 836/1176/35 838/1177/35 831/1159/35
f 835/1178/157 826/1157/157 829/1156/157 836/1179/157
f 837/1180/158 827/1154/158 826/1157/158 835/1178/158
f 837/1180/159 838/1181/159 828/1155/159 827/1154/159
f 836/1179/160 829/1156/160 828/1155/160 838/1181/160
f 840/1182/9 841/1183/9 842/1184/9 839/1185/9
f 843/1186/54 844/1187/54 841/1183/54 840/1182/54
f 843/1186/10 845/1188/10 846/1189/10 844/1187/10
f 839/1185/53 842/1184/53 846/1190/53 845/1191/53
f 847/1192/9 848/1193/9 849/1194/9 850/1195/9
f 851/1196/161 852/1197/161 849/1194/161 848/1193/161
f 853/1198/10 854/1199/10 852/1200/10 851/1201/10
f 847/1192/162 850/1195/162 854/1199/162 853/1198/162
f 855/1202/10 856/1203/10 857/1204/10 858/1205/10
f 859/1206/163 860/1207/163 857/1204/163 856/1203/163
f 861/1208/9 862/1209/9 860/1207/9 859/1206/9
f 855/1210/164 858/1211/164 862/1209/164 861/1208/164
f 864/1212/165 865/1213/165 866/1214/165 863/1215/165
f 867/1216/166 868/1217/166 865/1213/166 864/1212/166
f 870/1218/167 868/1217/167 867/1216/167 869/1219/167
f 872/1220/168 873/1221/168 874/1222/168 871/1223/168
f 876/1224/169 877/1225/169 878/1226/169 875/1227/169
f 880/1228/170 881/1229/170 882/1230/170 879/1231/170
f 884/1232/171 885/1233/171 886/1234/171 883/1235/171
f 888/1236/172 889/1237/172 890/1238/172 887/1239/172
f 892/1240/173 893/1241/173 894/1242/173 891/1243/173
f 896/1244/174 897/1245/174 898/1246/174 895/1247/174
f 900/1248/10 901/1249/10 864/1250/10 863/1251/10
f 901/1249/10 902/1252/10 867/1253/10 864/1250/10
f 902/1252/10 903/1254/10 869/1255/10 867/1253/10
f 904/1256/10 905/1257/10 871/1258/10 874/1259/10
f 906/1260/10 907/1261/10 875/1262/10 878/1263/10
f 909/1264/10 879/1265/10 882/1266/10 908/1267/10
f 910/1268/10 883/1269/10 886/1270/10 911/1271/10
f 913/1272/10 887/1273/10 890/1274/10 912/1275/10
f 915/1276/10 891/1277/10 894/1278/10 914/1279/10
f 917/1280/10 896/1281/10 895/1282/10 916/1283/10
f 918/1284/9 919/1285/9 898/1246/9 897/1245/9
f 919/1285/9 920/1286/9 892/1240/9 898/1246/9
f 921/1287/9 922/1288/9 888/1236/9 893/1241/9
f 923/1289/9 924/1290/9 884/1232/9 889/1237/9
f 925/1291/9 926/1292/9 880/1228/9 885/1233/9
f 928/1293/9 876/1224/9 881/1229/9 927/1294/9
f 929/1295/9 872/1220/9 877/1225/9 930/1296/9
f 932/1297/9 870/1218/9 873/1221/9 931/1298/9
f 934/1299/9 865/1213/9 868/1217/9 933/1300/9
f 899/1301/9 866/1214/9 865/1213/9 934/1299/9
f 873/1221/175 870/1218/175 869/1219/175 874/1222/175
f 874/1259/10 869/1255/10 903/1254/10 904/1256/10
f 933/1300/9 868/1217/9 870/1218/9 932/1297/9
f 877/1225/176 872/1220/176 871/1223/176 878/1226/176
f 878/1263/10 871/1258/10 905/1257/10 906/1260/10
f 931/1298/9 873/1221/9 872/1220/9 929/1295/9
f 881/1229/177 876/1224/177 875/1227/177 882/1230/177
f 882/1266/10 875/1262/10 907/1261/10 908/1267/10
f 930/1296/9 877/1225/9 876/1224/9 928/1293/9
f 885/1233/178 880/1228/178 879/1231/178 886/1234/178
f 911/1271/10 886/1270/10 879/1265/10 909/1264/10
f 881/1229/9 880/1228/9 926/1292/9 927/1294/9
f 889/1237/179 884/1232/179 883/1235/179 890/1238/179
f 912/1275/10 890/1274/10 883/1269/10 910/1268/10
f 885/1233/9 884/1232/9 924/1290/9 925/1291/9
f 893/1241/180 888/1236/180 887/1239/180 894/1242/180
f 914/1279/10 894/1278/10 887/1273/10 913/1272/10
f 889/1237/9 888/1236/9 922/1288/9 923/1289/9
f 898/1246/181 892/1240/181 891/1243/181 895/1247/181
f 916/1283/10 895/1282/10 891/1277/10 915/1276/10
f 893/1241/9 892/1240/9 920/1286/9 921/1287/9
f 936/1302/1 937/1303/1 938/1304/1 935/1305/1
f 940/1306/2 941/1307/2 942/1308/2 939/1309/2
f 944/1310/3 945/1311/3 946/1312/3 943/1313/3
f 948/1314/4 949/1315/4 950/1316/4 947/1317/4
f 952/1318/5 953/1319/5 954/1320/5 951/1321/5
f 956/1322/6 957/1323/6 958/1324/6 955/1325/6
f 960/1326/7 961/1327/7 962/1328/7 959/1329/7
f 964/1330/8 965/1331/8 966/1332/8 963/1333/8
f 936/1302/9 935/1305/9 968/1334/9 967/1335/9
f 940/1306/9 939/1309/9 970/1336/9 969/1337/9
f 972/1338/9 943/1313/9 946/1312/9 971/1339/9
f 974/1340/9 947/1317/9 950/1316/9 973/1341/9
f 975/1342/9 951/1321/9 954/1320/9 976/1343/9
f 977/1344/9 955/1325/9 958/1324/9 978/1345/9
f 979/1346/9 959/1329/9 962/1328/9 980/1347/9
f 982/1348/9 963/1333/9 966/1332/9 981/1349/9
f 983/1350/10 984/1351/10 964/1352/10 985/1353/10
f 986/1354/10 987/1355/10 960/1356/10 965/1357/10
f 988/1358/10 989/1359/10 956/1360/10 961/1361/10
f 990/1362/10 991/1363/10 952/1364/10 957/1365/10
f 992/1366/10 993/1367/10 948/1368/10 953/1369/10
f 995/1370/10 944/1371/10 949/1372/182 994/1373/182
f 997/1374/10 941/1375/10 945/1376/10 996/1377/10
f 999/1378/10 937/1379/10 942/1380/10 998/1381/10
f 965/1331/11 960/1326/11 959/1329/11 966/1332/11
f 981/1349/9 966/1332/9 959/1329/9 979/1346/9
f 961/1361/10 960/1356/10 987/1355/10 988/1358/10
f 961/1327/12 956/1322/12 955/1325/12 962/1328/12
f 980/1347/9 962/1328/9 955/1325/9 977/1344/9
f 957/1365/10 956/1360/10 989/1359/10 990/1362/10
f 957/1323/13 952/1318/13 951/1321/13 958/1324/13
f 978/1345/9 958/1324/9 951/1321/9 975/1342/9
f 953/1369/10 952/1364/10 991/1363/10 992/1366/10
f 953/1319/14 948/1314/14 947/1317/14 954/1320/14
f 976/1343/9 954/1320/9 947/1317/9 974/1340/9
f 949/1372/182 948/1368/10 993/1367/10 994/1373/182
f 949/1315/15 944/1310/15 943/1313/15 950/1316/15
f 950/1316/9 943/1313/9 972/1338/9 973/1341/9
f 945/1376/10 944/1371/10 995/1370/10 996/1377/10
f 946/1312/16 945/1311/16 941/1307/16 940/1306/16
f 946/1312/9 940/1306/9 969/1337/9 971/1339/9
f 998/1381/10 942/1380/10 941/1375/10 997/1374/10
f 939/1309/17 942/1308/17 937/1303/17 936/1302/17
f 939/1309/9 936/1302/9 967/1335/9 970/1336/9
f 1000/1382/10 938/1383/10 937/1379/10 999/1378/10
f 985/1384/18 964/1330/18 963/1333/18 1001/1385/18
f 1002/1386/9 1001/1385/9 963/1333/9 982/1348/9
f 965/1357/10 964/1352/10 984/1351/10 986/1354/10
f 984/1351/19 983/1350/19 1002/1386/19 982/1348/19
f 982/1348/20 981/1349/20 986/1354/20 984/1351/20
f 987/1355/21 986/1354/21 981/1349/21 979/1346/21
f 979/1346/22 980/1347/22 988/1358/22 987/1355/22
f 989/1359/23 988/1358/23 980/1347/23 977/1344/23
f 977/1344/24 978/1345/24 990/1362/24 989/1359/24
f 991/1363/25 990/1362/25 978/1345/25 975/1342/25
f 975/1342/26 976/1343/26 992/1366/26 991/1363/26
f 993/1367/27 992/1366/27 976/1343/27 974/1340/27
f 974/1340/28 973/1341/28 994/1373/28 993/1367/28
f 995/1370/29 994/1373/29 973/1341/29 972/1338/29
f 972/1338/30 971/1339/30 996/1377/30 995/1370/30
f 997/1374/31 996/1377/31 971/1339/31 969/1337/31
f 969/1337/32 970/1336/32 998/1381/32 997/1374/32
f 999/1378/183 998/1381/183 970/1336/183 967/1335/183
f 967/1335/34 968/1334/34 1000/1382/34 999/1378/34
f 1004/1387/9 1005/1388/9 1006/1389/9 1003/1390/9
f 1007/1391/54 1008/1392/54 1005/1388/54 1004/1387/54
f 1007/1391/10 1009/1393/10 1010/1394/10 1008/1392/10
f 1003/1390/53 1006/1389/53 1010/1395/53 1009/1396/53
f 1011/1397/9 1012/1398/9 1013/1399/9 1014/1400/9
f 1015/1401/161 1016/1402/161 1013/1399/161 1012/1398/161
f 1017/1403/10 1018/1404/10 1016/1402/10 1015/1401/10
f 1011/1397/162 1014/1400/162 1018/1405/162 1017/1406/162
f 1019/1407/10 1020/1408/10 1021/1409/10 1022/1410/10
f 1023/1411/163 1024/1412/163 1021/1413/163 1020/1414/163
f 1025/1415/9 1026/1416/9 1024/1412/9 1023/1411/9
f 1019/1407/164 1022/1410/164 1026/1416/164 1025/1415/164
f 1028/1417/165 1029/1418/165 1030/1419/165 1027/1420/165
f 1031/1421/166 1032/1422/166 1029/1418/166 1028/1417/166
f 1034/1423/167 1032/1422/167 1031/1421/167 1033/1424/167
f 1036/1425/168 1037/1426/168 1038/1427/168 1035/1428/168
f 1040/1429/169 1041/1430/169 1042/1431/169 1039/1432/169
f 1044/1433/170 1045/1434/170 1046/1435/170 1043/1436/170
f 1048/1437/171 1049/1438/171 1050/1439/171 1047/1440/171
f 1052/1441/172 1053/1442/172 1054/1443/172 1051/1444/172
f 1056/1445/173 1057/1446/173 1058/1447/173 1055/1448/173
f 1060/1449/174 1061/1450/174 1062/1451/174 1059/1452/174
f 1064/1453/10 1065/1454/10 1028/1455/10 1027/1456/10
f 1065/1454/10 1066/1457/10 1031/1458/10 1028/1455/10
f 1066/1457/10 1067/1459/10 1033/1460/10 1031/1458/10
f 1068/1461/10 1069/1462/10 1035/1463/10 1038/1464/10
f 1070/1465/10 1071/1466/10 1039/1467/10 1042/1468/10
f 1073/1469/10 1043/1470/10 1046/1471/10 1072/1472/10
f 1074/1473/10 1047/1474/10 1050/1475/10 1075/1476/10
f 1077/1477/10 1051/1478/10 1054/1479/10 1076/1480/10
f 1079/1481/10 1055/1482/10 1058/1483/10 1078/1484/10
f 1081/1485/10 1060/1486/10 1059/1487/10 1080/1488/10
f 1082/1489/9 1083/1490/9 1062/1451/9 1061/1450/9
f 1083/1490/9 1084/1491/9 1056/1445/9 1062/1451/9
f 1085/1492/9 1086/1493/9 1052/1441/9 1057/1446/9
f 1087/1494/9 1088/1495/9 1048/1437/9 1053/1442/9
f 1089/1496/9 1090/1497/9 1044/1433/9 1049/1438/9
f 1092/1498/9 1040/1429/9 1045/1434/9 1091/1499/9
f 1093/1500/9 1036/1425/9 1041/1430/9 1094/1501/9
f 1096/1502/9 1034/1423/9 1037/1426/9 1095/1503/9
f 1098/1504/9 1029/1418/9 1032/1422/9 1097/1505/9
f 1063/1506/9 1030/1419/9 1029/1418/9 1098/1504/9
f 1037/1426/175 1034/1423/175 1033/1424/175 1038/1427/175
f 1038/1464/10 1033/1460/10 1067/1459/10 1068/1461/10
f 1097/1505/9 1032/1422/9 1034/1423/9 1096/1502/9
f 1041/1430/176 1036/1425/176 1035/1428/176 1042/1431/176
f 1042/1468/10 1035/1463/10 1069/1462/10 1070/1465/10
f 1095/1503/9 1037/1426/9 1036/1425/9 1093/1500/9
f 1045/1434/177 1040/1429/177 1039/1432/177 1046/1435/177
f 1046/1471/10 1039/1467/10 1071/1466/10 1072/1472/10
f 1094/1501/9 1041/1430/9 1040/1429/9 1092/1498/9
f 1049/1438/178 1044/1433/178 1043/1436/178 1050/1439/178
f 1075/1476/10 1050/1475/10 1043/1470/10 1073/1469/10
f 1045/1434/9 1044/1433/9 1090/1497/9 1091/1499/9
f 1053/1442/179 1048/1437/179 1047/1440/179 1054/1443/179
f 1076/1480/10 1054/1479/10 1047/1474/10 1074/1473/10
f 1049/1438/9 1048/1437/9 1088/1495/9 1089/1496/9
f 1057/1446/180 1052/1441/180 1051/1444/180 1058/1447/180
f 1078/1484/10 1058/1483/10 1051/1478/10 1077/1477/10
f 1053/1442/9 1052/1441/9 1086/1493/9 1087/1494/9
f 1062/1451/181 1056/1445/181 1055/1448/181 1059/1452/181
f 1080/1488/10 1059/1487/10 1055/1482/10 1079/1481/10
f 1057/1446/9 1056/1445/9 1084/1491/9 1085/1492/9
f 1100/1507/9 1101/1508/9 1102/1509/9 1099/1510/9
f 1103/1511/184 1104/1512/184 1101/1508/184 1100/1507/184
f 1103/1511/10 1105/1513/10 1106/1514/10 1104/1512/10
f 1099/1510/185 1102/1509/185 1106/1515/185 1105/1516/185
f 1108/1517/9 1109/1518/9 1110/1519/9 1107/1520/9
f 1111/1521/186 1112/1522/186 1109/1518/186 1108/1517/186
f 1113/1523/10 1114/1524/10 1112/1522/10 1111/1521/10
f 1107/1520/187 1110/1519/187 1114/1525/187 1113/1526/187
f 1116/1527/3 1117/1528/3 1118/1529/3 1115/1530/3
f 1120/1531/4 1121/1532/4 1122/1533/4 1119/1534/4
f 1124/1535/5 1125/1536/5 1126/1537/5 1123/1538/5
f 1128/1539/6 1129/1540/6 1130/1541/6 1127/1542/6
f 1132/1543/9 1115/1530/9 1118/1529/9 1131/1544/9
f 1134/1545/9 1119/1534/9 1122/1533/9 1133/1546/9
f 1135/1547/9 1123/1538/9 1126/1537/9 1136/1548/9
f 1137/1549/9 1127/1542/9 1130/1541/9 1138/1550/9
f 1139/1551/10 1140/1552/10 1128/1539/10 1141/1553/10
f 1142/1554/10 1143/1555/10 1124/1535/10 1129/1540/10
f 1144/1556/10 1145/1557/10 1120/1531/10 1125/1536/10
f 1147/1558/10 1116/1527/10 1121/1532/182 1146/1559/182
f 1141/1553/12 1128/1539/12 1127/1542/12 1148/1560/12
f 1149/1561/9 1148/1560/9 1127/1542/9 1137/1549/9
f 1129/1540/10 1128/1539/10 1140/1552/10 1142/1554/10
f 1129/1540/13 1124/1535/13 1123/1538/13 1130/1541/13
f 1138/1550/9 1130/1541/9 1123/1538/9 1135/1547/9
f 1125/1536/10 1124/1535/10 1143/1555/10 1144/1556/10
f 1125/1536/14 1120/1531/14 1119/1534/14 1126/1537/14
f 1136/1548/9 1126/1537/9 1119/1534/9 1134/1545/9
f 1121/1532/182 1120/1531/10 1145/1557/10 1146/1559/182
f 1121/1532/15 1116/1527/15 1115/1530/15 1122/1533/15
f 1122/1533/9 1115/1530/9 1132/1543/9 1133/1546/9
f 1117/1528/10 1116/1527/10 1147/1558/10 1150/1562/10
f 1140/1563/23 1139/1564/23 1149/1561/23 1137/1549/23
f 1137/1549/24 1138/1550/24 1142/1565/24 1140/1563/24
f 1143/1566/25 1142/1565/25 1138/1550/25 1135/1547/25
f 1135/1547/26 1136/1548/26 1144/1567/26 1143/1566/26
f 1145/1568/27 1144/1567/27 1136/1548/27 1134/1545/27
f 1134/1545/28 1133/1546/28 1146/1569/28 1145/1568/28
f 1147/1570/29 1146/1569/29 1133/1546/29 1132/1543/29
f 1132/1543/30 1131/1544/30 1150/1571/30 1147/1570/30
f 1152/1572/168 1153/1573/168 1154/1574/168 1151/1575/168
f 1156/1576/169 1157/1577/169 1158/1578/169 1155/1579/169
f 1160/1580/170 1161/1581/170 1162/1582/170 1159/1583/170
f 1164/1584/188 1165/1585/188 1166/1586/188 1163/1587/188
f 1167/1588/10 1168/1589/10 1151/1575/10 1154/1574/10
f 1169/1590/10 1170/1591/10 1155/1579/10 1158/1578/10
f 1172/1592/10 1159/1583/10 1162/1582/10 1171/1593/10
f 1173/1594/10 1163/1587/10 1166/1586/10 1174/1595/10
f 1175/1596/9 1176/1597/9 1164/1584/9 1177/1598/9
f 1178/1599/9 1179/1600/9 1160/1580/9 1165/1585/9
f 1181/1601/9 1156/1576/9 1161/1581/9 1180/1602/9
f 1182/1603/9 1152/1572/9 1157/1577/9 1183/1604/9
f 1157/1577/176 1152/1572/176 1151/1575/176 1158/1578/176
f 1158/1578/10 1151/1575/10 1168/1589/10 1169/1590/10
f 1184/1605/9 1153/1573/9 1152/1572/9 1182/1603/9
f 1161/1581/177 1156/1576/177 1155/1579/177 1162/1582/177
f 1162/1582/10 1155/1579/10 1170/1591/10 1171/1593/10
f 1183/1604/9 1157/1577/9 1156/1576/9 1181/1601/9
f 1165/1585/178 1160/1580/178 1159/1583/178 1166/1586/178
f 1174/1595/10 1166/1586/10 1159/1583/10 1172/1592/10
f 1161/1581/9 1160/1580/9 1179/1600/9 1180/1602/9
f 1177/1598/179 1164/1584/179 1163/1587/179 1185/1606/179
f 1186/1607/10 1185/1606/10 1163/1587/10 1173/1594/10
f 1165/1585/9 1164/1584/9 1176/1597/9 1178/1599/9
f 1188/1608/3 1189/1609/3 1190/1610/3 1187/1611/3
f 1192/1612/4 1193/1613/4 1194/1614/4 1191/1615/4
f 1196/1616/5 1197/1617/5 1198/1618/5 1195/1619/5
f 1200/1620/6 1201/1621/6 1202/1622/6 1199/1623/6
f 1204/1624/9 1187/1611/9 1190/1610/9 1203/1625/9
f 1206/1626/9 1191/1615/9 1194/1614/9 1205/1627/9
f 1207/1628/9 1195/1619/9 1198/1618/9 1208/1629/9
f 1209/1630/9 1199/1623/9 1202/1622/9 1210/1631/9
f 1211/1632/10 1212/1633/10 1200/1620/10 1213/1634/10
f 1214/1635/10 1215/1636/10 1196/1616/10 1201/1621/10
f 1216/1637/10 1217/1638/10 1192/1612/10 1197/1617/10
f 1219/1639/10 1188/1608/10 1193/1613/182 1218/1640/182
f 1213/1634/12 1200/1620/12 1199/1623/12 1220/1641/12
f 1221/1642/9 1220/1641/9 1199/1623/9 1209/1630/9
f 1201/1621/10 1200/1620/10 1212/1633/10 1214/1635/10
f 1201/1621/13 1196/1616/13 1195/1619/13 1202/1622/13
f 1210/1631/9 1202/1622/9 1195/1619/9 1207/1628/9
f 1197/1617/10 1196/1616/10 1215/1636/10 1216/1637/10
f 1197/1617/14 1192/1612/14 1191/1615/14 1198/1618/14
f 1208/1629/9 1198/1618/9 1191/1615/9 1206/1626/9
f 1193/1613/182 1192/1612/10 1217/1638/10 1218/1640/182
f 1193/1613/15 1188/1608/15 1187/1611/15 1194/1614/15
f 1194/1614/9 1187/1611/9 1204/1624/9 1205/1627/9
f 1189/1609/10 1188/1608/10 1219/1639/10 1222/1643/10
f 1212/1644/23 1211/1645/23 1221/1642/23 1209/1630/23
f 1209/1630/24 1210/1631/24 1214/1646/24 1212/1644/24
f 1215/1647/25 1214/1646/25 1210/1631/25 1207/1628/25
f 1207/1628/26 1208/1629/26 1216/1648/26 1215/1647/26
f 1217/1649/27 1216/1648/27 1208/1629/27 1206/1626/27
f 1206/1626/28 1205/1627/28 1218/1650/28 1217/1649/28
f 1219/1651/29 1218/1650/29 1205/1627/29 1204/1624/29
f 1204/1624/30 1203/1625/30 1222/1652/30 1219/1651/30
f 1224/1653/168 1225/1654/168 1226/1655/168 1223/1656/168
f 1228/1657/169 1229/1658/169 1230/1659/169 1227/1660/169
f 1232/1661/170 1233/1662/170 1234/1663/170 1231/1664/170
f 1236/1665/171 1237/1666/171 1238/1667/171 1235/1668/171
f 1239/1669/10 1240/1670/10 1223/1656/10 1226/1655/10
f 1241/1671/10 1242/1672/10 1227/1660/10 1230/1659/10
f 1244/1673/10 1231/1664/10 1234/1663/10 1243/1674/10
f 1245/1675/10 1235/1668/10 1238/1667/10 1246/1676/10
f 1247/1677/9 1248/1678/9 1236/1665/9 1249/1679/9
f 1250/1680/9 1251/1681/9 1232/1661/9 1237/1666/9
f 1253/1682/9 1228/1657/9 1233/1662/9 1252/1683/9
f 1254/1684/9 1224/1653/9 1229/1658/9 1255/1685/9
f 1229/1658/176 1224/1653/176 1223/1656/176 1230/1659/176
f 1230/1659/10 1223/1656/10 1240/1670/10 1241/1671/10
f 1256/1686/9 1225/1654/9 1224/1653/9 1254/1684/9
f 1233/1662/177 1228/1657/177 1227/1660/177 1234/1663/177
f 1234/1663/10 1227/1660/10 1242/1672/10 1243/1674/10
f 1255/1685/9 1229/1658/9 1228/1657/9 1253/1682/9
f 1237/1666/178 1232/1661/178 1231/1664/178 1238/1667/178
f 1246/1676/10 1238/1667/10 1231/1664/10 1244/1673/10
f 1233/1662/9 1232/1661/9 1251/1681/9 1252/1683/9
f 1249/1679/179 1236/1665/179 1235/1668/179 1257/1687/179
f 1258/1688/10 1257/1687/10 1235/1668/10 1245/1675/10
f 1237/1666/9 1236/1665/9 1248/1678/9 1250/1680/9
f 917/1280/189 916/1283/189 919/1285/189 918/1284/189
f 920/1286/190 919/1285/190 916/1283/190 915/1276/190
f 915/1276/191 914/1279/191 921/1287/191 920/1286/191
f 1079/1481/191 1078/1484/191 1085/1492/191 1084/1491/191
f 1084/1491/190 1083/1490/190 1080/1488/190 1079/1481/190
f 1081/1485/189 1080/1488/189 1083/1490/189 1082/1489/189
f 1086/1493/192 1085/1492/192 1078/1484/192 1077/1477/192
f 922/1288/192 921/1287/192 914/1279/192 913/1272/192
f 913/1272/193 912/1275/193 923/1289/193 922/1288/193
f 1077/1477/193 1076/1480/193 1087/1494/193 1086/1493/193
f 1088/1495/194 1087/1494/194 1076/1480/194 1074/1473/194
f 924/1290/194 923/1289/194 912/1275/194 910/1268/194
f 910/1268/195 911/1271/195 925/1291/195 924/1290/195
f 1074/1473/195 1075/1476/195 1089/1496/195 1088/1495/195
f 1090/1497/196 1089/1496/196 1075/1476/196 1073/1469/196
f 926/1292/196 925/1291/196 911/1271/196 909/1264/196
f 909/1264/197 908/1267/197 927/1294/197 926/1292/197
f 928/1293/198 927/1294/198 908/1267/198 907/1261/198
f 907/1261/199 906/1260/199 930/1296/199 928/1293/199
f 1092/1498/198 1091/1499/198 1072/1472/198 1071/1466/198
f 1073/1469/197 1072/1472/197 1091/1499/197 1090/1497/197
f 1071/1466/199 1070/1465/199 1094/1501/199 1092/1498/199
f 1093/1500/200 1094/1501/200 1070/1465/200 1069/1462/200
f 929/1295/200 930/1296/200 906/1260/200 905/1257/200
f 905/1257/201 904/1256/201 931/1298/201 929/1295/201
f 1069/1462/202 1068/1461/202 1095/1503/202 1093/1500/202
f 932/1297/203 931/1298/203 904/1256/203 903/1254/203
f 1096/1502/203 1095/1503/203 1068/1461/203 1067/1459/203
f 903/1254/204 902/1252/204 933/1300/204 932/1297/204
f 1067/1459/204 1066/1457/204 1097/1505/204 1096/1502/204
f 902/1252/205 901/1249/205 934/1299/205 933/1300/205
f 1066/1457/205 1065/1454/205 1098/1504/205 1097/1505/205
f 1065/1454/206 1064/1453/206 1063/1506/206 1098/1504/206
f 901/1249/206 900/1248/206 899/1301/206 934/1299/206
f 1168/1689/201 1167/1690/201 1184/1605/201 1182/1603/201
f 1182/1603/200 1183/1604/200 1169/1691/200 1168/1689/200
f 1170/1692/199 1169/1691/199 1183/1604/199 1181/1601/199
f 1181/1601/198 1180/1602/198 1171/1693/198 1170/1692/198
f 1172/1694/197 1171/1693/197 1180/1602/197 1179/1600/197
f 1179/1600/196 1178/1599/196 1174/1695/196 1172/1694/196
f 1173/1696/195 1174/1695/195 1178/1599/195 1176/1597/195
f 1176/1597/194 1175/1596/194 1186/1697/194 1173/1696/194
f 1248/1678/194 1247/1677/194 1258/1698/194 1245/1699/194
f 1245/1699/195 1246/1700/195 1250/1680/195 1248/1678/195
f 1251/1681/196 1250/1680/196 1246/1700/196 1244/1701/196
f 1244/1701/197 1243/1702/197 1252/1683/197 1251/1681/197
f 1253/1682/198 1252/1683/198 1243/1702/198 1242/1703/198
f 1242/1703/199 1241/1704/199 1255/1685/199 1253/1682/199
f 1254/1684/200 1255/1685/200 1241/1704/200 1240/1705/200
f 1240/1705/201 1239/1706/201 1256/1686/201 1254/1684/201
f 1260/1707/9 1261/1708/9 1262/1709/9 1259/1710/9
f 1263/1711/184 1264/1712/184 1261/1708/184 1260/1707/184
f 1263/1711/10 1265/1713/10 1266/1714/10 1264/1712/10
f 1259/1715/185 1262/1716/185 1266/1714/185 1265/1713/185
f 1268/1717/9 1269/1718/9 1270/1719/9 1267/1720/9
f 1271/1721/186 1272/1722/186 1269/1718/186 1268/1717/186
f 1273/1723/10 1274/1724/10 1272/1722/10 1271/1721/10
f 1267/1720/187 1270/1719/187 1274/1725/187 1273/1726/187
f 1276/1727/9 1277/1728/9 1278/1729/9 1275/1730/9
f 1279/1731/54 1280/1732/54 1277/1728/54 1276/1727/54
f 1279/1733/10 1281/1734/10 1282/1735/10 1280/1736/10
f 1275/1730/53 1278/1729/53 1282/1735/53 1281/1734/53
f 1284/1737/9 1285/1738/9 1286/1739/9 1283/1740/9
f 1287/1741/54 1288/1742/54 1285/1738/54 1284/1737/54
f 1287/1741/10 1289/1743/10 1290/1744/10 1288/1742/10
f 1283/1740/53 1286/1739/53 1290/1745/53 1289/1746/53
f 1292/1747/9 1293/1748/9 1294/1749/9 1291/1750/9
f 1295/1751/207 1296/1752/207 1293/1748/207 1292/1747/207
f 1297/1753/10 1298/1754/10 1296/1752/10 1295/1751/10
f 1291/1755/208 1294/1756/208 1298/1757/208 1297/1758/208
f 1300/1759/9 1301/1760/9 1302/1761/9 1299/1762/9
f 1303/1763/207 1304/1764/207 1301/1760/207 1300/1759/207
f 1305/1765/10 1306/1766/10 1304/1764/10 1303/1763/10
f 1299/1767/208 1302/1768/208 1306/1769/208 1305/1770/208
f 1308/1771/10 1309/1772/10 1310/1773/10 1307/1774/10
f 1311/1775/209 1312/1776/209 1309/1772/209 1308/1771/209
f 1313/1777/9 1314/1778/9 1312/1776/9 1311/1775/9
f 1307/1779/210 1310/1780/210 1314/1781/210 1313/1782/210
f 1316/1783/10 1317/1784/10 1318/1785/10 1315/1786/10
f 1319/1787/209 1320/1788/209 1317/1784/209 1316/1783/209
f 1321/1789/9 1322/1790/9 1320/1788/9 1319/1787/9
f 1315/1791/210 1318/1792/210 1322/1793/210 1321/1794/210
f 1323/1795/10 1324/1796/10 1325/1797/10 1326/1798/10
f 1327/1799/43 1328/1800/43 1325/1797/43 1324/1796/43
f 1329/1801/9 1330/1802/9 1328/1800/9 1327/1799/9
f 1323/1803/40 1326/1804/40 1330/1802/40 1329/1801/40
f 1331/1805/10 1332/1806/10 1333/1807/10 1334/1808/10
f 1335/1809/43 1336/1810/43 1333/1807/43 1332/1806/43
f 1337/1811/9 1338/1812/9 1336/1810/9 1335/1809/9
f 1331/1813/40 1334/1814/40 1338/1812/40 1337/1811/40
f 1339/1815/10 1340/1816/10 1341/1817/10 1342/1818/10
f 1343/1819/43 1344/1820/43 1341/1817/43 1340/1816/43
f 1345/1821/9 1346/1822/9 1344/1820/9 1343/1819/9
f 1339/1823/40 1342/1824/40 1346/1822/40 1345/1821/40
f 1347/1825/10 1348/1826/10 1349/1827/10 1350/1828/10
f 1351/1829/43 1352/1830/43 1349/1827/43 1348/1826/43
f 1353/1831/9 1354/1832/9 1352/1830/9 1351/1829/9
f 1347/1833/40 1350/1834/40 1354/1832/40 1353/1831/40
f 1356/1835/35 1357/1836/35 1358/1837/35 1355/1838/35
f 1359/1839/153 1360/1840/153 1361/1841/153
f 1362/1842/154 1359/1843/154 1361/1844/154
f 1360/1845/155 1363/1846/155 1361/1847/155
f 1361/1848/156 1363/1849/156 1362/1850/156
f 1362/1842/35 1364/1851/35 1365/1852/35 1359/1843/35
f 1363/1849/35 1366/1853/35 1364/1854/35 1362/1850/35
f 1360/1845/35 1367/1855/35 1366/1856/35 1363/1846/35
f 1359/1839/35 1365/1857/35 1367/1858/35 1360/1840/35
f 1364/1859/157 1355/1838/157 1358/1837/157 1365/1860/157
f 1366/1861/158 1356/1835/158 1355/1838/158 1364/1859/158
f 1366/1861/159 1367/1862/159 1357/1836/159 1356/1835/159
f 1365/1860/160 1358/1837/160 1357/1836/160 1367/1862/160
f 1369/1863/9 1370/1864/9 1371/1865/9 1368/1866/9
f 1372/1867/211 1373/1868/211 1370/1864/211 1369/1863/211
f 1372/1869/10 1374/1870/10 1375/1871/10 1373/1872/10
f 1368/1866/115 1371/1865/115 1375/1871/115 1374/1870/115
f 1377/1873/9 1378/1874/9 1379/1875/9 1376/1876/9
f 1380/1877/114 1381/1878/114 1378/1874/114 1377/1873/114
f 1380/1879/10 1382/1880/10 1383/1881/10 1381/1882/10
f 1376/1876/212 1379/1875/212 1383/1881/212 1382/1880/212
f 1385/1883/9 1386/1884/9 1387/1885/9 1384/1886/9
f 1388/1887/211 1389/1888/211 1386/1884/211 1385/1883/211
f 1388/1889/10 1390/1890/10 1391/1891/10 1389/1892/10
f 1384/1886/115 1387/1885/115 1391/1891/115 1390/1890/115
f 1393/1893/9 1394/1894/9 1395/1895/9 1392/1896/9
f 1396/1897/114 1397/1898/114 1394/1894/114 1393/1893/114
f 1396/1899/10 1398/1900/10 1399/1901/10 1397/1902/10
f 1392/1896/212 1395/1895/212 1399/1901/212 1398/1900/212
f 1401/1903/10 1402/1904/10 1403/1905/10 1400/1906/10
f 1404/1907/115 1405/1908/115 1402/1909/115 1401/1910/115
f 1404/1907/9 1406/1911/9 1407/1912/9 1405/1908/9
f 1400/1906/213 1403/1905/213 1407/1912/213 1406/1911/213
f 1409/1913/10 1410/1914/10 1411/1915/10 1408/1916/10
f 1412/1917/113 1413/1918/113 1410/1919/113 1409/1920/113
f 1412/1917/9 1414/1921/9 1415/1922/9 1413/1918/9
f 1408/1916/146 1411/1915/146 1415/1922/146 1414/1921/146
f 1417/1923/10 1418/1924/10 1419/1925/10 1416/1926/10
f 1420/1927/115 1421/1928/115 1418/1929/115 1417/1930/115
f 1420/1927/9 1422/1931/9 1423/1932/9 1421/1928/9
f 1416/1926/213 1419/1925/213 1423/1932/213 1422/1931/213
f 1425/1933/10 1426/1934/10 1427/1935/10 1424/1936/10
f 1428/1937/113 1429/1938/113 1426/1939/113 1425/1940/113
f 1428/1937/9 1430/1941/9 1431/1942/9 1429/1938/9
f 1424/1936/146 1427/1935/146 1431/1942/146 1430/1941/146
f 1311/1943/214 1308/1944/214 1307/1779/214 1313/1782/214
f 1319/1945/214 1316/1946/214 1315/1791/214 1321/1794/214
f 1295/1947/215 1292/1948/215 1291/1755/215 1297/1758/215
f 1303/1949/215 1300/1950/215 1299/1767/215 1305/1770/215
f 1298/1757/216 1294/1756/216 1293/1951/216 1296/1952/216
f 1306/1769/217 1302/1768/217 1301/1953/217 1304/1954/217
f 1314/1781/218 1310/1780/218 1309/1955/218 1312/1956/218
f 1322/1793/218 1318/1792/218 1317/1957/218 1320/1958/218
