# Blender 5.1.2
# www.blender.org
mtllib siren.mtl
o Electric.Box.Hinge
v -0.221619 1.453269 -0.094558
v -0.221619 1.514902 -0.094558
v -0.221336 1.453269 -0.094530
v -0.221336 1.514902 -0.094530
v -0.221064 1.453269 -0.094447
v -0.221064 1.514902 -0.094447
v -0.220813 1.453269 -0.094313
v -0.220813 1.514902 -0.094313
v -0.220593 1.453269 -0.094133
v -0.220593 1.514902 -0.094133
v -0.220413 1.453269 -0.093913
v -0.220413 1.514902 -0.093913
v -0.220279 1.453269 -0.093662
v -0.220279 1.514902 -0.093662
v -0.220196 1.453269 -0.093390
v -0.220196 1.514902 -0.093390
v -0.220168 1.453269 -0.093107
v -0.220168 1.514902 -0.093107
v -0.220196 1.453269 -0.092824
v -0.220196 1.514902 -0.092824
v -0.220279 1.453269 -0.092552
v -0.220279 1.514902 -0.092552
v -0.220413 1.453269 -0.092301
v -0.220413 1.514902 -0.092301
v -0.220593 1.453269 -0.092081
v -0.220593 1.514902 -0.092081
v -0.220813 1.453269 -0.091900
v -0.220813 1.514902 -0.091900
v -0.221064 1.453269 -0.091766
v -0.221064 1.514902 -0.091766
v -0.221336 1.453269 -0.091684
v -0.221336 1.514902 -0.091684
v -0.221619 1.453269 -0.091656
v -0.221619 1.514902 -0.091656
v -0.221902 1.453269 -0.091684
v -0.221902 1.514902 -0.091684
v -0.222174 1.453269 -0.091766
v -0.222174 1.514902 -0.091766
v -0.222425 1.453269 -0.091900
v -0.222425 1.514902 -0.091900
v -0.222645 1.453269 -0.092081
v -0.222645 1.514902 -0.092081
v -0.222825 1.453269 -0.092301
v -0.222825 1.514902 -0.092301
v -0.222960 1.453269 -0.092552
v -0.222960 1.514902 -0.092552
v -0.223042 1.453269 -0.092824
v -0.223042 1.514902 -0.092824
v -0.223070 1.453269 -0.093107
v -0.223070 1.514902 -0.093107
v -0.223042 1.453269 -0.093390
v -0.223042 1.514902 -0.093390
v -0.222960 1.453269 -0.093662
v -0.222960 1.514902 -0.093662
v -0.222825 1.453269 -0.093913
v -0.222825 1.514902 -0.093913
v -0.222645 1.453269 -0.094133
v -0.222645 1.514902 -0.094133
v -0.222425 1.453269 -0.094313
v -0.222425 1.514902 -0.094313
v -0.222174 1.453269 -0.094447
v -0.222174 1.514902 -0.094447
v -0.221902 1.453269 -0.094530
v -0.221902 1.514902 -0.094530
vn 0.0980 -0.0000 -0.9952
vn 0.2903 -0.0000 -0.9569
vn 0.4714 -0.0000 -0.8819
vn 0.6344 -0.0000 -0.7730
vn 0.7730 -0.0000 -0.6344
vn 0.8819 -0.0000 -0.4714
vn 0.9570 -0.0000 -0.2902
vn 0.9952 -0.0000 -0.0980
vn 0.9952 -0.0000 0.0980
vn 0.9570 -0.0000 0.2902
vn 0.8819 -0.0000 0.4714
vn 0.7730 -0.0000 0.6344
vn 0.6344 -0.0000 0.7730
vn 0.4714 -0.0000 0.8819
vn 0.2903 -0.0000 0.9569
vn 0.0980 -0.0000 0.9952
vn -0.0980 -0.0000 0.9952
vn -0.2903 -0.0000 0.9569
vn -0.4714 -0.0000 0.8819
vn -0.6344 -0.0000 0.7730
vn -0.7730 -0.0000 0.6344
vn -0.8819 -0.0000 0.4714
vn -0.9570 -0.0000 0.2902
vn -0.9952 -0.0000 0.0980
vn -0.9952 -0.0000 -0.0980
vn -0.9570 -0.0000 -0.2902
vn -0.8819 -0.0000 -0.4714
vn -0.7730 -0.0000 -0.6344
vn -0.6344 -0.0000 -0.7730
vn -0.4714 -0.0000 -0.8819
vn -0.0000 1.0000 -0.0000
vn -0.2903 -0.0000 -0.9569
vn -0.0980 -0.0000 -0.9952
vn -0.0000 -1.0000 -0.0000
vt 1.000000 0.500000
vt 1.000000 1.000000
vt 0.968750 1.000000
vt 0.968750 0.500000
vt 0.937500 1.000000
vt 0.937500 0.500000
vt 0.906250 1.000000
vt 0.906250 0.500000
vt 0.875000 1.000000
vt 0.875000 0.500000
vt 0.843750 1.000000
vt 0.843750 0.500000
vt 0.812500 1.000000
vt 0.812500 0.500000
vt 0.781250 1.000000
vt 0.781250 0.500000
vt 0.750000 1.000000
vt 0.750000 0.500000
vt 0.718750 1.000000
vt 0.718750 0.500000
vt 0.687500 1.000000
vt 0.687500 0.500000
vt 0.656250 1.000000
vt 0.656250 0.500000
vt 0.625000 1.000000
vt 0.625000 0.500000
vt 0.593750 1.000000
vt 0.593750 0.500000
vt 0.562500 1.000000
vt 0.562500 0.500000
vt 0.531250 1.000000
vt 0.531250 0.500000
vt 0.500000 1.000000
vt 0.500000 0.500000
vt 0.468750 1.000000
vt 0.468750 0.500000
vt 0.437500 1.000000
vt 0.437500 0.500000
vt 0.406250 1.000000
vt 0.406250 0.500000
vt 0.375000 1.000000
vt 0.375000 0.500000
vt 0.343750 1.000000
vt 0.343750 0.500000
vt 0.312500 1.000000
vt 0.312500 0.500000
vt 0.281250 1.000000
vt 0.281250 0.500000
vt 0.250000 1.000000
vt 0.250000 0.500000
vt 0.218750 1.000000
vt 0.218750 0.500000
vt 0.187500 1.000000
vt 0.187500 0.500000
vt 0.156250 1.000000
vt 0.156250 0.500000
vt 0.125000 1.000000
vt 0.125000 0.500000
vt 0.093750 1.000000
vt 0.093750 0.500000
vt 0.062500 1.000000
vt 0.062500 0.500000
vt 0.296822 0.485388
vt 0.250000 0.490000
vt 0.203178 0.485388
vt 0.158156 0.471731
vt 0.116663 0.449553
vt 0.080294 0.419706
vt 0.050447 0.383337
vt 0.028269 0.341844
vt 0.014612 0.296822
vt 0.010000 0.250000
vt 0.014612 0.203178
vt 0.028269 0.158156
vt 0.050447 0.116663
vt 0.080294 0.080294
vt 0.116663 0.050447
vt 0.158156 0.028269
vt 0.203178 0.014612
vt 0.250000 0.010000
vt 0.296822 0.014612
vt 0.341844 0.028269
vt 0.383337 0.050447
vt 0.419706 0.080294
vt 0.449553 0.116663
vt 0.471731 0.158156
vt 0.485388 0.203178
vt 0.490000 0.250000
vt 0.485388 0.296822
vt 0.471731 0.341844
vt 0.449553 0.383337
vt 0.419706 0.419706
vt 0.383337 0.449553
vt 0.341844 0.471731
vt 0.031250 1.000000
vt 0.031250 0.500000
vt 0.000000 1.000000
vt 0.000000 0.500000
vt 0.750000 0.490000
vt 0.796822 0.485388
vt 0.841844 0.471731
vt 0.883337 0.449553
vt 0.919706 0.419706
vt 0.949553 0.383337
vt 0.971731 0.341844
vt 0.985388 0.296822
vt 0.990000 0.250000
vt 0.985388 0.203178
vt 0.971731 0.158156
vt 0.949553 0.116663
vt 0.919706 0.080294
vt 0.883337 0.050447
vt 0.841844 0.028269
vt 0.796822 0.014612
vt 0.750000 0.010000
vt 0.703178 0.014612
vt 0.658156 0.028269
vt 0.616663 0.050447
vt 0.580294 0.080294
vt 0.550447 0.116663
vt 0.528269 0.158156
vt 0.514612 0.203178
vt 0.510000 0.250000
vt 0.514612 0.296822
vt 0.528269 0.341844
vt 0.550447 0.383337
vt 0.580294 0.419706
vt 0.616663 0.449553
vt 0.658156 0.471731
vt 0.703178 0.485388
s 1
usemtl Hinge
f 1/1/1 2/2/1 4/3/1 3/4/1
f 3/4/2 4/3/2 6/5/2 5/6/2
f 5/6/3 6/5/3 8/7/3 7/8/3
f 7/8/4 8/7/4 10/9/4 9/10/4
f 9/10/5 10/9/5 12/11/5 11/12/5
f 11/12/6 12/11/6 14/13/6 13/14/6
f 13/14/7 14/13/7 16/15/7 15/16/7
f 15/16/8 16/15/8 18/17/8 17/18/8
f 17/18/9 18/17/9 20/19/9 19/20/9
f 19/20/10 20/19/10 22/21/10 21/22/10
f 21/22/11 22/21/11 24/23/11 23/24/11
f 23/24/12 24/23/12 26/25/12 25/26/12
f 25/26/13 26/25/13 28/27/13 27/28/13
f 27/28/14 28/27/14 30/29/14 29/30/14
f 29/30/15 30/29/15 32/31/15 31/32/15
f 31/32/16 32/31/16 34/33/16 33/34/16
f 33/34/17 34/33/17 36/35/17 35/36/17
f 35/36/18 36/35/18 38/37/18 37/38/18
f 37/38/19 38/37/19 40/39/19 39/40/19
f 39/40/20 40/39/20 42/41/20 41/42/20
f 41/42/21 42/41/21 44/43/21 43/44/21
f 43/44/22 44/43/22 46/45/22 45/46/22
f 45/46/23 46/45/23 48/47/23 47/48/23
f 47/48/24 48/47/24 50/49/24 49/50/24
f 49/50/25 50/49/25 52/51/25 51/52/25
f 51/52/26 52/51/26 54/53/26 53/54/26
f 53/54/27 54/53/27 56/55/27 55/56/27
f 55/56/28 56/55/28 58/57/28 57/58/28
f 57/58/29 58/57/29 60/59/29 59/60/29
f 59/60/30 60/59/30 62/61/30 61/62/30
f 4/63/31 2/64/31 64/65/31 62/66/31 60/67/31 58/68/31 56/69/31 54/70/31 52/71/31 50/72/31 48/73/31 46/74/31 44/75/31 42/76/31 40/77/31 38/78/31 36/79/31 34/80/31 32/81/31 30/82/31 28/83/31 26/84/31 24/85/31 22/86/31 20/87/31 18/88/31 16/89/31 14/90/31 12/91/31 10/92/31 8/93/31 6/94/31
f 61/62/32 62/61/32 64/95/32 63/96/32
f 63/96/33 64/95/33 2/97/33 1/98/33
f 1/99/34 3/100/34 5/101/34 7/102/34 9/103/34 11/104/34 13/105/34 15/106/34 17/107/34 19/108/34 21/109/34 23/110/34 25/111/34 27/112/34 29/113/34 31/114/34 33/115/34 35/116/34 37/117/34 39/118/34 41/119/34 43/120/34 45/121/34 47/122/34 49/123/34 51/124/34 53/125/34 55/126/34 57/127/34 59/128/34 61/129/34 63/130/34
o Wood
v 0.000000 -0.000000 -0.100000
v 0.000000 8.000000 -0.100001
v 0.019509 -0.000000 -0.098079
v 0.019509 8.000000 -0.098080
v 0.038268 -0.000000 -0.092388
v 0.038268 8.000000 -0.092389
v 0.055557 -0.000000 -0.083147
v 0.055557 8.000000 -0.083148
v 0.070711 -0.000000 -0.070711
v 0.070711 8.000000 -0.070712
v 0.083147 -0.000000 -0.055557
v 0.083147 8.000000 -0.055558
v 0.092388 -0.000000 -0.038268
v 0.092388 8.000000 -0.038270
v 0.098079 -0.000000 -0.019509
v 0.098079 8.000000 -0.019510
v 0.100000 0.000000 0.000000
v 0.100000 8.000000 -0.000001
v 0.098079 0.000000 0.019509
v 0.098079 8.000000 0.019508
v 0.092388 0.000000 0.038268
v 0.092388 8.000000 0.038267
v 0.083147 0.000000 0.055557
v 0.083147 8.000000 0.055556
v 0.070711 0.000000 0.070711
v 0.070711 8.000000 0.070709
v 0.055557 0.000000 0.083147
v 0.055557 8.000000 0.083146
v 0.038268 0.000000 0.092388
v 0.038268 8.000000 0.092387
v 0.019509 0.000000 0.098079
v 0.019509 8.000000 0.098077
v -0.000000 0.000000 0.100000
v -0.000000 8.000000 0.099999
v -0.019509 0.000000 0.098079
v -0.019509 8.000000 0.098077
v -0.038268 0.000000 0.092388
v -0.038268 8.000000 0.092387
v -0.055557 0.000000 0.083147
v -0.055557 8.000000 0.083146
v -0.070711 0.000000 0.070711
v -0.070711 8.000000 0.070709
v -0.083147 0.000000 0.055557
v -0.083575 8.000288 0.055842
v -0.092388 0.000000 0.038268
v -0.092775 8.000235 0.038428
v -0.098079 0.000000 0.019509
v -0.098079 8.000000 0.019508
v -0.100000 -0.000000 -0.000000
v -0.100000 8.000000 -0.000001
v -0.098079 -0.000000 -0.019509
v -0.098079 8.000000 -0.019510
v -0.092388 -0.000000 -0.038268
v -0.092388 8.000000 -0.038270
v -0.083147 -0.000000 -0.055557
v -0.083147 8.000000 -0.055558
v -0.070711 -0.000000 -0.070711
v -0.070711 8.000000 -0.070712
v -0.055557 -0.000000 -0.083147
v -0.055557 8.000000 -0.083148
v -0.038268 -0.000000 -0.092388
v -0.038268 8.000000 -0.092389
v -0.019509 -0.000000 -0.098079
v -0.019509 8.000000 -0.098080
v 0.000000 8.010756 -0.096802
v 0.018885 8.010756 -0.094942
v 0.037044 8.010756 -0.089434
v 0.053780 8.010756 -0.080488
v 0.068449 8.010756 -0.068450
v 0.080487 8.010756 -0.053781
v 0.089432 8.010756 -0.037045
v 0.094941 8.010756 -0.018886
v 0.096801 8.010756 -0.000001
v 0.094941 8.010756 0.018884
v 0.089432 8.010756 0.037043
v 0.080487 8.010756 0.053778
v 0.068449 8.010756 0.068447
v 0.053780 8.010756 0.080486
v 0.037044 8.010756 0.089431
v 0.018885 8.010756 0.094940
v -0.000000 8.010756 0.096800
v -0.018885 8.010756 0.094940
v -0.037044 8.010756 0.089431
v -0.053780 8.010756 0.080486
v -0.068466 8.010768 0.068459
v -0.082904 8.012383 0.055390
v -0.092112 8.012380 0.038151
v -0.096591 8.011699 0.019214
v -0.096816 8.010774 -0.000001
v -0.094941 8.010756 -0.018886
v -0.089432 8.010756 -0.037045
v -0.080487 8.010756 -0.053781
v -0.068449 8.010756 -0.068450
v -0.053780 8.010756 -0.080488
v -0.037044 8.010756 -0.089434
v -0.018885 8.010756 -0.094942
v 0.000000 8.020201 -0.088086
v 0.016654 8.019722 -0.083726
v 0.033708 8.020201 -0.081381
v 0.048937 8.020201 -0.073241
v 0.062285 8.020201 -0.062286
v 0.073240 8.020201 -0.048938
v 0.081379 8.020201 -0.033710
v 0.086392 8.020201 -0.017186
v 0.088084 8.020201 -0.000001
v 0.086392 8.020201 0.017183
v 0.081379 8.020201 0.033707
v 0.073240 8.020201 0.048936
v 0.062285 8.020201 0.062284
v 0.048937 8.020201 0.073238
v 0.033708 8.020201 0.081378
v 0.017184 8.020201 0.086391
v 0.000000 8.020201 0.088083
v -0.016846 8.020004 0.084689
v -0.033708 8.020201 0.081378
v -0.048937 8.020201 0.073238
v -0.062289 8.020220 0.062289
v -0.073256 8.020211 0.048947
v -0.081425 8.020229 0.033726
v -0.087189 8.020679 0.017335
v -0.090049 8.022680 0.000066
v -0.086392 8.020201 -0.017186
v -0.081379 8.020201 -0.033710
v -0.073240 8.020201 -0.048938
v -0.061695 8.020733 -0.061532
v -0.048911 8.020197 -0.073231
v -0.033708 8.020201 -0.081381
v -0.017242 8.020706 -0.086775
v 0.000006 8.028184 -0.070597
v 0.020455 8.025579 -0.061048
v 0.032832 8.025848 -0.062250
v 0.042640 8.028594 -0.061184
v 0.053704 8.029283 -0.053716
v 0.063012 8.028858 -0.042104
v 0.070015 8.028858 -0.029002
v 0.074327 8.028858 -0.014786
v 0.075783 8.028858 -0.000001
v 0.074327 8.028858 0.014783
v 0.070015 8.028858 0.029000
v 0.059169 8.027285 0.039160
v 0.050391 8.027287 0.049955
v 0.039674 8.027292 0.058842
v 0.027421 8.027319 0.065517
v 0.014034 8.027370 0.069663
v 0.000210 8.026917 0.068365
v -0.013219 8.026896 0.067158
v -0.026285 8.027359 0.063690
v -0.039176 8.032799 0.058526
v -0.051542 8.030264 0.050207
v -0.056866 8.026971 0.036125
v -0.066268 8.027611 0.027574
v -0.073110 8.029245 0.014545
v -0.076929 8.031490 0.000142
v -0.074766 8.029915 -0.014873
v -0.070015 8.028858 -0.029002
v -0.058882 8.027375 -0.039221
v -0.047186 8.023104 -0.050929
v -0.039267 8.028131 -0.060219
v -0.029063 8.029393 -0.070229
v -0.013958 8.027758 -0.069830
v 0.000335 8.031027 -0.048495
v 0.010342 8.030671 -0.051360
v 0.021501 8.030416 -0.042825
v 0.029997 8.030156 -0.035969
v 0.037688 8.030699 -0.027704
v 0.041864 8.031680 -0.025132
v 0.046425 8.034458 -0.021263
v 0.050961 8.035085 -0.010132
v 0.050042 8.034998 -0.000069
v 0.049269 8.035188 0.009839
v 0.048161 8.035433 0.019983
v 0.043221 8.034222 0.028908
v 0.036603 8.032867 0.036602
v 0.028767 8.032988 0.043064
v 0.019909 8.034510 0.048131
v 0.001944 8.028870 0.050260
v -0.003320 8.031232 0.049150
v -0.009964 8.030404 0.045179
v -0.017848 8.030596 0.041827
v -0.025735 8.031845 0.037699
v -0.032925 8.031260 0.031898
v -0.038088 8.030209 0.024064
v -0.043502 8.030274 0.016905
v -0.047835 8.030949 0.008204
v -0.050694 8.031380 -0.001938
v -0.050701 8.030317 -0.012887
v -0.051276 8.028116 -0.027525
v -0.045076 8.029664 -0.034254
v -0.034221 8.029328 -0.035806
v -0.026659 8.030895 -0.040573
v -0.018706 8.031684 -0.045289
v -0.009321 8.031164 -0.046987
v -0.000035 8.032198 -0.023801
v 0.004981 8.031940 -0.023913
v 0.010109 8.031805 -0.020949
v 0.014424 8.031868 -0.017517
v 0.018069 8.032446 -0.013593
v 0.020573 8.032867 -0.011000
v 0.022725 8.033563 -0.007632
v 0.024200 8.033719 -0.002303
v 0.024108 8.033875 0.002372
v 0.023461 8.034077 0.006941
v 0.022046 8.034181 0.011768
v 0.020098 8.033948 0.015461
v 0.017404 8.033507 0.018932
v 0.013608 8.033395 0.021869
v 0.008806 8.033338 0.023730
v 0.002198 8.032027 0.024587
v -0.001710 8.032148 0.024125
v -0.005483 8.032024 0.022502
v -0.009375 8.032102 0.020707
v -0.012977 8.032398 0.018529
v -0.016313 8.032276 0.015602
v -0.019105 8.032012 0.012053
v -0.021676 8.032026 0.008315
v -0.023715 8.032248 0.003986
v -0.024987 8.032327 -0.001002
v -0.025184 8.031933 -0.006479
v -0.024673 8.031411 -0.012421
v -0.021889 8.031626 -0.016077
v -0.017488 8.031716 -0.017962
v -0.013550 8.032282 -0.020234
v -0.009790 8.033199 -0.022562
v -0.004929 8.032540 -0.023236
v -0.000323 8.032829 0.000289
vn -0.0000 -0.6857 -0.7279
vn -0.0000 0.1428 -0.9898
vn 0.1931 0.1428 -0.9707
vn 0.1420 -0.6857 -0.7139
vn 0.3788 0.1428 -0.9144
vn 0.2785 -0.6857 -0.6725
vn 0.5499 0.1428 -0.8229
vn 0.4044 -0.6857 -0.6052
vn 0.6999 0.1428 -0.6999
vn 0.5147 -0.6857 -0.5147
vn 0.8230 0.1428 -0.5499
vn 0.6052 -0.6857 -0.4044
vn 0.9144 0.1428 -0.3788
vn 0.6725 -0.6857 -0.2785
vn 0.9707 0.1428 -0.1931
vn 0.7139 -0.6857 -0.1420
vn 0.9898 0.1428 -0.0000
vn 0.7279 -0.6857 -0.0000
vn 0.9707 0.1428 0.1931
vn 0.7139 -0.6857 0.1420
vn 0.9144 0.1428 0.3788
vn 0.6725 -0.6857 0.2785
vn 0.8230 0.1428 0.5499
vn 0.6052 -0.6857 0.4044
vn 0.6999 0.1428 0.6999
vn 0.5147 -0.6857 0.5147
vn 0.5499 0.1428 0.8229
vn 0.4044 -0.6857 0.6052
vn 0.3788 0.1428 0.9144
vn 0.2785 -0.6857 0.6725
vn 0.1931 0.1428 0.9707
vn 0.1420 -0.6857 0.7139
vn -0.0000 0.1428 0.9898
vn -0.0000 -0.6857 0.7279
vn -0.1931 0.1428 0.9707
vn -0.1420 -0.6857 0.7139
vn -0.3788 0.1428 0.9144
vn -0.2785 -0.6857 0.6725
vn -0.5498 0.1425 0.8230
vn -0.4044 -0.6857 0.6052
vn -0.6839 0.1134 0.7207
vn -0.5115 -0.6855 0.5182
vn -0.8157 0.0594 0.5754
vn -0.6028 -0.6860 0.4074
vn -0.9287 0.0392 0.3687
vn -0.6741 -0.6859 0.2741
vn -0.9826 0.0744 0.1702
vn -0.7148 -0.6855 0.1382
vn -0.9925 0.1221 -0.0113
vn -0.7279 -0.6857 -0.0000
vn -0.9707 0.1426 -0.1932
vn -0.7139 -0.6857 -0.1420
vn -0.9144 0.1428 -0.3788
vn -0.6725 -0.6857 -0.2785
vn -0.8230 0.1428 -0.5499
vn -0.6052 -0.6857 -0.4044
vn -0.6999 0.1428 -0.6999
vn -0.5147 -0.6857 -0.5147
vn -0.5499 0.1428 -0.8229
vn -0.4044 -0.6857 -0.6052
vn -0.3788 0.1428 -0.9144
vn -0.2785 -0.6857 -0.6725
vn -0.6148 0.4937 -0.6151
vn -0.4855 0.4916 -0.7229
vn -0.1931 0.1428 -0.9707
vn -0.1420 -0.6857 -0.7139
vn -0.3236 0.4999 0.8033
vn -0.1679 0.5093 0.8441
vn -0.0999 0.8435 0.5278
vn -0.1700 0.8064 0.5663
vn 0.8062 0.4885 -0.3339
vn 0.8558 0.4885 -0.1702
vn 0.1702 0.4885 0.8558
vn -0.0084 0.4999 0.8660
vn -0.9036 0.4272 -0.0312
vn -0.8659 0.4622 -0.1916
vn 0.3172 0.5069 -0.8015
vn 0.4848 0.4885 -0.7255
vn 0.7255 0.4885 0.4848
vn 0.6170 0.4885 0.6170
vn -0.5833 0.4855 0.6511
vn -0.6990 0.4876 0.5231
vn -0.3387 0.4833 -0.8073
vn 0.8726 0.4885 -0.0000
vn -0.8062 0.4885 -0.3339
vn 0.6170 0.4885 -0.6170
vn 0.4848 0.4885 0.7255
vn -0.8188 0.4760 0.3210
vn -0.1713 0.4788 -0.8611
vn 0.8558 0.4885 0.1702
vn -0.7232 0.4912 -0.4856
vn 0.7255 0.4885 -0.4848
vn 0.3339 0.4885 0.8061
vn -0.8853 0.4409 0.1476
vn 0.0175 0.5016 -0.8649
vn 0.1664 0.5220 -0.8366
vn 0.8062 0.4885 0.3339
vn -0.4845 0.4883 0.7258
vn -0.4214 0.8602 0.2871
vn -0.4383 0.7982 0.4134
vn -0.3064 0.9435 0.1267
vn -0.2317 0.9686 0.0899
vn 0.4637 0.7496 -0.4723
vn 0.5549 0.7465 -0.3672
vn -0.0953 0.7874 -0.6090
vn 0.0599 0.8211 -0.5676
vn -0.3264 0.7730 0.5439
vn 0.6122 0.7490 -0.2536
vn 0.6499 0.7490 -0.1293
vn 0.6626 0.7490 -0.0000
vn -0.4551 0.8608 0.2279
vn 0.6499 0.7490 0.1293
vn -0.5933 0.7852 0.1772
vn 0.5804 0.7691 0.2677
vn -0.6886 0.7250 -0.0158
vn 0.4855 0.7989 0.3551
vn -0.6717 0.7138 -0.1982
vn 0.4109 0.8140 0.4106
vn -0.5841 0.7628 -0.2774
vn 0.3234 0.8137 0.4830
vn -0.4496 0.8142 -0.3674
vn 0.2236 0.8131 0.5374
vn 0.1278 0.8602 -0.4937
vn -0.3771 0.8494 -0.3691
vn 0.1029 0.8182 0.5656
vn 0.1401 0.8425 -0.5202
vn -0.3786 0.8074 -0.4525
vn -0.0258 0.8291 0.5584
vn 0.3049 0.7872 -0.5360
vn -0.2476 0.7746 -0.5820
vn -0.3188 0.9478 0.0107
vn -0.2641 0.9470 0.1829
vn -0.0354 0.9949 0.0940
vn -0.0231 0.9997 -0.0087
vn 0.4144 0.9061 -0.0849
vn 0.4246 0.9054 0.0029
vn -0.2150 0.9585 0.1874
vn 0.4204 0.9043 0.0747
vn 0.3578 0.9093 0.2125
vn 0.2599 0.9256 0.2751
vn -0.3153 0.9343 -0.1667
vn 0.2361 0.9389 0.2504
vn -0.2733 0.9411 -0.1989
vn 0.2064 0.9382 0.2780
vn -0.1331 0.9646 -0.2278
vn 0.1033 0.9429 0.3166
vn 0.0763 0.9568 -0.2804
vn 0.0869 0.9608 -0.2632
vn -0.2192 0.9607 -0.1704
vn 0.0079 0.9520 0.3061
vn 0.0028 0.9620 -0.2730
vn -0.2849 0.9497 -0.1300
vn -0.0114 0.9688 0.2477
vn 0.0912 0.9497 -0.2997
vn -0.1318 0.9392 -0.3170
vn -0.0568 0.9633 0.2625
vn 0.2253 0.9376 -0.2649
vn -0.0003 0.9565 -0.2917
vn 0.0183 0.9521 0.3052
vn 0.2906 0.9264 -0.2395
vn -0.0898 0.9615 0.2599
vn 0.3590 0.9134 -0.1922
vn -0.0559 0.9849 -0.1636
vn -0.0455 0.9975 -0.0538
vn -0.0664 0.9969 -0.0428
vn -0.0591 0.9979 -0.0265
vn 0.1026 0.9894 0.1032
vn 0.0745 0.9797 0.1863
vn -0.0172 0.9939 -0.1094
vn 0.0913 0.9843 0.1513
vn 0.1266 0.9853 0.1145
vn -0.0121 0.9876 0.1566
vn 0.0372 0.9939 -0.1036
vn 0.0908 0.9834 -0.1574
vn -0.1475 0.9855 -0.0843
vn 0.0039 0.9903 0.1390
vn 0.0269 0.9916 -0.1263
vn -0.2042 0.9789 0.0067
vn 0.0320 0.9922 0.1208
vn -0.0028 0.9960 -0.0895
vn -0.0333 0.9971 -0.0680
vn -0.0575 0.9928 0.1053
vn -0.0112 0.9936 -0.1123
vn 0.0366 0.9939 -0.1039
vn 0.0763 0.9896 0.1221
vn -0.0354 0.9815 -0.1883
vn 0.0400 0.9982 0.0445
vn 0.0279 0.9871 -0.1578
vn -0.1193 0.9910 -0.0602
vn 0.1116 0.9931 -0.0367
vn -0.1105 0.9939 0.0063
vn 0.0977 0.9952 -0.0060
vn -0.0562 0.9935 0.0988
vn 0.1041 0.9946 -0.0004
vn 0.0067 0.9975 -0.0697
vn 0.0409 0.9985 -0.0368
vn -0.0311 0.9995 -0.0113
vn 0.0136 0.9997 -0.0180
vn -0.1044 0.9943 0.0211
vn 0.0429 0.9984 -0.0377
vn 0.0435 0.9985 -0.0344
vn -0.0839 0.9964 -0.0115
vn -0.0467 0.9965 0.0697
vn -0.1502 0.9877 0.0436
vn 0.0243 0.9986 0.0460
vn -0.0336 0.9994 -0.0093
vn -0.0379 0.9983 0.0435
vn -0.0401 0.9919 -0.1206
vn 0.0726 0.9961 -0.0498
vn 0.0327 0.9973 0.0650
vn -0.0948 0.9776 -0.1879
vn 0.0076 0.9993 0.0357
vn -0.0885 0.9888 -0.1202
vn -0.0679 0.9975 -0.0186
vn -0.0462 0.9987 -0.0211
vn -0.0654 0.9979 0.0022
vn -0.0424 0.9986 -0.0309
vn -0.0375 0.9977 0.0564
vn -0.0408 0.9985 -0.0358
vn -0.0309 0.9980 0.0543
vn -0.0557 0.9984 0.0128
vn -0.0301 0.9993 -0.0221
vn -0.0745 0.9950 0.0668
vn -0.0265 0.9952 -0.0943
vn -0.0432 0.9982 0.0425
vt 0.015682 0.999787
vt 0.015682 0.002895
vt 0.017736 0.002690
vt 0.017736 0.999583
vt 0.019483 0.002430
vt 0.019483 0.999323
vt 0.054954 0.000417
vt 0.054954 0.997310
vt 0.052900 0.997105
vt 0.052900 0.000213
vt 0.050618 0.996965
vt 0.050618 0.000072
vt 0.048195 0.996893
vt 0.048195 0.000000
vt 0.045724 0.996893
vt 0.045725 0.000000
vt 0.043302 0.996965
vt 0.043302 0.000072
vt 0.041019 0.997105
vt 0.041019 0.000213
vt 0.038965 0.997310
vt 0.038965 0.000417
vt 0.037218 0.997570
vt 0.037218 0.000677
vt 0.054954 0.999583
vt 0.054954 0.002690
vt 0.057008 0.002895
vt 0.057008 0.999787
vt 0.059291 0.003035
vt 0.059291 0.999928
vt 0.061713 0.003107
vt 0.061713 1.000000
vt 0.064184 0.003107
vt 0.064184 1.000000
vt 0.066607 0.003035
vt 0.066607 0.999928
vt 0.068889 0.002895
vt 0.068889 0.999787
vt 0.070943 0.002690
vt 0.070943 0.999583
vt 0.037218 0.000677
vt 0.037218 0.997570
vt 0.035471 0.997310
vt 0.035472 0.000417
vt 0.033417 0.997105
vt 0.033418 0.000213
vt 0.031135 0.996964
vt 0.031135 0.000072
vt 0.028712 0.996893
vt 0.028712 0.000000
vt 0.026242 0.996893
vt 0.026242 0.000000
vt 0.023819 0.996964
vt 0.023819 0.000072
vt 0.021537 0.997105
vt 0.021537 0.000213
vt 0.019483 0.997310
vt 0.019483 0.000417
vt 0.000000 0.999323
vt 0.000000 0.002430
vt 0.001747 0.002690
vt 0.001747 0.999583
vt 0.003801 0.002895
vt 0.003801 0.999787
vt 0.006083 0.003035
vt 0.006083 0.999928
vt 0.008506 0.003107
vt 0.008506 1.000000
vt 0.010976 0.003107
vt 0.010976 1.000000
vt 0.006200 0.001637
vt 0.008546 0.001707
vt 0.013399 0.003035
vt 0.013399 0.999928
vt 0.089425 0.001427
vt 0.091479 0.002800
vt 0.093225 0.004547
vt 0.094598 0.006601
vt 0.095543 0.008883
vt 0.096025 0.011306
vt 0.096025 0.013776
vt 0.095543 0.016199
vt 0.094598 0.018481
vt 0.093225 0.020536
vt 0.091479 0.022282
vt 0.089425 0.023655
vt 0.087142 0.024600
vt 0.084719 0.025082
vt 0.082249 0.025082
vt 0.079826 0.024600
vt 0.077544 0.023655
vt 0.075490 0.022282
vt 0.073743 0.020536
vt 0.072370 0.018481
vt 0.071425 0.016199
vt 0.070943 0.013776
vt 0.070943 0.011306
vt 0.071425 0.008883
vt 0.072370 0.006601
vt 0.073743 0.004547
vt 0.075490 0.002800
vt 0.077544 0.001427
vt 0.079826 0.000482
vt 0.082249 0.000000
vt 0.084719 0.000000
vt 0.087142 0.000482
vt 0.091441 0.043866
vt 0.089750 0.045557
vt 0.088889 0.044540
vt 0.090566 0.043171
vt 0.045764 0.998293
vt 0.043419 0.998362
vt 0.066490 0.001637
vt 0.068699 0.001501
vt 0.021727 0.998499
vt 0.019738 0.998697
vt 0.054698 0.998697
vt 0.052710 0.998499
vt 0.057198 0.001501
vt 0.059408 0.001637
vt 0.031018 0.998362
vt 0.028673 0.998293
vt 0.010937 0.001707
vt 0.041209 0.998499
vt 0.070687 0.001303
vt 0.000312 0.001051
vt 0.002003 0.001303
vt 0.050501 0.998362
vt 0.061753 0.001707
vt 0.026281 0.998293
vt 0.013282 0.001637
vt 0.039221 0.998697
vt 0.036907 0.998948
vt 0.035216 0.998697
vt 0.003991 0.001501
vt 0.048155 0.998293
vt 0.064144 0.001707
vt 0.023936 0.998362
vt 0.015492 0.001501
vt 0.017480 0.001303
vt 0.037530 0.998948
vt 0.033227 0.998499
vt 0.019171 0.001051
vt 0.055210 0.001303
vt 0.093031 0.037217
vt 0.092607 0.039351
vt 0.090573 0.038718
vt 0.091465 0.037066
vt 0.050182 0.999696
vt 0.048048 0.999633
vt 0.012963 0.000304
vt 0.014974 0.000180
vt 0.034519 1.000000
vt 0.032710 0.999820
vt 0.045872 0.999633
vt 0.030699 0.999696
vt 0.043737 0.999696
vt 0.028565 0.999633
vt 0.041727 0.999820
vt 0.026389 0.999633
vt 0.039918 1.000000
vt 0.024255 0.999696
vt 0.074277 0.045557
vt 0.072586 0.043866
vt 0.073409 0.043171
vt 0.074947 0.044709
vt 0.022244 0.999820
vt 0.055907 0.000000
vt 0.057716 0.000180
vt 0.020435 1.000000
vt 0.059726 0.000304
vt 0.089750 0.026698
vt 0.091441 0.028389
vt 0.090565 0.029087
vt 0.089027 0.027548
vt 0.061861 0.000367
vt 0.002699 0.000000
vt 0.004509 0.000180
vt 0.064037 0.000367
vt 0.074276 0.026698
vt 0.076264 0.025369
vt 0.076756 0.026339
vt 0.075165 0.027813
vt 0.006519 0.000304
vt 0.066171 0.000304
vt 0.072586 0.028389
vt 0.073409 0.029087
vt 0.008653 0.000367
vt 0.068181 0.000180
vt 0.054001 1.000000
vt 0.052192 0.999820
vt 0.010829 0.000367
vt 0.087763 0.046886
vt 0.087219 0.045918
vt 0.090383 0.031628
vt 0.090908 0.033416
vt 0.087877 0.034336
vt 0.087524 0.033152
vt 0.072200 0.041361
vt 0.071368 0.039351
vt 0.072827 0.038902
vt 0.073543 0.040632
vt 0.093031 0.035041
vt 0.090961 0.035254
vt 0.074583 0.042188
vt 0.092607 0.032907
vt 0.075906 0.043512
vt 0.091774 0.030896
vt 0.076756 0.045918
vt 0.077719 0.043997
vt 0.089384 0.030036
vt 0.078766 0.046751
vt 0.079336 0.044675
vt 0.088020 0.028748
vt 0.080900 0.047176
vt 0.081054 0.045026
vt 0.087218 0.026339
vt 0.086205 0.028247
vt 0.083075 0.047176
vt 0.082812 0.045040
vt 0.077800 0.028326
vt 0.076221 0.029128
vt 0.085208 0.025507
vt 0.084539 0.027567
vt 0.085209 0.046751
vt 0.084553 0.044731
vt 0.074583 0.030071
vt 0.083075 0.025082
vt 0.082899 0.026626
vt 0.086261 0.044167
vt 0.072200 0.030896
vt 0.073543 0.031628
vt 0.080899 0.025082
vt 0.081027 0.026626
vt 0.088020 0.043512
vt 0.071367 0.032907
vt 0.072827 0.033358
vt 0.078765 0.025507
vt 0.079345 0.027458
vt 0.088863 0.041835
vt 0.070943 0.035041
vt 0.072461 0.035194
vt 0.091774 0.041361
vt 0.089848 0.040368
vt 0.070943 0.037217
vt 0.072461 0.037066
vt 0.085026 0.030379
vt 0.086088 0.031089
vt 0.083983 0.033684
vt 0.083470 0.033348
vt 0.077816 0.041172
vt 0.078879 0.041882
vt 0.086980 0.032003
vt 0.080060 0.042371
vt 0.081313 0.042621
vt 0.082591 0.042621
vt 0.078879 0.030379
vt 0.077916 0.031211
vt 0.083738 0.030225
vt 0.083845 0.042371
vt 0.076992 0.032063
vt 0.082591 0.029643
vt 0.085026 0.041882
vt 0.076419 0.033160
vt 0.081313 0.029640
vt 0.086089 0.041172
vt 0.075990 0.034317
vt 0.080059 0.029890
vt 0.086992 0.040268
vt 0.075747 0.035527
vt 0.087702 0.039205
vt 0.075577 0.036763
vt 0.088191 0.038024
vt 0.075725 0.038019
vt 0.088217 0.036771
vt 0.076425 0.039074
vt 0.088097 0.035546
vt 0.077098 0.040123
vt 0.079181 0.034644
vt 0.079536 0.034142
vt 0.081988 0.036118
vt 0.081648 0.039247
vt 0.082254 0.039282
vt 0.080474 0.033331
vt 0.079979 0.033710
vt 0.082871 0.033178
vt 0.082863 0.039174
vt 0.082279 0.032984
vt 0.083442 0.038943
vt 0.081658 0.032965
vt 0.083962 0.038598
vt 0.079018 0.035235
vt 0.081046 0.033085
vt 0.084403 0.038156
vt 0.078968 0.035834
vt 0.084771 0.037644
vt 0.079013 0.036420
vt 0.085011 0.037070
vt 0.079126 0.036986
vt 0.085067 0.036461
vt 0.079347 0.037519
vt 0.085026 0.035850
vt 0.079667 0.037999
vt 0.084925 0.035243
vt 0.080076 0.038407
vt 0.084540 0.034743
vt 0.080555 0.038730
vt 0.084375 0.034147
vt 0.081080 0.039013
s 1
usemtl Pole
f 65/131/35 66/132/36 68/133/37 67/134/38
f 67/134/38 68/133/37 70/135/39 69/136/40
f 69/137/40 70/138/39 72/139/41 71/140/42
f 71/140/42 72/139/41 74/141/43 73/142/44
f 73/142/44 74/141/43 76/143/45 75/144/46
f 75/144/46 76/143/45 78/145/47 77/146/48
f 77/146/48 78/145/47 80/147/49 79/148/50
f 79/148/50 80/147/49 82/149/51 81/150/52
f 81/150/52 82/149/51 84/151/53 83/152/54
f 83/152/54 84/151/53 86/153/55 85/154/56
f 85/155/56 86/156/55 88/157/57 87/158/58
f 87/158/58 88/157/57 90/159/59 89/160/60
f 89/160/60 90/159/59 92/161/61 91/162/62
f 91/162/62 92/161/61 94/163/63 93/164/64
f 93/164/64 94/163/63 96/165/65 95/166/66
f 95/166/66 96/165/65 98/167/67 97/168/68
f 97/168/68 98/167/67 100/169/69 99/170/70
f 99/171/70 100/172/69 102/173/71 101/174/72
f 101/174/72 102/173/71 104/175/73 103/176/74
f 103/176/74 104/175/73 106/177/75 105/178/76
f 105/178/76 106/177/75 108/179/77 107/180/78
f 107/180/78 108/179/77 110/181/79 109/182/80
f 109/182/80 110/181/79 112/183/81 111/184/82
f 111/184/82 112/183/81 114/185/83 113/186/84
f 113/186/84 114/185/83 116/187/85 115/188/86
f 115/189/86 116/190/85 118/191/87 117/192/88
f 117/192/88 118/191/87 120/193/89 119/194/90
f 119/194/90 120/193/89 122/195/91 121/196/92
f 121/196/92 122/195/91 124/197/93 123/198/94
f 123/198/94 124/197/93 126/199/95 125/200/96
f 124/197/93 122/195/91 157/201/97 158/202/98
f 125/200/96 126/199/95 128/203/99 127/204/100
f 127/204/100 128/203/99 66/132/36 65/131/35
f 65/205/35 67/206/38 69/207/40 71/208/42 73/209/44 75/210/46 77/211/48 79/212/50 81/213/52 83/214/54 85/215/56 87/216/58 89/217/60 91/218/62 93/219/64 95/220/66 97/221/68 99/222/70 101/223/72 103/224/74 105/225/76 107/226/78 109/227/80 111/228/82 113/229/84 115/230/86 117/231/88 119/232/90 121/233/92 123/234/94 125/235/96 127/236/100
f 147/237/101 146/238/102 178/239/103 179/240/104
f 80/147/49 78/145/47 135/241/105 136/242/106
f 98/167/67 96/165/65 144/243/107 145/244/108
f 116/187/85 114/185/83 153/245/109 154/246/110
f 72/139/41 70/138/39 131/247/111 132/248/112
f 90/159/59 88/157/57 140/249/113 141/250/114
f 108/179/77 106/177/75 149/251/115 150/252/116
f 126/199/95 124/197/93 158/202/98 159/253/117
f 82/149/51 80/147/49 136/242/106 137/254/118
f 100/169/69 98/167/67 145/244/108 146/255/102
f 118/191/87 116/190/85 154/256/110 155/257/119
f 74/141/43 72/139/41 132/248/112 133/258/120
f 92/161/61 90/159/59 141/250/114 142/259/121
f 110/181/79 108/179/77 150/252/116 151/260/122
f 128/203/99 126/199/95 159/253/117 160/261/123
f 84/151/53 82/149/51 137/254/118 138/262/124
f 102/173/71 100/172/69 146/263/102 147/264/101
f 120/193/89 118/191/87 155/257/119 156/265/125
f 76/143/45 74/141/43 133/258/120 134/266/126
f 94/163/63 92/161/61 142/259/121 143/267/127
f 112/183/81 110/181/79 151/260/122 152/268/128
f 68/133/37 66/132/36 129/269/129 130/270/130
f 66/132/36 128/203/99 160/261/123 129/269/129
f 86/153/55 84/151/53 138/262/124 139/271/131
f 104/175/73 102/173/71 147/264/101 148/272/132
f 122/195/91 120/193/89 156/265/125 157/201/97
f 78/145/47 76/143/45 134/266/126 135/241/105
f 96/165/65 94/163/63 143/267/127 144/243/107
f 114/185/83 112/183/81 152/268/128 153/245/109
f 70/135/39 68/133/37 130/270/130 131/273/111
f 88/157/57 86/156/55 139/274/131 140/249/113
f 106/177/75 104/175/73 148/272/132 149/251/115
f 182/275/133 181/276/134 213/277/135 214/278/136
f 134/266/126 133/258/120 165/279/137 166/280/138
f 129/269/129 160/261/123 192/281/139 161/282/140
f 148/272/132 147/264/101 179/283/104 180/284/141
f 135/241/105 134/266/126 166/280/138 167/285/142
f 149/251/115 148/272/132 180/284/141 181/286/134
f 136/242/106 135/241/105 167/285/142 168/287/143
f 150/252/116 149/251/115 181/286/134 182/288/133
f 137/254/118 136/242/106 168/287/143 169/289/144
f 151/260/122 150/252/116 182/288/133 183/290/145
f 138/262/124 137/254/118 169/289/144 170/291/146
f 152/268/128 151/260/122 183/290/145 184/292/147
f 139/293/131 138/294/124 170/295/146 171/296/148
f 153/245/109 152/268/128 184/292/147 185/297/149
f 140/249/113 139/274/131 171/298/148 172/299/150
f 154/246/110 153/245/109 185/297/149 186/300/151
f 141/250/114 140/249/113 172/299/150 173/301/152
f 155/302/119 154/303/110 186/304/151 187/305/153
f 142/259/121 141/250/114 173/301/152 174/306/154
f 156/265/125 155/257/119 187/307/153 188/308/155
f 143/267/127 142/259/121 174/306/154 175/309/156
f 130/310/130 129/311/129 161/312/140 162/313/157
f 157/201/97 156/265/125 188/308/155 189/314/158
f 144/243/107 143/267/127 175/309/156 176/315/159
f 131/316/111 130/310/130 162/313/157 163/317/160
f 158/202/98 157/201/97 189/314/158 190/318/161
f 145/244/108 144/243/107 176/315/159 177/319/162
f 132/248/112 131/247/111 163/320/160 164/321/163
f 159/253/117 158/202/98 190/318/161 191/322/164
f 146/238/102 145/323/108 177/324/162 178/239/103
f 133/258/120 132/248/112 164/321/163 165/279/137
f 160/261/123 159/253/117 191/322/164 192/281/139
f 217/325/165 216/326/166 248/327/167 249/328/168
f 169/329/144 168/330/143 200/331/169 201/332/170
f 183/333/145 182/275/133 214/278/136 215/334/171
f 170/295/146 169/329/144 201/332/170 202/335/172
f 184/336/147 183/333/145 215/334/171 216/326/166
f 171/296/148 170/295/146 202/335/172 203/337/173
f 185/338/149 184/336/147 216/326/166 217/325/165
f 172/339/150 171/296/148 203/337/173 204/340/174
f 186/304/151 185/338/149 217/325/165 218/341/175
f 173/342/152 172/339/150 204/340/174 205/343/176
f 187/305/153 186/304/151 218/341/175 219/344/177
f 174/345/154 173/342/152 205/343/176 206/346/178
f 188/347/155 187/305/153 219/344/177 220/348/179
f 175/349/156 174/345/154 206/346/178 207/350/180
f 162/313/157 161/312/140 193/351/181 194/352/182
f 189/353/158 188/347/155 220/348/179 221/354/183
f 176/355/159 175/349/156 207/350/180 208/356/184
f 163/317/160 162/313/157 194/352/182 195/357/185
f 190/358/161 189/353/158 221/354/183 222/359/186
f 177/324/162 176/355/159 208/356/184 209/360/187
f 164/361/163 163/317/160 195/357/185 196/362/188
f 191/363/164 190/358/161 222/359/186 223/364/189
f 178/239/103 177/324/162 209/360/187 210/365/190
f 165/366/137 164/361/163 196/362/188 197/367/191
f 192/368/139 191/363/164 223/364/189 224/369/192
f 179/240/104 178/239/103 210/365/190 211/370/193
f 166/371/138 165/366/137 197/367/191 198/372/194
f 161/312/140 192/368/139 224/369/192 193/351/181
f 180/373/141 179/240/104 211/370/193 212/374/195
f 167/375/142 166/371/138 198/372/194 199/376/196
f 181/276/134 180/373/141 212/374/195 213/277/135
f 168/330/143 167/375/142 199/376/196 200/331/169
f 252/377/197 251/378/198 283/379/199 284/380/200
f 204/340/174 203/337/173 235/381/201 236/382/202
f 218/341/175 217/325/165 249/328/168 250/383/203
f 205/343/176 204/340/174 236/382/202 237/384/204
f 219/344/177 218/341/175 250/383/203 251/378/198
f 206/346/178 205/343/176 237/384/204 238/385/205
f 220/348/179 219/344/177 251/378/198 252/377/197
f 207/350/180 206/346/178 238/385/205 239/386/206
f 194/352/182 193/351/181 225/387/207 226/388/208
f 221/354/183 220/348/179 252/377/197 253/389/209
f 208/356/184 207/350/180 239/386/206 240/390/210
f 195/357/185 194/352/182 226/388/208 227/391/211
f 222/359/186 221/354/183 253/389/209 254/392/212
f 209/360/187 208/356/184 240/390/210 241/393/213
f 196/362/188 195/357/185 227/391/211 228/394/214
f 223/364/189 222/359/186 254/392/212 255/395/215
f 210/365/190 209/360/187 241/393/213 242/396/216
f 197/367/191 196/362/188 228/394/214 229/397/217
f 224/369/192 223/364/189 255/395/215 256/398/218
f 211/370/193 210/365/190 242/396/216 243/399/219
f 198/372/194 197/367/191 229/397/217 230/400/220
f 193/351/181 224/369/192 256/398/218 225/387/207
f 212/374/195 211/370/193 243/399/219 244/401/221
f 199/376/196 198/372/194 230/400/220 231/402/222
f 213/277/135 212/374/195 244/401/221 245/403/223
f 200/331/169 199/376/196 231/402/222 232/404/224
f 214/278/136 213/277/135 245/403/223 246/405/225
f 201/332/170 200/331/169 232/404/224 233/406/226
f 215/334/171 214/278/136 246/405/225 247/407/227
f 202/335/172 201/332/170 233/406/226 234/408/228
f 216/326/166 215/334/171 247/407/227 248/327/167
f 203/337/173 202/335/172 234/408/228 235/381/201
f 260/409/229 259/410/230 289/411/231
f 239/386/206 238/385/205 270/412/232 271/413/233
f 226/388/208 225/387/207 257/414/234 258/415/235
f 253/389/209 252/377/197 284/380/200 285/416/236
f 240/390/210 239/386/206 271/413/233 272/417/237
f 227/391/211 226/388/208 258/415/235 259/410/230
f 254/392/212 253/389/209 285/416/236 286/418/238
f 241/393/213 240/390/210 272/417/237 273/419/239
f 228/394/214 227/391/211 259/410/230 260/409/229
f 255/395/215 254/392/212 286/418/238 287/420/240
f 242/396/216 241/393/213 273/419/239 274/421/241
f 229/397/217 228/394/214 260/409/229 261/422/242
f 256/398/218 255/395/215 287/420/240 288/423/243
f 243/399/219 242/396/216 274/421/241 275/424/244
f 230/400/220 229/397/217 261/422/242 262/425/245
f 225/387/207 256/398/218 288/423/243 257/414/234
f 244/401/221 243/399/219 275/424/244 276/426/246
f 231/402/222 230/400/220 262/425/245 263/427/247
f 245/403/223 244/401/221 276/426/246 277/428/248
f 232/404/224 231/402/222 263/427/247 264/429/249
f 246/405/225 245/403/223 277/428/248 278/430/250
f 233/406/226 232/404/224 264/429/249 265/431/251
f 247/407/227 246/405/225 278/430/250 279/432/252
f 234/408/228 233/406/226 265/431/251 266/433/253
f 248/327/167 247/407/227 279/432/252 280/434/254
f 235/381/201 234/408/228 266/433/253 267/435/255
f 249/328/168 248/327/167 280/434/254 281/436/256
f 236/382/202 235/381/201 267/435/255 268/437/257
f 250/383/203 249/328/168 281/436/256 282/438/258
f 237/384/204 236/382/202 268/437/257 269/439/259
f 251/378/198 250/383/203 282/438/258 283/379/199
f 238/385/205 237/384/204 269/439/259 270/412/232
f 287/420/240 286/418/238 289/411/231
f 274/421/241 273/419/239 289/411/231
f 261/422/242 260/409/229 289/411/231
f 288/423/243 287/420/240 289/411/231
f 275/424/244 274/421/241 289/411/231
f 262/425/245 261/422/242 289/411/231
f 257/414/234 288/423/243 289/411/231
f 276/426/246 275/424/244 289/411/231
f 263/427/247 262/425/245 289/411/231
f 277/428/248 276/426/246 289/411/231
f 264/429/249 263/427/247 289/411/231
f 278/430/250 277/428/248 289/411/231
f 265/431/251 264/429/249 289/411/231
f 279/432/252 278/430/250 289/411/231
f 266/433/253 265/431/251 289/411/231
f 280/434/254 279/432/252 289/411/231
f 267/435/255 266/433/253 289/411/231
f 281/436/256 280/434/254 289/411/231
f 268/437/257 267/435/255 289/411/231
f 282/438/258 281/436/256 289/411/231
f 269/439/259 268/437/257 289/411/231
f 283/379/199 282/438/258 289/411/231
f 270/412/232 269/439/259 289/411/231
f 284/380/200 283/379/199 289/411/231
f 271/413/233 270/412/232 289/411/231
f 258/415/235 257/414/234 289/411/231
f 285/416/236 284/380/200 289/411/231
f 272/417/237 271/413/233 289/411/231
f 259/410/230 258/415/235 289/411/231
f 286/418/238 285/416/236 289/411/231
f 273/419/239 272/417/237 289/411/231
o Siren.003
v 0.020270 6.334740 -0.140136
v 0.020270 6.240303 -0.140136
v 0.020270 6.240303 -0.101905
v 0.020270 6.334740 -0.101905
v 0.039761 6.240303 -0.095993
v 0.039761 6.334740 -0.095993
v 0.057724 6.240303 -0.086391
v 0.057724 6.334740 -0.086391
v 0.073469 6.240303 -0.073470
v 0.073469 6.334740 -0.073470
v 0.086390 6.240303 -0.057725
v 0.086390 6.334740 -0.057725
v 0.095992 6.240303 -0.039762
v 0.095992 6.334740 -0.039762
v 0.101904 6.240303 -0.020271
v 0.101904 6.334740 -0.020271
v 0.103901 6.240303 -0.000001
v 0.103901 6.334740 -0.000001
v 0.101904 6.240303 0.020269
v 0.101904 6.334740 0.020269
v 0.095992 6.240303 0.039760
v 0.095992 6.334740 0.039760
v 0.086390 6.240303 0.057723
v 0.086390 6.334740 0.057723
v 0.073469 6.240303 0.073468
v 0.073469 6.334740 0.073468
v 0.057724 6.240303 0.086389
v 0.057724 6.334740 0.086389
v 0.039761 6.240303 0.095991
v 0.039761 6.334740 0.095991
v 0.020270 6.240303 0.101903
v 0.020270 6.334740 0.101903
v -0.000000 6.240303 0.103900
v -0.000000 6.334740 0.103900
v -0.020270 6.240303 0.101903
v -0.020270 6.334740 0.101903
v -0.039761 6.240303 0.095991
v -0.039761 6.334740 0.095991
v -0.057724 6.240303 0.086389
v -0.057724 6.334740 0.086389
v -0.073469 6.240303 0.073468
v -0.073469 6.334740 0.073468
v -0.086390 6.240303 0.057723
v -0.086390 6.334740 0.057723
v -0.095992 6.240303 0.039760
v -0.095992 6.334740 0.039760
v -0.101904 6.240303 0.020269
v -0.101904 6.334740 0.020269
v -0.103901 6.240303 -0.000001
v -0.103901 6.334740 -0.000001
v -0.101904 6.240303 -0.020271
v -0.101904 6.334740 -0.020271
v -0.095992 6.240303 -0.039762
v -0.095992 6.334740 -0.039762
v -0.086390 6.240303 -0.057725
v -0.086390 6.334740 -0.057725
v -0.073469 6.240303 -0.073470
v -0.073469 6.334740 -0.073470
v -0.057724 6.240303 -0.086391
v -0.057724 6.334740 -0.086391
v -0.039761 6.240303 -0.095993
v -0.039761 6.334740 -0.095993
v -0.020270 6.240303 -0.101905
v -0.020270 6.334740 -0.101905
v -0.020270 6.240303 -0.140136
v -0.020270 6.334740 -0.140136
v 0.130000 6.334740 -0.175961
v 0.130000 6.240303 -0.175961
v 0.130000 6.240303 -0.137731
v 0.130000 6.334740 -0.137731
v -0.130000 6.240303 -0.137731
v -0.130000 6.334740 -0.137731
v -0.130000 6.240303 -0.175961
v -0.130000 6.334740 -0.175961
v 0.240000 6.334740 -0.259149
v 0.240000 6.240303 -0.259149
v 0.240000 6.240303 -0.220918
v 0.240000 6.334740 -0.220918
v -0.240000 6.240303 -0.220918
v -0.240000 6.334740 -0.220918
v -0.240000 6.240303 -0.259149
v -0.240000 6.334740 -0.259149
v 0.260000 6.334740 -0.259149
v 0.260000 6.240303 -0.259149
v 0.260000 6.240303 -0.241903
v 0.260000 6.334740 -0.241903
v -0.260000 6.240303 -0.241903
v -0.260000 6.334740 -0.241903
v -0.260000 6.240303 -0.259149
v -0.260000 6.334740 -0.259149
v 0.240000 6.334740 -0.499428
v 0.240000 6.240303 -0.499428
v -0.240000 6.240303 -0.499428
v -0.240000 6.334740 -0.499428
v 0.260000 6.334740 -0.499428
v 0.260000 6.240303 -0.499428
v -0.260000 6.240303 -0.499428
v -0.260000 6.334740 -0.499428
vn -0.0000 -0.0000 -1.0000
vn 0.2903 -0.0000 -0.9569
vn 0.4714 -0.0000 -0.8819
vn 0.6344 -0.0000 -0.7730
vn 0.7730 -0.0000 -0.6344
vn 0.8819 -0.0000 -0.4714
vn 0.9569 -0.0000 -0.2903
vn 0.9952 -0.0000 -0.0980
vn 0.9952 -0.0000 0.0980
vn 0.9569 -0.0000 0.2903
vn 0.8819 -0.0000 0.4714
vn 0.7730 -0.0000 0.6344
vn 0.6344 -0.0000 0.7730
vn 0.4714 -0.0000 0.8819
vn 0.2903 -0.0000 0.9569
vn 0.0980 -0.0000 0.9952
vn -0.0980 -0.0000 0.9952
vn -0.2903 -0.0000 0.9569
vn -0.4714 -0.0000 0.8819
vn -0.6344 -0.0000 0.7730
vn -0.7730 -0.0000 0.6344
vn -0.8819 -0.0000 0.4714
vn -0.9569 -0.0000 0.2903
vn -0.9952 -0.0000 0.0980
vn -0.9952 -0.0000 -0.0980
vn -0.9569 -0.0000 -0.2903
vn -0.8819 -0.0000 -0.4714
vn -0.7730 -0.0000 -0.6344
vn -0.6344 -0.0000 -0.7730
vn -0.4714 -0.0000 -0.8819
vn -0.0000 1.0000 -0.0000
vn -0.2903 -0.0000 -0.9569
vn 0.3104 -0.0000 0.9506
vn -0.0000 -1.0000 -0.0000
vn -0.3104 -0.0000 0.9506
vn -0.3104 -0.0000 -0.9506
vn 0.3104 -0.0000 -0.9506
vn 0.6032 -0.0000 0.7976
vn -0.6032 -0.0000 -0.7976
vn -0.7239 -0.0000 0.6899
vn 0.6032 -0.0000 -0.7976
vn -0.6032 -0.0000 0.7976
vn 1.0000 -0.0000 -0.0000
vn 0.7239 -0.0000 0.6899
vn -1.0000 -0.0000 -0.0000
vt 0.175441 0.729110
vt 0.000000 0.729110
vt 0.000000 0.694883
vt 0.175441 0.694883
vt 0.344410 0.744509
vt 0.344410 0.919950
vt 0.327955 0.919950
vt 0.327955 0.744509
vt 0.312789 0.919950
vt 0.312789 0.744509
vt 0.299496 0.919950
vt 0.299496 0.744509
vt 0.474937 0.726792
vt 0.474937 0.902233
vt 0.461644 0.902233
vt 0.461644 0.726792
vt 0.446478 0.902233
vt 0.446478 0.726792
vt 0.430022 0.902233
vt 0.430022 0.726792
vt 0.412909 0.902233
vt 0.412909 0.726792
vt 0.395796 0.902233
vt 0.395796 0.726792
vt 0.379340 0.902233
vt 0.379340 0.726792
vt 0.364174 0.902233
vt 0.364174 0.726792
vt 0.350881 0.902233
vt 0.350881 0.726792
vt 1.000000 0.509372
vt 1.000000 0.684812
vt 0.988392 0.684812
vt 0.988392 0.509372
vt 0.974532 0.684812
vt 0.974532 0.509372
vt 0.958953 0.684812
vt 0.958953 0.509372
vt 0.942253 0.684812
vt 0.942253 0.509372
vt 0.925074 0.684812
vt 0.925074 0.509372
vt 0.908076 0.684812
vt 0.908076 0.509372
vt 0.891912 0.684812
vt 0.891912 0.509372
vt 0.877204 0.684812
vt 0.877204 0.509372
vt 0.286203 0.919950
vt 0.286203 0.744509
vt 0.271038 0.919950
vt 0.271038 0.744509
vt 0.254582 0.919950
vt 0.254582 0.744509
vt 0.237468 0.919950
vt 0.237468 0.744509
vt 0.220355 0.919950
vt 0.220355 0.744509
vt 0.203899 0.919950
vt 0.203899 0.744509
vt 0.188734 0.919950
vt 0.188734 0.744509
vt 0.175441 0.919950
vt 0.175441 0.744509
vt 0.526322 0.726792
vt 0.526322 0.902233
vt 0.513029 0.902233
vt 0.513029 0.726792
vt 0.497864 0.902233
vt 0.497864 0.726792
vt 0.675644 0.173755
vt 0.641417 0.173755
vt 0.624961 0.168763
vt 0.609796 0.160657
vt 0.596503 0.149748
vt 0.585594 0.136455
vt 0.577487 0.121289
vt 0.572496 0.104834
vt 0.570810 0.087720
vt 0.572496 0.070607
vt 0.577487 0.054151
vt 0.585594 0.038986
vt 0.596503 0.025693
vt 0.609796 0.014784
vt 0.624961 0.006677
vt 0.641417 0.001686
vt 0.658531 0.000000
vt 0.675644 0.001686
vt 0.692100 0.006677
vt 0.707265 0.014784
vt 0.720558 0.025693
vt 0.731467 0.038986
vt 0.739574 0.054151
vt 0.744565 0.070607
vt 0.746251 0.087720
vt 0.744565 0.104834
vt 0.739574 0.121289
vt 0.731467 0.136455
vt 0.720558 0.149748
vt 0.707265 0.160657
vt 0.692100 0.168763
vt 0.481408 0.902233
vt 0.481408 0.726792
vt 0.526322 0.901952
vt 0.526322 0.726511
vt 0.613725 0.726511
vt 0.613725 0.901952
vt 0.202397 0.173755
vt 0.185941 0.168763
vt 0.170775 0.160657
vt 0.157482 0.149748
vt 0.146573 0.136455
vt 0.138467 0.121289
vt 0.133475 0.104834
vt 0.131790 0.087720
vt 0.133475 0.070607
vt 0.138467 0.054151
vt 0.146573 0.038986
vt 0.157482 0.025693
vt 0.170775 0.014784
vt 0.185941 0.006677
vt 0.202397 0.001686
vt 0.219510 0.000000
vt 0.236624 0.001686
vt 0.253079 0.006677
vt 0.268245 0.014784
vt 0.281538 0.025693
vt 0.292447 0.038986
vt 0.300553 0.054151
vt 0.305545 0.070607
vt 0.307230 0.087720
vt 0.305545 0.104834
vt 0.300553 0.121289
vt 0.292447 0.136455
vt 0.281538 0.149748
vt 0.268245 0.160657
vt 0.253079 0.168763
vt 0.236624 0.173755
vt 0.701763 0.726511
vt 0.526322 0.726511
vt 0.526322 0.630511
vt 0.701763 0.630511
vt 0.236624 0.206032
vt 0.202397 0.206032
vt 0.675644 0.206032
vt 0.641417 0.206032
vt 0.768286 0.236278
vt 0.768286 0.204001
vt 0.861155 0.274234
vt 0.861155 0.306511
vt 0.000000 0.602241
vt 0.175441 0.602241
vt 0.109755 0.236278
vt 0.109755 0.204001
vt 0.548775 0.204001
vt 0.548775 0.236278
vt 0.455906 0.306511
vt 0.455906 0.274234
vt 0.329265 0.204001
vt 0.329265 0.236278
vt 0.175441 0.821752
vt 0.000000 0.821752
vt 0.878041 0.291951
vt 0.878041 0.306511
vt 0.695672 0.726511
vt 0.695672 0.901952
vt 0.016885 0.306511
vt 0.016885 0.274234
vt 0.000000 0.509372
vt 0.175441 0.509372
vt 0.701763 0.528603
vt 0.526322 0.528603
vt 0.526322 0.509372
vt 0.701763 0.509372
vt 0.175441 0.914621
vt 0.000000 0.914621
vt 0.422135 0.274234
vt 0.422135 0.306511
vt 0.175441 0.527089
vt 0.350881 0.527089
vt 0.350881 0.541648
vt 0.175441 0.541648
vt 0.175441 0.509372
vt 0.350881 0.509372
vt 0.000000 0.306511
vt 0.000000 0.291951
vt 0.350881 0.744509
vt 0.175441 0.744509
vt 0.526322 0.726792
vt 0.350881 0.726792
vt 0.350881 0.712233
vt 0.526322 0.712233
vt 0.439020 0.306511
vt 0.439020 0.291951
vt 0.439020 0.306511
vt 0.439020 0.509372
vt 0.422135 0.509372
vt 0.439020 0.291951
vt 0.894089 0.684812
vt 0.894089 0.860253
vt 0.877204 0.860253
vt 0.877204 0.684812
vt 0.878041 0.175441
vt 0.878041 0.000000
vt 0.894926 0.000000
vt 0.894926 0.175441
vt 0.016885 0.509372
vt 0.000000 0.509372
vt 0.878041 0.509372
vt 0.861155 0.509372
vt 0.455906 0.509372
vt 0.701763 0.712233
vt 0.877204 0.712233
vt 0.877204 0.915093
vt 0.701763 0.915093
vt 0.350881 0.509372
vt 0.526322 0.509372
vt 0.877204 0.712233
vt 0.701763 0.712233
vt 0.701763 0.509372
vt 0.877204 0.509372
s 1
usemtl Metal
f 354/440/260 355/441/260 290/442/260 291/443/260
f 292/444/261 293/445/261 295/446/261 294/447/261
f 294/447/262 295/446/262 297/448/262 296/449/262
f 296/449/263 297/448/263 299/450/263 298/451/263
f 298/452/264 299/453/264 301/454/264 300/455/264
f 300/455/265 301/454/265 303/456/265 302/457/265
f 302/457/266 303/456/266 305/458/266 304/459/266
f 304/459/267 305/458/267 307/460/267 306/461/267
f 306/461/268 307/460/268 309/462/268 308/463/268
f 308/463/269 309/462/269 311/464/269 310/465/269
f 310/465/270 311/464/270 313/466/270 312/467/270
f 312/467/271 313/466/271 315/468/271 314/469/271
f 314/470/272 315/471/272 317/472/272 316/473/272
f 316/473/273 317/472/273 319/474/273 318/475/273
f 318/475/274 319/474/274 321/476/274 320/477/274
f 320/477/275 321/476/275 323/478/275 322/479/275
f 322/479/276 323/478/276 325/480/276 324/481/276
f 324/481/277 325/480/277 327/482/277 326/483/277
f 326/483/278 327/482/278 329/484/278 328/485/278
f 328/485/279 329/484/279 331/486/279 330/487/279
f 330/451/280 331/450/280 333/488/280 332/489/280
f 332/489/281 333/488/281 335/490/281 334/491/281
f 334/491/282 335/490/282 337/492/282 336/493/282
f 336/493/283 337/492/283 339/494/283 338/495/283
f 338/495/284 339/494/284 341/496/284 340/497/284
f 340/497/285 341/496/285 343/498/285 342/499/285
f 342/499/286 343/498/286 345/500/286 344/501/286
f 344/501/287 345/500/287 347/502/287 346/503/287
f 346/504/288 347/505/288 349/506/288 348/507/288
f 348/507/289 349/506/289 351/508/289 350/509/289
f 293/510/290 353/511/290 351/512/290 349/513/290 347/514/290 345/515/290 343/516/290 341/517/290 339/518/290 337/519/290 335/520/290 333/521/290 331/522/290 329/523/290 327/524/290 325/525/290 323/526/290 321/527/290 319/528/290 317/529/290 315/530/290 313/531/290 311/532/290 309/533/290 307/534/290 305/535/290 303/536/290 301/537/290 299/538/290 297/539/290 295/540/290
f 350/509/291 351/508/291 353/541/291 352/542/291
f 293/543/292 292/544/292 358/545/292 359/546/292
f 292/547/293 294/548/293 296/549/293 298/550/293 300/551/293 302/552/293 304/553/293 306/554/293 308/555/293 310/556/293 312/557/293 314/558/293 316/559/293 318/560/293 320/561/293 322/562/293 324/563/293 326/564/293 328/565/293 330/566/293 332/567/293 334/568/293 336/569/293 338/570/293 340/571/293 342/572/293 344/573/293 346/574/293 348/575/293 350/576/293 352/577/293
f 352/578/294 353/579/294 361/580/294 360/581/294
f 292/547/293 352/577/293 354/582/293 291/583/293
f 353/511/290 293/510/290 290/584/290 355/585/290
f 356/586/290 359/587/290 367/588/290 364/589/290
f 291/443/295 290/442/295 356/590/295 357/591/295
f 290/584/290 293/510/290 359/587/290 356/586/290
f 292/547/293 291/583/293 357/592/293 358/593/293
f 361/594/290 363/595/290 371/596/290 369/597/290
f 354/582/293 352/577/293 360/598/293 362/599/293
f 355/441/296 354/440/296 362/600/296 363/601/296
f 353/511/290 355/585/290 363/595/290 361/594/290
f 364/589/290 367/588/290 375/602/290 372/603/290
f 359/546/297 358/545/297 366/604/297 367/605/297
f 358/593/293 357/592/293 365/606/293 366/607/293
f 357/591/298 356/590/298 364/608/298 365/609/298
f 368/610/299 369/611/299 377/612/299 376/613/299
f 363/601/300 362/600/300 370/614/300 371/615/300
f 362/599/293 360/598/293 368/616/293 370/617/293
f 360/581/301 361/580/301 369/611/301 368/610/301
f 375/618/302 374/619/302 373/620/302 372/621/302
f 367/622/303 366/623/303 374/619/303 375/618/303
f 366/607/293 365/606/293 373/624/293 374/625/293
f 372/621/302 373/620/302 385/626/302 384/627/302
f 376/628/304 377/629/304 379/630/304 378/631/304
f 369/597/290 371/596/290 379/632/290 377/633/290
f 370/617/293 378/634/293 386/635/293 382/636/293
f 370/617/293 368/616/293 376/637/293 378/634/293
f 381/638/260 380/639/260 384/640/260 385/641/260
f 383/642/260 382/643/260 386/644/260 387/645/260
f 373/624/293 365/606/293 381/646/293 385/647/293
f 364/589/290 372/603/290 384/648/290 380/649/290
f 379/632/290 371/596/290 383/650/290 387/635/290
f 371/651/302 370/652/302 382/653/302 383/654/302
f 378/631/304 379/630/304 387/655/304 386/656/304
f 365/657/304 364/658/304 380/659/304 381/660/304
o Siren
v 0.140135 6.873627 0.020269
v 0.140135 6.779190 0.020269
v 0.101904 6.779190 0.020269
v 0.101904 6.873627 0.020269
v 0.095992 6.779190 0.039760
v 0.095992 6.873627 0.039760
v 0.086390 6.779190 0.057723
v 0.086390 6.873627 0.057723
v 0.073469 6.779190 0.073468
v 0.073469 6.873627 0.073468
v 0.057724 6.779190 0.086389
v 0.057724 6.873627 0.086389
v 0.039761 6.779190 0.095991
v 0.039761 6.873627 0.095991
v 0.020270 6.779190 0.101903
v 0.020270 6.873627 0.101903
v -0.000000 6.779190 0.103900
v -0.000000 6.873627 0.103900
v -0.020270 6.779190 0.101903
v -0.020270 6.873627 0.101903
v -0.039761 6.779190 0.095991
v -0.039761 6.873627 0.095991
v -0.057724 6.779190 0.086389
v -0.057724 6.873627 0.086389
v -0.073469 6.779190 0.073468
v -0.073469 6.873627 0.073468
v -0.086390 6.779190 0.057723
v -0.086390 6.873627 0.057723
v -0.095992 6.779190 0.039760
v -0.095992 6.873627 0.039760
v -0.101904 6.779190 0.020269
v -0.101904 6.873627 0.020269
v -0.103901 6.779190 -0.000001
v -0.103901 6.873627 -0.000001
v -0.101904 6.779190 -0.020271
v -0.101904 6.873627 -0.020271
v -0.095992 6.779190 -0.039762
v -0.095992 6.873627 -0.039762
v -0.086390 6.779190 -0.057725
v -0.086390 6.873627 -0.057725
v -0.073469 6.779190 -0.073470
v -0.073469 6.873627 -0.073470
v -0.057724 6.779190 -0.086391
v -0.057724 6.873627 -0.086392
v -0.039761 6.779190 -0.095993
v -0.039761 6.873627 -0.095993
v -0.020270 6.779190 -0.101906
v -0.020270 6.873627 -0.101906
v 0.000000 6.779190 -0.103902
v 0.000000 6.873627 -0.103902
v 0.020270 6.779190 -0.101906
v 0.020270 6.873627 -0.101906
v 0.039761 6.779190 -0.095993
v 0.039761 6.873627 -0.095993
v 0.057724 6.779190 -0.086392
v 0.057724 6.873627 -0.086392
v 0.073469 6.779190 -0.073470
v 0.073469 6.873627 -0.073470
v 0.086390 6.779190 -0.057725
v 0.086390 6.873627 -0.057725
v 0.095992 6.779190 -0.039762
v 0.095992 6.873627 -0.039762
v 0.101904 6.779190 -0.020271
v 0.101904 6.873627 -0.020271
v 0.140135 6.779190 -0.020271
v 0.140135 6.873627 -0.020271
v 0.175960 6.873627 0.129999
v 0.175960 6.779190 0.129999
v 0.137730 6.779190 0.129999
v 0.137730 6.873627 0.129999
v 0.137730 6.779190 -0.130001
v 0.137730 6.873627 -0.130001
v 0.175960 6.779190 -0.130001
v 0.175960 6.873627 -0.130001
v 0.259147 6.873627 0.239999
v 0.259147 6.779190 0.239999
v 0.220917 6.779190 0.239999
v 0.220917 6.873627 0.239999
v 0.220917 6.779190 -0.240001
v 0.220917 6.873627 -0.240001
v 0.259148 6.779190 -0.240001
v 0.259148 6.873627 -0.240001
v 0.259147 6.873627 0.259999
v 0.259147 6.779190 0.259999
v 0.241902 6.779190 0.259999
v 0.241902 6.873627 0.259999
v 0.241902 6.779190 -0.260001
v 0.241902 6.873627 -0.260001
v 0.259148 6.779190 -0.260001
v 0.259148 6.873627 -0.260001
v 0.499427 6.873627 0.239999
v 0.499427 6.779190 0.239999
v 0.499427 6.779190 -0.240001
v 0.499427 6.873627 -0.240001
v 0.499427 6.873627 0.259999
v 0.499427 6.779190 0.259999
v 0.499427 6.779190 -0.260001
v 0.499427 6.873627 -0.260001
vn 1.0000 -0.0000 -0.0000
vn 0.9569 -0.0000 0.2903
vn 0.8819 -0.0000 0.4714
vn 0.7730 -0.0000 0.6344
vn 0.6344 -0.0000 0.7730
vn 0.4714 -0.0000 0.8819
vn 0.2903 -0.0000 0.9569
vn 0.0980 -0.0000 0.9952
vn -0.0980 -0.0000 0.9952
vn -0.2903 -0.0000 0.9569
vn -0.4714 -0.0000 0.8819
vn -0.6344 -0.0000 0.7730
vn -0.7730 -0.0000 0.6344
vn -0.8819 -0.0000 0.4714
vn -0.9569 -0.0000 0.2903
vn -0.9952 -0.0000 0.0980
vn -0.9952 -0.0000 -0.0980
vn -0.9569 -0.0000 -0.2903
vn -0.8819 -0.0000 -0.4714
vn -0.7730 -0.0000 -0.6344
vn -0.6344 -0.0000 -0.7730
vn -0.4714 -0.0000 -0.8819
vn -0.2903 -0.0000 -0.9569
vn -0.0980 -0.0000 -0.9952
vn 0.0980 -0.0000 -0.9952
vn 0.2903 -0.0000 -0.9569
vn 0.4714 -0.0000 -0.8819
vn 0.6344 -0.0000 -0.7730
vn 0.7730 -0.0000 -0.6344
vn 0.8819 -0.0000 -0.4714
vn -0.0000 1.0000 -0.0000
vn 0.9569 -0.0000 -0.2903
vn -0.9506 -0.0000 0.3104
vn -0.0000 -1.0000 -0.0000
vn -0.9506 -0.0000 -0.3104
vn 0.9506 -0.0000 -0.3104
vn 0.9506 -0.0000 0.3104
vn -0.7976 -0.0000 0.6032
vn 0.7976 -0.0000 -0.6032
vn -0.6899 -0.0000 -0.7239
vn 0.7976 -0.0000 0.6032
vn -0.7976 -0.0000 -0.6032
vn -0.0000 -0.0000 1.0000
vn -0.6899 -0.0000 0.7239
vn -0.0000 -0.0000 -1.0000
vt 0.175441 0.729110
vt 0.000000 0.729110
vt 0.000000 0.694883
vt 0.175441 0.694883
vt 0.344410 0.744509
vt 0.344410 0.919950
vt 0.327955 0.919950
vt 0.327955 0.744509
vt 0.312789 0.919950
vt 0.312789 0.744509
vt 0.299496 0.919950
vt 0.299496 0.744509
vt 0.474937 0.726792
vt 0.474937 0.902233
vt 0.461644 0.902233
vt 0.461644 0.726792
vt 0.446478 0.902233
vt 0.446478 0.726792
vt 0.430022 0.902233
vt 0.430022 0.726792
vt 0.412909 0.902233
vt 0.412909 0.726792
vt 0.395796 0.902233
vt 0.395796 0.726792
vt 0.379340 0.902233
vt 0.379340 0.726792
vt 0.364174 0.902233
vt 0.364174 0.726792
vt 0.350881 0.902233
vt 0.350881 0.726792
vt 1.000000 0.509372
vt 1.000000 0.684812
vt 0.988392 0.684812
vt 0.988392 0.509372
vt 0.974532 0.684812
vt 0.974532 0.509372
vt 0.958953 0.684812
vt 0.958953 0.509372
vt 0.942253 0.684812
vt 0.942253 0.509372
vt 0.925074 0.684812
vt 0.925074 0.509372
vt 0.908076 0.684812
vt 0.908076 0.509372
vt 0.891912 0.684812
vt 0.891912 0.509372
vt 0.877204 0.684812
vt 0.877204 0.509372
vt 0.286203 0.919950
vt 0.286203 0.744509
vt 0.271038 0.919950
vt 0.271038 0.744509
vt 0.254582 0.919950
vt 0.254582 0.744509
vt 0.237468 0.919950
vt 0.237468 0.744509
vt 0.220355 0.919950
vt 0.220355 0.744509
vt 0.203899 0.919950
vt 0.203899 0.744509
vt 0.188734 0.919950
vt 0.188734 0.744509
vt 0.175441 0.919950
vt 0.175441 0.744509
vt 0.526322 0.726792
vt 0.526322 0.902233
vt 0.513029 0.902233
vt 0.513029 0.726792
vt 0.497864 0.902233
vt 0.497864 0.726792
vt 0.675644 0.173755
vt 0.641417 0.173755
vt 0.624961 0.168763
vt 0.609796 0.160657
vt 0.596503 0.149748
vt 0.585594 0.136455
vt 0.577487 0.121289
vt 0.572496 0.104834
vt 0.570810 0.087720
vt 0.572496 0.070607
vt 0.577487 0.054151
vt 0.585594 0.038986
vt 0.596503 0.025693
vt 0.609796 0.014784
vt 0.624961 0.006677
vt 0.641417 0.001686
vt 0.658531 0.000000
vt 0.675644 0.001686
vt 0.692100 0.006677
vt 0.707265 0.014784
vt 0.720558 0.025693
vt 0.731467 0.038986
vt 0.739574 0.054151
vt 0.744565 0.070607
vt 0.746251 0.087720
vt 0.744565 0.104834
vt 0.739574 0.121289
vt 0.731467 0.136455
vt 0.720558 0.149748
vt 0.707265 0.160657
vt 0.692100 0.168763
vt 0.481408 0.902233
vt 0.481408 0.726792
vt 0.526322 0.901952
vt 0.526322 0.726511
vt 0.613725 0.726511
vt 0.613725 0.901952
vt 0.202397 0.173755
vt 0.185941 0.168763
vt 0.170775 0.160657
vt 0.157482 0.149748
vt 0.146573 0.136455
vt 0.138467 0.121289
vt 0.133475 0.104834
vt 0.131790 0.087720
vt 0.133475 0.070607
vt 0.138467 0.054151
vt 0.146573 0.038986
vt 0.157482 0.025693
vt 0.170775 0.014784
vt 0.185941 0.006677
vt 0.202397 0.001686
vt 0.219510 0.000000
vt 0.236624 0.001686
vt 0.253079 0.006677
vt 0.268245 0.014784
vt 0.281538 0.025693
vt 0.292447 0.038986
vt 0.300553 0.054151
vt 0.305545 0.070607
vt 0.307230 0.087720
vt 0.305545 0.104834
vt 0.300553 0.121289
vt 0.292447 0.136455
vt 0.281538 0.149748
vt 0.268245 0.160657
vt 0.253079 0.168763
vt 0.236624 0.173755
vt 0.701763 0.726511
vt 0.526322 0.726511
vt 0.526322 0.630511
vt 0.701763 0.630511
vt 0.236624 0.206032
vt 0.202397 0.206032
vt 0.675644 0.206032
vt 0.641417 0.206032
vt 0.768286 0.236278
vt 0.768286 0.204001
vt 0.861155 0.274234
vt 0.861155 0.306511
vt 0.000000 0.602241
vt 0.175441 0.602241
vt 0.109755 0.236278
vt 0.109755 0.204001
vt 0.548775 0.204001
vt 0.548775 0.236278
vt 0.455906 0.306511
vt 0.455906 0.274234
vt 0.329265 0.204001
vt 0.329265 0.236278
vt 0.175441 0.821752
vt 0.000000 0.821752
vt 0.878041 0.291951
vt 0.878041 0.306511
vt 0.695672 0.726511
vt 0.695672 0.901952
vt 0.016885 0.306511
vt 0.016885 0.274234
vt 0.000000 0.509372
vt 0.175441 0.509372
vt 0.701763 0.528603
vt 0.526322 0.528603
vt 0.526322 0.509372
vt 0.701763 0.509372
vt 0.175441 0.914621
vt 0.000000 0.914621
vt 0.422135 0.274234
vt 0.422135 0.306511
vt 0.175441 0.527089
vt 0.350881 0.527089
vt 0.350881 0.541648
vt 0.175441 0.541648
vt 0.175441 0.509372
vt 0.350881 0.509372
vt 0.000000 0.306511
vt 0.000000 0.291951
vt 0.350881 0.744509
vt 0.175441 0.744509
vt 0.526322 0.726792
vt 0.350881 0.726792
vt 0.350881 0.712233
vt 0.526322 0.712233
vt 0.439020 0.306511
vt 0.439020 0.291951
vt 0.439020 0.306511
vt 0.439020 0.509372
vt 0.422135 0.509372
vt 0.439020 0.291951
vt 0.894089 0.684812
vt 0.894089 0.860253
vt 0.877204 0.860253
vt 0.877204 0.684812
vt 0.878041 0.175441
vt 0.878041 0.000000
vt 0.894926 0.000000
vt 0.894926 0.175441
vt 0.016885 0.509372
vt 0.000000 0.509372
vt 0.878041 0.509372
vt 0.861155 0.509372
vt 0.455906 0.509372
vt 0.701763 0.712233
vt 0.877204 0.712233
vt 0.877204 0.915093
vt 0.701763 0.915093
vt 0.350881 0.509372
vt 0.526322 0.509372
vt 0.877204 0.712233
vt 0.701763 0.712233
vt 0.701763 0.509372
vt 0.877204 0.509372
s 1
usemtl Metal
f 452/661/305 453/662/305 388/663/305 389/664/305
f 390/665/306 391/666/306 393/667/306 392/668/306
f 392/668/307 393/667/307 395/669/307 394/670/307
f 394/670/308 395/669/308 397/671/308 396/672/308
f 396/673/309 397/674/309 399/675/309 398/676/309
f 398/676/310 399/675/310 401/677/310 400/678/310
f 400/678/311 401/677/311 403/679/311 402/680/311
f 402/680/312 403/679/312 405/681/312 404/682/312
f 404/682/313 405/681/313 407/683/313 406/684/313
f 406/684/314 407/683/314 409/685/314 408/686/314
f 408/686/315 409/685/315 411/687/315 410/688/315
f 410/688/316 411/687/316 413/689/316 412/690/316
f 412/691/317 413/692/317 415/693/317 414/694/317
f 414/694/318 415/693/318 417/695/318 416/696/318
f 416/696/319 417/695/319 419/697/319 418/698/319
f 418/698/320 419/697/320 421/699/320 420/700/320
f 420/700/321 421/699/321 423/701/321 422/702/321
f 422/702/322 423/701/322 425/703/322 424/704/322
f 424/704/323 425/703/323 427/705/323 426/706/323
f 426/706/324 427/705/324 429/707/324 428/708/324
f 428/672/325 429/671/325 431/709/325 430/710/325
f 430/710/326 431/709/326 433/711/326 432/712/326
f 432/712/327 433/711/327 435/713/327 434/714/327
f 434/714/328 435/713/328 437/715/328 436/716/328
f 436/716/329 437/715/329 439/717/329 438/718/329
f 438/718/330 439/717/330 441/719/330 440/720/330
f 440/720/331 441/719/331 443/721/331 442/722/331
f 442/722/332 443/721/332 445/723/332 444/724/332
f 444/725/333 445/726/333 447/727/333 446/728/333
f 446/728/334 447/727/334 449/729/334 448/730/334
f 391/731/335 451/732/335 449/733/335 447/734/335 445/735/335 443/736/335 441/737/335 439/738/335 437/739/335 435/740/335 433/741/335 431/742/335 429/743/335 427/744/335 425/745/335 423/746/335 421/747/335 419/748/335 417/749/335 415/750/335 413/751/335 411/752/335 409/753/335 407/754/335 405/755/335 403/756/335 401/757/335 399/758/335 397/759/335 395/760/335 393/761/335
f 448/730/336 449/729/336 451/762/336 450/763/336
f 391/764/337 390/765/337 456/766/337 457/767/337
f 390/768/338 392/769/338 394/770/338 396/771/338 398/772/338 400/773/338 402/774/338 404/775/338 406/776/338 408/777/338 410/778/338 412/779/338 414/780/338 416/781/338 418/782/338 420/783/338 422/784/338 424/785/338 426/786/338 428/787/338 430/788/338 432/789/338 434/790/338 436/791/338 438/792/338 440/793/338 442/794/338 444/795/338 446/796/338 448/797/338 450/798/338
f 450/799/339 451/800/339 459/801/339 458/802/339
f 390/768/338 450/798/338 452/803/338 389/804/338
f 451/732/335 391/731/335 388/805/335 453/806/335
f 454/807/335 457/808/335 465/809/335 462/810/335
f 389/664/340 388/663/340 454/811/340 455/812/340
f 388/805/335 391/731/335 457/808/335 454/807/335
f 390/768/338 389/804/338 455/813/338 456/814/338
f 459/815/335 461/816/335 469/817/335 467/818/335
f 452/803/338 450/798/338 458/819/338 460/820/338
f 453/662/341 452/661/341 460/821/341 461/822/341
f 451/732/335 453/806/335 461/816/335 459/815/335
f 462/810/335 465/809/335 473/823/335 470/824/335
f 457/767/342 456/766/342 464/825/342 465/826/342
f 456/814/338 455/813/338 463/827/338 464/828/338
f 455/812/343 454/811/343 462/829/343 463/830/343
f 466/831/344 467/832/344 475/833/344 474/834/344
f 461/822/345 460/821/345 468/835/345 469/836/345
f 460/820/338 458/819/338 466/837/338 468/838/338
f 458/802/346 459/801/346 467/832/346 466/831/346
f 473/839/347 472/840/347 471/841/347 470/842/347
f 465/843/348 464/844/348 472/840/348 473/839/348
f 464/828/338 463/827/338 471/845/338 472/846/338
f 470/842/347 471/841/347 483/847/347 482/848/347
f 474/849/349 475/850/349 477/851/349 476/852/349
f 467/818/335 469/817/335 477/853/335 475/854/335
f 468/838/338 476/855/338 484/856/338 480/857/338
f 468/838/338 466/837/338 474/858/338 476/855/338
f 479/859/305 478/860/305 482/861/305 483/862/305
f 481/863/305 480/864/305 484/865/305 485/866/305
f 471/845/338 463/827/338 479/867/338 483/868/338
f 462/810/335 470/824/335 482/869/335 478/870/335
f 477/853/335 469/817/335 481/871/335 485/856/335
f 469/872/347 468/873/347 480/874/347 481/875/347
f 476/852/349 477/851/349 485/876/349 484/877/349
f 463/878/349 462/879/349 478/880/349 479/881/349
o Cable
v -0.171151 1.367090 -0.066757
v -0.167491 1.367090 -0.070418
v -0.162491 1.367090 -0.071757
v -0.157491 1.367090 -0.070418
v -0.153831 1.367090 -0.066757
v -0.152491 1.367090 -0.061757
v -0.153831 1.367090 -0.056757
v -0.157491 1.367090 -0.053097
v -0.162491 1.367090 -0.051757
v -0.167491 1.367090 -0.053097
v -0.171151 1.367090 -0.056757
v -0.172491 1.367090 -0.061757
v -0.170903 1.362272 -0.066868
v -0.167265 1.362766 -0.070517
v -0.162288 1.363279 -0.071846
v -0.157306 1.363674 -0.070497
v -0.153654 1.363846 -0.066833
v -0.152310 1.363747 -0.061835
v -0.153634 1.363406 -0.056843
v -0.157272 1.362912 -0.053193
v -0.162248 1.362399 -0.051865
v -0.167230 1.362004 -0.053214
v -0.170883 1.361832 -0.056878
v -0.172227 1.361931 -0.061875
v -0.170242 1.357194 -0.067201
v -0.166652 1.358075 -0.070825
v -0.161723 1.358968 -0.072128
v -0.156774 1.359632 -0.070762
v -0.153132 1.359889 -0.067093
v -0.151773 1.359671 -0.062103
v -0.153061 1.359037 -0.057129
v -0.156650 1.358155 -0.053505
v -0.161580 1.357263 -0.052202
v -0.166528 1.356599 -0.053568
v -0.170170 1.356341 -0.057237
v -0.171529 1.356559 -0.062227
v -0.169271 1.351971 -0.067765
v -0.165740 1.353170 -0.071355
v -0.160862 1.354344 -0.072628
v -0.155944 1.355178 -0.071243
v -0.152305 1.355448 -0.067572
v -0.150918 1.355082 -0.062598
v -0.152157 1.354178 -0.057654
v -0.155689 1.352978 -0.054065
v -0.160567 1.351805 -0.052792
v -0.165485 1.350971 -0.054176
v -0.169124 1.350701 -0.057847
v -0.170510 1.351067 -0.062821
v -0.168077 1.346711 -0.068578
v -0.164609 1.348197 -0.072122
v -0.159782 1.349596 -0.073360
v -0.154887 1.350533 -0.071960
v -0.151237 1.350757 -0.068296
v -0.149810 1.350208 -0.063351
v -0.150988 1.349033 -0.058449
v -0.154455 1.347548 -0.054904
v -0.159283 1.346149 -0.053666
v -0.164177 1.345212 -0.055067
v -0.167827 1.344988 -0.058730
v -0.169254 1.345537 -0.063676
v -0.166737 1.341551 -0.069653
v -0.163342 1.343318 -0.073138
v -0.158564 1.344910 -0.074336
v -0.153684 1.345900 -0.072924
v -0.150008 1.346023 -0.069281
v -0.148522 1.345247 -0.064384
v -0.149624 1.343778 -0.059544
v -0.153019 1.342011 -0.056058
v -0.157797 1.340419 -0.054861
v -0.162677 1.339429 -0.056273
v -0.166353 1.339306 -0.059916
v -0.167839 1.340082 -0.064813
v -0.165333 1.336644 -0.071001
v -0.162023 1.338709 -0.074404
v -0.157296 1.340479 -0.075551
v -0.152418 1.341479 -0.074137
v -0.148696 1.341442 -0.070539
v -0.147129 1.340378 -0.065722
v -0.148134 1.338571 -0.060976
v -0.151444 1.336506 -0.057574
v -0.156171 1.334736 -0.056427
v -0.161049 1.333735 -0.057841
v -0.164770 1.333772 -0.061439
v -0.166338 1.334837 -0.066256
v -0.163947 1.332158 -0.072623
v -0.160741 1.334560 -0.075901
v -0.156068 1.336505 -0.076984
v -0.151180 1.337473 -0.075581
v -0.147387 1.337203 -0.072069
v -0.145705 1.335769 -0.067388
v -0.146585 1.333554 -0.062793
v -0.149792 1.331152 -0.059515
v -0.154465 1.329206 -0.058432
v -0.159352 1.328239 -0.059835
v -0.163145 1.328508 -0.063347
v -0.164827 1.329943 -0.068028
v -0.162668 1.328272 -0.074495
v -0.159593 1.331073 -0.077576
v -0.154980 1.333203 -0.078568
v -0.150066 1.334090 -0.077205
v -0.146166 1.333497 -0.073853
v -0.144327 1.331582 -0.069409
v -0.145040 1.328860 -0.065064
v -0.148115 1.326058 -0.061983
v -0.152728 1.323929 -0.060991
v -0.157642 1.323042 -0.062354
v -0.161542 1.323635 -0.065707
v -0.163381 1.325549 -0.070150
v -0.161583 1.325167 -0.076553
v -0.158676 1.328448 -0.079305
v -0.154132 1.330777 -0.080160
v -0.149171 1.331530 -0.078890
v -0.145121 1.330504 -0.075834
v -0.143067 1.327975 -0.071811
v -0.143560 1.324620 -0.067900
v -0.146468 1.321339 -0.065148
v -0.151011 1.319010 -0.064293
v -0.155972 1.318257 -0.065563
v -0.160022 1.319283 -0.068619
v -0.162076 1.321812 -0.072642
v -0.160770 1.322981 -0.078674
v -0.158066 1.326810 -0.080871
v -0.153600 1.329348 -0.081513
v -0.148571 1.329915 -0.080430
v -0.144324 1.328361 -0.077912
v -0.141998 1.325100 -0.074632
v -0.142217 1.321007 -0.071471
v -0.144922 1.317179 -0.069274
v -0.149387 1.314641 -0.068631
v -0.154417 1.314073 -0.069714
v -0.158664 1.315628 -0.072233
v -0.160989 1.318888 -0.075513
v -0.160258 1.321717 -0.080727
v -0.157758 1.326052 -0.082052
v -0.153367 1.328772 -0.082382
v -0.148259 1.329148 -0.081629
v -0.143804 1.327079 -0.079995
v -0.141196 1.323120 -0.077918
v -0.141133 1.318331 -0.075954
v -0.143633 1.313995 -0.074629
v -0.148024 1.311275 -0.074300
v -0.153132 1.310900 -0.075052
v -0.157587 1.312969 -0.076686
v -0.160195 1.316928 -0.078764
v -0.159913 1.320987 -0.083858
v -0.157593 1.325608 -0.084117
v -0.153306 1.328494 -0.083824
v -0.148201 1.328874 -0.083057
v -0.143646 1.326645 -0.082021
v -0.140860 1.322405 -0.080994
v -0.140591 1.317289 -0.080251
v -0.142911 1.312668 -0.079992
v -0.147198 1.309782 -0.080285
v -0.152303 1.309402 -0.081053
v -0.156858 1.311631 -0.082089
v -0.159644 1.315872 -0.083115
v -0.158812 1.320759 -0.088979
v -0.156745 1.325446 -0.088234
v -0.152738 1.328407 -0.086829
v -0.147865 1.328847 -0.085141
v -0.143431 1.326651 -0.083621
v -0.140625 1.322404 -0.082677
v -0.140198 1.317247 -0.082562
v -0.142265 1.312560 -0.083307
v -0.146272 1.309599 -0.084712
v -0.151145 1.309159 -0.086401
v -0.155579 1.311355 -0.087921
v -0.158385 1.315602 -0.088865
v -0.156139 1.321043 -0.094322
v -0.154484 1.325686 -0.092740
v -0.151050 1.328585 -0.090171
v -0.146759 1.328963 -0.087302
v -0.142758 1.326720 -0.084902
v -0.140121 1.322456 -0.083614
v -0.139555 1.317313 -0.083784
v -0.141210 1.312670 -0.085365
v -0.144643 1.309771 -0.087935
v -0.148935 1.309393 -0.090803
v -0.152935 1.311636 -0.093203
v -0.155572 1.315901 -0.094491
v -0.152563 1.321755 -0.098619
v -0.151417 1.326296 -0.096414
v -0.148666 1.329059 -0.093009
v -0.145047 1.329303 -0.089316
v -0.141530 1.326963 -0.086325
v -0.139056 1.322666 -0.084837
v -0.138290 1.317563 -0.085251
v -0.139436 1.313022 -0.087456
v -0.142187 1.310260 -0.090861
v -0.145806 1.310016 -0.094554
v -0.149323 1.312356 -0.097545
v -0.151796 1.316653 -0.099033
v -0.148521 1.322800 -0.101995
v -0.147874 1.327211 -0.099365
v -0.145759 1.329809 -0.095419
v -0.142742 1.329897 -0.091214
v -0.139631 1.327451 -0.087876
v -0.137261 1.323128 -0.086301
v -0.136266 1.318085 -0.086910
v -0.136912 1.313673 -0.089539
v -0.139027 1.311076 -0.093486
v -0.142044 1.310988 -0.097691
v -0.145155 1.313433 -0.101029
v -0.147525 1.317757 -0.102604
v -0.144260 1.324118 -0.104670
v -0.144062 1.328390 -0.101754
v -0.142479 1.330823 -0.097467
v -0.139936 1.330763 -0.092959
v -0.137115 1.328228 -0.089437
v -0.134771 1.323896 -0.087844
v -0.133533 1.318928 -0.088608
v -0.133731 1.314656 -0.091524
v -0.135314 1.312224 -0.095811
v -0.137856 1.312283 -0.100319
v -0.140678 1.314819 -0.103842
v -0.143022 1.319151 -0.105434
v -0.139927 1.325683 -0.106825
v -0.140125 1.329811 -0.103708
v -0.138973 1.332087 -0.099204
v -0.136779 1.331900 -0.094519
v -0.134132 1.329302 -0.090909
v -0.131740 1.324987 -0.089341
v -0.130245 1.320113 -0.090235
v -0.130046 1.315985 -0.093351
v -0.131198 1.313709 -0.097856
v -0.133392 1.313895 -0.102541
v -0.136039 1.316494 -0.106151
v -0.138431 1.320808 -0.107719
v -0.135639 1.327478 -0.108584
v -0.136198 1.331454 -0.105317
v -0.135394 1.333583 -0.100668
v -0.133442 1.333295 -0.095883
v -0.130865 1.330667 -0.092243
v -0.128353 1.326403 -0.090725
v -0.126581 1.321646 -0.091734
v -0.126022 1.317670 -0.095001
v -0.126826 1.315540 -0.099650
v -0.128778 1.315828 -0.104436
v -0.131355 1.318456 -0.108075
v -0.133867 1.322721 -0.109594
v -0.131524 1.329489 -0.110031
v -0.132425 1.333296 -0.106642
v -0.131904 1.335286 -0.101891
v -0.130101 1.334924 -0.097053
v -0.127499 1.332308 -0.093422
v -0.124796 1.328139 -0.091972
v -0.122714 1.323534 -0.093092
v -0.121813 1.319726 -0.096481
v -0.122334 1.317737 -0.101231
v -0.124137 1.318098 -0.106070
v -0.126739 1.320714 -0.109701
v -0.129442 1.324883 -0.111151
v -0.127716 1.331691 -0.111225
v -0.128957 1.335300 -0.107728
v -0.128671 1.337152 -0.102902
v -0.126936 1.336750 -0.098042
v -0.124217 1.334203 -0.094449
v -0.121241 1.330193 -0.093085
v -0.118807 1.325794 -0.094318
v -0.117567 1.322184 -0.097815
v -0.117852 1.320333 -0.102640
v -0.119587 1.320734 -0.107501
v -0.122307 1.323281 -0.111094
v -0.125282 1.327291 -0.112457
v -0.124365 1.334040 -0.112210
v -0.125955 1.337400 -0.108608
v -0.125866 1.339112 -0.103724
v -0.124122 1.338718 -0.098866
v -0.121190 1.336322 -0.095337
v -0.117855 1.332567 -0.094081
v -0.115011 1.328460 -0.095436
v -0.113421 1.325099 -0.099038
v -0.113509 1.323388 -0.103923
v -0.115254 1.323782 -0.108780
v -0.118186 1.326178 -0.112310
v -0.121521 1.329932 -0.113565
v -0.121616 1.336467 -0.113020
v -0.123574 1.339496 -0.109307
v -0.123648 1.341061 -0.104373
v -0.121820 1.340742 -0.099541
v -0.118578 1.338625 -0.096105
v -0.114792 1.335277 -0.094986
v -0.111477 1.331595 -0.096484
v -0.109519 1.328565 -0.100197
v -0.109445 1.327000 -0.105130
v -0.111273 1.327319 -0.109963
v -0.114515 1.329436 -0.113398
v -0.118301 1.332785 -0.114518
v -0.119365 1.339146 -0.113766
v -0.121758 1.341650 -0.109919
v -0.122070 1.342929 -0.104913
v -0.120215 1.342641 -0.100089
v -0.116692 1.340864 -0.096739
v -0.112444 1.338072 -0.095761
v -0.108609 1.335015 -0.097418
v -0.106216 1.332511 -0.101264
v -0.105904 1.331232 -0.106270
v -0.107758 1.331519 -0.111094
v -0.111282 1.333297 -0.114444
v -0.115530 1.336089 -0.115422
v -0.116260 1.344423 -0.114587
v -0.118973 1.346418 -0.110656
v -0.119505 1.347346 -0.105591
v -0.117713 1.346959 -0.100750
v -0.114078 1.345360 -0.097430
v -0.109573 1.342978 -0.096521
v -0.105406 1.340451 -0.098265
v -0.102693 1.338456 -0.102197
v -0.102161 1.337528 -0.107261
v -0.103953 1.337916 -0.112102
v -0.107588 1.339514 -0.115422
v -0.112093 1.341896 -0.116332
v -0.111440 1.353684 -0.115471
v -0.114273 1.355454 -0.111516
v -0.114900 1.356201 -0.106433
v -0.113155 1.355726 -0.101582
v -0.109505 1.354155 -0.098265
v -0.104928 1.351909 -0.097370
v -0.100650 1.349591 -0.099137
v -0.097818 1.347821 -0.103092
v -0.097190 1.347074 -0.108175
v -0.098935 1.347550 -0.113025
v -0.102585 1.349121 -0.116342
v -0.107162 1.351366 -0.117238
v -0.105363 1.365990 -0.116375
v -0.108245 1.367660 -0.112413
v -0.108911 1.368329 -0.107323
v -0.107184 1.367818 -0.102470
v -0.103525 1.366264 -0.099155
v -0.098915 1.364084 -0.098264
v -0.094590 1.361861 -0.100038
v -0.091708 1.360191 -0.104001
v -0.091042 1.359522 -0.109090
v -0.092770 1.360032 -0.113943
v -0.096428 1.361586 -0.117259
v -0.101038 1.363767 -0.118149
v -0.098367 1.380610 -0.117285
v -0.101278 1.382220 -0.113318
v -0.101965 1.382845 -0.108226
v -0.100246 1.382317 -0.103372
v -0.096580 1.380778 -0.100057
v -0.091950 1.378641 -0.099170
v -0.087596 1.376477 -0.100947
v -0.084685 1.374867 -0.104914
v -0.083998 1.374242 -0.110006
v -0.085717 1.374770 -0.114860
v -0.089383 1.376309 -0.118175
v -0.094013 1.378446 -0.119062
v -0.090803 1.396793 -0.118183
v -0.093734 1.398360 -0.114214
v -0.094435 1.398956 -0.109120
v -0.092719 1.398421 -0.104266
v -0.089045 1.396898 -0.100952
v -0.084399 1.394796 -0.100066
v -0.080024 1.392678 -0.101846
v -0.077094 1.391110 -0.105815
v -0.076392 1.390515 -0.110909
v -0.078108 1.391050 -0.115763
v -0.081782 1.392573 -0.119077
v -0.086428 1.394675 -0.119963
v -0.083024 1.413785 -0.119051
v -0.085971 1.415317 -0.115080
v -0.086682 1.415892 -0.109985
v -0.084966 1.415355 -0.105131
v -0.081284 1.413851 -0.101818
v -0.076622 1.411783 -0.100934
v -0.072229 1.409704 -0.102716
v -0.069282 1.408172 -0.106687
v -0.068571 1.407598 -0.111782
v -0.070287 1.408134 -0.116636
v -0.073969 1.409638 -0.119949
v -0.078631 1.411706 -0.120833
v -0.075385 1.430826 -0.119871
v -0.078346 1.432325 -0.115898
v -0.079064 1.432883 -0.110803
v -0.077347 1.432351 -0.105949
v -0.073654 1.430872 -0.102637
v -0.068975 1.428841 -0.101755
v -0.064564 1.426803 -0.103539
v -0.061602 1.425304 -0.107511
v -0.060884 1.424746 -0.112607
v -0.062601 1.425278 -0.117461
v -0.066294 1.426757 -0.120773
v -0.070973 1.428788 -0.121655
v -0.068241 1.447154 -0.120624
v -0.071218 1.448617 -0.116650
v -0.071942 1.449162 -0.111554
v -0.070220 1.448641 -0.106700
v -0.066512 1.447196 -0.103390
v -0.061812 1.445212 -0.102510
v -0.057380 1.443222 -0.104297
v -0.054403 1.441759 -0.108270
v -0.053678 1.441215 -0.113367
v -0.055401 1.441735 -0.118220
v -0.059109 1.443181 -0.121531
v -0.063808 1.445164 -0.122410
v -0.061950 1.462001 -0.121293
v -0.064947 1.463418 -0.117317
v -0.065677 1.463949 -0.112220
v -0.063945 1.463451 -0.107367
v -0.060215 1.462057 -0.104059
v -0.055487 1.460142 -0.103183
v -0.051027 1.458218 -0.104972
v -0.048030 1.456800 -0.108948
v -0.047300 1.456270 -0.114045
v -0.049032 1.456768 -0.118897
v -0.052762 1.458161 -0.122205
v -0.057490 1.460076 -0.123082
v -0.056880 1.474574 -0.121856
v -0.059905 1.475919 -0.117877
v -0.060641 1.476435 -0.112780
v -0.058891 1.475982 -0.107929
v -0.055124 1.474682 -0.104625
v -0.050349 1.472883 -0.103754
v -0.045846 1.471068 -0.105548
v -0.042821 1.469722 -0.109527
v -0.042084 1.469207 -0.114625
v -0.043834 1.469660 -0.119476
v -0.047601 1.470960 -0.122779
v -0.052376 1.472758 -0.123651
v -0.053423 1.483981 -0.122290
v -0.056504 1.485168 -0.118304
v -0.057250 1.485658 -0.113205
v -0.055459 1.485319 -0.108360
v -0.051613 1.484243 -0.105067
v -0.046742 1.482718 -0.104208
v -0.042150 1.481152 -0.106014
v -0.039069 1.479965 -0.110001
v -0.038324 1.479475 -0.115100
v -0.040114 1.479814 -0.119945
v -0.043960 1.480890 -0.123238
v -0.048832 1.482416 -0.124096
v -0.051904 1.489434 -0.122573
v -0.055062 1.490339 -0.118572
v -0.055822 1.490774 -0.113470
v -0.053981 1.490624 -0.108635
v -0.050031 1.489929 -0.105361
v -0.045033 1.488875 -0.104527
v -0.040324 1.487745 -0.106355
v -0.037166 1.486840 -0.110356
v -0.036406 1.486405 -0.115457
v -0.038248 1.486555 -0.120293
v -0.042197 1.487250 -0.123567
v -0.047195 1.488304 -0.124401
v -0.051308 1.493144 -0.122772
v -0.054499 1.493879 -0.118762
v -0.055267 1.494268 -0.113658
v -0.053409 1.494207 -0.108827
v -0.049421 1.493712 -0.105564
v -0.044373 1.492916 -0.104743
v -0.039616 1.492032 -0.106584
v -0.036426 1.491298 -0.110593
v -0.035657 1.490909 -0.115698
v -0.037516 1.490970 -0.120529
v -0.041503 1.491465 -0.123792
v -0.046552 1.492261 -0.124613
v -0.050205 1.499673 -0.123091
v -0.053396 1.500408 -0.119081
v -0.054167 1.500784 -0.113976
v -0.052312 1.500702 -0.109144
v -0.048328 1.500182 -0.105880
v -0.043284 1.499364 -0.105058
v -0.038529 1.498467 -0.106898
v -0.035339 1.497732 -0.110908
v -0.034568 1.497356 -0.116012
v -0.036423 1.497439 -0.120844
v -0.040406 1.497959 -0.124109
v -0.045451 1.498776 -0.124931
v -0.048755 1.508157 -0.123493
v -0.051945 1.508892 -0.119483
v -0.052717 1.509265 -0.114378
v -0.050863 1.509175 -0.109546
v -0.046881 1.508647 -0.106281
v -0.041838 1.507822 -0.105458
v -0.037084 1.506921 -0.107298
v -0.033894 1.506185 -0.111308
v -0.033122 1.505813 -0.116413
v -0.034976 1.505902 -0.121245
v -0.038958 1.506430 -0.124510
v -0.044002 1.507256 -0.125333
v -0.047045 1.518118 -0.123960
v -0.050235 1.518854 -0.119950
v -0.051007 1.519227 -0.114845
v -0.049154 1.519136 -0.110013
v -0.045172 1.518606 -0.106748
v -0.040129 1.517779 -0.105925
v -0.035375 1.516876 -0.107765
v -0.032185 1.516140 -0.111775
v -0.031414 1.515768 -0.116880
v -0.033267 1.515859 -0.121712
v -0.037249 1.516389 -0.124977
v -0.042292 1.517216 -0.125800
v -0.045166 1.529066 -0.124476
v -0.048355 1.529803 -0.120466
v -0.049127 1.530177 -0.115361
v -0.047273 1.530088 -0.110529
v -0.043291 1.529560 -0.107264
v -0.038248 1.528734 -0.106441
v -0.033494 1.527832 -0.108281
v -0.030304 1.527095 -0.112291
v -0.029533 1.526721 -0.117396
v -0.031387 1.526810 -0.122228
v -0.035369 1.527338 -0.125493
v -0.040412 1.528164 -0.126316
v -0.043207 1.540504 -0.125021
v -0.046397 1.541242 -0.121012
v -0.047167 1.541620 -0.115907
v -0.045313 1.541536 -0.111075
v -0.041330 1.541014 -0.107810
v -0.036286 1.540192 -0.106988
v -0.031532 1.539292 -0.108828
v -0.028342 1.538553 -0.112838
v -0.027572 1.538176 -0.117942
v -0.029426 1.538259 -0.122774
v -0.033409 1.538782 -0.126039
v -0.038453 1.539603 -0.126861
v -0.041260 1.551935 -0.125579
v -0.044450 1.552675 -0.121569
v -0.045219 1.553059 -0.116465
v -0.043363 1.552984 -0.111633
v -0.039379 1.552470 -0.108369
v -0.034333 1.551656 -0.107547
v -0.029579 1.550758 -0.109387
v -0.026390 1.550019 -0.113397
v -0.025620 1.549635 -0.118501
v -0.027476 1.549710 -0.123333
v -0.031461 1.550223 -0.126597
v -0.036506 1.551038 -0.127419
v -0.039417 1.562859 -0.126130
v -0.042606 1.563601 -0.122121
v -0.043374 1.563994 -0.117017
v -0.041516 1.563933 -0.112186
v -0.037529 1.563434 -0.108922
v -0.032481 1.562631 -0.108101
v -0.027726 1.561740 -0.109941
v -0.024537 1.560998 -0.113951
v -0.023769 1.560605 -0.119055
v -0.025627 1.560666 -0.123886
v -0.029614 1.561165 -0.127149
v -0.034662 1.561967 -0.127971
v -0.037769 1.572772 -0.126657
v -0.040957 1.573518 -0.122647
v -0.041723 1.573925 -0.117544
v -0.039861 1.573887 -0.112715
v -0.035870 1.573412 -0.109452
v -0.030819 1.572629 -0.108632
v -0.026063 1.571746 -0.110473
v -0.022874 1.571001 -0.114482
v -0.022109 1.570593 -0.119585
v -0.023971 1.570632 -0.124415
v -0.027962 1.571106 -0.127677
v -0.033012 1.571890 -0.128498
v -0.036410 1.581158 -0.127139
v -0.039598 1.581909 -0.123130
v -0.040359 1.582344 -0.118029
v -0.038490 1.582347 -0.113201
v -0.034492 1.581916 -0.109942
v -0.029436 1.581168 -0.109123
v -0.024676 1.580302 -0.110965
v -0.021489 1.579551 -0.114974
v -0.020728 1.579116 -0.120076
v -0.022596 1.579113 -0.124903
v -0.026595 1.579543 -0.128163
v -0.031651 1.580292 -0.128981
v -0.035442 1.587443 -0.127553
v -0.038627 1.588207 -0.123545
v -0.039379 1.588706 -0.118448
v -0.037496 1.588805 -0.113627
v -0.033482 1.588478 -0.110374
v -0.028413 1.587812 -0.109562
v -0.023648 1.586986 -0.111407
v -0.020463 1.586221 -0.115414
v -0.019711 1.585722 -0.120512
v -0.021594 1.585623 -0.125332
v -0.025608 1.585951 -0.128585
v -0.030676 1.586617 -0.129397
v -0.034927 1.591282 -0.127892
v -0.038144 1.591759 -0.123865
v -0.038915 1.592090 -0.118757
v -0.037032 1.592188 -0.113937
v -0.033000 1.592025 -0.110695
v -0.027899 1.591645 -0.109901
v -0.023096 1.591151 -0.111767
v -0.019878 1.590674 -0.115793
v -0.019107 1.590342 -0.120901
v -0.020990 1.590245 -0.125722
v -0.025023 1.590407 -0.128964
v -0.030124 1.590787 -0.129758
v -0.033987 1.620251 -0.128413
v -0.037224 1.620399 -0.124375
v -0.038008 1.620489 -0.119259
v -0.036129 1.620499 -0.114436
v -0.032092 1.620425 -0.111197
v -0.026978 1.620286 -0.110411
v -0.022156 1.620121 -0.112288
v -0.018920 1.619974 -0.116325
v -0.018136 1.619883 -0.121441
v -0.020014 1.619874 -0.126264
v -0.024052 1.619948 -0.129503
v -0.029166 1.620086 -0.130290
v -0.032108 1.693458 -0.129041
v -0.035346 1.693569 -0.125003
v -0.036131 1.693628 -0.119887
v -0.034253 1.693617 -0.115063
v -0.030216 1.693541 -0.111825
v -0.025101 1.693419 -0.111038
v -0.020279 1.693285 -0.112916
v -0.017042 1.693173 -0.116953
v -0.016257 1.693115 -0.122070
v -0.018134 1.693125 -0.126893
v -0.022171 1.693202 -0.130132
v -0.027286 1.693323 -0.130918
v -0.029475 1.802020 -0.129754
v -0.032712 1.802123 -0.125716
v -0.033497 1.802173 -0.120600
v -0.031620 1.802158 -0.115776
v -0.027583 1.802081 -0.112537
v -0.022468 1.801963 -0.111751
v -0.017645 1.801836 -0.113629
v -0.014408 1.801733 -0.117666
v -0.013623 1.801683 -0.122783
v -0.015500 1.801698 -0.127607
v -0.019537 1.801775 -0.130845
v -0.024652 1.801893 -0.131632
v -0.026269 1.937108 -0.130529
v -0.029506 1.937207 -0.126492
v -0.030292 1.937253 -0.121375
v -0.028414 1.937236 -0.116551
v -0.024377 1.937158 -0.113312
v -0.019262 1.937042 -0.112526
v -0.014440 1.936918 -0.114404
v -0.011202 1.936819 -0.118441
v -0.010417 1.936772 -0.123558
v -0.012294 1.936790 -0.128382
v -0.016332 1.936867 -0.131621
v -0.021447 1.936983 -0.132407
v -0.022675 2.089879 -0.131344
v -0.025912 2.089976 -0.127306
v -0.026698 2.090021 -0.122190
v -0.024820 2.090003 -0.117366
v -0.020783 2.089925 -0.114127
v -0.015668 2.089808 -0.113341
v -0.010846 2.089685 -0.115218
v -0.007608 2.089588 -0.119256
v -0.006823 2.089543 -0.124372
v -0.008700 2.089561 -0.129196
v -0.012737 2.089639 -0.132435
v -0.017852 2.089756 -0.133221
v -0.018876 2.251491 -0.132175
v -0.022113 2.251587 -0.128137
v -0.022898 2.251632 -0.123021
v -0.021021 2.251613 -0.118197
v -0.016984 2.251534 -0.114958
v -0.011869 2.251418 -0.114172
v -0.007047 2.251294 -0.116049
v -0.003809 2.251197 -0.120087
v -0.003024 2.251153 -0.125203
v -0.004901 2.251172 -0.130027
v -0.008938 2.251251 -0.133266
v -0.014053 2.251367 -0.134052
v -0.015055 2.413100 -0.133000
v -0.018293 2.413198 -0.128962
v -0.019078 2.413243 -0.123846
v -0.017200 2.413223 -0.119022
v -0.013163 2.413144 -0.115783
v -0.008048 2.413026 -0.114997
v -0.003226 2.412901 -0.116874
v 0.000012 2.412804 -0.120912
v 0.000797 2.412759 -0.126029
v -0.001081 2.412778 -0.130852
v -0.005118 2.412858 -0.134091
v -0.010233 2.412975 -0.134877
v -0.011396 2.565863 -0.133797
v -0.014634 2.565963 -0.129759
v -0.015419 2.566010 -0.124643
v -0.013542 2.565990 -0.119819
v -0.009505 2.565910 -0.116580
v -0.004390 2.565790 -0.115794
v 0.000433 2.565663 -0.117671
v 0.003670 2.565563 -0.121709
v 0.004455 2.565516 -0.126825
v 0.002578 2.565536 -0.131649
v -0.001459 2.565616 -0.134888
v -0.006574 2.565736 -0.135674
v -0.008083 2.700938 -0.134542
v -0.011320 2.701042 -0.130504
v -0.012106 2.701092 -0.125388
v -0.010228 2.701073 -0.120564
v -0.006191 2.700991 -0.117325
v -0.001076 2.700867 -0.116539
v 0.003746 2.700735 -0.118416
v 0.006983 2.700630 -0.122454
v 0.007768 2.700580 -0.127570
v 0.005891 2.700599 -0.132394
v 0.001854 2.700682 -0.135633
v -0.003261 2.700805 -0.136419
v -0.005299 2.809479 -0.135213
v -0.008536 2.809595 -0.131176
v -0.009321 2.809652 -0.126059
v -0.007443 2.809635 -0.121235
v -0.003406 2.809549 -0.117997
v 0.001708 2.809417 -0.117210
v 0.006530 2.809273 -0.119088
v 0.009767 2.809158 -0.123125
v 0.010552 2.809101 -0.128241
v 0.008675 2.809118 -0.133065
v 0.004638 2.809204 -0.136304
v -0.000477 2.809336 -0.137090
v -0.003227 2.882649 -0.135788
v -0.006462 2.882809 -0.131751
v -0.007246 2.882896 -0.126635
v -0.005369 2.882888 -0.121811
v -0.001332 2.882787 -0.118572
v 0.003781 2.882620 -0.117785
v 0.008602 2.882432 -0.119662
v 0.011838 2.882273 -0.123699
v 0.012622 2.882185 -0.128815
v 0.010744 2.882193 -0.133639
v 0.006707 2.882294 -0.136878
v 0.001594 2.882461 -0.137665
v -0.002053 2.911524 -0.136242
v -0.005289 2.911665 -0.132205
v -0.006073 2.911758 -0.127089
v -0.004194 2.911778 -0.122266
v -0.000156 2.911719 -0.119027
v 0.004958 2.911598 -0.118241
v 0.009780 2.911446 -0.120118
v 0.013016 2.911305 -0.124156
v 0.013800 2.911212 -0.129272
v 0.011922 2.911192 -0.134095
v 0.007884 2.911251 -0.137334
v 0.002769 2.911372 -0.138120
v -0.001287 2.980204 -0.137114
v -0.004524 2.980275 -0.133076
v -0.005309 2.980338 -0.127960
v -0.003430 2.980376 -0.123137
v 0.000609 2.980379 -0.119899
v 0.005725 2.980346 -0.119114
v 0.010549 2.980286 -0.120992
v 0.013786 2.980215 -0.125031
v 0.014570 2.980152 -0.130147
v 0.012692 2.980114 -0.134970
v 0.008653 2.980111 -0.138208
v 0.003536 2.980144 -0.138993
v -0.000343 3.163440 -0.138837
v -0.003580 3.163492 -0.134798
v -0.004365 3.163542 -0.129682
v -0.002486 3.163577 -0.124858
v 0.001553 3.163588 -0.121621
v 0.006669 3.163571 -0.120836
v 0.011493 3.163532 -0.122715
v 0.014730 3.163481 -0.126753
v 0.015515 3.163431 -0.131870
v 0.013636 3.163396 -0.136693
v 0.009597 3.163385 -0.139931
v 0.004481 3.163402 -0.140715
v 0.000743 3.438267 -0.141228
v -0.002495 3.438313 -0.137189
v -0.003279 3.438360 -0.132073
v -0.001400 3.438394 -0.127249
v 0.002639 3.438407 -0.124012
v 0.007755 3.438394 -0.123227
v 0.012578 3.438360 -0.125106
v 0.015816 3.438314 -0.129144
v 0.016600 3.438267 -0.134261
v 0.014722 3.438233 -0.139084
v 0.010683 3.438220 -0.142322
v 0.005566 3.438233 -0.143106
v 0.001935 3.781783 -0.144107
v -0.001303 3.781827 -0.140068
v -0.002087 3.781872 -0.134952
v -0.000209 3.781906 -0.130128
v 0.003830 3.781919 -0.126891
v 0.008947 3.781909 -0.126106
v 0.013770 3.781877 -0.127985
v 0.017008 3.781832 -0.132023
v 0.017792 3.781787 -0.137140
v 0.015913 3.781754 -0.141963
v 0.011875 3.781740 -0.145201
v 0.006758 3.781751 -0.145985
v 0.003197 4.171093 -0.147293
v -0.000041 4.171136 -0.143255
v -0.000825 4.171180 -0.138138
v 0.001054 4.171213 -0.133315
v 0.005093 4.171227 -0.130077
v 0.010209 4.171216 -0.129293
v 0.015033 4.171185 -0.131171
v 0.018270 4.171143 -0.135210
v 0.019055 4.171099 -0.140326
v 0.017176 4.171065 -0.145150
v 0.013137 4.171052 -0.148387
v 0.008020 4.171062 -0.149172
v 0.004495 4.583300 -0.150607
v 0.001257 4.583343 -0.146568
v 0.000473 4.583386 -0.141452
v 0.002352 4.583418 -0.136628
v 0.006391 4.583432 -0.133391
v 0.011507 4.583422 -0.132606
v 0.016331 4.583392 -0.134485
v 0.019568 4.583349 -0.138524
v 0.020353 4.583306 -0.143640
v 0.018474 4.583273 -0.148463
v 0.014435 4.583260 -0.151701
v 0.009318 4.583270 -0.152486
v 0.005793 4.995509 -0.153867
v 0.002555 4.995551 -0.149828
v 0.001771 4.995594 -0.144712
v 0.003650 4.995625 -0.139888
v 0.007689 4.995638 -0.136651
v 0.012805 4.995628 -0.135866
v 0.017628 4.995598 -0.137745
v 0.020866 4.995556 -0.141784
v 0.021651 4.995513 -0.146900
v 0.019772 4.995481 -0.151723
v 0.015733 4.995469 -0.154961
v 0.010616 4.995479 -0.155745
v 0.007055 5.384824 -0.156892
v 0.003818 5.384866 -0.152854
v 0.003033 5.384908 -0.147737
v 0.004912 5.384938 -0.142914
v 0.008951 5.384950 -0.139676
v 0.014068 5.384939 -0.138892
v 0.018891 5.384908 -0.140771
v 0.022129 5.384866 -0.144809
v 0.022913 5.384824 -0.149926
v 0.021034 5.384793 -0.154749
v 0.016995 5.384782 -0.157987
v 0.011879 5.384793 -0.158771
v 0.008247 5.728348 -0.159503
v 0.005010 5.728390 -0.155465
v 0.004225 5.728431 -0.150348
v 0.006104 5.728460 -0.145525
v 0.010143 5.728470 -0.142287
v 0.015259 5.728456 -0.141503
v 0.020083 5.728425 -0.143381
v 0.023320 5.728383 -0.147420
v 0.024105 5.728342 -0.152537
v 0.022226 5.728312 -0.157360
v 0.018187 5.728303 -0.160597
v 0.013071 5.728316 -0.161382
v 0.009333 6.003190 -0.161519
v 0.006095 6.003233 -0.157480
v 0.005311 6.003273 -0.152364
v 0.007190 6.003298 -0.147541
v 0.011228 6.003303 -0.144303
v 0.016345 6.003284 -0.143518
v 0.021168 6.003250 -0.145397
v 0.024406 6.003206 -0.149436
v 0.025190 6.003167 -0.154552
v 0.023312 6.003141 -0.159375
v 0.019273 6.003137 -0.162613
v 0.014156 6.003155 -0.163398
v 0.010277 6.186473 -0.162759
v 0.007040 6.186522 -0.158720
v 0.006255 6.186556 -0.153604
v 0.008134 6.186567 -0.148780
v 0.012173 6.186552 -0.145542
v 0.017289 6.186514 -0.144758
v 0.022112 6.186465 -0.146636
v 0.025350 6.186416 -0.150675
v 0.026134 6.186382 -0.155791
v 0.024255 6.186371 -0.160615
v 0.020217 6.186387 -0.163853
v 0.015100 6.186424 -0.164637
v 0.011044 6.255212 -0.163041
v 0.007807 6.255332 -0.159004
v 0.007024 6.255427 -0.153888
v 0.008903 6.255472 -0.149065
v 0.012941 6.255455 -0.145827
v 0.018057 6.255380 -0.145042
v 0.022880 6.255268 -0.146920
v 0.026116 6.255148 -0.150957
v 0.026900 6.255053 -0.156073
v 0.025021 6.255008 -0.160896
v 0.020982 6.255025 -0.164134
v 0.015866 6.255100 -0.164919
v 0.011174 6.259542 -0.163148
v 0.007937 6.259689 -0.159111
v 0.007150 6.260025 -0.154006
v 0.009024 6.260461 -0.149201
v 0.013056 6.260880 -0.145982
v 0.018167 6.261169 -0.145213
v 0.022986 6.261252 -0.147100
v 0.026223 6.261106 -0.151136
v 0.027011 6.260770 -0.156241
v 0.025137 6.260334 -0.161047
v 0.021105 6.259915 -0.164266
v 0.015994 6.259625 -0.165035
v 0.010431 6.265800 -0.163903
v 0.007199 6.265899 -0.159861
v 0.006386 6.266500 -0.154785
v 0.008212 6.267439 -0.150033
v 0.012186 6.268468 -0.146880
v 0.017244 6.269309 -0.146170
v 0.022030 6.269737 -0.148093
v 0.025263 6.269638 -0.152135
v 0.026075 6.269037 -0.157212
v 0.024250 6.268097 -0.161963
v 0.020276 6.267069 -0.165117
v 0.015218 6.266228 -0.165827
v 0.008901 6.274375 -0.165321
v 0.005668 6.274474 -0.161279
v 0.004831 6.275222 -0.156226
v 0.006613 6.276417 -0.151515
v 0.010537 6.277741 -0.148409
v 0.015551 6.278837 -0.147740
v 0.020313 6.279413 -0.149688
v 0.023545 6.279314 -0.153729
v 0.024383 6.278566 -0.158783
v 0.022601 6.277371 -0.163493
v 0.018677 6.276047 -0.166599
v 0.013662 6.274951 -0.167268
v 0.006765 6.284464 -0.167294
v 0.003528 6.284587 -0.163257
v 0.002668 6.285441 -0.158224
v 0.004417 6.286798 -0.153545
v 0.008305 6.288293 -0.150472
v 0.013291 6.289527 -0.149830
v 0.018039 6.290169 -0.151790
v 0.021276 6.290047 -0.155827
v 0.022136 6.289193 -0.160860
v 0.020387 6.287836 -0.165539
v 0.016499 6.286340 -0.168612
v 0.011513 6.285106 -0.169254
v 0.004226 6.295495 -0.169714
v 0.000979 6.295660 -0.165686
v 0.000098 6.296607 -0.160674
v 0.001820 6.298081 -0.156020
v 0.005682 6.299689 -0.152972
v 0.010651 6.300999 -0.152347
v 0.015394 6.301661 -0.154311
v 0.018641 6.301496 -0.158339
v 0.019522 6.300549 -0.163351
v 0.017800 6.299075 -0.168005
v 0.013938 6.297467 -0.171053
v 0.008969 6.296156 -0.171679
v 0.001482 6.306961 -0.172476
v -0.001780 6.307188 -0.168463
v -0.002682 6.308227 -0.163473
v -0.000984 6.309800 -0.158843
v 0.002860 6.311486 -0.155814
v 0.007820 6.312832 -0.155197
v 0.012567 6.313478 -0.157157
v 0.015829 6.313251 -0.161170
v 0.016732 6.312212 -0.166160
v 0.015033 6.310638 -0.170790
v 0.011189 6.308953 -0.173819
v 0.006229 6.307607 -0.174436
v -0.001268 6.318376 -0.175474
v -0.004551 6.318692 -0.171484
v -0.005479 6.319836 -0.166522
v -0.003803 6.321502 -0.161916
v 0.000028 6.323243 -0.158902
v 0.004987 6.324593 -0.158286
v 0.009746 6.325190 -0.160233
v 0.013029 6.324873 -0.164223
v 0.013957 6.323729 -0.169185
v 0.012281 6.322063 -0.173791
v 0.008450 6.320322 -0.176805
v 0.003491 6.318973 -0.177421
v -0.003828 6.329264 -0.178605
v -0.007141 6.329710 -0.174653
v -0.008100 6.330986 -0.169729
v -0.006447 6.332752 -0.165152
v -0.002625 6.334532 -0.162149
v 0.002341 6.335852 -0.161524
v 0.007122 6.336356 -0.163445
v 0.010435 6.335910 -0.167397
v 0.011394 6.334633 -0.172321
v 0.009741 6.332868 -0.176898
v 0.005919 6.331088 -0.179901
v 0.000953 6.329768 -0.180526
v -0.006000 6.339148 -0.181763
v -0.009357 6.339794 -0.177875
v -0.010355 6.341256 -0.173011
v -0.008729 6.343144 -0.168474
v -0.004913 6.344951 -0.165479
v 0.000070 6.346193 -0.164829
v 0.004885 6.346537 -0.166699
v 0.008241 6.345891 -0.170586
v 0.009240 6.344429 -0.175450
v 0.007614 6.342541 -0.179987
v 0.003798 6.340734 -0.182982
v -0.001185 6.339492 -0.183632
v -0.007589 6.347537 -0.184832
v -0.011007 6.348521 -0.181071
v -0.012061 6.350282 -0.176319
v -0.010467 6.352349 -0.171849
v -0.006653 6.354167 -0.168858
v -0.001641 6.355250 -0.168149
v 0.003226 6.355308 -0.169911
v 0.006644 6.354324 -0.173672
v 0.007697 6.352562 -0.178424
v 0.006103 6.350495 -0.182894
v 0.002289 6.348677 -0.185884
v -0.002722 6.347594 -0.186594
v -0.008406 6.353893 -0.187661
v -0.011896 6.355552 -0.184218
v -0.013011 6.357893 -0.179737
v -0.011451 6.360286 -0.175420
v -0.007636 6.362091 -0.172423
v -0.002587 6.362824 -0.171550
v 0.002343 6.362289 -0.173034
v 0.005833 6.360630 -0.176478
v 0.006948 6.358289 -0.180958
v 0.005389 6.355896 -0.185275
v 0.001574 6.354091 -0.188272
v -0.003475 6.353358 -0.189145
v -0.008315 6.357278 -0.189744
v -0.011771 6.360051 -0.187067
v -0.012853 6.363450 -0.183316
v -0.011272 6.366566 -0.179497
v -0.007450 6.368562 -0.176632
v -0.002413 6.368905 -0.175490
v 0.002490 6.367502 -0.176376
v 0.005946 6.364729 -0.179053
v 0.007028 6.361330 -0.182803
v 0.005446 6.358214 -0.186623
v 0.001625 6.356218 -0.189487
v -0.003412 6.355875 -0.190630
v -0.007534 6.359915 -0.192779
v -0.010780 6.363682 -0.191339
v -0.011618 6.368236 -0.189026
v -0.009825 6.372357 -0.186458
v -0.005879 6.374941 -0.184325
v -0.000840 6.375296 -0.183197
v 0.003944 6.373326 -0.183377
v 0.007190 6.369559 -0.184817
v 0.008028 6.365005 -0.187131
v 0.006234 6.360884 -0.189699
v 0.002289 6.358300 -0.191832
v -0.002751 6.357945 -0.192960
v -0.007236 6.360505 -0.194674
v -0.010252 6.364711 -0.194711
v -0.010787 6.369847 -0.194351
v -0.008697 6.374537 -0.193691
v -0.004542 6.377523 -0.192907
v 0.000564 6.378006 -0.192209
v 0.005254 6.375856 -0.191785
v 0.008270 6.371649 -0.191748
v 0.008805 6.366513 -0.192108
v 0.006715 6.361824 -0.192768
v 0.002560 6.358838 -0.193552
v -0.002547 6.358355 -0.194250
v -0.007029 6.360159 -0.196785
v -0.009899 6.364225 -0.198210
v -0.010240 6.369174 -0.199688
v -0.007961 6.373681 -0.200822
v -0.003672 6.376538 -0.201310
v 0.001478 6.376979 -0.201021
v 0.006108 6.374887 -0.200031
v 0.008978 6.370821 -0.198607
v 0.009319 6.365872 -0.197129
v 0.007039 6.361365 -0.195994
v 0.002751 6.358509 -0.195506
v -0.002399 6.358067 -0.195796
v -0.006858 6.358637 -0.199851
v -0.009671 6.362298 -0.202191
v -0.009937 6.366711 -0.204884
v -0.007584 6.370693 -0.207209
v -0.003242 6.373177 -0.208541
v 0.001924 6.373497 -0.208525
v 0.006531 6.371569 -0.207165
v 0.009344 6.367907 -0.204825
v 0.009610 6.363494 -0.202132
v 0.007257 6.359513 -0.199807
v 0.002915 6.357029 -0.198475
v -0.002251 6.356708 -0.198491
v -0.006784 6.355764 -0.203593
v -0.009584 6.359043 -0.206457
v -0.009832 6.362947 -0.209848
v -0.007462 6.366428 -0.212857
v -0.003109 6.368555 -0.214679
v 0.002062 6.368758 -0.214824
v 0.006664 6.366982 -0.213254
v 0.009464 6.363704 -0.210389
v 0.009712 6.359800 -0.206998
v 0.007342 6.356319 -0.203989
v 0.002989 6.354192 -0.202168
v -0.002182 6.353989 -0.202023
v -0.006828 6.351840 -0.207536
v -0.009631 6.354828 -0.210700
v -0.009882 6.358342 -0.214492
v -0.007516 6.361440 -0.217898
v -0.003164 6.363291 -0.220004
v 0.002005 6.363400 -0.220246
v 0.006608 6.361737 -0.218560
v 0.009411 6.358748 -0.215396
v 0.009662 6.355234 -0.211604
v 0.007295 6.352137 -0.208198
v 0.002944 6.350286 -0.206092
v -0.002225 6.350177 -0.205850
v -0.006977 6.347332 -0.211352
v -0.009786 6.350118 -0.214690
v -0.010046 6.353355 -0.218721
v -0.007688 6.356176 -0.222365
v -0.003343 6.357825 -0.224645
v 0.001824 6.357860 -0.224951
v 0.006429 6.356271 -0.223200
v 0.009238 6.353485 -0.219863
v 0.009499 6.350248 -0.215832
v 0.007140 6.347427 -0.212188
v 0.002796 6.345778 -0.209908
v -0.002371 6.345743 -0.209602
v -0.007198 6.342728 -0.214826
v -0.010014 6.345387 -0.218260
v -0.010283 6.348444 -0.222430
v -0.007934 6.351077 -0.226217
v -0.003596 6.352582 -0.228607
v 0.001569 6.352556 -0.228959
v 0.006176 6.351006 -0.227180
v 0.008991 6.348347 -0.223745
v 0.009260 6.345291 -0.219575
v 0.006911 6.342658 -0.215788
v 0.002573 6.341152 -0.213398
v -0.002591 6.341178 -0.213046
v -0.007458 6.338489 -0.217809
v -0.010276 6.341105 -0.221275
v -0.010550 6.344077 -0.225504
v -0.008207 6.346611 -0.229362
v -0.003875 6.348027 -0.231816
v 0.001286 6.347946 -0.232208
v 0.005893 6.346388 -0.230433
v 0.008711 6.343773 -0.226967
v 0.008985 6.340800 -0.222738
v 0.006642 6.338266 -0.218880
v 0.002310 6.336850 -0.216426
v -0.002851 6.336932 -0.216034
v -0.007726 6.334982 -0.220240
v -0.010535 6.337713 -0.223624
v -0.010801 6.340780 -0.227785
v -0.008455 6.343363 -0.231608
v -0.004123 6.344768 -0.234070
v 0.001032 6.344619 -0.234510
v 0.005631 6.342957 -0.232810
v 0.008439 6.340226 -0.229427
v 0.008706 6.337159 -0.225265
v 0.006359 6.334577 -0.221442
v 0.002028 6.333172 -0.218980
v -0.003128 6.333320 -0.218540
v -0.008164 6.331556 -0.223240
v -0.010787 6.335447 -0.225426
v -0.010859 6.339730 -0.228331
v -0.008361 6.343259 -0.231177
v -0.003962 6.345088 -0.233201
v 0.001160 6.344727 -0.233861
v 0.005631 6.342273 -0.232979
v 0.008254 6.338382 -0.230793
v 0.008326 6.334099 -0.227888
v 0.005828 6.330570 -0.225042
v 0.001428 6.328741 -0.223018
v -0.003693 6.329102 -0.222359
v -0.009194 6.332321 -0.233223
v -0.011282 6.335644 -0.229847
v -0.010723 6.339256 -0.226183
v -0.007665 6.342192 -0.223211
v -0.002929 6.343662 -0.221728
v 0.002217 6.343275 -0.222132
v 0.006394 6.341133 -0.224314
v 0.008483 6.337811 -0.227690
v 0.007923 6.334198 -0.231354
v 0.004866 6.331263 -0.234326
v 0.000129 6.329792 -0.235809
v -0.005017 6.330179 -0.235405
v -0.006520 6.347390 -0.233149
v -0.009324 6.346293 -0.228938
v -0.009682 6.344236 -0.224202
v -0.007499 6.341769 -0.220209
v -0.003360 6.339553 -0.218029
v 0.001627 6.338183 -0.218247
v 0.006125 6.338025 -0.220804
v 0.008929 6.339121 -0.225015
v 0.009288 6.341178 -0.229751
v 0.007104 6.343645 -0.233744
v 0.002965 6.345861 -0.235924
v -0.002022 6.347231 -0.235706
v -0.002032 6.358619 -0.226048
v -0.004984 6.357118 -0.222070
v -0.005605 6.354339 -0.217747
v -0.003729 6.351027 -0.214238
v 0.000140 6.348070 -0.212484
v 0.004967 6.346260 -0.212953
v 0.009458 6.346082 -0.215522
v 0.012409 6.347584 -0.219501
v 0.013030 6.350362 -0.223823
v 0.011155 6.353674 -0.227332
v 0.007285 6.356631 -0.229087
v 0.002459 6.358441 -0.228617
v 0.004276 6.371632 -0.215955
v 0.001265 6.370005 -0.212072
v 0.000538 6.367003 -0.207918
v 0.002291 6.363431 -0.204606
v 0.006052 6.360246 -0.203024
v 0.010815 6.358302 -0.203596
v 0.015303 6.358119 -0.206168
v 0.018314 6.359746 -0.210052
v 0.019041 6.362748 -0.214206
v 0.017289 6.366320 -0.217517
v 0.013528 6.369504 -0.219099
v 0.008765 6.371449 -0.218528
v 0.012100 6.386486 -0.203373
v 0.009058 6.384798 -0.199541
v 0.008275 6.381690 -0.195476
v 0.009963 6.377994 -0.192268
v 0.013668 6.374701 -0.190776
v 0.018399 6.372694 -0.191401
v 0.022886 6.372509 -0.193974
v 0.025929 6.374197 -0.197807
v 0.026711 6.377306 -0.201872
v 0.025024 6.381001 -0.205080
v 0.021318 6.384294 -0.206571
v 0.016588 6.386301 -0.205947
v 0.020961 6.402553 -0.189073
v 0.017899 6.400830 -0.185272
v 0.017084 6.397661 -0.181261
v 0.018733 6.393895 -0.178115
v 0.022405 6.390543 -0.176677
v 0.027116 6.388501 -0.177332
v 0.031604 6.388317 -0.179905
v 0.034666 6.390040 -0.183706
v 0.035482 6.393209 -0.187717
v 0.033833 6.396975 -0.190863
v 0.030161 6.400327 -0.192301
v 0.025449 6.402369 -0.191646
v 0.030340 6.419100 -0.173886
v 0.027265 6.417354 -0.170106
v 0.026428 6.414147 -0.166130
v 0.028053 6.410339 -0.163023
v 0.031705 6.406950 -0.161618
v 0.036405 6.404889 -0.162291
v 0.040894 6.404706 -0.164862
v 0.043969 6.406453 -0.168642
v 0.044807 6.409660 -0.172618
v 0.043181 6.413468 -0.175725
v 0.039530 6.416857 -0.177130
v 0.034829 6.418918 -0.176457
v 0.039705 6.435362 -0.158667
v 0.036621 6.433600 -0.154902
v 0.035770 6.430370 -0.150948
v 0.037381 6.426537 -0.147864
v 0.041022 6.423128 -0.146477
v 0.045716 6.421057 -0.147159
v 0.050208 6.420879 -0.149727
v 0.053292 6.422641 -0.153492
v 0.054142 6.425871 -0.157447
v 0.052532 6.429704 -0.160530
v 0.048891 6.433113 -0.161917
v 0.044196 6.435184 -0.161235
v 0.048518 6.450562 -0.144280
v 0.045428 6.448790 -0.140524
v 0.044570 6.445547 -0.136581
v 0.046174 6.441703 -0.133508
v 0.049811 6.438288 -0.132127
v 0.054506 6.436217 -0.132809
v 0.059001 6.436045 -0.135371
v 0.062091 6.437818 -0.139127
v 0.062949 6.441060 -0.143069
v 0.061344 6.444904 -0.146143
v 0.057707 6.448319 -0.147524
v 0.053012 6.450390 -0.146842
v 0.056234 6.463910 -0.131597
v 0.053140 6.462132 -0.127847
v 0.052282 6.458889 -0.123904
v 0.053891 6.455051 -0.120825
v 0.057534 6.451648 -0.119434
v 0.062236 6.449589 -0.120104
v 0.066737 6.449428 -0.122656
v 0.069830 6.451206 -0.126405
v 0.070688 6.454449 -0.130348
v 0.069080 6.458286 -0.133428
v 0.065437 6.461690 -0.134819
v 0.060735 6.463748 -0.134149
v 0.062293 6.474586 -0.121521
v 0.059199 6.472807 -0.117771
v 0.058355 6.469589 -0.113806
v 0.059986 6.465793 -0.110688
v 0.063656 6.462436 -0.109252
v 0.068381 6.460419 -0.109884
v 0.072895 6.460280 -0.112413
v 0.075989 6.462059 -0.116163
v 0.076833 6.465278 -0.120128
v 0.075202 6.469074 -0.123246
v 0.071532 6.472431 -0.124682
v 0.066807 6.474448 -0.124050
v 0.066013 6.481511 -0.115172
v 0.062933 6.479758 -0.111399
v 0.062160 6.476681 -0.107309
v 0.063901 6.473104 -0.103998
v 0.067691 6.469985 -0.102352
v 0.072513 6.468160 -0.102814
v 0.077076 6.468118 -0.105258
v 0.080156 6.469871 -0.109031
v 0.080929 6.472948 -0.113121
v 0.079188 6.476525 -0.116432
v 0.075398 6.479644 -0.118078
v 0.070576 6.481469 -0.117616
v 0.066598 6.482481 -0.114201
v 0.063570 6.480906 -0.110309
v 0.063015 6.478559 -0.105729
v 0.065080 6.476072 -0.101686
v 0.069213 6.474108 -0.099266
v 0.074306 6.473196 -0.099115
v 0.078994 6.473578 -0.101275
v 0.082022 6.475154 -0.105167
v 0.082578 6.477500 -0.109747
v 0.080513 6.479988 -0.113789
v 0.076380 6.481951 -0.116210
v 0.071287 6.482864 -0.116361
v 0.066398 6.487237 -0.112697
v 0.063383 6.485766 -0.108755
v 0.062865 6.483715 -0.104030
v 0.064982 6.481635 -0.099790
v 0.069167 6.480082 -0.097169
v 0.074299 6.479473 -0.096870
v 0.079002 6.479971 -0.098974
v 0.082017 6.481442 -0.102916
v 0.082535 6.483493 -0.107641
v 0.080418 6.485573 -0.111882
v 0.076233 6.487126 -0.114503
v 0.071101 6.487735 -0.114801
v 0.068540 6.497536 -0.107015
v 0.065511 6.495984 -0.103115
v 0.064910 6.493453 -0.098639
v 0.066897 6.490623 -0.094787
v 0.070940 6.488252 -0.092591
v 0.075956 6.486974 -0.092640
v 0.080601 6.487134 -0.094919
v 0.083630 6.488686 -0.098819
v 0.084231 6.491217 -0.103295
v 0.082244 6.494047 -0.107147
v 0.078200 6.496418 -0.109343
v 0.073184 6.497695 -0.109294
v 0.072172 6.509308 -0.099423
v 0.069135 6.507728 -0.095540
v 0.068483 6.505027 -0.091173
v 0.070391 6.501928 -0.087491
v 0.074347 6.499262 -0.085482
v 0.079291 6.497743 -0.085683
v 0.083899 6.497778 -0.088042
v 0.086936 6.499358 -0.091925
v 0.087588 6.502059 -0.096292
v 0.085680 6.505157 -0.099973
v 0.081724 6.507824 -0.101983
v 0.076780 6.509343 -0.101781
v 0.076961 6.522596 -0.090228
v 0.073921 6.521006 -0.086353
v 0.073239 6.518220 -0.082043
v 0.075099 6.514987 -0.078454
v 0.079002 6.512173 -0.076547
v 0.083903 6.510530 -0.076833
v 0.088488 6.510501 -0.079236
v 0.091529 6.512092 -0.083111
v 0.092210 6.514877 -0.087421
v 0.090350 6.518110 -0.091010
v 0.086447 6.520925 -0.092917
v 0.081546 6.522567 -0.092631
v 0.082567 6.536885 -0.079945
v 0.079525 6.535291 -0.076072
v 0.078825 6.532459 -0.071796
v 0.080654 6.529149 -0.068262
v 0.084524 6.526247 -0.066418
v 0.089396 6.524530 -0.066756
v 0.093965 6.524461 -0.069188
v 0.097007 6.526055 -0.073061
v 0.097707 6.528887 -0.077337
v 0.095877 6.532197 -0.080871
v 0.092008 6.535100 -0.082715
v 0.087136 6.536816 -0.082376
v 0.088631 6.551551 -0.069139
v 0.085589 6.549957 -0.065266
v 0.084878 6.547099 -0.061009
v 0.086689 6.543742 -0.057510
v 0.090535 6.540785 -0.055705
v 0.095388 6.539021 -0.056080
v 0.099945 6.538922 -0.058532
v 0.102987 6.540516 -0.062406
v 0.103697 6.543374 -0.066662
v 0.101887 6.546731 -0.070162
v 0.098040 6.549688 -0.071966
v 0.093188 6.551452 -0.071592
v 0.094788 6.565934 -0.058399
v 0.091749 6.564347 -0.054521
v 0.091033 6.561477 -0.050273
v 0.092832 6.558093 -0.046793
v 0.096664 6.555102 -0.045015
v 0.101503 6.553305 -0.045413
v 0.106051 6.553185 -0.047882
v 0.109090 6.554772 -0.051760
v 0.109805 6.557642 -0.056008
v 0.108006 6.561026 -0.059488
v 0.104174 6.564017 -0.061267
v 0.099336 6.565814 -0.060868
v 0.100669 6.579363 -0.048320
v 0.097635 6.577788 -0.044432
v 0.096921 6.574921 -0.040183
v 0.098716 6.571528 -0.036710
v 0.102540 6.568520 -0.034944
v 0.107369 6.566702 -0.035358
v 0.111909 6.566561 -0.037842
v 0.114942 6.568136 -0.041730
v 0.115657 6.571004 -0.045979
v 0.113862 6.574397 -0.049452
v 0.110037 6.577405 -0.051218
v 0.105208 6.579223 -0.050804
v 0.105898 6.591152 -0.039508
v 0.102876 6.589602 -0.035602
v 0.102170 6.586756 -0.031336
v 0.103972 6.583377 -0.027853
v 0.107797 6.580370 -0.026086
v 0.112621 6.578542 -0.026509
v 0.117152 6.578381 -0.029007
v 0.120174 6.579931 -0.032913
v 0.120880 6.582777 -0.037179
v 0.119078 6.586156 -0.040662
v 0.115253 6.589162 -0.042430
v 0.110429 6.590991 -0.042007
v 0.110086 6.600578 -0.032593
v 0.107087 6.599083 -0.028648
v 0.106412 6.596303 -0.024333
v 0.108240 6.592985 -0.020806
v 0.112082 6.590017 -0.019011
v 0.116909 6.588194 -0.019429
v 0.121427 6.588005 -0.021949
v 0.124425 6.589500 -0.025894
v 0.125101 6.592280 -0.030209
v 0.123273 6.595598 -0.033736
v 0.119431 6.598566 -0.035531
v 0.114604 6.600389 -0.035113
v 0.112728 6.606639 -0.028375
v 0.109821 6.605361 -0.024287
v 0.109269 6.602877 -0.019779
v 0.111221 6.599851 -0.016060
v 0.115153 6.597095 -0.014126
v 0.120012 6.595348 -0.014494
v 0.124495 6.595078 -0.017067
v 0.127402 6.596356 -0.021155
v 0.127954 6.598841 -0.025663
v 0.126002 6.601866 -0.029382
v 0.122070 6.604622 -0.031316
v 0.117211 6.606369 -0.030948
v 0.113017 6.607133 -0.027834
v 0.110440 6.606837 -0.023354
v 0.110349 6.605723 -0.018300
v 0.112769 6.604092 -0.014025
v 0.117051 6.602379 -0.011675
v 0.122048 6.601044 -0.011879
v 0.126421 6.600444 -0.014583
v 0.128998 6.600741 -0.019062
v 0.129089 6.601854 -0.024117
v 0.126669 6.603486 -0.028392
v 0.122387 6.605199 -0.030742
v 0.117390 6.606534 -0.030538
v 0.113992 6.612742 -0.028222
v 0.111575 6.613110 -0.023660
v 0.111710 6.612936 -0.018488
v 0.114361 6.612266 -0.014093
v 0.118818 6.611280 -0.011652
v 0.123886 6.610243 -0.011819
v 0.128208 6.609431 -0.014549
v 0.130626 6.609064 -0.019112
v 0.130491 6.609238 -0.024284
v 0.127840 6.609908 -0.028679
v 0.123383 6.610893 -0.031120
v 0.118314 6.611931 -0.030953
v 0.117097 6.626733 -0.027093
v 0.114624 6.626846 -0.022547
v 0.114684 6.626324 -0.017397
v 0.117259 6.625305 -0.013024
v 0.121661 6.624064 -0.010599
v 0.126709 6.622932 -0.010772
v 0.131051 6.622213 -0.013497
v 0.133524 6.622100 -0.018043
v 0.133464 6.622622 -0.023193
v 0.130889 6.623641 -0.027566
v 0.126487 6.624882 -0.029991
v 0.121439 6.626014 -0.029818
v 0.121390 6.645159 -0.024951
v 0.118896 6.645180 -0.020415
v 0.118926 6.644532 -0.015280
v 0.121473 6.643388 -0.010920
v 0.125853 6.642055 -0.008506
v 0.130893 6.640889 -0.008683
v 0.135243 6.640203 -0.011404
v 0.137737 6.640182 -0.015940
v 0.137706 6.640830 -0.021075
v 0.135160 6.641974 -0.025435
v 0.130780 6.643308 -0.027849
v 0.125739 6.644473 -0.027672
v 0.126602 6.667033 -0.022035
v 0.124097 6.667008 -0.017505
v 0.124112 6.666295 -0.012378
v 0.126643 6.665087 -0.008027
v 0.131012 6.663706 -0.005619
v 0.136048 6.662523 -0.005798
v 0.140402 6.661855 -0.008517
v 0.142907 6.661880 -0.013047
v 0.142892 6.662593 -0.018174
v 0.140361 6.663801 -0.022524
v 0.135992 6.665182 -0.024933
v 0.130956 6.666365 -0.024754
v 0.132423 6.691151 -0.018581
v 0.129911 6.691097 -0.014056
v 0.129917 6.690347 -0.008934
v 0.132439 6.689100 -0.004589
v 0.136801 6.687691 -0.002184
v 0.141835 6.686498 -0.002365
v 0.146191 6.685840 -0.005082
v 0.148703 6.685893 -0.009608
v 0.148697 6.686644 -0.014730
v 0.146175 6.687891 -0.019075
v 0.141813 6.689299 -0.021479
v 0.136779 6.690492 -0.021299
v 0.138532 6.716264 -0.014831
v 0.136016 6.716193 -0.010308
v 0.136017 6.715419 -0.005190
v 0.138533 6.714149 -0.000848
v 0.142891 6.712723 0.001554
v 0.147923 6.711523 0.001372
v 0.152281 6.710871 -0.001344
v 0.154797 6.710941 -0.005868
v 0.154797 6.711716 -0.010986
v 0.152280 6.712986 -0.015327
v 0.147922 6.714412 -0.017729
v 0.142890 6.715612 -0.017548
v 0.144608 6.741115 -0.011025
v 0.142089 6.741034 -0.006503
v 0.142086 6.740246 -0.001387
v 0.144599 6.738962 0.002952
v 0.148955 6.737525 0.005352
v 0.153986 6.736322 0.005170
v 0.158345 6.735674 0.002454
v 0.160863 6.735754 -0.002067
v 0.160866 6.736542 -0.007183
v 0.158353 6.737827 -0.011523
v 0.153998 6.739263 -0.013923
v 0.148967 6.740467 -0.013741
v 0.150325 6.764439 -0.007405
v 0.147806 6.764354 -0.002884
v 0.147801 6.763561 0.002231
v 0.150313 6.762271 0.006570
v 0.154667 6.760831 0.008969
v 0.159698 6.759625 0.008787
v 0.164057 6.758979 0.006071
v 0.166577 6.759063 0.001550
v 0.166581 6.759857 -0.003565
v 0.164070 6.761147 -0.007904
v 0.159715 6.762587 -0.010303
v 0.154684 6.763792 -0.010121
v 0.155359 6.784966 -0.004214
v 0.152841 6.784885 0.000308
v 0.152837 6.784097 0.005424
v 0.155350 6.782812 0.009763
v 0.159705 6.781375 0.012163
v 0.164737 6.780171 0.011981
v 0.169095 6.779523 0.009265
v 0.171614 6.779604 0.004744
v 0.171617 6.780393 -0.000372
v 0.169104 6.781677 -0.004712
v 0.164749 6.783114 -0.007112
v 0.159718 6.784318 -0.006930
v 0.159380 6.801412 -0.001696
v 0.156867 6.801350 0.002829
v 0.156870 6.800587 0.007949
v 0.159389 6.799328 0.012292
v 0.163749 6.797910 0.014695
v 0.168781 6.796713 0.014514
v 0.173138 6.796058 0.011797
v 0.175652 6.796120 0.007272
v 0.175649 6.796882 0.002152
v 0.173130 6.798141 -0.002191
v 0.168770 6.799559 -0.004594
v 0.163737 6.800756 -0.004413
v 0.162033 6.812373 -0.000110
v 0.159541 6.812403 0.004427
v 0.159574 6.811766 0.009564
v 0.162123 6.810632 0.013924
v 0.166505 6.809306 0.016339
v 0.171546 6.808142 0.016163
v 0.175894 6.807452 0.013441
v 0.178386 6.807421 0.008904
v 0.178353 6.808058 0.003767
v 0.175804 6.809192 -0.000593
v 0.171422 6.810519 -0.003009
v 0.166381 6.811683 -0.002832
v 0.163117 6.817073 0.000357
v 0.160952 6.818127 0.004939
v 0.161216 6.818213 0.010108
v 0.163838 6.817306 0.014479
v 0.168115 6.815650 0.016880
v 0.172900 6.813689 0.016667
v 0.176913 6.811948 0.013899
v 0.179077 6.810894 0.009317
v 0.178813 6.810808 0.004148
v 0.176192 6.811715 -0.000222
v 0.171915 6.813371 -0.002623
v 0.167129 6.815331 -0.002411
v 0.166653 6.822787 -0.000622
v 0.165180 6.824941 0.003849
v 0.165691 6.825420 0.008977
v 0.168049 6.824094 0.013390
v 0.171623 6.821320 0.015905
v 0.175455 6.817840 0.015848
v 0.178517 6.814587 0.013234
v 0.179991 6.812433 0.008764
v 0.179480 6.811954 0.003635
v 0.177121 6.813280 -0.000778
v 0.173547 6.816054 -0.003293
v 0.169716 6.819534 -0.003236
v 0.174451 6.828894 -0.001639
v 0.173301 6.831326 0.002784
v 0.173623 6.831641 0.007940
v 0.175329 6.829757 0.012449
v 0.177964 6.826178 0.015102
v 0.180821 6.821862 0.015189
v 0.183135 6.817966 0.012685
v 0.184285 6.815535 0.008262
v 0.183963 6.815219 0.003106
v 0.182257 6.817103 -0.001403
v 0.179622 6.820683 -0.004056
v 0.176765 6.824998 -0.004143
v 0.184310 6.834483 -0.002445
v 0.183312 6.837003 0.001964
v 0.183543 6.837266 0.007129
v 0.184943 6.835201 0.011664
v 0.187135 6.831361 0.014356
v 0.189532 6.826776 0.014482
v 0.191493 6.822672 0.012009
v 0.192491 6.820152 0.007599
v 0.192259 6.819889 0.002435
v 0.190860 6.821954 -0.002101
v 0.188668 6.825794 -0.004792
v 0.186270 6.830379 -0.004918
v 0.195992 6.840072 -0.003167
v 0.195076 6.842633 0.001237
v 0.195259 6.842872 0.006405
v 0.196490 6.840725 0.010951
v 0.198440 6.836767 0.013658
v 0.200586 6.832058 0.013800
v 0.202354 6.827862 0.011339
v 0.203269 6.825301 0.006935
v 0.203087 6.825061 0.001767
v 0.201856 6.827209 -0.002779
v 0.199906 6.831167 -0.005486
v 0.197760 6.835875 -0.005628
v 0.208937 6.845648 -0.003826
v 0.208071 6.848231 0.000575
v 0.208223 6.848456 0.005744
v 0.209352 6.846265 0.010296
v 0.211156 6.842244 0.013011
v 0.213151 6.837470 0.013160
v 0.214803 6.833222 0.010706
v 0.215669 6.830639 0.006304
v 0.215517 6.830414 0.001135
v 0.214388 6.832605 -0.003417
v 0.212584 6.836627 -0.006131
v 0.210589 6.841401 -0.006281
v 0.222477 6.851096 -0.004427
v 0.221641 6.853691 -0.000026
v 0.221774 6.853909 0.005144
v 0.222840 6.851692 0.009698
v 0.224553 6.847634 0.012417
v 0.226455 6.842822 0.012571
v 0.228035 6.838546 0.010119
v 0.228871 6.835951 0.005719
v 0.228738 6.835733 0.000549
v 0.227673 6.837950 -0.004006
v 0.225959 6.842008 -0.006724
v 0.224058 6.846820 -0.006878
v 0.235904 6.856271 -0.004967
v 0.235084 6.858872 -0.000568
v 0.235205 6.859086 0.004603
v 0.236234 6.856854 0.009159
v 0.237895 6.852776 0.011880
v 0.239744 6.847943 0.012036
v 0.241284 6.843651 0.009586
v 0.242103 6.841050 0.005186
v 0.241983 6.840837 0.000016
v 0.240954 6.843068 -0.004540
v 0.239293 6.847147 -0.007261
v 0.237444 6.851979 -0.007417
v 0.248486 6.861016 -0.005445
v 0.247670 6.863618 -0.001046
v 0.247785 6.863830 0.004125
v 0.248801 6.861593 0.008682
v 0.250445 6.857508 0.011403
v 0.252276 6.852669 0.011560
v 0.253805 6.848373 0.009111
v 0.254621 6.845770 0.004711
v 0.254506 6.845559 -0.000460
v 0.253490 6.847795 -0.005016
v 0.251846 6.851881 -0.007738
v 0.250015 6.856719 -0.007895
v 0.259472 6.865162 -0.005856
v 0.258642 6.867760 -0.001456
v 0.258759 6.867972 0.003715
v 0.259791 6.865742 0.008270
v 0.261462 6.861667 0.010991
v 0.263324 6.856840 0.011147
v 0.264877 6.852553 0.008696
v 0.265707 6.849955 0.004296
v 0.265590 6.849743 -0.000875
v 0.264557 6.851974 -0.005430
v 0.262887 6.856048 -0.008151
v 0.261025 6.860876 -0.008307
v 0.268043 6.868515 -0.006193
v 0.267163 6.871092 -0.001791
v 0.267297 6.871311 0.003379
v 0.268408 6.869112 0.007931
v 0.270198 6.865085 0.010647
v 0.272187 6.860308 0.010797
v 0.273844 6.856062 0.008343
v 0.274723 6.853485 0.003941
v 0.274589 6.853266 -0.001229
v 0.273478 6.855465 -0.005782
v 0.271689 6.859492 -0.008497
v 0.269699 6.864269 -0.008648
v 0.272888 6.870596 -0.006415
v 0.271786 6.873064 -0.002000
v 0.272004 6.873323 0.003165
v 0.273484 6.871307 0.007697
v 0.275830 6.867553 0.010381
v 0.278412 6.863069 0.010497
v 0.280540 6.859055 0.008016
v 0.281643 6.856587 0.003601
v 0.281424 6.856327 -0.001564
v 0.279944 6.858344 -0.006096
v 0.277599 6.862097 -0.008780
v 0.275016 6.866582 -0.008896
v 0.270949 6.864562 -0.005407
v 0.268895 6.865230 -0.000704
v 0.269481 6.866186 0.004350
v 0.272551 6.867173 0.008399
v 0.277282 6.867929 0.010358
v 0.282407 6.868248 0.009704
v 0.286552 6.868048 0.006610
v 0.288607 6.867380 0.001906
v 0.288021 6.866424 -0.003148
v 0.284951 6.865437 -0.007197
v 0.280219 6.864681 -0.009156
v 0.275095 6.864361 -0.008501
vn -0.8692 -0.0334 -0.4934
vn -0.8665 -0.0567 -0.4959
vn -0.9959 -0.0901 0.0015
vn -0.9987 -0.0512 0.0036
vn -0.5079 -0.0066 -0.8614
vn -0.5059 -0.0080 -0.8625
vn -0.0088 0.0228 -0.9997
vn -0.0084 0.0436 -0.9990
vn 0.4943 0.0469 -0.8680
vn 0.4929 0.0841 -0.8660
vn 0.8639 0.0585 -0.5002
vn 0.8612 0.1020 -0.4979
vn 0.9985 0.0538 0.0041
vn 0.9957 0.0920 0.0055
vn 0.8615 0.0342 0.5066
vn 0.8603 0.0568 0.5066
vn 0.4917 0.0058 0.8707
vn 0.4934 0.0067 0.8698
vn -0.0084 -0.0233 0.9997
vn -0.0044 -0.0444 0.9990
vn -0.5040 -0.0456 0.8625
vn -0.4995 -0.0832 0.8623
vn -0.8651 -0.0556 0.4984
vn -0.8616 -0.0997 0.4976
vn -0.8616 -0.0927 -0.4991
vn -0.9878 -0.1554 -0.0028
vn -0.5048 -0.0050 -0.8632
vn -0.0115 0.0846 -0.9964
vn 0.4859 0.1518 -0.8607
vn 0.8522 0.1780 -0.4920
vn 0.9877 0.1559 0.0097
vn 0.8565 0.0917 0.5080
vn 0.4954 0.0030 0.8687
vn 0.0028 -0.0859 0.9963
vn -0.4896 -0.1516 0.8587
vn -0.8516 -0.1769 0.4934
vn -0.8580 -0.1113 -0.5015
vn -0.9796 -0.2010 -0.0075
vn -0.5064 0.0084 -0.8623
vn -0.0179 0.1263 -0.9918
vn 0.4762 0.2103 -0.8538
vn 0.8417 0.2375 -0.4849
vn 0.9796 0.2005 0.0148
vn 0.8534 0.1094 0.5096
vn 0.4987 -0.0107 0.8667
vn 0.0116 -0.1277 0.9917
vn -0.4779 -0.2104 0.8529
vn -0.8402 -0.2372 0.4876
vn -0.8566 -0.1174 -0.5024
vn -0.9721 -0.2342 -0.0122
vn -0.5111 0.0311 -0.8590
vn -0.0272 0.1716 -0.9848
vn 0.4645 0.2660 -0.8447
vn 0.8307 0.2884 -0.4762
vn 0.9723 0.2329 0.0203
vn 0.8522 0.1148 0.5105
vn 0.5043 -0.0338 0.8629
vn 0.0226 -0.1731 0.9847
vn -0.4645 -0.2661 0.8446
vn -0.8283 -0.2885 0.4803
vn -0.8579 -0.1131 -0.5011
vn -0.9657 -0.2593 -0.0167
vn -0.5194 0.0637 -0.8521
vn -0.0401 0.2237 -0.9738
vn 0.4505 0.3234 -0.8322
vn 0.8190 0.3356 -0.4654
vn 0.9660 0.2571 0.0263
vn 0.8533 0.1096 0.5098
vn 0.5129 -0.0669 0.8558
vn 0.0367 -0.2253 0.9736
vn -0.4489 -0.3236 0.8329
vn -0.8155 -0.3361 0.4711
vn -0.8625 -0.0989 -0.4964
vn -0.9601 -0.2788 -0.0208
vn -0.5323 0.1080 -0.8397
vn -0.0574 0.2860 -0.9565
vn 0.4332 0.3868 -0.8140
vn 0.8062 0.3828 -0.4512
vn 0.9608 0.2752 0.0326
vn 0.8573 0.0938 0.5062
vn 0.5256 -0.1122 0.8433
vn 0.0550 -0.2881 0.9560
vn -0.4299 -0.3874 0.8156
vn -0.8012 -0.3841 0.4588
vn -0.8710 -0.0736 -0.4857
vn -0.9554 -0.2943 -0.0245
vn -0.5510 0.1672 -0.8176
vn -0.0808 0.3631 -0.9282
vn 0.4115 0.4608 -0.7863
vn 0.7915 0.4333 -0.4311
vn 0.9567 0.2883 0.0394
vn 0.8651 0.0660 0.4973
vn 0.5438 -0.1734 0.8211
vn 0.0794 -0.3663 0.9271
vn -0.4057 -0.4623 0.7885
vn -0.7843 -0.4362 0.4412
vn -0.8847 -0.0356 -0.4648
vn -0.9514 -0.3068 -0.0276
vn -0.5776 0.2452 -0.7786
vn -0.1122 0.4599 -0.8808
vn 0.3836 0.5499 -0.7419
vn 0.7741 0.4900 -0.4009
vn 0.9539 0.2964 0.0465
vn 0.8778 0.0232 0.4785
vn 0.5696 -0.2553 0.7812
vn 0.1125 -0.4658 0.8777
vn -0.3741 -0.5537 0.7439
vn -0.7633 -0.4959 0.4140
vn -0.9048 0.0169 -0.4256
vn -0.9479 -0.3172 -0.0299
vn -0.6138 0.3454 -0.7099
vn -0.1537 0.5799 -0.8000
vn 0.3479 0.6577 -0.6681
vn 0.7532 0.5548 -0.3533
vn 0.9528 0.2989 0.0532
vn 0.8970 -0.0375 0.4405
vn 0.6054 -0.3626 0.7086
vn 0.1568 -0.5917 0.7908
vn -0.3327 -0.6663 0.6674
vn -0.7368 -0.5666 0.3689
vn -0.9314 0.0816 -0.3546
vn -0.9448 -0.3261 -0.0313
vn -0.6598 0.4645 -0.5907
vn -0.2049 0.7194 -0.6637
vn 0.3047 0.7811 -0.5449
vn 0.7294 0.6255 -0.2768
vn 0.9539 0.2949 0.0568
vn 0.9229 -0.1144 0.3676
vn 0.6511 -0.4911 0.5787
vn 0.2120 -0.7390 0.6395
vn -0.2819 -0.7959 0.5358
vn -0.7048 -0.6463 0.2925
vn -0.9630 0.1441 -0.2277
vn -0.9418 -0.3345 -0.0333
vn -0.7204 0.5923 -0.3608
vn -0.2648 0.8794 -0.3957
vn 0.2661 0.9084 -0.3224
vn 0.7090 0.6867 -0.1603
vn 0.9566 0.2871 0.0494
vn 0.9511 -0.1855 0.2468
vn 0.6982 -0.6085 0.3771
vn 0.2663 -0.8736 0.4074
vn -0.2334 -0.9140 0.3320
vn -0.6738 -0.7188 0.1711
vn -0.9687 0.1706 -0.1804
vn -0.9346 -0.3378 -0.1115
vn -0.7473 0.6368 -0.1901
vn -0.3257 0.9338 -0.1480
vn 0.1940 0.9775 -0.0825
vn 0.6687 0.7435 -0.0042
vn 0.9477 0.3068 0.0880
vn 0.9640 -0.2035 0.1714
vn 0.7239 -0.6571 0.2102
vn 0.2953 -0.9373 0.1854
vn -0.2082 -0.9724 0.1050
vn -0.6566 -0.7542 -0.0051
vn -0.9306 0.1668 -0.3259
vn -0.8868 -0.3399 -0.3131
vn -0.7332 0.6319 -0.2514
vn -0.3433 0.9330 -0.1083
vn 0.1397 0.9883 0.0619
vn 0.5925 0.7778 0.2098
vn 0.8893 0.3447 0.3005
vn 0.9306 -0.1898 0.3128
vn 0.7094 -0.6627 0.2401
vn 0.3001 -0.9485 0.1011
vn -0.1828 -0.9809 -0.0667
vn -0.6146 -0.7581 -0.2181
vn -0.8324 0.1767 -0.5253
vn -0.7748 -0.3281 -0.5404
vn -0.6735 0.6376 -0.3739
vn -0.3361 0.9339 -0.1223
vn 0.0930 0.9815 0.1674
vn 0.4967 0.7597 0.4197
vn 0.7630 0.3258 0.5583
vn 0.8207 -0.1976 0.5361
vn 0.6523 -0.6642 0.3651
vn 0.3046 -0.9471 0.1014
vn -0.1235 -0.9753 -0.1831
vn -0.5169 -0.7481 -0.4162
vn -0.7164 0.2008 -0.6682
vn -0.6394 -0.3021 -0.7070
vn -0.6057 0.6531 -0.4545
vn -0.3342 0.9350 -0.1183
vn 0.0273 0.9667 0.2546
vn 0.3805 0.7335 0.5633
vn 0.6293 0.2977 0.7179
vn 0.7073 -0.2191 0.6721
vn 0.5916 -0.6742 0.4421
vn 0.3138 -0.9446 0.0966
vn -0.0479 -0.9617 -0.2698
vn -0.3958 -0.7262 -0.5621
vn -0.6142 0.2283 -0.7554
vn -0.5147 -0.2708 -0.8135
vn -0.5519 0.6689 -0.4980
vn -0.3427 0.9334 -0.1062
vn -0.0414 0.9473 0.3176
vn 0.2709 0.7027 0.6578
vn 0.5095 0.2655 0.8185
vn 0.6099 -0.2435 0.7542
vn 0.5440 -0.6848 0.4849
vn 0.3305 -0.9398 0.0873
vn 0.0287 -0.9434 -0.3304
vn -0.2801 -0.6984 -0.6586
vn -0.5367 0.2531 -0.8049
vn -0.4129 -0.2400 -0.8786
vn -0.5184 0.6807 -0.5176
vn -0.3618 0.9278 -0.0905
vn -0.1078 0.9254 0.3633
vn 0.1755 0.6713 0.7201
vn 0.4114 0.2341 0.8809
vn 0.5356 -0.2660 0.8015
vn 0.5145 -0.6927 0.5054
vn 0.3547 -0.9319 0.0752
vn 0.1003 -0.9225 -0.3728
vn -0.1802 -0.6693 -0.7208
vn -0.4836 0.2728 -0.8317
vn -0.3340 -0.2123 -0.9184
vn -0.5047 0.6866 -0.5234
vn -0.3907 0.9176 -0.0735
vn -0.1714 0.9013 0.3979
vn 0.0945 0.6403 0.7623
vn 0.3349 0.2055 0.9196
vn 0.4845 -0.2842 0.8273
vn 0.5031 -0.6959 0.5124
vn 0.3867 -0.9202 0.0615
vn 0.1673 -0.8992 -0.4043
vn -0.0961 -0.6404 -0.7620
vn -0.4517 0.2862 -0.8450
vn -0.2743 -0.1881 -0.9431
vn -0.5089 0.6854 -0.5208
vn -0.4294 0.9014 -0.0556
vn -0.2340 0.8740 0.4259
vn 0.0248 0.6095 0.7924
vn 0.2770 0.1800 0.9439
vn 0.4541 -0.2970 0.8400
vn 0.5088 -0.6930 0.5108
vn 0.4273 -0.9029 0.0463
vn 0.2323 -0.8727 -0.4294
vn -0.0242 -0.6115 -0.7909
vn -0.4386 0.2923 -0.8498
vn -0.2300 -0.1676 -0.9587
vn -0.5300 0.6753 -0.5128
vn -0.4788 0.8772 -0.0366
vn -0.2981 0.8416 0.4505
vn -0.0366 0.5776 0.8155
vn 0.2347 0.1579 0.9592
vn 0.4424 -0.3032 0.8440
vn 0.5311 -0.6817 0.5033
vn 0.4781 -0.8778 0.0295
vn 0.2983 -0.8411 -0.4512
vn 0.0395 -0.5817 -0.8124
vn -0.4426 0.2892 -0.8488
vn -0.1984 -0.1509 -0.9684
vn -0.5682 0.6532 -0.5005
vn -0.5404 0.8412 -0.0158
vn -0.3662 0.8008 0.4738
vn -0.0927 0.5430 0.8346
vn 0.2057 0.1391 0.9687
vn 0.4483 -0.3005 0.8418
vn 0.5706 -0.6584 0.4908
vn 0.5411 -0.8409 0.0106
vn 0.3685 -0.8010 -0.4719
vn 0.0983 -0.5492 -0.8299
vn -0.4633 0.2731 -0.8430
vn -0.1777 -0.1388 -0.9742
vn -0.6243 0.6133 -0.4838
vn -0.6162 0.7875 0.0079
vn -0.4407 0.7468 0.4980
vn -0.1455 0.5030 0.8519
vn 0.1890 0.1246 0.9741
vn 0.4719 -0.2851 0.8343
vn 0.6286 -0.6171 0.4733
vn 0.6187 -0.7855 -0.0116
vn 0.4457 -0.7471 -0.4931
vn 0.1548 -0.5114 -0.8453
vn -0.5010 0.2362 -0.8326
vn -0.1661 -0.1330 -0.9771
vn -0.7006 0.5445 -0.4611
vn -0.7077 0.7055 0.0376
vn -0.5211 0.6726 0.5253
vn -0.1943 0.4559 0.8685
vn 0.1839 0.1172 0.9759
vn 0.5123 -0.2502 0.8216
vn 0.7045 -0.5489 0.4499
vn 0.7112 -0.7019 -0.0389
vn 0.5315 -0.6709 -0.5171
vn 0.2115 -0.4638 -0.8603
vn -0.5289 0.1978 -0.8253
vn -0.1437 -0.1065 -0.9839
vn -0.7745 0.4508 -0.4437
vn -0.8099 0.5833 0.0616
vn -0.6213 0.5558 0.5523
vn -0.2616 0.3741 0.8897
vn 0.1665 0.0907 0.9819
vn 0.5463 -0.2151 0.8095
vn 0.7792 -0.4619 0.4237
vn 0.8069 -0.5863 -0.0720
vn 0.6238 -0.5570 -0.5483
vn 0.2772 -0.3820 -0.8816
vn -0.5391 0.1959 -0.8191
vn -0.1221 -0.0568 -0.9909
vn -0.8132 0.3954 -0.4271
vn -0.8691 0.4881 0.0806
vn -0.6902 0.4495 0.5670
vn -0.3242 0.2899 0.9005
vn 0.1296 0.0515 0.9902
vn 0.5468 -0.2016 0.8126
vn 0.8154 -0.4009 0.4177
vn 0.8657 -0.4930 -0.0872
vn 0.6866 -0.4540 -0.5679
vn 0.3259 -0.2946 -0.8984
vn -0.5379 0.2037 -0.8180
vn -0.1101 -0.0281 -0.9935
vn -0.8221 0.3811 -0.4231
vn -0.8857 0.4562 0.0858
vn -0.7113 0.4086 0.5720
vn -0.3454 0.2511 0.9042
vn 0.1133 0.0262 0.9932
vn 0.5411 -0.2056 0.8154
vn 0.8235 -0.3822 0.4193
vn 0.8853 -0.4565 -0.0885
vn 0.7108 -0.4090 -0.5724
vn 0.3467 -0.2523 -0.9034
vn -0.5377 0.2060 -0.8176
vn -0.1051 -0.0163 -0.9943
vn -0.8264 0.3732 -0.4216
vn -0.8935 0.4403 0.0877
vn -0.7207 0.3893 0.5736
vn -0.3544 0.2337 0.9054
vn 0.1071 0.0154 0.9941
vn 0.5396 -0.2070 0.8161
vn 0.8272 -0.3737 0.4196
vn 0.8934 -0.4404 -0.0891
vn 0.7207 -0.3893 -0.5737
vn 0.3553 -0.2341 -0.9049
vn -0.5379 0.2063 -0.8174
vn -0.1025 -0.0101 -0.9947
vn -0.8293 0.3675 -0.4209
vn -0.8984 0.4301 0.0886
vn -0.7264 0.3773 0.5744
vn -0.3594 0.2233 0.9061
vn 0.1039 0.0094 0.9945
vn 0.5392 -0.2070 0.8164
vn 0.8299 -0.3678 0.4196
vn 0.8983 -0.4301 -0.0894
vn 0.7264 -0.3774 -0.5744
vn 0.3602 -0.2237 -0.9057
vn -0.5384 0.2055 -0.8172
vn -0.1009 -0.0063 -0.9949
vn -0.8318 0.3624 -0.4205
vn -0.9022 0.4221 0.0892
vn -0.7305 0.3685 0.5750
vn -0.3628 0.2161 0.9065
vn 0.1021 0.0058 0.9948
vn 0.5395 -0.2061 0.8164
vn 0.8322 -0.3626 0.4194
vn 0.9021 -0.4221 -0.0897
vn 0.7306 -0.3686 -0.5748
vn 0.3636 -0.2165 -0.9061
vn -0.5393 0.2038 -0.8171
vn -0.0999 -0.0041 -0.9950
vn -0.8343 0.3571 -0.4201
vn -0.9055 0.4147 0.0897
vn -0.7339 0.3610 0.5754
vn -0.3653 0.2105 0.9068
vn 0.1011 0.0036 0.9949
vn 0.5402 -0.2043 0.8164
vn 0.8346 -0.3573 0.4193
vn 0.9055 -0.4147 -0.0900
vn 0.7341 -0.3611 -0.5751
vn 0.3662 -0.2108 -0.9063
vn -0.5405 0.2009 -0.8170
vn -0.0992 -0.0029 -0.9951
vn -0.8370 0.3509 -0.4198
vn -0.9090 0.4069 0.0901
vn -0.7371 0.3536 0.5759
vn -0.3675 0.2055 0.9070
vn 0.1006 0.0023 0.9949
vn 0.5415 -0.2014 0.8162
vn 0.8374 -0.3511 0.4190
vn 0.9090 -0.4069 -0.0903
vn 0.7375 -0.3537 -0.5754
vn 0.3685 -0.2059 -0.9065
vn -0.5424 0.1963 -0.8168
vn -0.0989 -0.0028 -0.9951
vn -0.8406 0.3428 -0.4194
vn -0.9132 0.3973 0.0907
vn -0.7407 0.3452 0.5764
vn -0.3694 0.2004 0.9074
vn 0.1007 0.0020 0.9949
vn 0.5436 -0.1969 0.8159
vn 0.8409 -0.3430 0.4186
vn 0.9132 -0.3973 -0.0906
vn 0.7412 -0.3454 -0.5756
vn 0.3709 -0.2010 -0.9067
vn -0.5453 0.1888 -0.8167
vn -0.0989 -0.0038 -0.9951
vn -0.8456 0.3308 -0.4190
vn -0.9188 0.3840 0.0914
vn -0.7452 0.3340 0.5772
vn -0.3715 0.1944 0.9078
vn 0.1015 0.0027 0.9948
vn 0.5471 -0.1895 0.8154
vn 0.8461 -0.3310 0.4179
vn 0.9189 -0.3839 -0.0911
vn 0.7461 -0.3343 -0.5758
vn 0.3738 -0.1953 -0.9067
vn -0.5502 0.1748 -0.8165
vn -0.0990 -0.0071 -0.9951
vn -0.8538 0.3100 -0.4183
vn -0.9277 0.3617 0.0926
vn -0.7519 0.3160 0.5786
vn -0.3741 0.1854 0.9087
vn 0.1038 0.0053 0.9946
vn 0.5534 -0.1758 0.8142
vn 0.8547 -0.3098 0.4166
vn 0.9280 -0.3611 -0.0919
vn 0.7539 -0.3162 -0.5759
vn 0.3783 -0.1868 -0.9067
vn -0.5596 0.1404 -0.8168
vn -0.0982 -0.0171 -0.9950
vn -0.8707 0.2605 -0.4172
vn -0.9459 0.3100 0.0959
vn -0.7647 0.2752 0.5827
vn -0.3771 0.1662 0.9111
vn 0.1107 0.0131 0.9938
vn 0.5676 -0.1426 0.8109
vn 0.8728 -0.2599 0.4131
vn 0.9466 -0.3084 -0.0936
vn 0.7698 -0.2754 -0.5758
vn 0.3882 -0.1691 -0.9059
vn -0.5731 0.0824 -0.8153
vn -0.0994 -0.0306 -0.9946
vn -0.8935 0.1732 -0.4143
vn -0.9709 0.2172 0.1007
vn -0.7834 0.2021 0.5878
vn -0.3840 0.1322 0.9138
vn 0.1167 0.0265 0.9928
vn 0.5842 -0.0863 0.8070
vn 0.8958 -0.1763 0.4080
vn 0.9707 -0.2195 -0.0983
vn 0.7894 -0.2046 -0.5788
vn 0.3988 -0.1356 -0.9070
vn -0.5851 0.0549 -0.8091
vn -0.1095 -0.0328 -0.9934
vn -0.9039 0.1274 -0.4083
vn -0.9809 0.1660 0.1016
vn -0.7954 0.1606 0.5844
vn -0.3967 0.1121 0.9111
vn 0.1086 0.0327 0.9936
vn 0.5846 -0.0563 0.8094
vn 0.9035 -0.1304 0.4082
vn 0.9802 -0.1694 -0.1023
vn 0.7943 -0.1628 -0.5853
vn 0.3955 -0.1126 -0.9115
vn -0.5839 0.0603 -0.8096
vn -0.1085 -0.0293 -0.9937
vn -0.9028 0.1338 -0.4087
vn -0.9799 0.1714 0.1017
vn -0.7946 0.1632 0.5848
vn -0.3963 0.1112 0.9114
vn 0.1082 0.0294 0.9937
vn 0.5838 -0.0603 0.8097
vn 0.9028 -0.1338 0.4086
vn 0.9799 -0.1714 -0.1019
vn 0.7943 -0.1631 -0.5852
vn 0.3959 -0.1111 -0.9115
vn -0.5836 0.0618 -0.8097
vn -0.1082 -0.0283 -0.9937
vn -0.9026 0.1353 -0.4088
vn -0.9797 0.1726 0.1017
vn -0.7944 0.1637 0.5849
vn -0.3962 0.1108 0.9114
vn 0.1081 0.0283 0.9937
vn 0.5835 -0.0618 0.8097
vn 0.9026 -0.1353 0.4087
vn 0.9797 -0.1726 -0.1018
vn 0.7943 -0.1636 -0.5850
vn 0.3961 -0.1108 -0.9115
vn -0.5835 0.0621 -0.8097
vn -0.1082 -0.0281 -0.9937
vn -0.9025 0.1357 -0.4088
vn -0.9797 0.1730 0.1017
vn -0.7943 0.1639 0.5850
vn -0.3962 0.1109 0.9115
vn 0.1082 0.0282 0.9937
vn 0.5835 -0.0621 0.8097
vn 0.9025 -0.1357 0.4088
vn 0.9797 -0.1730 -0.1017
vn 0.7943 -0.1639 -0.5850
vn 0.3962 -0.1109 -0.9115
vn -0.5836 0.0617 -0.8097
vn -0.1082 -0.0285 -0.9937
vn -0.9026 0.1354 -0.4087
vn -0.9797 0.1728 0.1018
vn -0.3961 0.1111 0.9115
vn 0.1083 0.0285 0.9937
vn 0.5836 -0.0617 0.8097
vn 0.9025 -0.1354 0.4088
vn 0.9797 -0.1728 -0.1017
vn 0.7944 -0.1639 -0.5849
vn 0.3962 -0.1111 -0.9114
vn -0.5837 0.0606 -0.8097
vn -0.1083 -0.0294 -0.9937
vn -0.9027 0.1344 -0.4087
vn -0.9798 0.1722 0.1019
vn -0.7943 0.1639 0.5851
vn -0.3959 0.1116 0.9115
vn 0.1084 0.0294 0.9937
vn 0.5838 -0.0606 0.8097
vn 0.9027 -0.1344 0.4088
vn 0.9798 -0.1722 -0.1017
vn 0.3961 -0.1116 -0.9114
vn -0.5840 0.0588 -0.8096
vn -0.1085 -0.0309 -0.9936
vn -0.9030 0.1328 -0.4086
vn -0.9799 0.1712 0.1020
vn -0.7943 0.1637 0.5851
vn -0.3958 0.1123 0.9115
vn 0.1087 0.0309 0.9936
vn 0.5841 -0.0588 0.8096
vn 0.9030 -0.1328 0.4087
vn 0.9800 -0.1712 -0.1017
vn 0.7945 -0.1637 -0.5848
vn 0.3961 -0.1124 -0.9113
vn -0.5845 0.0560 -0.8095
vn -0.1088 -0.0332 -0.9935
vn -0.9035 0.1302 -0.4084
vn -0.9802 0.1695 0.1021
vn -0.7942 0.1633 0.5852
vn -0.3955 0.1134 0.9114
vn 0.1092 0.0332 0.9935
vn 0.5846 -0.0560 0.8094
vn 0.9034 -0.1301 0.4086
vn 0.9803 -0.1695 -0.1017
vn 0.7946 -0.1634 -0.5848
vn 0.3960 -0.1135 -0.9112
vn -0.5853 0.0513 -0.8092
vn -0.1093 -0.0370 -0.9933
vn -0.9042 0.1259 -0.4081
vn -0.9807 0.1666 0.1024
vn -0.7942 0.1628 0.5854
vn -0.3950 0.1153 0.9114
vn 0.1099 0.0369 0.9933
vn 0.5854 -0.0513 0.8091
vn 0.9041 -0.1258 0.4084
vn 0.9808 -0.1666 -0.1017
vn 0.7948 -0.1628 -0.5846
vn 0.3958 -0.1154 -0.9111
vn -0.5866 0.0428 -0.8088
vn -0.1102 -0.0438 -0.9929
vn -0.9056 0.1180 -0.4075
vn -0.9815 0.1615 0.1031
vn -0.7941 0.1617 0.5858
vn -0.3941 0.1185 0.9114
vn 0.1113 0.0437 0.9928
vn 0.5868 -0.0427 0.8086
vn 0.9053 -0.1178 0.4081
vn 0.9817 -0.1614 -0.1016
vn 0.7952 -0.1617 -0.5843
vn 0.3957 -0.1187 -0.9107
vn -0.5894 0.0229 -0.8075
vn -0.1113 -0.0595 -0.9920
vn -0.9086 0.1002 -0.4054
vn -0.9829 0.1512 0.1053
vn -0.7933 0.1615 0.5870
vn -0.3918 0.1279 0.9111
vn 0.1143 0.0602 0.9916
vn 0.5900 -0.0228 0.8071
vn 0.9081 -0.0987 0.4070
vn 0.9838 -0.1477 -0.1017
vn 0.7968 -0.1573 -0.5834
vn 0.3963 -0.1252 -0.9096
vn -0.5835 0.0056 -0.8121
vn -0.1031 -0.0432 -0.9937
vn -0.9096 0.0541 -0.4120
vn -0.9908 0.0888 0.1018
vn -0.8017 0.0993 0.5894
vn -0.3933 0.0821 0.9157
vn 0.1206 0.0425 0.9918
vn 0.5995 -0.0075 0.8004
vn 0.9165 -0.0544 0.3964
vn 0.9900 -0.0864 -0.1114
vn 0.8024 -0.0956 -0.5891
vn 0.4032 -0.0799 -0.9116
vn -0.5908 0.0064 -0.8068
vn -0.1086 -0.0101 -0.9940
vn -0.9149 0.0211 -0.4032
vn -0.9936 0.0301 0.1086
vn -0.8059 0.0310 0.5912
vn -0.4020 0.0236 0.9153
vn 0.1099 0.0099 0.9939
vn 0.5923 -0.0065 0.8057
vn 0.9156 -0.0214 0.4015
vn 0.9935 -0.0305 -0.1100
vn 0.8056 -0.0315 -0.5917
vn 0.4024 -0.0241 -0.9152
vn -0.5913 0.0087 -0.8064
vn -0.1091 -0.0048 -0.9940
vn -0.9151 0.0198 -0.4027
vn -0.9937 0.0256 0.1090
vn -0.8060 0.0246 0.5914
vn -0.4022 0.0170 0.9154
vn 0.1094 0.0048 0.9940
vn 0.5916 -0.0087 0.8062
vn 0.9153 -0.0198 0.4023
vn 0.9937 -0.0256 -0.1093
vn 0.8059 -0.0246 -0.5916
vn 0.4023 -0.0170 -0.9154
vn -0.5914 0.0092 -0.8063
vn -0.1092 -0.0035 -0.9940
vn -0.9152 0.0195 -0.4026
vn -0.9937 0.0245 0.1091
vn -0.8060 0.0230 0.5915
vn -0.4022 0.0153 0.9154
vn 0.1093 0.0035 0.9940
vn 0.5915 -0.0092 0.8062
vn 0.9152 -0.0195 0.4024
vn 0.9937 -0.0245 -0.1092
vn 0.8060 -0.0230 -0.5915
vn 0.4023 -0.0153 -0.9154
vn -0.5914 0.0095 -0.8063
vn -0.1092 -0.0029 -0.9940
vn -0.9152 0.0194 -0.4025
vn -0.9937 0.0241 0.1091
vn -0.8060 0.0223 0.5915
vn -0.4023 0.0146 0.9154
vn 0.1092 0.0029 0.9940
vn 0.5915 -0.0095 0.8063
vn 0.9152 -0.0194 0.4025
vn 0.9937 -0.0241 -0.1092
vn 0.8060 -0.0223 -0.5915
vn 0.4023 -0.0146 -0.9154
vn -0.5914 0.0097 -0.8063
vn -0.1092 -0.0026 -0.9940
vn -0.9937 0.0239 0.1091
vn -0.8060 0.0221 0.5915
vn -0.4023 0.0143 0.9154
vn 0.1092 0.0026 0.9940
vn 0.5915 -0.0097 0.8063
vn 0.9937 -0.0239 -0.1091
vn 0.8060 -0.0221 -0.5915
vn 0.4023 -0.0143 -0.9154
vn -0.5915 0.0098 -0.8063
vn -0.1092 -0.0025 -0.9940
vn -0.9152 0.0195 -0.4025
vn -0.9937 0.0240 0.1091
vn -0.8060 0.0220 0.5915
vn -0.4023 0.0142 0.9154
vn 0.1092 0.0025 0.9940
vn 0.5914 -0.0098 0.8063
vn 0.9152 -0.0195 0.4025
vn 0.9937 -0.0240 -0.1091
vn 0.8060 -0.0220 -0.5915
vn 0.4023 -0.0142 -0.9154
vn -0.5915 0.0099 -0.8063
vn -0.9152 0.0197 -0.4025
vn -0.9937 0.0242 0.1091
vn -0.8060 0.0222 0.5915
vn 0.5914 -0.0099 0.8063
vn 0.9152 -0.0197 0.4025
vn 0.9937 -0.0242 -0.1091
vn 0.8060 -0.0222 -0.5915
vn -0.5915 0.0100 -0.8062
vn -0.1093 -0.0027 -0.9940
vn -0.9152 0.0200 -0.4025
vn -0.9937 0.0247 0.1091
vn -0.8060 0.0227 0.5915
vn -0.4023 0.0147 0.9154
vn 0.1092 0.0027 0.9940
vn 0.5914 -0.0100 0.8063
vn 0.9152 -0.0200 0.4025
vn 0.9937 -0.0247 -0.1091
vn 0.8060 -0.0227 -0.5915
vn 0.4022 -0.0147 -0.9154
vn -0.5915 0.0101 -0.8062
vn -0.1093 -0.0031 -0.9940
vn -0.9152 0.0206 -0.4024
vn -0.9937 0.0256 0.1092
vn -0.8060 0.0237 0.5915
vn -0.4023 0.0155 0.9154
vn 0.1091 0.0031 0.9940
vn 0.5914 -0.0101 0.8063
vn 0.9151 -0.0206 0.4026
vn 0.9937 -0.0256 -0.1091
vn 0.8059 -0.0237 -0.5915
vn 0.4022 -0.0154 -0.9154
vn -0.5917 0.0103 -0.8061
vn -0.1095 -0.0040 -0.9940
vn -0.9152 0.0219 -0.4023
vn -0.9936 0.0276 0.1092
vn -0.8059 0.0259 0.5915
vn -0.4023 0.0173 0.9153
vn 0.1090 0.0040 0.9940
vn 0.5912 -0.0103 0.8064
vn 0.9151 -0.0219 0.4027
vn 0.9937 -0.0276 -0.1090
vn 0.8059 -0.0259 -0.5915
vn 0.4021 -0.0173 -0.9154
vn -0.5924 0.0109 -0.8056
vn -0.1104 -0.0079 -0.9939
vn -0.9154 0.0268 -0.4016
vn -0.9933 0.0356 0.1095
vn -0.8057 0.0348 0.5913
vn -0.4026 0.0247 0.9150
vn 0.1083 0.0080 0.9941
vn 0.5905 -0.0108 0.8070
vn 0.9146 -0.0268 0.4035
vn 0.9935 -0.0355 -0.1085
vn 0.8056 -0.0347 -0.5915
vn 0.4014 -0.0246 -0.9156
vn -0.5899 0.0038 -0.8075
vn -0.1071 -0.0114 -0.9942
vn -0.9148 0.0180 -0.4036
vn -0.9936 0.0273 0.1092
vn -0.8050 0.0293 0.5925
vn -0.4001 0.0234 0.9162
vn 0.1119 0.0112 0.9937
vn 0.5933 -0.0039 0.8050
vn 0.9157 -0.0180 0.4014
vn 0.9937 -0.0273 -0.1091
vn 0.8065 -0.0293 -0.5905
vn 0.4039 -0.0235 -0.9145
vn -0.5913 -0.0041 -0.8064
vn -0.1089 -0.0101 -0.9940
vn -0.9153 0.0030 -0.4027
vn -0.9940 0.0093 0.1092
vn -0.8060 0.0131 0.5917
vn -0.4019 0.0134 0.9156
vn 0.1100 0.0101 0.9939
vn 0.5922 0.0041 0.8058
vn 0.9157 -0.0030 0.4018
vn 0.9939 -0.0093 -0.1096
vn 0.8061 -0.0131 -0.5916
vn 0.4025 -0.0134 -0.9153
vn -0.5917 -0.0046 -0.8062
vn -0.1093 -0.0085 -0.9940
vn -0.9155 0.0005 -0.4023
vn -0.9940 0.0055 0.1094
vn -0.8061 0.0090 0.5917
vn -0.4021 0.0101 0.9155
vn 0.1095 0.0085 0.9939
vn 0.5919 0.0046 0.8060
vn 0.9156 -0.0005 0.4021
vn 0.9940 -0.0055 -0.1094
vn 0.8061 -0.0090 -0.5917
vn 0.4023 -0.0101 -0.9155
vn -0.5917 -0.0047 -0.8061
vn -0.1094 -0.0081 -0.9940
vn -0.9155 -0.0000 -0.4023
vn -0.9940 0.0046 0.1094
vn -0.8061 0.0080 0.5917
vn -0.4022 0.0093 0.9155
vn 0.1095 0.0081 0.9940
vn 0.5918 0.0047 0.8061
vn 0.9156 -0.0000 0.4022
vn 0.9940 -0.0046 -0.1094
vn 0.8061 -0.0080 -0.5917
vn 0.4022 -0.0093 -0.9155
vn -0.5918 -0.0047 -0.8061
vn -0.1094 -0.0079 -0.9940
vn -0.9155 -0.0003 -0.4022
vn -0.9940 0.0042 0.1094
vn -0.8061 0.0076 0.5917
vn -0.4022 0.0089 0.9155
vn 0.1095 0.0079 0.9940
vn 0.9155 0.0003 0.4022
vn 0.9940 -0.0042 -0.1094
vn 0.8061 -0.0076 -0.5917
vn 0.4022 -0.0089 -0.9155
vn -0.5918 -0.0046 -0.8061
vn -0.1094 -0.0077 -0.9940
vn -0.9940 0.0041 0.1094
vn -0.8061 0.0074 0.5917
vn -0.4022 0.0087 0.9155
vn 0.1095 0.0077 0.9940
vn 0.5918 0.0046 0.8061
vn 0.9940 -0.0041 -0.1094
vn 0.8061 -0.0074 -0.5917
vn 0.4022 -0.0087 -0.9155
vn -0.1094 -0.0076 -0.9940
vn -0.9940 0.0040 0.1094
vn -0.8061 0.0073 0.5917
vn -0.4022 0.0086 0.9155
vn 0.1094 0.0076 0.9940
vn 0.9940 -0.0040 -0.1094
vn 0.8061 -0.0073 -0.5917
vn 0.4022 -0.0086 -0.9155
vn -0.5918 -0.0044 -0.8061
vn -0.1094 -0.0074 -0.9940
vn -0.9155 -0.0002 -0.4022
vn -0.8061 0.0072 0.5917
vn -0.4022 0.0085 0.9155
vn 0.1094 0.0074 0.9940
vn 0.5918 0.0044 0.8061
vn 0.9155 0.0002 0.4022
vn 0.8061 -0.0072 -0.5917
vn 0.4022 -0.0085 -0.9155
vn -0.5918 -0.0042 -0.8061
vn -0.1095 -0.0073 -0.9940
vn -0.9155 -0.0000 -0.4022
vn -0.4022 0.0084 0.9155
vn 0.1094 0.0073 0.9940
vn 0.5918 0.0042 0.8061
vn 0.9155 -0.0000 0.4022
vn 0.8061 -0.0073 -0.5918
vn 0.4022 -0.0084 -0.9155
vn -0.5918 -0.0038 -0.8061
vn -0.1095 -0.0070 -0.9940
vn -0.9155 0.0004 -0.4022
vn -0.9940 0.0045 0.1094
vn -0.4023 0.0083 0.9155
vn 0.1094 0.0070 0.9940
vn 0.5918 0.0038 0.8061
vn 0.9155 -0.0004 0.4022
vn 0.9940 -0.0045 -0.1094
vn 0.8061 -0.0074 -0.5918
vn 0.4022 -0.0083 -0.9155
vn -0.5918 -0.0030 -0.8061
vn -0.1095 -0.0065 -0.9940
vn -0.9155 0.0013 -0.4022
vn -0.9940 0.0053 0.1093
vn -0.8062 0.0078 0.5917
vn 0.1093 0.0065 0.9940
vn 0.5917 0.0030 0.8061
vn 0.9155 -0.0013 0.4022
vn 0.9940 -0.0053 -0.1095
vn 0.8060 -0.0078 -0.5918
vn 0.4021 -0.0083 -0.9156
vn -0.5920 0.0004 -0.8060
vn -0.1099 -0.0045 -0.9939
vn -0.9155 0.0053 -0.4023
vn -0.9940 0.0087 0.1091
vn -0.8064 0.0098 0.5913
vn -0.4027 0.0083 0.9153
vn 0.1089 0.0045 0.9940
vn 0.5915 -0.0004 0.8063
vn 0.9155 -0.0053 0.4023
vn 0.9939 -0.0087 -0.1097
vn 0.8058 -0.0098 -0.5921
vn 0.4017 -0.0083 -0.9157
vn -0.5937 0.0005 -0.8047
vn -0.1114 -0.0124 -0.9937
vn -0.9162 0.0127 -0.4006
vn -0.9937 0.0208 0.1103
vn -0.8056 0.0237 0.5920
vn -0.4020 0.0217 0.9154
vn 0.1089 0.0151 0.9939
vn 0.5905 0.0051 0.8070
vn 0.9145 -0.0066 0.4045
vn 0.9941 -0.0170 -0.1069
vn 0.8068 -0.0227 -0.5904
vn 0.4018 -0.0212 -0.9155
vn -0.5862 -0.0841 -0.8058
vn -0.0971 -0.0761 -0.9924
vn -0.9155 -0.0692 -0.3963
vn -0.9919 -0.0356 0.1216
vn -0.7976 0.0077 0.6031
vn -0.3905 0.0492 0.9193
vn 0.1179 0.0781 0.9899
vn 0.5938 0.0865 0.7999
vn 0.9135 0.0721 0.4004
vn 0.9938 0.0386 -0.1044
vn 0.8126 -0.0052 -0.5828
vn 0.4149 -0.0472 -0.9087
vn -0.5784 -0.1987 -0.7912
vn -0.0971 -0.1544 -0.9832
vn -0.9034 -0.1890 -0.3849
vn -0.9839 -0.1276 0.1253
vn -0.7986 -0.0321 0.6010
vn -0.3990 0.0709 0.9142
vn 0.1061 0.1539 0.9824
vn 0.5818 0.1955 0.7895
vn 0.9029 0.1854 0.3879
vn 0.9851 0.1265 -0.1168
vn 0.8055 0.0337 -0.5916
vn 0.4099 -0.0690 -0.9095
vn -0.5700 -0.2522 -0.7820
vn -0.0922 -0.1941 -0.9766
vn -0.8942 -0.2422 -0.3764
vn -0.9773 -0.1669 0.1304
vn -0.7975 -0.0469 0.6016
vn -0.4040 0.0854 0.9107
vn 0.0968 0.1946 0.9761
vn 0.5712 0.2517 0.7813
vn 0.8934 0.2418 0.3786
vn 0.9779 0.1676 -0.1252
vn 0.8014 0.0485 -0.5962
vn 0.4100 -0.0839 -0.9082
vn -0.5636 -0.2853 -0.7752
vn -0.0877 -0.2209 -0.9713
vn -0.8878 -0.2730 -0.3705
vn -0.9732 -0.1872 0.1337
vn -0.7972 -0.0513 0.6015
vn -0.4079 0.0982 0.9077
vn 0.0900 0.2213 0.9710
vn 0.5637 0.2852 0.7752
vn 0.8870 0.2730 0.3725
vn 0.9735 0.1880 -0.1299
vn 0.7998 0.0526 -0.5979
vn 0.4115 -0.0971 -0.9062
vn -0.5588 -0.3083 -0.7699
vn -0.0836 -0.2420 -0.9667
vn -0.8836 -0.2917 -0.3662
vn -0.9710 -0.1968 0.1355
vn -0.7981 -0.0491 0.6005
vn -0.4117 0.1115 0.9045
vn 0.0845 0.2422 0.9665
vn 0.5581 0.3082 0.7704
vn 0.8826 0.2919 0.3685
vn 0.9713 0.1975 -0.1322
vn 0.8000 0.0502 -0.5979
vn 0.4139 -0.1107 -0.9036
vn -0.5550 -0.3259 -0.7654
vn -0.0796 -0.2613 -0.9620
vn -0.8810 -0.3030 -0.3633
vn -0.9706 -0.1988 0.1359
vn -0.8001 -0.0415 0.5984
vn -0.4158 0.1269 0.9006
vn 0.0794 0.2612 0.9620
vn 0.5535 0.3258 0.7665
vn 0.8798 0.3033 0.3660
vn 0.9708 0.1997 -0.1328
vn 0.8016 0.0424 -0.5963
vn 0.4171 -0.1264 -0.9000
vn -0.5519 -0.3407 -0.7611
vn -0.0755 -0.2811 -0.9567
vn -0.8798 -0.3088 -0.3613
vn -0.9717 -0.1941 0.1349
vn -0.8035 -0.0276 0.5946
vn -0.4208 0.1462 0.8953
vn 0.0741 0.2809 0.9569
vn 0.5495 0.3406 0.7629
vn 0.8782 0.3093 0.3648
vn 0.9719 0.1952 -0.1314
vn 0.8049 0.0285 -0.5928
vn 0.4214 -0.1459 -0.8951
vn -0.5494 -0.3546 -0.7566
vn -0.0709 -0.3044 -0.9499
vn -0.8799 -0.3095 -0.3604
vn -0.9745 -0.1816 0.1317
vn -0.8087 -0.0053 0.5882
vn -0.4274 0.1723 0.8875
vn 0.0680 0.3039 0.9503
vn 0.5455 0.3546 0.7594
vn 0.8776 0.3104 0.3652
vn 0.9748 0.1831 -0.1275
vn 0.8100 0.0063 -0.5864
vn 0.4270 -0.1722 -0.8877
vn -0.5475 -0.3693 -0.7509
vn -0.0654 -0.3352 -0.9399
vn -0.8817 -0.3040 -0.3608
vn -0.9796 -0.1573 0.1249
vn -0.8164 0.0310 0.5766
vn -0.4363 0.2109 0.8747
vn 0.0600 0.3348 0.9404
vn 0.5410 0.3696 0.7555
vn 0.8781 0.3058 0.3680
vn 0.9799 0.1599 -0.1191
vn 0.8178 -0.0292 -0.5748
vn 0.4348 -0.2106 -0.8755
vn -0.5466 -0.3876 -0.7423
vn -0.0589 -0.3819 -0.9223
vn -0.8860 -0.2877 -0.3637
vn -0.9878 -0.1105 0.1100
vn -0.8277 0.0957 0.5530
vn -0.4493 0.2760 0.8497
vn 0.0483 0.3833 0.9223
vn 0.5346 0.3895 0.7500
vn 0.8794 0.2925 0.3757
vn 0.9879 0.1175 -0.1016
vn 0.8290 -0.0890 -0.5522
vn 0.4453 -0.2721 -0.8530
vn -0.5490 -0.4123 -0.7271
vn -0.0553 -0.4602 -0.8861
vn -0.8930 -0.2475 -0.3759
vn -0.9975 -0.0126 0.0699
vn -0.8398 0.2264 0.4934
vn -0.4645 0.4058 0.7871
vn 0.0318 0.4791 0.8772
vn 0.5225 0.4267 0.7382
vn 0.8784 0.2613 0.4002
vn 0.9982 0.0279 -0.0535
vn 0.8417 -0.2073 -0.4985
vn 0.4539 -0.3836 -0.8043
vn -0.5588 -0.4893 -0.6696
vn -0.0655 -0.6295 -0.7742
vn -0.8964 -0.2163 -0.3868
vn -0.9929 0.1190 -0.0093
vn -0.8287 0.4256 0.3636
vn -0.4517 0.6226 0.6390
vn 0.0398 0.6599 0.7503
vn 0.5220 0.5270 0.6707
vn 0.8722 0.2551 0.4174
vn 0.9951 -0.0868 0.0482
vn 0.8462 -0.4036 -0.3479
vn 0.4539 -0.6017 -0.6572
vn -0.5881 -0.6517 -0.4790
vn -0.0924 -0.8593 -0.5031
vn -0.9112 -0.2639 -0.3164
vn -0.9786 0.1911 -0.0758
vn -0.7872 0.5910 0.1761
vn -0.3959 0.8368 0.3782
vn 0.0945 0.8701 0.4837
vn 0.5620 0.6823 0.4675
vn 0.8882 0.3169 0.3326
vn 0.9845 -0.1360 0.1106
vn 0.8182 -0.5560 -0.1460
vn 0.4261 -0.8236 -0.3743
vn -0.6444 -0.7528 -0.1344
vn -0.1601 -0.9836 -0.0834
vn -0.9380 -0.3151 -0.1445
vn -0.9738 0.2002 -0.1081
vn -0.7537 0.6560 -0.0404
vn -0.3424 0.9388 0.0377
vn 0.1537 0.9824 0.1057
vn 0.6112 0.7777 0.1468
vn 0.9154 0.3734 0.1505
vn 0.9844 -0.1325 0.1161
vn 0.7904 -0.6102 0.0545
vn 0.3731 -0.9277 -0.0160
vn -0.6679 -0.7222 0.1799
vn -0.1972 -0.9351 0.2944
vn -0.9514 -0.3075 0.0183
vn -0.9726 0.1902 -0.1337
vn -0.7357 0.6329 -0.2411
vn -0.3105 0.9074 -0.2831
vn 0.1920 0.9483 -0.2529
vn 0.6459 0.7467 -0.1588
vn 0.9359 0.3514 -0.0234
vn 0.9826 -0.1399 0.1220
vn 0.7635 -0.5976 0.2449
vn 0.3294 -0.8905 0.3138
vn -0.6757 -0.6371 0.3708
vn -0.2097 -0.8320 0.5137
vn -0.9553 -0.2672 0.1267
vn -0.9736 0.1756 -0.1457
vn -0.7320 0.5699 -0.3734
vn -0.3002 0.8123 -0.5001
vn 0.2079 0.8427 -0.4967
vn 0.6623 0.6542 -0.3652
vn 0.9458 0.2940 -0.1377
vn 0.9807 -0.1461 0.1296
vn 0.7510 -0.5482 0.3682
vn 0.3141 -0.7998 0.5114
vn -0.6764 -0.5561 0.4829
vn -0.2124 -0.7356 0.6433
vn -0.9552 -0.2256 0.1914
vn -0.9748 0.1656 -0.1494
vn -0.7337 0.5115 -0.4472
vn -0.2998 0.7209 -0.6249
vn 0.2118 0.7403 -0.6381
vn 0.6679 0.5652 -0.4841
vn 0.9493 0.2407 -0.2022
vn 0.9795 -0.1490 0.1356
vn 0.7463 -0.4995 0.4400
vn 0.3095 -0.7148 0.6271
vn -0.6745 -0.4924 0.5502
vn -0.2116 -0.6600 0.7208
vn -0.9540 -0.1916 0.2307
vn -0.9757 0.1603 -0.1496
vn -0.7363 0.4686 -0.4881
vn -0.3020 0.6517 -0.6958
vn 0.2114 0.6620 -0.7191
vn 0.6690 0.4973 -0.5524
vn 0.9501 0.2004 -0.2390
vn 0.9787 -0.1505 0.1393
vn 0.7447 -0.4618 0.4819
vn 0.3087 -0.6487 0.6956
vn -0.6719 -0.4456 0.5916
vn -0.2096 -0.6053 0.7679
vn -0.9524 -0.1658 0.2557
vn -0.9762 0.1583 -0.1481
vn -0.7386 0.4395 -0.5112
vn -0.3046 0.6031 -0.7372
vn 0.2099 0.6062 -0.7671
vn 0.6686 0.4483 -0.5933
vn 0.9499 0.1709 -0.2615
vn 0.9782 -0.1524 0.1408
vn 0.7442 -0.4354 0.5065
vn 0.3093 -0.6015 0.7365
vn -0.6695 -0.4132 0.6173
vn -0.2076 -0.5687 0.7959
vn -0.9509 -0.1466 0.2725
vn -0.9765 0.1593 -0.1450
vn -0.7404 0.4221 -0.5230
vn -0.3068 0.5720 -0.7608
vn 0.2084 0.5691 -0.7954
vn 0.6679 0.4145 -0.6181
vn 0.9495 0.1493 -0.2759
vn 0.9777 -0.1560 0.1405
vn 0.7440 -0.4198 0.5199
vn 0.3101 -0.5710 0.7601
vn -0.6672 -0.3951 0.6314
vn -0.2060 -0.5510 0.8087
vn -0.9494 -0.1333 0.2844
vn -0.9766 0.1642 -0.1391
vn -0.7416 0.4175 -0.5251
vn -0.3081 0.5587 -0.7700
vn 0.2077 0.5504 -0.8086
vn 0.6677 0.3949 -0.6310
vn 0.9492 0.1336 -0.2848
vn 0.9769 -0.1636 0.1376
vn 0.7431 -0.4171 0.5232
vn 0.3103 -0.5589 0.7690
vn -0.6608 -0.4196 0.6223
vn -0.2037 -0.5948 0.7777
vn -0.9472 -0.1341 0.2913
vn -0.9724 0.1022 -0.2099
vn -0.7457 -0.1625 -0.6462
vn -0.2101 -0.4649 -0.8601
vn 0.1735 -0.2253 -0.9587
vn 0.5935 0.0631 -0.8024
vn 0.9476 0.1160 -0.2975
vn 0.9723 -0.1965 0.1267
vn 0.7328 -0.4666 0.4953
vn 0.3036 -0.6117 0.7305
vn -0.6701 -0.6601 0.3395
vn -0.2515 -0.8838 0.3946
vn -0.9382 -0.2765 0.2084
vn -0.8060 -0.5142 -0.2933
vn 0.0084 -0.9126 -0.4087
vn 0.1484 -0.9883 0.0354
vn -0.1644 -0.9606 -0.2241
vn 0.0160 -0.7401 -0.6723
vn 0.7668 -0.4143 -0.4904
vn 0.9296 -0.3662 -0.0420
vn 0.6474 -0.7359 0.1985
vn 0.2223 -0.9125 0.3434
vn -0.7567 -0.4301 -0.4923
vn -0.3520 -0.6346 -0.6880
vn -0.9721 -0.1258 -0.1980
vn -0.9276 -0.3712 0.0411
vn 0.0162 -0.9998 0.0114
vn 0.0452 -0.8958 -0.4421
vn -0.3290 -0.8255 -0.4586
vn -0.6228 -0.7401 -0.2538
vn 0.5324 -0.8271 -0.1801
vn 0.8754 -0.3166 -0.3653
vn 0.5952 -0.5573 -0.5789
vn 0.1446 -0.6792 -0.7196
vn -0.6277 0.3689 -0.6855
vn -0.2155 0.3225 -0.9217
vn -0.9080 0.3257 -0.2636
vn -0.9562 0.0486 0.2887
vn -0.6764 -0.6625 0.3218
vn -0.3572 -0.9065 0.2253
vn -0.1251 -0.9788 0.1623
vn 0.1135 -0.9912 0.0681
vn 0.5722 -0.8201 -0.0009
vn 0.9292 -0.1639 -0.3313
vn 0.6531 0.0378 -0.7563
vn 0.2394 0.2030 -0.9495
vn -0.5740 0.6245 -0.5297
vn -0.1291 0.6069 -0.7842
vn -0.8681 0.4778 -0.1350
vn -0.9329 0.2032 0.2972
vn -0.7482 -0.1285 0.6509
vn -0.3615 -0.4280 0.8283
vn 0.1227 -0.6123 0.7810
vn 0.5737 -0.6303 0.5230
vn 0.8700 -0.4771 0.1239
vn 0.9307 -0.1953 -0.3092
vn 0.7394 0.1369 -0.6592
vn 0.3508 0.4296 -0.8321
vn -0.5508 0.6756 -0.4901
vn -0.1035 0.6574 -0.7464
vn -0.8516 0.5140 -0.1032
vn -0.9255 0.2150 0.3118
vn -0.7518 -0.1421 0.6439
vn -0.3759 -0.4617 0.8034
vn 0.1016 -0.6573 0.7467
vn 0.5519 -0.6757 0.4887
vn 0.8533 -0.5119 0.0990
vn 0.9248 -0.2106 -0.3169
vn 0.7480 0.1467 -0.6473
vn 0.3715 0.4641 -0.8041
vn -0.5389 0.6988 -0.4703
vn -0.0910 0.6804 -0.7271
vn -0.8430 0.5306 -0.0878
vn -0.9220 0.2205 0.3184
vn -0.7541 -0.1490 0.6397
vn -0.3837 -0.4789 0.7896
vn 0.0901 -0.6802 0.7274
vn 0.5397 -0.6987 0.4696
vn 0.8441 -0.5293 0.0856
vn 0.9216 -0.2179 -0.3212
vn 0.7520 0.1517 -0.6415
vn 0.3813 0.4803 -0.7899
vn -0.5319 0.7119 -0.4586
vn -0.0836 0.6935 -0.7156
vn -0.8380 0.5399 -0.0790
vn -0.9200 0.2234 0.3219
vn -0.7556 -0.1531 0.6368
vn -0.3885 -0.4888 0.7811
vn 0.0831 -0.6934 0.7158
vn 0.5324 -0.7118 0.4582
vn 0.8387 -0.5391 0.0776
vn 0.9198 -0.2218 -0.3237
vn 0.7544 0.1548 -0.6379
vn 0.3871 0.4897 -0.7813
vn -0.5275 0.7197 -0.4514
vn -0.0789 0.7015 -0.7083
vn -0.8350 0.5453 -0.0737
vn -0.9190 0.2249 0.3239
vn -0.7568 -0.1559 0.6348
vn -0.3916 -0.4951 0.7756
vn 0.0787 -0.7014 0.7084
vn 0.5279 -0.7196 0.4511
vn 0.8354 -0.5447 0.0728
vn 0.9189 -0.2238 -0.3249
vn 0.7560 0.1570 -0.6354
vn 0.3908 0.4956 -0.7757
vn -0.5250 0.7242 -0.4472
vn -0.0760 0.7063 -0.7038
vn -0.8334 0.5481 -0.0708
vn -0.9186 0.2252 0.3247
vn -0.7577 -0.1581 0.6331
vn -0.3937 -0.4991 0.7720
vn 0.0760 -0.7063 0.7038
vn 0.5253 -0.7241 0.4469
vn 0.8337 -0.5478 0.0702
vn 0.9186 -0.2246 -0.3253
vn 0.7573 0.1586 -0.6335
vn 0.3933 0.4994 -0.7720
vn -0.5240 0.7259 -0.4455
vn -0.0745 0.7086 -0.7017
vn -0.8331 0.5487 -0.0700
vn -0.9189 0.2244 0.3243
vn -0.7585 -0.1600 0.6317
vn -0.3948 -0.5015 0.7698
vn 0.0748 -0.7087 0.7016
vn 0.5243 -0.7258 0.4453
vn 0.8332 -0.5485 0.0697
vn 0.9189 -0.2242 -0.3245
vn 0.7585 0.1601 -0.6318
vn 0.3948 0.5015 -0.7698
vn -0.0747 0.7079 -0.7024
vn -0.8345 0.5462 -0.0721
vn -0.9203 0.2218 0.3224
vn -0.7592 -0.1621 0.6303
vn -0.3947 -0.5024 0.7693
vn 0.0755 -0.7081 0.7021
vn 0.8345 -0.5463 0.0722
vn 0.9203 -0.2222 -0.3220
vn 0.7597 0.1614 -0.6299
vn 0.3956 0.5019 -0.7692
vn -0.5296 0.7158 -0.4551
vn -0.0777 0.7016 -0.7083
vn -0.8394 0.5376 -0.0797
vn -0.9237 0.2150 0.3170
vn -0.7599 -0.1652 0.6287
vn -0.3922 -0.5006 0.7717
vn 0.0801 -0.7015 0.7082
vn 0.5306 -0.7148 0.4555
vn 0.8394 -0.5374 0.0813
vn 0.9241 -0.2164 -0.3149
vn 0.7617 0.1629 -0.6271
vn 0.3951 0.4990 -0.7713
vn -0.5305 0.7162 -0.4535
vn -0.0868 0.6943 -0.7144
vn -0.8402 0.5348 -0.0891
vn -0.9320 0.2006 0.3019
vn -0.7591 -0.1744 0.6271
vn -0.3741 -0.4850 0.7905
vn 0.1088 -0.6580 0.7451
vn 0.5599 -0.6573 0.5045
vn 0.8638 -0.4864 0.1315
vn 0.9419 -0.1879 -0.2784
vn 0.7703 0.1660 -0.6157
vn 0.3914 0.4882 -0.7800
vn -0.6054 0.4932 -0.6247
vn -0.1109 0.5045 -0.8562
vn -0.9261 0.3114 -0.2131
vn -0.9691 0.0428 0.2428
vn -0.7469 -0.2117 0.6303
vn -0.3320 -0.3986 0.8550
vn 0.1667 -0.4809 0.8608
vn 0.6226 -0.4405 0.6468
vn 0.9195 -0.2876 0.2679
vn 0.9819 -0.0616 -0.1794
vn 0.7932 0.1809 -0.5815
vn 0.3979 0.3839 -0.8333
vn -0.6342 0.3464 -0.6912
vn -0.1762 0.4013 -0.8989
vn -0.9294 0.2058 -0.3062
vn -0.9869 0.0122 0.1607
vn -0.7856 -0.1902 0.5887
vn -0.3719 -0.3507 0.8595
vn 0.1459 -0.4225 0.8946
vn 0.6258 -0.3784 0.6820
vn 0.9329 -0.2258 0.2806
vn 0.9803 -0.0095 -0.1973
vn 0.7577 0.2038 -0.6200
vn 0.3321 0.3524 -0.8750
vn -0.6050 0.5171 -0.6055
vn -0.1447 0.5348 -0.8325
vn -0.9054 0.3637 -0.2190
vn -0.9674 0.1141 0.2263
vn -0.7722 -0.1674 0.6130
vn -0.3690 -0.4066 0.8358
vn 0.1344 -0.5380 0.8322
vn 0.6014 -0.5241 0.6030
vn 0.9057 -0.3675 0.2111
vn 0.9650 -0.1109 -0.2377
vn 0.7629 0.1746 -0.6225
vn 0.3557 0.4106 -0.8396
vn -0.5870 0.5761 -0.5688
vn -0.1281 0.5802 -0.8043
vn -0.8896 0.4189 -0.1820
vn -0.9556 0.1500 0.2535
vn -0.7667 -0.1593 0.6219
vn -0.3720 -0.4267 0.8244
vn 0.1233 -0.5798 0.8054
vn 0.5858 -0.5768 0.5693
vn 0.8904 -0.4182 0.1796
vn 0.9548 -0.1469 -0.2583
vn 0.7623 0.1636 -0.6262
vn 0.3656 0.4295 -0.8257
vn -0.5767 0.6047 -0.5494
vn -0.1193 0.6020 -0.7895
vn -0.8801 0.4459 -0.1627
vn -0.9488 0.1681 0.2675
vn -0.7638 -0.1548 0.6266
vn -0.3741 -0.4367 0.8182
vn 0.1164 -0.6016 0.7903
vn 0.5760 -0.6049 0.5499
vn 0.8806 -0.4454 0.1615
vn 0.9484 -0.1662 -0.2702
vn 0.7613 0.1574 -0.6290
vn 0.3704 0.4385 -0.8189
vn -0.5702 0.6212 -0.5376
vn -0.1139 0.6144 -0.7807
vn -0.8740 0.4619 -0.1509
vn -0.9442 0.1792 0.2763
vn -0.7619 -0.1516 0.6297
vn -0.3754 -0.4420 0.8147
vn 0.1120 -0.6141 0.7813
vn 0.5696 -0.6213 0.5380
vn 0.8743 -0.4616 0.1503
vn 0.9440 -0.1780 -0.2778
vn 0.7604 0.1533 -0.6311
vn 0.3731 0.4433 -0.8151
vn -0.5660 0.6314 -0.5302
vn -0.1106 0.6217 -0.7754
vn -0.8698 0.4721 -0.1431
vn -0.9410 0.1866 0.2822
vn -0.7604 -0.1490 0.6322
vn -0.3760 -0.4448 0.8129
vn 0.1093 -0.6215 0.7758
vn 0.5655 -0.6315 0.5305
vn 0.8699 -0.4720 0.1429
vn 0.9409 -0.1859 -0.2831
vn 0.7594 0.1500 -0.6331
vn 0.3745 0.4456 -0.8132
vn -0.5634 0.6374 -0.5256
vn -0.1088 0.6255 -0.7726
vn -0.8671 0.4787 -0.1380
vn -0.9386 0.1919 0.2866
vn -0.7590 -0.1463 0.6344
vn -0.3760 -0.4455 0.8125
vn 0.1079 -0.6253 0.7729
vn 0.5629 -0.6375 0.5260
vn 0.8670 -0.4788 0.1381
vn 0.9386 -0.1916 -0.2869
vn 0.7584 0.1469 -0.6350
vn 0.3750 0.4460 -0.8127
vn -0.5623 0.6400 -0.5236
vn -0.1084 0.6261 -0.7721
vn -0.8654 0.4825 -0.1349
vn -0.9368 0.1958 0.2899
vn -0.7574 -0.1434 0.6371
vn -0.3751 -0.4441 0.8137
vn 0.1077 -0.6260 0.7724
vn 0.5617 -0.6401 0.5241
vn 0.8652 -0.4827 0.1354
vn 0.9368 -0.1959 -0.2897
vn 0.7572 0.1435 -0.6372
vn 0.3746 0.4444 -0.8137
vn -0.5631 0.6385 -0.5247
vn -0.1099 0.6226 -0.7748
vn -0.8652 0.4832 -0.1339
vn -0.9354 0.1985 0.2927
vn -0.7551 -0.1392 0.6407
vn -0.3727 -0.4396 0.8172
vn 0.1094 -0.6224 0.7750
vn 0.5622 -0.6386 0.5254
vn 0.8647 -0.4838 0.1351
vn 0.9355 -0.1994 -0.2916
vn 0.7556 0.1387 -0.6402
vn 0.3728 0.4396 -0.8172
vn -0.5675 0.6292 -0.5311
vn -0.1151 0.6106 -0.7835
vn -0.8674 0.4787 -0.1361
vn -0.9342 0.2000 0.2954
vn -0.7505 -0.1316 0.6477
vn -0.3662 -0.4274 0.8265
vn 0.1154 -0.6090 0.7847
vn 0.5662 -0.6283 0.5336
vn 0.8662 -0.4798 0.1396
vn 0.9347 -0.2024 -0.2921
vn 0.7526 0.1300 -0.6455
vn 0.3682 0.4278 -0.8255
vn -0.5230 0.6953 -0.4930
vn -0.0684 0.7111 -0.6998
vn -0.8665 0.4783 -0.1428
vn -0.9318 0.1994 0.3034
vn -0.7291 -0.1016 0.6769
vn -0.3327 -0.3657 0.8692
vn 0.1476 -0.5330 0.8332
vn 0.5887 -0.5636 0.5796
vn 0.8777 -0.4474 0.1719
vn 0.9366 -0.2051 -0.2842
vn 0.7464 0.1222 -0.6541
vn 0.3751 0.4874 -0.7885
vn -0.6749 0.4449 -0.5887
vn -0.1639 0.4708 -0.8669
vn -0.9355 0.3162 -0.1577
vn -0.9259 0.1833 0.3305
vn -0.6752 0.0236 0.7373
vn -0.2524 -0.1403 0.9574
vn 0.2353 -0.2688 0.9340
vn 0.6631 -0.3288 0.6724
vn 0.9215 -0.3052 0.2401
vn 0.9460 -0.2030 -0.2526
vn 0.7337 -0.0335 -0.6787
vn 0.3480 0.2158 -0.9123
vn -0.7085 0.1449 -0.6907
vn -0.2841 0.0600 -0.9569
vn -0.9512 0.1939 -0.2399
vn -0.9420 0.1842 0.2807
vn -0.6779 0.1143 0.7262
vn -0.2315 0.0081 0.9728
vn 0.2757 -0.0998 0.9561
vn 0.7091 -0.1780 0.6823
vn 0.9524 -0.2076 0.2233
vn 0.9363 -0.1855 -0.2982
vn 0.6638 -0.1225 -0.7378
vn 0.2152 -0.0353 -0.9759
vn -0.6967 0.2255 -0.6810
vn -0.2636 0.1537 -0.9523
vn -0.9444 0.2373 -0.2277
vn -0.9398 0.1854 0.2870
vn -0.6831 0.0836 0.7255
vn -0.2426 -0.0410 0.9693
vn 0.2634 -0.1546 0.9522
vn 0.6985 -0.2264 0.6788
vn 0.9455 -0.2373 0.2229
vn 0.9383 -0.1846 -0.2925
vn 0.6796 -0.0827 -0.7289
vn 0.2397 0.0410 -0.9700
vn -0.6922 0.2477 -0.6779
vn -0.2577 0.1792 -0.9495
vn -0.9418 0.2500 -0.2249
vn -0.9394 0.1853 0.2885
vn -0.6852 0.0710 0.7249
vn -0.2470 -0.0625 0.9670
vn 0.2577 -0.1792 0.9495
vn 0.6931 -0.2478 0.6769
vn 0.9424 -0.2498 0.2226
vn 0.9387 -0.1848 -0.2911
vn 0.6835 -0.0704 -0.7265
vn 0.2457 0.0628 -0.9673
vn -0.6897 0.2589 -0.6762
vn -0.2546 0.1921 -0.9478
vn -0.9403 0.2564 -0.2236
vn -0.9392 0.1853 0.2890
vn -0.6864 0.0645 0.7244
vn -0.2494 -0.0737 0.9656
vn 0.2546 -0.1921 0.9478
vn 0.6903 -0.2590 0.6756
vn 0.9407 -0.2563 0.2222
vn 0.9388 -0.1850 -0.2906
vn 0.6854 -0.0641 -0.7253
vn 0.2486 0.0739 -0.9658
vn -0.6882 0.2655 -0.6751
vn -0.2528 0.1997 -0.9467
vn -0.9395 0.2602 -0.2228
vn -0.9391 0.1853 0.2893
vn -0.6871 0.0606 0.7240
vn -0.2508 -0.0803 0.9647
vn 0.2528 -0.1997 0.9467
vn 0.6886 -0.2656 0.6748
vn 0.9397 -0.2602 0.2219
vn 0.9389 -0.1850 -0.2903
vn 0.6865 -0.0604 -0.7246
vn 0.2503 0.0805 -0.9648
vn -0.6873 0.2696 -0.6745
vn -0.2516 0.2044 -0.9460
vn -0.9390 0.2626 -0.2223
vn -0.9391 0.1852 0.2895
vn -0.6876 0.0582 0.7238
vn -0.2517 -0.0844 0.9641
vn 0.2516 -0.2044 0.9460
vn 0.6875 -0.2696 0.6742
vn 0.9391 -0.2626 0.2218
vn 0.9389 -0.1851 -0.2901
vn 0.6872 -0.0581 -0.7242
vn 0.2514 0.0845 -0.9642
vn -0.6868 0.2720 -0.6740
vn -0.2510 0.2072 -0.9456
vn -0.9386 0.2640 -0.2219
vn -0.9390 0.1852 0.2897
vn -0.6878 0.0568 0.7237
vn -0.2522 -0.0868 0.9638
vn 0.2510 -0.2072 0.9456
vn 0.6869 -0.2721 0.6739
vn 0.9387 -0.2640 0.2217
vn 0.9390 -0.1851 -0.2900
vn 0.6876 -0.0567 -0.7239
vn 0.2521 0.0869 -0.9638
vn -0.6866 0.2730 -0.6738
vn -0.2507 0.2083 -0.9454
vn -0.9385 0.2645 -0.2217
vn -0.9390 0.1852 0.2898
vn -0.6879 0.0562 0.7237
vn -0.2524 -0.0878 0.9636
vn 0.2507 -0.2083 0.9454
vn 0.6866 -0.2730 0.6738
vn 0.9385 -0.2645 0.2217
vn 0.9390 -0.1852 -0.2898
vn 0.6878 -0.0562 -0.7237
vn 0.2524 0.0878 -0.9636
vn -0.6869 0.2722 -0.6739
vn -0.2509 0.2073 -0.9455
vn -0.9387 0.2641 -0.2216
vn -0.9389 0.1852 0.2900
vn -0.6876 0.0567 0.7239
vn -0.2521 -0.0870 0.9638
vn 0.2509 -0.2073 0.9455
vn 0.6867 -0.2722 0.6740
vn 0.9386 -0.2641 0.2219
vn 0.9390 -0.1853 -0.2896
vn 0.6878 -0.0568 -0.7236
vn 0.2523 0.0869 -0.9637
vn -0.6881 0.2678 -0.6744
vn -0.2522 0.2022 -0.9463
vn -0.9394 0.2615 -0.2216
vn -0.9388 0.1851 0.2905
vn -0.6866 0.0592 0.7246
vn -0.2507 -0.0825 0.9645
vn 0.2522 -0.2021 0.9463
vn 0.6877 -0.2676 0.6749
vn 0.9391 -0.2615 0.2228
vn 0.9392 -0.1854 -0.2892
vn 0.6875 -0.0595 -0.7238
vn 0.2514 0.0824 -0.9644
vn -0.6948 0.2479 -0.6751
vn -0.2533 0.1822 -0.9501
vn -0.9422 0.2557 -0.2165
vn -0.9343 0.1975 0.2969
vn -0.6790 0.0857 0.7291
vn -0.2447 -0.0507 0.9683
vn 0.2568 -0.1735 0.9508
vn 0.6934 -0.2440 0.6779
vn 0.9458 -0.2364 0.2228
vn 0.9452 -0.1554 -0.2873
vn 0.6954 -0.0377 -0.7177
vn 0.2587 0.0810 -0.9626
vn -0.7072 0.2746 -0.6515
vn -0.3242 0.1029 -0.9404
vn -0.9055 0.3751 -0.1984
vn -0.8736 0.3791 0.3050
vn -0.6185 0.2858 0.7320
vn -0.2023 0.1202 0.9719
vn 0.2698 -0.0710 0.9603
vn 0.6760 -0.2327 0.6992
vn 0.9085 -0.3291 0.2574
vn 0.8971 -0.3534 -0.2651
vn 0.6150 -0.2763 -0.7385
vn 0.1570 -0.0987 -0.9827
vn -0.5975 0.4182 -0.6842
vn -0.3009 0.0959 -0.9488
vn -0.7422 0.6247 -0.2425
vn -0.6974 0.6681 0.2596
vn -0.4746 0.5410 0.6943
vn -0.1278 0.2764 0.9525
vn 0.2594 -0.0619 0.9638
vn 0.5864 -0.3905 0.7096
vn 0.7427 -0.6248 0.2408
vn 0.6597 -0.6920 -0.2931
vn 0.4092 -0.5559 -0.7236
vn 0.0663 -0.2622 -0.9627
vn -0.4414 0.5483 -0.7103
vn -0.2107 0.1652 -0.9635
vn -0.5553 0.7858 -0.2724
vn -0.5234 0.8187 0.2362
vn -0.3537 0.6370 0.6849
vn -0.0900 0.2836 0.9547
vn 0.1962 -0.1513 0.9688
vn 0.4254 -0.5488 0.7196
vn 0.5380 -0.7967 0.2754
vn 0.5076 -0.8264 -0.2436
vn 0.3398 -0.6309 -0.6975
vn 0.0761 -0.2663 -0.9609
vn -0.3607 0.5924 -0.7203
vn -0.1656 0.1847 -0.9687
vn -0.4598 0.8423 -0.2813
vn -0.4369 0.8690 0.2322
vn -0.2980 0.6651 0.6847
vn -0.0794 0.2832 0.9558
vn 0.1607 -0.1760 0.9712
vn 0.3576 -0.5889 0.7248
vn 0.4580 -0.8430 0.2822
vn 0.4346 -0.8689 -0.2369
vn 0.2939 -0.6598 -0.6915
vn 0.0740 -0.2736 -0.9590
vn -0.3187 0.6117 -0.7240
vn -0.1425 0.1935 -0.9707
vn -0.4098 0.8666 -0.2847
vn -0.3918 0.8907 0.2304
vn -0.2693 0.6775 0.6845
vn -0.0747 0.2829 0.9562
vn 0.1401 -0.1882 0.9721
vn 0.3175 -0.6093 0.7266
vn 0.4094 -0.8666 0.2851
vn 0.3911 -0.8903 -0.2332
vn 0.2674 -0.6742 -0.6885
vn 0.0720 -0.2772 -0.9581
vn -0.2936 0.6220 -0.7258
vn -0.1288 0.1982 -0.9717
vn -0.3800 0.8796 -0.2863
vn -0.3649 0.9023 0.2296
vn -0.2523 0.6841 0.6844
vn -0.0722 0.2826 0.9565
vn 0.1275 -0.1949 0.9725
vn 0.2930 -0.6205 0.7274
vn 0.3799 -0.8795 0.2866
vn 0.3646 -0.9020 -0.2313
vn 0.2513 -0.6820 -0.6869
vn 0.0706 -0.2791 -0.9577
vn -0.2781 0.6280 -0.7268
vn -0.1202 0.2009 -0.9722
vn -0.3615 0.8870 -0.2872
vn -0.3483 0.9089 0.2292
vn -0.2420 0.6878 0.6844
vn -0.0708 0.2824 0.9567
vn 0.1195 -0.1989 0.9727
vn 0.2777 -0.6271 0.7278
vn 0.3615 -0.8870 0.2873
vn 0.3481 -0.9087 -0.2303
vn 0.2413 -0.6865 -0.6859
vn 0.0699 -0.2802 -0.9574
vn -0.2691 0.6312 -0.7274
vn -0.1152 0.2023 -0.9725
vn -0.3510 0.8911 -0.2877
vn -0.3389 0.9125 0.2291
vn -0.2361 0.6896 0.6846
vn -0.0701 0.2820 0.9568
vn 0.1148 -0.2013 0.9728
vn 0.2689 -0.6308 0.7279
vn 0.3509 -0.8911 0.2877
vn 0.3388 -0.9124 -0.2297
vn 0.2358 -0.6890 -0.6853
vn 0.0697 -0.2809 -0.9572
vn -0.2659 0.6321 -0.7278
vn -0.1131 0.2025 -0.9727
vn -0.3475 0.8924 -0.2879
vn -0.3360 0.9135 0.2292
vn -0.2345 0.6899 0.6849
vn -0.0701 0.2814 0.9570
vn 0.1131 -0.2025 0.9727
vn 0.2659 -0.6322 0.7278
vn 0.3475 -0.8924 0.2878
vn 0.3360 -0.9135 -0.2293
vn 0.2345 -0.6899 -0.6849
vn 0.0701 -0.2814 -0.9570
vn -0.2701 0.6301 -0.7280
vn -0.1146 0.2010 -0.9729
vn -0.3531 0.8902 -0.2878
vn -0.3414 0.9114 0.2298
vn -0.2381 0.6880 0.6856
vn -0.0709 0.2801 0.9574
vn 0.1153 -0.2027 0.9724
vn 0.2705 -0.6309 0.7272
vn 0.3533 -0.8903 0.2875
vn 0.3416 -0.9115 -0.2291
vn 0.2385 -0.6889 -0.6845
vn 0.0716 -0.2818 -0.9568
vn -0.2867 0.6232 -0.7276
vn -0.1226 0.1962 -0.9729
vn -0.3731 0.8823 -0.2870
vn -0.3604 0.9038 0.2307
vn -0.2512 0.6820 0.6868
vn -0.0730 0.2770 0.9581
vn 0.1266 -0.2011 0.9714
vn 0.2931 -0.6236 0.7247
vn 0.3813 -0.8792 0.2859
vn 0.3677 -0.9014 -0.2287
vn 0.2560 -0.6839 -0.6832
vn 0.0762 -0.2827 -0.9562
vn 0.6450 0.6693 -0.3688
vn 0.5357 0.2629 -0.8024
vn 0.5800 0.7950 -0.1777
vn 0.5959 0.8010 0.0581
vn 0.6824 0.6876 0.2480
vn 0.2993 0.2479 0.9214
vn 0.2627 -0.1785 0.9482
vn 0.5195 -0.5189 0.6788
vn 0.6389 -0.7247 0.2580
vn 0.6130 -0.7587 -0.2205
vn 0.4400 -0.6124 -0.6568
vn 0.1532 -0.2514 -0.9557
vn 0.8130 -0.1532 0.5618
vn 0.9534 0.1274 -0.2733
vn 0.9364 -0.3034 0.1765
vn 0.9078 -0.3471 -0.2356
vn 0.7183 -0.2330 -0.6556
vn 0.1917 0.0442 0.9805
vn 0.4285 -0.1752 0.8864
vn 0.7146 -0.3883 0.5818
vn 0.8340 -0.5115 0.2070
vn 0.8060 -0.5607 -0.1897
vn 0.6198 -0.5226 -0.5854
vn 0.2931 -0.3070 -0.9055
vt 0.000000 1.000000
vt 0.006944 1.000000
vt 0.006944 0.916667
vt 0.000000 0.916667
vt 0.000000 0.083333
vt 0.006944 0.083333
vt 0.006944 0.000000
vt 0.000000 0.000000
vt 0.000000 0.166667
vt 0.006944 0.166667
vt 0.000000 0.250000
vt 0.006944 0.250000
vt 0.000000 0.333333
vt 0.006944 0.333333
vt 0.000000 0.416667
vt 0.006944 0.416667
vt 0.000000 0.500000
vt 0.006944 0.500000
vt 0.000000 0.583333
vt 0.006944 0.583333
vt 0.000000 0.666667
vt 0.006944 0.666667
vt 0.000000 0.750000
vt 0.006944 0.750000
vt 0.000000 0.833333
vt 0.006944 0.833333
vt 0.013889 1.000000
vt 0.013889 0.916667
vt 0.013889 0.083333
vt 0.013889 0.000000
vt 0.013889 0.166667
vt 0.013889 0.250000
vt 0.013889 0.333333
vt 0.013889 0.416667
vt 0.013889 0.500000
vt 0.013889 0.583333
vt 0.013889 0.666667
vt 0.013889 0.750000
vt 0.013889 0.833333
vt 0.020833 1.000000
vt 0.020833 0.916667
vt 0.020833 0.083333
vt 0.020833 0.000000
vt 0.020833 0.166667
vt 0.020833 0.250000
vt 0.020833 0.333333
vt 0.020833 0.416667
vt 0.020833 0.500000
vt 0.020833 0.583333
vt 0.020833 0.666667
vt 0.020833 0.750000
vt 0.020833 0.833333
vt 0.027778 1.000000
vt 0.027778 0.916667
vt 0.027778 0.083333
vt 0.027778 0.000000
vt 0.027778 0.166667
vt 0.027778 0.250000
vt 0.027778 0.333333
vt 0.027778 0.416667
vt 0.027778 0.500000
vt 0.027778 0.583333
vt 0.027778 0.666667
vt 0.027778 0.750000
vt 0.027778 0.833333
vt 0.034722 1.000000
vt 0.034722 0.916667
vt 0.034722 0.083333
vt 0.034722 0.000000
vt 0.034722 0.166667
vt 0.034722 0.250000
vt 0.034722 0.333333
vt 0.034722 0.416667
vt 0.034722 0.500000
vt 0.034722 0.583333
vt 0.034722 0.666667
vt 0.034722 0.750000
vt 0.034722 0.833333
vt 0.041667 1.000000
vt 0.041667 0.916667
vt 0.041667 0.083333
vt 0.041667 0.000000
vt 0.041667 0.166667
vt 0.041667 0.250000
vt 0.041667 0.333333
vt 0.041667 0.416667
vt 0.041667 0.500000
vt 0.041667 0.583333
vt 0.041667 0.666667
vt 0.041667 0.750000
vt 0.041667 0.833333
vt 0.048611 1.000000
vt 0.048611 0.916667
vt 0.048611 0.083333
vt 0.048611 0.000000
vt 0.048611 0.166667
vt 0.048611 0.250000
vt 0.048611 0.333333
vt 0.048611 0.416667
vt 0.048611 0.500000
vt 0.048611 0.583333
vt 0.048611 0.666667
vt 0.048611 0.750000
vt 0.048611 0.833333
vt 0.055556 1.000000
vt 0.055556 0.916667
vt 0.055556 0.083333
vt 0.055556 0.000000
vt 0.055556 0.166667
vt 0.055556 0.250000
vt 0.055556 0.333333
vt 0.055556 0.416667
vt 0.055556 0.500000
vt 0.055556 0.583333
vt 0.055556 0.666667
vt 0.055556 0.750000
vt 0.055556 0.833333
vt 0.062500 1.000000
vt 0.062500 0.916667
vt 0.062500 0.083333
vt 0.062500 0.000000
vt 0.062500 0.166667
vt 0.062500 0.250000
vt 0.062500 0.333333
vt 0.062500 0.416667
vt 0.062500 0.500000
vt 0.062500 0.583333
vt 0.062500 0.666667
vt 0.062500 0.750000
vt 0.062500 0.833333
vt 0.069444 1.000000
vt 0.069444 0.916667
vt 0.069444 0.083333
vt 0.069444 0.000000
vt 0.069444 0.166667
vt 0.069444 0.250000
vt 0.069444 0.333333
vt 0.069444 0.416667
vt 0.069444 0.500000
vt 0.069444 0.583333
vt 0.069444 0.666667
vt 0.069444 0.750000
vt 0.069444 0.833333
vt 0.076389 1.000000
vt 0.076389 0.916667
vt 0.076389 0.083333
vt 0.076389 0.000000
vt 0.076389 0.166667
vt 0.076389 0.250000
vt 0.076389 0.333333
vt 0.076389 0.416667
vt 0.076389 0.500000
vt 0.076389 0.583333
vt 0.076389 0.666667
vt 0.076389 0.750000
vt 0.076389 0.833333
vt 0.083333 1.000000
vt 0.083333 0.916667
vt 0.083333 0.083333
vt 0.083333 0.000000
vt 0.083333 0.166667
vt 0.083333 0.250000
vt 0.083333 0.333333
vt 0.083333 0.416667
vt 0.083333 0.500000
vt 0.083333 0.583333
vt 0.083333 0.666667
vt 0.083333 0.750000
vt 0.083333 0.833333
vt 0.090278 1.000000
vt 0.090278 0.916667
vt 0.090278 0.083333
vt 0.090278 0.000000
vt 0.090278 0.166667
vt 0.090278 0.250000
vt 0.090278 0.333333
vt 0.090278 0.416667
vt 0.090278 0.500000
vt 0.090278 0.583333
vt 0.090278 0.666667
vt 0.090278 0.750000
vt 0.090278 0.833333
vt 0.097222 1.000000
vt 0.097222 0.916667
vt 0.097222 0.083333
vt 0.097222 0.000000
vt 0.097222 0.166667
vt 0.097222 0.250000
vt 0.097222 0.333333
vt 0.097222 0.416667
vt 0.097222 0.500000
vt 0.097222 0.583333
vt 0.097222 0.666667
vt 0.097222 0.750000
vt 0.097222 0.833333
vt 0.104167 1.000000
vt 0.104167 0.916667
vt 0.104167 0.083333
vt 0.104167 0.000000
vt 0.104167 0.166667
vt 0.104167 0.250000
vt 0.104167 0.333333
vt 0.104167 0.416667
vt 0.104167 0.500000
vt 0.104167 0.583333
vt 0.104167 0.666667
vt 0.104167 0.750000
vt 0.104167 0.833333
vt 0.111111 1.000000
vt 0.111111 0.916667
vt 0.111111 0.083333
vt 0.111111 0.000000
vt 0.111111 0.166667
vt 0.111111 0.250000
vt 0.111111 0.333333
vt 0.111111 0.416667
vt 0.111111 0.500000
vt 0.111111 0.583333
vt 0.111111 0.666667
vt 0.111111 0.750000
vt 0.111111 0.833333
vt 0.118056 1.000000
vt 0.118056 0.916667
vt 0.118056 0.083333
vt 0.118056 0.000000
vt 0.118056 0.166667
vt 0.118056 0.250000
vt 0.118056 0.333333
vt 0.118056 0.416667
vt 0.118056 0.500000
vt 0.118056 0.583333
vt 0.118056 0.666667
vt 0.118056 0.750000
vt 0.118056 0.833333
vt 0.125000 1.000000
vt 0.125000 0.916667
vt 0.125000 0.083333
vt 0.125000 0.000000
vt 0.125000 0.166667
vt 0.125000 0.250000
vt 0.125000 0.333333
vt 0.125000 0.416667
vt 0.125000 0.500000
vt 0.125000 0.583333
vt 0.125000 0.666667
vt 0.125000 0.750000
vt 0.125000 0.833333
vt 0.131944 1.000000
vt 0.131944 0.916667
vt 0.131944 0.083333
vt 0.131944 0.000000
vt 0.131944 0.166667
vt 0.131944 0.250000
vt 0.131944 0.333333
vt 0.131944 0.416667
vt 0.131944 0.500000
vt 0.131944 0.583333
vt 0.131944 0.666667
vt 0.131944 0.750000
vt 0.131944 0.833333
vt 0.138889 1.000000
vt 0.138889 0.916667
vt 0.138889 0.083333
vt 0.138889 0.000000
vt 0.138889 0.166667
vt 0.138889 0.250000
vt 0.138889 0.333333
vt 0.138889 0.416667
vt 0.138889 0.500000
vt 0.138889 0.583333
vt 0.138889 0.666667
vt 0.138889 0.750000
vt 0.138889 0.833333
vt 0.145833 1.000000
vt 0.145833 0.916667
vt 0.145833 0.083333
vt 0.145833 0.000000
vt 0.145833 0.166667
vt 0.145833 0.250000
vt 0.145833 0.333333
vt 0.145833 0.416667
vt 0.145833 0.500000
vt 0.145833 0.583333
vt 0.145833 0.666667
vt 0.145833 0.750000
vt 0.145833 0.833333
vt 0.152778 1.000000
vt 0.152778 0.916667
vt 0.152778 0.083333
vt 0.152778 0.000000
vt 0.152778 0.166667
vt 0.152778 0.250000
vt 0.152778 0.333333
vt 0.152778 0.416667
vt 0.152778 0.500000
vt 0.152778 0.583333
vt 0.152778 0.666667
vt 0.152778 0.750000
vt 0.152778 0.833333
vt 0.159722 1.000000
vt 0.159722 0.916667
vt 0.159722 0.083333
vt 0.159722 0.000000
vt 0.159722 0.166667
vt 0.159722 0.250000
vt 0.159722 0.333333
vt 0.159722 0.416667
vt 0.159722 0.500000
vt 0.159722 0.583333
vt 0.159722 0.666667
vt 0.159722 0.750000
vt 0.159722 0.833333
vt 0.166667 1.000000
vt 0.166667 0.916667
vt 0.166667 0.083333
vt 0.166667 0.000000
vt 0.166667 0.166667
vt 0.166667 0.250000
vt 0.166667 0.333333
vt 0.166667 0.416667
vt 0.166667 0.500000
vt 0.166667 0.583333
vt 0.166667 0.666667
vt 0.166667 0.750000
vt 0.166667 0.833333
vt 0.173611 1.000000
vt 0.173611 0.916667
vt 0.173611 0.083333
vt 0.173611 0.000000
vt 0.173611 0.166667
vt 0.173611 0.250000
vt 0.173611 0.333333
vt 0.173611 0.416667
vt 0.173611 0.500000
vt 0.173611 0.583333
vt 0.173611 0.666667
vt 0.173611 0.750000
vt 0.173611 0.833333
vt 0.180556 1.000000
vt 0.180556 0.916667
vt 0.180556 0.083333
vt 0.180556 0.000000
vt 0.180556 0.166667
vt 0.180556 0.250000
vt 0.180556 0.333333
vt 0.180556 0.416667
vt 0.180556 0.500000
vt 0.180556 0.583333
vt 0.180556 0.666667
vt 0.180556 0.750000
vt 0.180556 0.833333
vt 0.187500 1.000000
vt 0.187500 0.916667
vt 0.187500 0.083333
vt 0.187500 0.000000
vt 0.187500 0.166667
vt 0.187500 0.250000
vt 0.187500 0.333333
vt 0.187500 0.416667
vt 0.187500 0.500000
vt 0.187500 0.583333
vt 0.187500 0.666667
vt 0.187500 0.750000
vt 0.187500 0.833333
vt 0.194444 1.000000
vt 0.194444 0.916667
vt 0.194444 0.083333
vt 0.194444 0.000000
vt 0.194444 0.166667
vt 0.194444 0.250000
vt 0.194444 0.333333
vt 0.194444 0.416667
vt 0.194444 0.500000
vt 0.194444 0.583333
vt 0.194444 0.666667
vt 0.194444 0.750000
vt 0.194444 0.833333
vt 0.201389 1.000000
vt 0.201389 0.916667
vt 0.201389 0.083333
vt 0.201389 0.000000
vt 0.201389 0.166667
vt 0.201389 0.250000
vt 0.201389 0.333333
vt 0.201389 0.416667
vt 0.201389 0.500000
vt 0.201389 0.583333
vt 0.201389 0.666667
vt 0.201389 0.750000
vt 0.201389 0.833333
vt 0.208333 1.000000
vt 0.208333 0.916667
vt 0.208333 0.083333
vt 0.208333 0.000000
vt 0.208333 0.166667
vt 0.208333 0.250000
vt 0.208333 0.333333
vt 0.208333 0.416667
vt 0.208333 0.500000
vt 0.208333 0.583333
vt 0.208333 0.666667
vt 0.208333 0.750000
vt 0.208333 0.833333
vt 0.215278 1.000000
vt 0.215278 0.916667
vt 0.215278 0.083333
vt 0.215278 0.000000
vt 0.215278 0.166667
vt 0.215278 0.250000
vt 0.215278 0.333333
vt 0.215278 0.416667
vt 0.215278 0.500000
vt 0.215278 0.583333
vt 0.215278 0.666667
vt 0.215278 0.750000
vt 0.215278 0.833333
vt 0.222222 1.000000
vt 0.222222 0.916667
vt 0.222222 0.083333
vt 0.222222 0.000000
vt 0.222222 0.166667
vt 0.222222 0.250000
vt 0.222222 0.333333
vt 0.222222 0.416667
vt 0.222222 0.500000
vt 0.222222 0.583333
vt 0.222222 0.666667
vt 0.222222 0.750000
vt 0.222222 0.833333
vt 0.229167 1.000000
vt 0.229167 0.916667
vt 0.229167 0.083333
vt 0.229167 0.000000
vt 0.229167 0.166667
vt 0.229167 0.250000
vt 0.229167 0.333333
vt 0.229167 0.416667
vt 0.229167 0.500000
vt 0.229167 0.583333
vt 0.229167 0.666667
vt 0.229167 0.750000
vt 0.229167 0.833333
vt 0.236111 1.000000
vt 0.236111 0.916667
vt 0.236111 0.083333
vt 0.236111 0.000000
vt 0.236111 0.166667
vt 0.236111 0.250000
vt 0.236111 0.333333
vt 0.236111 0.416667
vt 0.236111 0.500000
vt 0.236111 0.583333
vt 0.236111 0.666667
vt 0.236111 0.750000
vt 0.236111 0.833333
vt 0.243056 1.000000
vt 0.243056 0.916667
vt 0.243056 0.083333
vt 0.243056 0.000000
vt 0.243056 0.166667
vt 0.243056 0.250000
vt 0.243056 0.333333
vt 0.243056 0.416667
vt 0.243056 0.500000
vt 0.243056 0.583333
vt 0.243056 0.666667
vt 0.243056 0.750000
vt 0.243056 0.833333
vt 0.250000 1.000000
vt 0.250000 0.916667
vt 0.250000 0.083333
vt 0.250000 0.000000
vt 0.250000 0.166667
vt 0.250000 0.250000
vt 0.250000 0.333333
vt 0.250000 0.416667
vt 0.250000 0.500000
vt 0.250000 0.583333
vt 0.250000 0.666667
vt 0.250000 0.750000
vt 0.250000 0.833333
vt 0.256944 1.000000
vt 0.256944 0.916667
vt 0.256944 0.083333
vt 0.256944 0.000000
vt 0.256944 0.166667
vt 0.256944 0.250000
vt 0.256944 0.333333
vt 0.256944 0.416667
vt 0.256944 0.500000
vt 0.256944 0.583333
vt 0.256944 0.666667
vt 0.256944 0.750000
vt 0.256944 0.833333
vt 0.263889 1.000000
vt 0.263889 0.916667
vt 0.263889 0.083333
vt 0.263889 0.000000
vt 0.263889 0.166667
vt 0.263889 0.250000
vt 0.263889 0.333333
vt 0.263889 0.416667
vt 0.263889 0.500000
vt 0.263889 0.583333
vt 0.263889 0.666667
vt 0.263889 0.750000
vt 0.263889 0.833333
vt 0.270833 1.000000
vt 0.270833 0.916667
vt 0.270833 0.083333
vt 0.270833 0.000000
vt 0.270833 0.166667
vt 0.270833 0.250000
vt 0.270833 0.333333
vt 0.270833 0.416667
vt 0.270833 0.500000
vt 0.270833 0.583333
vt 0.270833 0.666667
vt 0.270833 0.750000
vt 0.270833 0.833333
vt 0.277778 1.000000
vt 0.277778 0.916667
vt 0.277778 0.083333
vt 0.277778 0.000000
vt 0.277778 0.166667
vt 0.277778 0.250000
vt 0.277778 0.333333
vt 0.277778 0.416667
vt 0.277778 0.500000
vt 0.277778 0.583333
vt 0.277778 0.666667
vt 0.277778 0.750000
vt 0.277778 0.833333
vt 0.284722 1.000000
vt 0.284722 0.916667
vt 0.284722 0.083333
vt 0.284722 0.000000
vt 0.284722 0.166667
vt 0.284722 0.250000
vt 0.284722 0.333333
vt 0.284722 0.416667
vt 0.284722 0.500000
vt 0.284722 0.583333
vt 0.284722 0.666667
vt 0.284722 0.750000
vt 0.284722 0.833333
vt 0.291667 1.000000
vt 0.291667 0.916667
vt 0.291667 0.083333
vt 0.291667 0.000000
vt 0.291667 0.166667
vt 0.291667 0.250000
vt 0.291667 0.333333
vt 0.291667 0.416667
vt 0.291667 0.500000
vt 0.291667 0.583333
vt 0.291667 0.666667
vt 0.291667 0.750000
vt 0.291667 0.833333
vt 0.298611 1.000000
vt 0.298611 0.916667
vt 0.298611 0.083333
vt 0.298611 0.000000
vt 0.298611 0.166667
vt 0.298611 0.250000
vt 0.298611 0.333333
vt 0.298611 0.416667
vt 0.298611 0.500000
vt 0.298611 0.583333
vt 0.298611 0.666667
vt 0.298611 0.750000
vt 0.298611 0.833333
vt 0.305556 1.000000
vt 0.305556 0.916667
vt 0.305556 0.083333
vt 0.305556 0.000000
vt 0.305556 0.166667
vt 0.305556 0.250000
vt 0.305556 0.333333
vt 0.305556 0.416667
vt 0.305556 0.500000
vt 0.305556 0.583333
vt 0.305556 0.666667
vt 0.305556 0.750000
vt 0.305556 0.833333
vt 0.312500 1.000000
vt 0.312500 0.916667
vt 0.312500 0.083333
vt 0.312500 0.000000
vt 0.312500 0.166667
vt 0.312500 0.250000
vt 0.312500 0.333333
vt 0.312500 0.416667
vt 0.312500 0.500000
vt 0.312500 0.583333
vt 0.312500 0.666667
vt 0.312500 0.750000
vt 0.312500 0.833333
vt 0.319444 1.000000
vt 0.319444 0.916667
vt 0.319444 0.083333
vt 0.319444 0.000000
vt 0.319444 0.166667
vt 0.319444 0.250000
vt 0.319444 0.333333
vt 0.319444 0.416667
vt 0.319444 0.500000
vt 0.319444 0.583333
vt 0.319444 0.666667
vt 0.319444 0.750000
vt 0.319444 0.833333
vt 0.326389 1.000000
vt 0.326389 0.916667
vt 0.326389 0.083333
vt 0.326389 0.000000
vt 0.326389 0.166667
vt 0.326389 0.250000
vt 0.326389 0.333333
vt 0.326389 0.416667
vt 0.326389 0.500000
vt 0.326389 0.583333
vt 0.326389 0.666667
vt 0.326389 0.750000
vt 0.326389 0.833333
vt 0.333333 1.000000
vt 0.333333 0.916667
vt 0.333333 0.083333
vt 0.333333 0.000000
vt 0.333333 0.166667
vt 0.333333 0.250000
vt 0.333333 0.333333
vt 0.333333 0.416667
vt 0.333333 0.500000
vt 0.333333 0.583333
vt 0.333333 0.666667
vt 0.333333 0.750000
vt 0.333333 0.833333
vt 0.340278 1.000000
vt 0.340278 0.916667
vt 0.340278 0.083333
vt 0.340278 0.000000
vt 0.340278 0.166667
vt 0.340278 0.250000
vt 0.340278 0.333333
vt 0.340278 0.416667
vt 0.340278 0.500000
vt 0.340278 0.583333
vt 0.340278 0.666667
vt 0.340278 0.750000
vt 0.340278 0.833333
vt 0.347222 1.000000
vt 0.347222 0.916667
vt 0.347222 0.083333
vt 0.347222 0.000000
vt 0.347222 0.166667
vt 0.347222 0.250000
vt 0.347222 0.333333
vt 0.347222 0.416667
vt 0.347222 0.500000
vt 0.347222 0.583333
vt 0.347222 0.666667
vt 0.347222 0.750000
vt 0.347222 0.833333
vt 0.354167 1.000000
vt 0.354167 0.916667
vt 0.354167 0.083333
vt 0.354167 0.000000
vt 0.354167 0.166667
vt 0.354167 0.250000
vt 0.354167 0.333333
vt 0.354167 0.416667
vt 0.354167 0.500000
vt 0.354167 0.583333
vt 0.354167 0.666667
vt 0.354167 0.750000
vt 0.354167 0.833333
vt 0.361111 1.000000
vt 0.361111 0.916667
vt 0.361111 0.083333
vt 0.361111 0.000000
vt 0.361111 0.166667
vt 0.361111 0.250000
vt 0.361111 0.333333
vt 0.361111 0.416667
vt 0.361111 0.500000
vt 0.361111 0.583333
vt 0.361111 0.666667
vt 0.361111 0.750000
vt 0.361111 0.833333
vt 0.368056 1.000000
vt 0.368056 0.916667
vt 0.368056 0.083333
vt 0.368056 0.000000
vt 0.368056 0.166667
vt 0.368056 0.250000
vt 0.368056 0.333333
vt 0.368056 0.416667
vt 0.368056 0.500000
vt 0.368056 0.583333
vt 0.368056 0.666667
vt 0.368056 0.750000
vt 0.368056 0.833333
vt 0.375000 1.000000
vt 0.375000 0.916667
vt 0.375000 0.083333
vt 0.375000 0.000000
vt 0.375000 0.166667
vt 0.375000 0.250000
vt 0.375000 0.333333
vt 0.375000 0.416667
vt 0.375000 0.500000
vt 0.375000 0.583333
vt 0.375000 0.666667
vt 0.375000 0.750000
vt 0.375000 0.833333
vt 0.381944 1.000000
vt 0.381944 0.916667
vt 0.381944 0.083333
vt 0.381944 0.000000
vt 0.381944 0.166667
vt 0.381944 0.250000
vt 0.381944 0.333333
vt 0.381944 0.416667
vt 0.381944 0.500000
vt 0.381944 0.583333
vt 0.381944 0.666667
vt 0.381944 0.750000
vt 0.381944 0.833333
vt 0.388889 1.000000
vt 0.388889 0.916667
vt 0.388889 0.083333
vt 0.388889 0.000000
vt 0.388889 0.166667
vt 0.388889 0.250000
vt 0.388889 0.333333
vt 0.388889 0.416667
vt 0.388889 0.500000
vt 0.388889 0.583333
vt 0.388889 0.666667
vt 0.388889 0.750000
vt 0.388889 0.833333
vt 0.395833 1.000000
vt 0.395833 0.916667
vt 0.395833 0.083333
vt 0.395833 0.000000
vt 0.395833 0.166667
vt 0.395833 0.250000
vt 0.395833 0.333333
vt 0.395833 0.416667
vt 0.395833 0.500000
vt 0.395833 0.583333
vt 0.395833 0.666667
vt 0.395833 0.750000
vt 0.395833 0.833333
vt 0.402778 1.000000
vt 0.402778 0.916667
vt 0.402778 0.083333
vt 0.402778 0.000000
vt 0.402778 0.166667
vt 0.402778 0.250000
vt 0.402778 0.333333
vt 0.402778 0.416667
vt 0.402778 0.500000
vt 0.402778 0.583333
vt 0.402778 0.666667
vt 0.402778 0.750000
vt 0.402778 0.833333
vt 0.409722 1.000000
vt 0.409722 0.916667
vt 0.409722 0.083333
vt 0.409722 0.000000
vt 0.409722 0.166667
vt 0.409722 0.250000
vt 0.409722 0.333333
vt 0.409722 0.416667
vt 0.409722 0.500000
vt 0.409722 0.583333
vt 0.409722 0.666667
vt 0.409722 0.750000
vt 0.409722 0.833333
vt 0.416667 1.000000
vt 0.416667 0.916667
vt 0.416667 0.083333
vt 0.416667 0.000000
vt 0.416667 0.166667
vt 0.416667 0.250000
vt 0.416667 0.333333
vt 0.416667 0.416667
vt 0.416667 0.500000
vt 0.416667 0.583333
vt 0.416667 0.666667
vt 0.416667 0.750000
vt 0.416667 0.833333
vt 0.423611 1.000000
vt 0.423611 0.916667
vt 0.423611 0.083333
vt 0.423611 0.000000
vt 0.423611 0.166667
vt 0.423611 0.250000
vt 0.423611 0.333333
vt 0.423611 0.416667
vt 0.423611 0.500000
vt 0.423611 0.583333
vt 0.423611 0.666667
vt 0.423611 0.750000
vt 0.423611 0.833333
vt 0.430556 1.000000
vt 0.430556 0.916667
vt 0.430556 0.083333
vt 0.430556 0.000000
vt 0.430556 0.166667
vt 0.430556 0.250000
vt 0.430556 0.333333
vt 0.430556 0.416667
vt 0.430556 0.500000
vt 0.430556 0.583333
vt 0.430556 0.666667
vt 0.430556 0.750000
vt 0.430556 0.833333
vt 0.437500 1.000000
vt 0.437500 0.916667
vt 0.437500 0.083333
vt 0.437500 0.000000
vt 0.437500 0.166667
vt 0.437500 0.250000
vt 0.437500 0.333333
vt 0.437500 0.416667
vt 0.437500 0.500000
vt 0.437500 0.583333
vt 0.437500 0.666667
vt 0.437500 0.750000
vt 0.437500 0.833333
vt 0.444444 1.000000
vt 0.444444 0.916667
vt 0.444444 0.083333
vt 0.444444 0.000000
vt 0.444444 0.166667
vt 0.444444 0.250000
vt 0.444444 0.333333
vt 0.444444 0.416667
vt 0.444444 0.500000
vt 0.444444 0.583333
vt 0.444444 0.666667
vt 0.444444 0.750000
vt 0.444444 0.833333
vt 0.451389 1.000000
vt 0.451389 0.916667
vt 0.451389 0.083333
vt 0.451389 0.000000
vt 0.451389 0.166667
vt 0.451389 0.250000
vt 0.451389 0.333333
vt 0.451389 0.416667
vt 0.451389 0.500000
vt 0.451389 0.583333
vt 0.451389 0.666667
vt 0.451389 0.750000
vt 0.451389 0.833333
vt 0.458333 1.000000
vt 0.458333 0.916667
vt 0.458333 0.083333
vt 0.458333 0.000000
vt 0.458333 0.166667
vt 0.458333 0.250000
vt 0.458333 0.333333
vt 0.458333 0.416667
vt 0.458333 0.500000
vt 0.458333 0.583333
vt 0.458333 0.666667
vt 0.458333 0.750000
vt 0.458333 0.833333
vt 0.465278 1.000000
vt 0.465278 0.916667
vt 0.465278 0.083333
vt 0.465278 0.000000
vt 0.465278 0.166667
vt 0.465278 0.250000
vt 0.465278 0.333333
vt 0.465278 0.416667
vt 0.465278 0.500000
vt 0.465278 0.583333
vt 0.465278 0.666667
vt 0.465278 0.750000
vt 0.465278 0.833333
vt 0.472222 1.000000
vt 0.472222 0.916667
vt 0.472222 0.083333
vt 0.472222 0.000000
vt 0.472222 0.166667
vt 0.472222 0.250000
vt 0.472222 0.333333
vt 0.472222 0.416667
vt 0.472222 0.500000
vt 0.472222 0.583333
vt 0.472222 0.666667
vt 0.472222 0.750000
vt 0.472222 0.833333
vt 0.479167 1.000000
vt 0.479167 0.916667
vt 0.479167 0.083333
vt 0.479167 0.000000
vt 0.479167 0.166667
vt 0.479167 0.250000
vt 0.479167 0.333333
vt 0.479167 0.416667
vt 0.479167 0.500000
vt 0.479167 0.583333
vt 0.479167 0.666667
vt 0.479167 0.750000
vt 0.479167 0.833333
vt 0.486111 1.000000
vt 0.486111 0.916667
vt 0.486111 0.083333
vt 0.486111 0.000000
vt 0.486111 0.166667
vt 0.486111 0.250000
vt 0.486111 0.333333
vt 0.486111 0.416667
vt 0.486111 0.500000
vt 0.486111 0.583333
vt 0.486111 0.666667
vt 0.486111 0.750000
vt 0.486111 0.833333
vt 0.493056 1.000000
vt 0.493056 0.916667
vt 0.493056 0.083333
vt 0.493056 0.000000
vt 0.493056 0.166667
vt 0.493056 0.250000
vt 0.493056 0.333333
vt 0.493056 0.416667
vt 0.493056 0.500000
vt 0.493056 0.583333
vt 0.493056 0.666667
vt 0.493056 0.750000
vt 0.493056 0.833333
vt 0.500000 1.000000
vt 0.500000 0.916667
vt 0.500000 0.083333
vt 0.500000 0.000000
vt 0.500000 0.166667
vt 0.500000 0.250000
vt 0.500000 0.333333
vt 0.500000 0.416667
vt 0.500000 0.500000
vt 0.500000 0.583333
vt 0.500000 0.666667
vt 0.500000 0.750000
vt 0.500000 0.833333
vt 0.506944 1.000000
vt 0.506944 0.916667
vt 0.506944 0.083333
vt 0.506944 0.000000
vt 0.506944 0.166667
vt 0.506944 0.250000
vt 0.506944 0.333333
vt 0.506944 0.416667
vt 0.506944 0.500000
vt 0.506944 0.583333
vt 0.506944 0.666667
vt 0.506944 0.750000
vt 0.506944 0.833333
vt 0.513889 1.000000
vt 0.513889 0.916667
vt 0.513889 0.083333
vt 0.513889 0.000000
vt 0.513889 0.166667
vt 0.513889 0.250000
vt 0.513889 0.333333
vt 0.513889 0.416667
vt 0.513889 0.500000
vt 0.513889 0.583333
vt 0.513889 0.666667
vt 0.513889 0.750000
vt 0.513889 0.833333
vt 0.520833 1.000000
vt 0.520833 0.916667
vt 0.520833 0.083333
vt 0.520833 0.000000
vt 0.520833 0.166667
vt 0.520833 0.250000
vt 0.520833 0.333333
vt 0.520833 0.416667
vt 0.520833 0.500000
vt 0.520833 0.583333
vt 0.520833 0.666667
vt 0.520833 0.750000
vt 0.520833 0.833333
vt 0.527778 1.000000
vt 0.527778 0.916667
vt 0.527778 0.083333
vt 0.527778 0.000000
vt 0.527778 0.166667
vt 0.527778 0.250000
vt 0.527778 0.333333
vt 0.527778 0.416667
vt 0.527778 0.500000
vt 0.527778 0.583333
vt 0.527778 0.666667
vt 0.527778 0.750000
vt 0.527778 0.833333
vt 0.534722 1.000000
vt 0.534722 0.916667
vt 0.534722 0.083333
vt 0.534722 0.000000
vt 0.534722 0.166667
vt 0.534722 0.250000
vt 0.534722 0.333333
vt 0.534722 0.416667
vt 0.534722 0.500000
vt 0.534722 0.583333
vt 0.534722 0.666667
vt 0.534722 0.750000
vt 0.534722 0.833333
vt 0.541667 1.000000
vt 0.541667 0.916667
vt 0.541667 0.083333
vt 0.541667 0.000000
vt 0.541667 0.166667
vt 0.541667 0.250000
vt 0.541667 0.333333
vt 0.541667 0.416667
vt 0.541667 0.500000
vt 0.541667 0.583333
vt 0.541667 0.666667
vt 0.541667 0.750000
vt 0.541667 0.833333
vt 0.548611 1.000000
vt 0.548611 0.916667
vt 0.548611 0.083333
vt 0.548611 0.000000
vt 0.548611 0.166667
vt 0.548611 0.250000
vt 0.548611 0.333333
vt 0.548611 0.416667
vt 0.548611 0.500000
vt 0.548611 0.583333
vt 0.548611 0.666667
vt 0.548611 0.750000
vt 0.548611 0.833333
vt 0.555556 1.000000
vt 0.555556 0.916667
vt 0.555556 0.083333
vt 0.555556 0.000000
vt 0.555556 0.166667
vt 0.555556 0.250000
vt 0.555556 0.333333
vt 0.555556 0.416667
vt 0.555556 0.500000
vt 0.555556 0.583333
vt 0.555556 0.666667
vt 0.555556 0.750000
vt 0.555556 0.833333
vt 0.562500 1.000000
vt 0.562500 0.916667
vt 0.562500 0.083333
vt 0.562500 0.000000
vt 0.562500 0.166667
vt 0.562500 0.250000
vt 0.562500 0.333333
vt 0.562500 0.416667
vt 0.562500 0.500000
vt 0.562500 0.583333
vt 0.562500 0.666667
vt 0.562500 0.750000
vt 0.562500 0.833333
vt 0.569444 1.000000
vt 0.569444 0.916667
vt 0.569444 0.083333
vt 0.569444 0.000000
vt 0.569444 0.166667
vt 0.569444 0.250000
vt 0.569444 0.333333
vt 0.569444 0.416667
vt 0.569444 0.500000
vt 0.569444 0.583333
vt 0.569444 0.666667
vt 0.569444 0.750000
vt 0.569444 0.833333
vt 0.576389 1.000000
vt 0.576389 0.916667
vt 0.576389 0.083333
vt 0.576389 0.000000
vt 0.576389 0.166667
vt 0.576389 0.250000
vt 0.576389 0.333333
vt 0.576389 0.416667
vt 0.576389 0.500000
vt 0.576389 0.583333
vt 0.576389 0.666667
vt 0.576389 0.750000
vt 0.576389 0.833333
vt 0.583333 1.000000
vt 0.583333 0.916667
vt 0.583333 0.083333
vt 0.583333 0.000000
vt 0.583333 0.166667
vt 0.583333 0.250000
vt 0.583333 0.333333
vt 0.583333 0.416667
vt 0.583333 0.500000
vt 0.583333 0.583333
vt 0.583333 0.666667
vt 0.583333 0.750000
vt 0.583333 0.833333
vt 0.590278 1.000000
vt 0.590278 0.916667
vt 0.590278 0.083333
vt 0.590278 0.000000
vt 0.590278 0.166667
vt 0.590278 0.250000
vt 0.590278 0.333333
vt 0.590278 0.416667
vt 0.590278 0.500000
vt 0.590278 0.583333
vt 0.590278 0.666667
vt 0.590278 0.750000
vt 0.590278 0.833333
vt 0.597222 1.000000
vt 0.597222 0.916667
vt 0.597222 0.083333
vt 0.597222 0.000000
vt 0.597222 0.166667
vt 0.597222 0.250000
vt 0.597222 0.333333
vt 0.597222 0.416667
vt 0.597222 0.500000
vt 0.597222 0.583333
vt 0.597222 0.666667
vt 0.597222 0.750000
vt 0.597222 0.833333
vt 0.604167 1.000000
vt 0.604167 0.916667
vt 0.604167 0.083333
vt 0.604167 0.000000
vt 0.604167 0.166667
vt 0.604167 0.250000
vt 0.604167 0.333333
vt 0.604167 0.416667
vt 0.604167 0.500000
vt 0.604167 0.583333
vt 0.604167 0.666667
vt 0.604167 0.750000
vt 0.604167 0.833333
vt 0.611111 1.000000
vt 0.611111 0.916667
vt 0.611111 0.083333
vt 0.611111 0.000000
vt 0.611111 0.166667
vt 0.611111 0.250000
vt 0.611111 0.333333
vt 0.611111 0.416667
vt 0.611111 0.500000
vt 0.611111 0.583333
vt 0.611111 0.666667
vt 0.611111 0.750000
vt 0.611111 0.833333
vt 0.618056 1.000000
vt 0.618056 0.916667
vt 0.618056 0.083333
vt 0.618056 0.000000
vt 0.618056 0.166667
vt 0.618056 0.250000
vt 0.618056 0.333333
vt 0.618056 0.416667
vt 0.618056 0.500000
vt 0.618056 0.583333
vt 0.618056 0.666667
vt 0.618056 0.750000
vt 0.618056 0.833333
vt 0.625000 1.000000
vt 0.625000 0.916667
vt 0.625000 0.083333
vt 0.625000 0.000000
vt 0.625000 0.166667
vt 0.625000 0.250000
vt 0.625000 0.333333
vt 0.625000 0.416667
vt 0.625000 0.500000
vt 0.625000 0.583333
vt 0.625000 0.666667
vt 0.625000 0.750000
vt 0.625000 0.833333
vt 0.631944 1.000000
vt 0.631944 0.916667
vt 0.631944 0.083333
vt 0.631944 0.000000
vt 0.631944 0.166667
vt 0.631944 0.250000
vt 0.631944 0.333333
vt 0.631944 0.416667
vt 0.631944 0.500000
vt 0.631944 0.583333
vt 0.631944 0.666667
vt 0.631944 0.750000
vt 0.631944 0.833333
vt 0.638889 1.000000
vt 0.638889 0.916667
vt 0.638889 0.083333
vt 0.638889 0.000000
vt 0.638889 0.166667
vt 0.638889 0.250000
vt 0.638889 0.333333
vt 0.638889 0.416667
vt 0.638889 0.500000
vt 0.638889 0.583333
vt 0.638889 0.666667
vt 0.638889 0.750000
vt 0.638889 0.833333
vt 0.645833 1.000000
vt 0.645833 0.916667
vt 0.645833 0.083333
vt 0.645833 0.000000
vt 0.645833 0.166667
vt 0.645833 0.250000
vt 0.645833 0.333333
vt 0.645833 0.416667
vt 0.645833 0.500000
vt 0.645833 0.583333
vt 0.645833 0.666667
vt 0.645833 0.750000
vt 0.645833 0.833333
vt 0.652778 1.000000
vt 0.652778 0.916667
vt 0.652778 0.083333
vt 0.652778 0.000000
vt 0.652778 0.166667
vt 0.652778 0.250000
vt 0.652778 0.333333
vt 0.652778 0.416667
vt 0.652778 0.500000
vt 0.652778 0.583333
vt 0.652778 0.666667
vt 0.652778 0.750000
vt 0.652778 0.833333
vt 0.659722 1.000000
vt 0.659722 0.916667
vt 0.659722 0.083333
vt 0.659722 0.000000
vt 0.659722 0.166667
vt 0.659722 0.250000
vt 0.659722 0.333333
vt 0.659722 0.416667
vt 0.659722 0.500000
vt 0.659722 0.583333
vt 0.659722 0.666667
vt 0.659722 0.750000
vt 0.659722 0.833333
vt 0.666667 1.000000
vt 0.666667 0.916667
vt 0.666667 0.083333
vt 0.666667 0.000000
vt 0.666667 0.166667
vt 0.666667 0.250000
vt 0.666667 0.333333
vt 0.666667 0.416667
vt 0.666667 0.500000
vt 0.666667 0.583333
vt 0.666667 0.666667
vt 0.666667 0.750000
vt 0.666667 0.833333
vt 0.673611 1.000000
vt 0.673611 0.916667
vt 0.673611 0.083333
vt 0.673611 0.000000
vt 0.673611 0.166667
vt 0.673611 0.250000
vt 0.673611 0.333333
vt 0.673611 0.416667
vt 0.673611 0.500000
vt 0.673611 0.583333
vt 0.673611 0.666667
vt 0.673611 0.750000
vt 0.673611 0.833333
vt 0.680556 1.000000
vt 0.680556 0.916667
vt 0.680556 0.083333
vt 0.680556 0.000000
vt 0.680556 0.166667
vt 0.680556 0.250000
vt 0.680556 0.333333
vt 0.680556 0.416667
vt 0.680556 0.500000
vt 0.680556 0.583333
vt 0.680556 0.666667
vt 0.680556 0.750000
vt 0.680556 0.833333
vt 0.687500 1.000000
vt 0.687500 0.916667
vt 0.687500 0.083333
vt 0.687500 0.000000
vt 0.687500 0.166667
vt 0.687500 0.250000
vt 0.687500 0.333333
vt 0.687500 0.416667
vt 0.687500 0.500000
vt 0.687500 0.583333
vt 0.687500 0.666667
vt 0.687500 0.750000
vt 0.687500 0.833333
vt 0.694444 1.000000
vt 0.694444 0.916667
vt 0.694444 0.083333
vt 0.694444 0.000000
vt 0.694444 0.166667
vt 0.694444 0.250000
vt 0.694444 0.333333
vt 0.694444 0.416667
vt 0.694444 0.500000
vt 0.694444 0.583333
vt 0.694444 0.666667
vt 0.694444 0.750000
vt 0.694444 0.833333
vt 0.701389 1.000000
vt 0.701389 0.916667
vt 0.701389 0.083333
vt 0.701389 0.000000
vt 0.701389 0.166667
vt 0.701389 0.250000
vt 0.701389 0.333333
vt 0.701389 0.416667
vt 0.701389 0.500000
vt 0.701389 0.583333
vt 0.701389 0.666667
vt 0.701389 0.750000
vt 0.701389 0.833333
vt 0.708333 1.000000
vt 0.708333 0.916667
vt 0.708333 0.083333
vt 0.708333 0.000000
vt 0.708333 0.166667
vt 0.708333 0.250000
vt 0.708333 0.333333
vt 0.708333 0.416667
vt 0.708333 0.500000
vt 0.708333 0.583333
vt 0.708333 0.666667
vt 0.708333 0.750000
vt 0.708333 0.833333
vt 0.715278 1.000000
vt 0.715278 0.916667
vt 0.715278 0.083333
vt 0.715278 0.000000
vt 0.715278 0.166667
vt 0.715278 0.250000
vt 0.715278 0.333333
vt 0.715278 0.416667
vt 0.715278 0.500000
vt 0.715278 0.583333
vt 0.715278 0.666667
vt 0.715278 0.750000
vt 0.715278 0.833333
vt 0.722222 1.000000
vt 0.722222 0.916667
vt 0.722222 0.083333
vt 0.722222 0.000000
vt 0.722222 0.166667
vt 0.722222 0.250000
vt 0.722222 0.333333
vt 0.722222 0.416667
vt 0.722222 0.500000
vt 0.722222 0.583333
vt 0.722222 0.666667
vt 0.722222 0.750000
vt 0.722222 0.833333
vt 0.729167 1.000000
vt 0.729167 0.916667
vt 0.729167 0.083333
vt 0.729167 0.000000
vt 0.729167 0.166667
vt 0.729167 0.250000
vt 0.729167 0.333333
vt 0.729167 0.416667
vt 0.729167 0.500000
vt 0.729167 0.583333
vt 0.729167 0.666667
vt 0.729167 0.750000
vt 0.729167 0.833333
vt 0.736111 1.000000
vt 0.736111 0.916667
vt 0.736111 0.083333
vt 0.736111 0.000000
vt 0.736111 0.166667
vt 0.736111 0.250000
vt 0.736111 0.333333
vt 0.736111 0.416667
vt 0.736111 0.500000
vt 0.736111 0.583333
vt 0.736111 0.666667
vt 0.736111 0.750000
vt 0.736111 0.833333
vt 0.743056 1.000000
vt 0.743056 0.916667
vt 0.743056 0.083333
vt 0.743056 0.000000
vt 0.743056 0.166667
vt 0.743056 0.250000
vt 0.743056 0.333333
vt 0.743056 0.416667
vt 0.743056 0.500000
vt 0.743056 0.583333
vt 0.743056 0.666667
vt 0.743056 0.750000
vt 0.743056 0.833333
vt 0.750000 1.000000
vt 0.750000 0.916667
vt 0.750000 0.083333
vt 0.750000 0.000000
vt 0.750000 0.166667
vt 0.750000 0.250000
vt 0.750000 0.333333
vt 0.750000 0.416667
vt 0.750000 0.500000
vt 0.750000 0.583333
vt 0.750000 0.666667
vt 0.750000 0.750000
vt 0.750000 0.833333
vt 0.756944 1.000000
vt 0.756944 0.916667
vt 0.756944 0.083333
vt 0.756944 0.000000
vt 0.756944 0.166667
vt 0.756944 0.250000
vt 0.756944 0.333333
vt 0.756944 0.416667
vt 0.756944 0.500000
vt 0.756944 0.583333
vt 0.756944 0.666667
vt 0.756944 0.750000
vt 0.756944 0.833333
vt 0.763889 1.000000
vt 0.763889 0.916667
vt 0.763889 0.083333
vt 0.763889 0.000000
vt 0.763889 0.166667
vt 0.763889 0.250000
vt 0.763889 0.333333
vt 0.763889 0.416667
vt 0.763889 0.500000
vt 0.763889 0.583333
vt 0.763889 0.666667
vt 0.763889 0.750000
vt 0.763889 0.833333
vt 0.770833 1.000000
vt 0.770833 0.916667
vt 0.770833 0.083333
vt 0.770833 0.000000
vt 0.770833 0.166667
vt 0.770833 0.250000
vt 0.770833 0.333333
vt 0.770833 0.416667
vt 0.770833 0.500000
vt 0.770833 0.583333
vt 0.770833 0.666667
vt 0.770833 0.750000
vt 0.770833 0.833333
vt 0.777778 1.000000
vt 0.777778 0.916667
vt 0.777778 0.083333
vt 0.777778 0.000000
vt 0.777778 0.166667
vt 0.777778 0.250000
vt 0.777778 0.333333
vt 0.777778 0.416667
vt 0.777778 0.500000
vt 0.777778 0.583333
vt 0.777778 0.666667
vt 0.777778 0.750000
vt 0.777778 0.833333
vt 0.784722 1.000000
vt 0.784722 0.916667
vt 0.784722 0.083333
vt 0.784722 0.000000
vt 0.784722 0.166667
vt 0.784722 0.250000
vt 0.784722 0.333333
vt 0.784722 0.416667
vt 0.784722 0.500000
vt 0.784722 0.583333
vt 0.784722 0.666667
vt 0.784722 0.750000
vt 0.784722 0.833333
vt 0.791667 1.000000
vt 0.791667 0.916667
vt 0.791667 0.083333
vt 0.791667 0.000000
vt 0.791667 0.166667
vt 0.791667 0.250000
vt 0.791667 0.333333
vt 0.791667 0.416667
vt 0.791667 0.500000
vt 0.791667 0.583333
vt 0.791667 0.666667
vt 0.791667 0.750000
vt 0.791667 0.833333
vt 0.798611 1.000000
vt 0.798611 0.916667
vt 0.798611 0.083333
vt 0.798611 0.000000
vt 0.798611 0.166667
vt 0.798611 0.250000
vt 0.798611 0.333333
vt 0.798611 0.416667
vt 0.798611 0.500000
vt 0.798611 0.583333
vt 0.798611 0.666667
vt 0.798611 0.750000
vt 0.798611 0.833333
vt 0.805556 1.000000
vt 0.805556 0.916667
vt 0.805556 0.083333
vt 0.805556 0.000000
vt 0.805556 0.166667
vt 0.805556 0.250000
vt 0.805556 0.333333
vt 0.805556 0.416667
vt 0.805556 0.500000
vt 0.805556 0.583333
vt 0.805556 0.666667
vt 0.805556 0.750000
vt 0.805556 0.833333
vt 0.812500 1.000000
vt 0.812500 0.916667
vt 0.812500 0.083333
vt 0.812500 0.000000
vt 0.812500 0.166667
vt 0.812500 0.250000
vt 0.812500 0.333333
vt 0.812500 0.416667
vt 0.812500 0.500000
vt 0.812500 0.583333
vt 0.812500 0.666667
vt 0.812500 0.750000
vt 0.812500 0.833333
vt 0.819444 1.000000
vt 0.819444 0.916667
vt 0.819444 0.083333
vt 0.819444 0.000000
vt 0.819444 0.166667
vt 0.819444 0.250000
vt 0.819444 0.333333
vt 0.819444 0.416667
vt 0.819444 0.500000
vt 0.819444 0.583333
vt 0.819444 0.666667
vt 0.819444 0.750000
vt 0.819444 0.833333
vt 0.826389 1.000000
vt 0.826389 0.916667
vt 0.826389 0.083333
vt 0.826389 0.000000
vt 0.826389 0.166667
vt 0.826389 0.250000
vt 0.826389 0.333333
vt 0.826389 0.416667
vt 0.826389 0.500000
vt 0.826389 0.583333
vt 0.826389 0.666667
vt 0.826389 0.750000
vt 0.826389 0.833333
vt 0.833333 1.000000
vt 0.833333 0.916667
vt 0.833333 0.083333
vt 0.833333 0.000000
vt 0.833333 0.166667
vt 0.833333 0.250000
vt 0.833333 0.333333
vt 0.833333 0.416667
vt 0.833333 0.500000
vt 0.833333 0.583333
vt 0.833333 0.666667
vt 0.833333 0.750000
vt 0.833333 0.833333
vt 0.840278 1.000000
vt 0.840278 0.916667
vt 0.840278 0.083333
vt 0.840278 0.000000
vt 0.840278 0.166667
vt 0.840278 0.250000
vt 0.840278 0.333333
vt 0.840278 0.416667
vt 0.840278 0.500000
vt 0.840278 0.583333
vt 0.840278 0.666667
vt 0.840278 0.750000
vt 0.840278 0.833333
vt 0.847222 1.000000
vt 0.847222 0.916667
vt 0.847222 0.083333
vt 0.847222 0.000000
vt 0.847222 0.166667
vt 0.847222 0.250000
vt 0.847222 0.333333
vt 0.847222 0.416667
vt 0.847222 0.500000
vt 0.847222 0.583333
vt 0.847222 0.666667
vt 0.847222 0.750000
vt 0.847222 0.833333
vt 0.854167 1.000000
vt 0.854167 0.916667
vt 0.854167 0.083333
vt 0.854167 0.000000
vt 0.854167 0.166667
vt 0.854167 0.250000
vt 0.854167 0.333333
vt 0.854167 0.416667
vt 0.854167 0.500000
vt 0.854167 0.583333
vt 0.854167 0.666667
vt 0.854167 0.750000
vt 0.854167 0.833333
vt 0.861111 1.000000
vt 0.861111 0.916667
vt 0.861111 0.083333
vt 0.861111 0.000000
vt 0.861111 0.166667
vt 0.861111 0.250000
vt 0.861111 0.333333
vt 0.861111 0.416667
vt 0.861111 0.500000
vt 0.861111 0.583333
vt 0.861111 0.666667
vt 0.861111 0.750000
vt 0.861111 0.833333
vt 0.868056 1.000000
vt 0.868056 0.916667
vt 0.868056 0.083333
vt 0.868056 0.000000
vt 0.868056 0.166667
vt 0.868056 0.250000
vt 0.868056 0.333333
vt 0.868056 0.416667
vt 0.868056 0.500000
vt 0.868056 0.583333
vt 0.868056 0.666667
vt 0.868056 0.750000
vt 0.868056 0.833333
vt 0.875000 1.000000
vt 0.875000 0.916667
vt 0.875000 0.083333
vt 0.875000 0.000000
vt 0.875000 0.166667
vt 0.875000 0.250000
vt 0.875000 0.333333
vt 0.875000 0.416667
vt 0.875000 0.500000
vt 0.875000 0.583333
vt 0.875000 0.666667
vt 0.875000 0.750000
vt 0.875000 0.833333
vt 0.881944 1.000000
vt 0.881944 0.916667
vt 0.881944 0.083333
vt 0.881944 0.000000
vt 0.881944 0.166667
vt 0.881944 0.250000
vt 0.881944 0.333333
vt 0.881944 0.416667
vt 0.881944 0.500000
vt 0.881944 0.583333
vt 0.881944 0.666667
vt 0.881944 0.750000
vt 0.881944 0.833333
vt 0.888889 1.000000
vt 0.888889 0.916667
vt 0.888889 0.083333
vt 0.888889 0.000000
vt 0.888889 0.166667
vt 0.888889 0.250000
vt 0.888889 0.333333
vt 0.888889 0.416667
vt 0.888889 0.500000
vt 0.888889 0.583333
vt 0.888889 0.666667
vt 0.888889 0.750000
vt 0.888889 0.833333
vt 0.895833 1.000000
vt 0.895833 0.916667
vt 0.895833 0.083333
vt 0.895833 0.000000
vt 0.895833 0.166667
vt 0.895833 0.250000
vt 0.895833 0.333333
vt 0.895833 0.416667
vt 0.895833 0.500000
vt 0.895833 0.583333
vt 0.895833 0.666667
vt 0.895833 0.750000
vt 0.895833 0.833333
vt 0.902778 1.000000
vt 0.902778 0.916667
vt 0.902778 0.083333
vt 0.902778 0.000000
vt 0.902778 0.166667
vt 0.902778 0.250000
vt 0.902778 0.333333
vt 0.902778 0.416667
vt 0.902778 0.500000
vt 0.902778 0.583333
vt 0.902778 0.666667
vt 0.902778 0.750000
vt 0.902778 0.833333
vt 0.909722 1.000000
vt 0.909722 0.916667
vt 0.909722 0.083333
vt 0.909722 0.000000
vt 0.909722 0.166667
vt 0.909722 0.250000
vt 0.909722 0.333333
vt 0.909722 0.416667
vt 0.909722 0.500000
vt 0.909722 0.583333
vt 0.909722 0.666667
vt 0.909722 0.750000
vt 0.909722 0.833333
vt 0.916667 1.000000
vt 0.916667 0.916667
vt 0.916667 0.083333
vt 0.916667 0.000000
vt 0.916667 0.166667
vt 0.916667 0.250000
vt 0.916667 0.333333
vt 0.916667 0.416667
vt 0.916667 0.500000
vt 0.916667 0.583333
vt 0.916667 0.666667
vt 0.916667 0.750000
vt 0.916667 0.833333
vt 0.923611 1.000000
vt 0.923611 0.916667
vt 0.923611 0.083333
vt 0.923611 0.000000
vt 0.923611 0.166667
vt 0.923611 0.250000
vt 0.923611 0.333333
vt 0.923611 0.416667
vt 0.923611 0.500000
vt 0.923611 0.583333
vt 0.923611 0.666667
vt 0.923611 0.750000
vt 0.923611 0.833333
vt 0.930556 1.000000
vt 0.930556 0.916667
vt 0.930556 0.083333
vt 0.930556 0.000000
vt 0.930556 0.166667
vt 0.930556 0.250000
vt 0.930556 0.333333
vt 0.930556 0.416667
vt 0.930556 0.500000
vt 0.930556 0.583333
vt 0.930556 0.666667
vt 0.930556 0.750000
vt 0.930556 0.833333
vt 0.937500 1.000000
vt 0.937500 0.916667
vt 0.937500 0.083333
vt 0.937500 0.000000
vt 0.937500 0.166667
vt 0.937500 0.250000
vt 0.937500 0.333333
vt 0.937500 0.416667
vt 0.937500 0.500000
vt 0.937500 0.583333
vt 0.937500 0.666667
vt 0.937500 0.750000
vt 0.937500 0.833333
vt 0.944444 1.000000
vt 0.944444 0.916667
vt 0.944444 0.083333
vt 0.944444 0.000000
vt 0.944444 0.166667
vt 0.944444 0.250000
vt 0.944444 0.333333
vt 0.944444 0.416667
vt 0.944444 0.500000
vt 0.944444 0.583333
vt 0.944444 0.666667
vt 0.944444 0.750000
vt 0.944444 0.833333
vt 0.951389 1.000000
vt 0.951389 0.916667
vt 0.951389 0.083333
vt 0.951389 0.000000
vt 0.951389 0.166667
vt 0.951389 0.250000
vt 0.951389 0.333333
vt 0.951389 0.416667
vt 0.951389 0.500000
vt 0.951389 0.583333
vt 0.951389 0.666667
vt 0.951389 0.750000
vt 0.951389 0.833333
vt 0.958333 1.000000
vt 0.958333 0.916667
vt 0.958333 0.083333
vt 0.958333 0.000000
vt 0.958333 0.166667
vt 0.958333 0.250000
vt 0.958333 0.333333
vt 0.958333 0.416667
vt 0.958333 0.500000
vt 0.958333 0.583333
vt 0.958333 0.666667
vt 0.958333 0.750000
vt 0.958333 0.833333
vt 0.965278 1.000000
vt 0.965278 0.916667
vt 0.965278 0.083333
vt 0.965278 0.000000
vt 0.965278 0.166667
vt 0.965278 0.250000
vt 0.965278 0.333333
vt 0.965278 0.416667
vt 0.965278 0.500000
vt 0.965278 0.583333
vt 0.965278 0.666667
vt 0.965278 0.750000
vt 0.965278 0.833333
vt 0.972222 1.000000
vt 0.972222 0.916667
vt 0.972222 0.083333
vt 0.972222 0.000000
vt 0.972222 0.166667
vt 0.972222 0.250000
vt 0.972222 0.333333
vt 0.972222 0.416667
vt 0.972222 0.500000
vt 0.972222 0.583333
vt 0.972222 0.666667
vt 0.972222 0.750000
vt 0.972222 0.833333
vt 0.979167 1.000000
vt 0.979167 0.916667
vt 0.979167 0.083333
vt 0.979167 0.000000
vt 0.979167 0.166667
vt 0.979167 0.250000
vt 0.979167 0.333333
vt 0.979167 0.416667
vt 0.979167 0.500000
vt 0.979167 0.583333
vt 0.979167 0.666667
vt 0.979167 0.750000
vt 0.979167 0.833333
vt 0.986111 1.000000
vt 0.986111 0.916667
vt 0.986111 0.083333
vt 0.986111 0.000000
vt 0.986111 0.166667
vt 0.986111 0.250000
vt 0.986111 0.333333
vt 0.986111 0.416667
vt 0.986111 0.500000
vt 0.986111 0.583333
vt 0.986111 0.666667
vt 0.986111 0.750000
vt 0.986111 0.833333
vt 0.993056 1.000000
vt 0.993056 0.916667
vt 0.993056 0.083333
vt 0.993056 0.000000
vt 0.993056 0.166667
vt 0.993056 0.250000
vt 0.993056 0.333333
vt 0.993056 0.416667
vt 0.993056 0.500000
vt 0.993056 0.583333
vt 0.993056 0.666667
vt 0.993056 0.750000
vt 0.993056 0.833333
vt 1.000000 1.000000
vt 1.000000 0.916667
vt 1.000000 0.083333
vt 1.000000 0.000000
vt 1.000000 0.166667
vt 1.000000 0.250000
vt 1.000000 0.333333
vt 1.000000 0.416667
vt 1.000000 0.500000
vt 1.000000 0.583333
vt 1.000000 0.666667
vt 1.000000 0.750000
vt 1.000000 0.833333
s 1
usemtl Cable
f 486/882/350 498/883/351 509/884/352 497/885/353
f 487/886/354 499/887/355 498/888/351 486/889/350
f 488/890/356 500/891/357 499/887/355 487/886/354
f 489/892/358 501/893/359 500/891/357 488/890/356
f 490/894/360 502/895/361 501/893/359 489/892/358
f 491/896/362 503/897/363 502/895/361 490/894/360
f 492/898/364 504/899/365 503/897/363 491/896/362
f 493/900/366 505/901/367 504/899/365 492/898/364
f 494/902/368 506/903/369 505/901/367 493/900/366
f 495/904/370 507/905/371 506/903/369 494/902/368
f 496/906/372 508/907/373 507/905/371 495/904/370
f 497/885/353 509/884/352 508/907/373 496/906/372
f 498/883/351 510/908/374 521/909/375 509/884/352
f 499/887/355 511/910/376 510/911/374 498/888/351
f 500/891/357 512/912/377 511/910/376 499/887/355
f 501/893/359 513/913/378 512/912/377 500/891/357
f 502/895/361 514/914/379 513/913/378 501/893/359
f 503/897/363 515/915/380 514/914/379 502/895/361
f 504/899/365 516/916/381 515/915/380 503/897/363
f 505/901/367 517/917/382 516/916/381 504/899/365
f 506/903/369 518/918/383 517/917/382 505/901/367
f 507/905/371 519/919/384 518/918/383 506/903/369
f 508/907/373 520/920/385 519/919/384 507/905/371
f 509/884/352 521/909/375 520/920/385 508/907/373
f 510/908/374 522/921/386 533/922/387 521/909/375
f 511/910/376 523/923/388 522/924/386 510/911/374
f 512/912/377 524/925/389 523/923/388 511/910/376
f 513/913/378 525/926/390 524/925/389 512/912/377
f 514/914/379 526/927/391 525/926/390 513/913/378
f 515/915/380 527/928/392 526/927/391 514/914/379
f 516/916/381 528/929/393 527/928/392 515/915/380
f 517/917/382 529/930/394 528/929/393 516/916/381
f 518/918/383 530/931/395 529/930/394 517/917/382
f 519/919/384 531/932/396 530/931/395 518/918/383
f 520/920/385 532/933/397 531/932/396 519/919/384
f 521/909/375 533/922/387 532/933/397 520/920/385
f 522/921/386 534/934/398 545/935/399 533/922/387
f 523/923/388 535/936/400 534/937/398 522/924/386
f 524/925/389 536/938/401 535/936/400 523/923/388
f 525/926/390 537/939/402 536/938/401 524/925/389
f 526/927/391 538/940/403 537/939/402 525/926/390
f 527/928/392 539/941/404 538/940/403 526/927/391
f 528/929/393 540/942/405 539/941/404 527/928/392
f 529/930/394 541/943/406 540/942/405 528/929/393
f 530/931/395 542/944/407 541/943/406 529/930/394
f 531/932/396 543/945/408 542/944/407 530/931/395
f 532/933/397 544/946/409 543/945/408 531/932/396
f 533/922/387 545/935/399 544/946/409 532/933/397
f 534/934/398 546/947/410 557/948/411 545/935/399
f 535/936/400 547/949/412 546/950/410 534/937/398
f 536/938/401 548/951/413 547/949/412 535/936/400
f 537/939/402 549/952/414 548/951/413 536/938/401
f 538/940/403 550/953/415 549/952/414 537/939/402
f 539/941/404 551/954/416 550/953/415 538/940/403
f 540/942/405 552/955/417 551/954/416 539/941/404
f 541/943/406 553/956/418 552/955/417 540/942/405
f 542/944/407 554/957/419 553/956/418 541/943/406
f 543/945/408 555/958/420 554/957/419 542/944/407
f 544/946/409 556/959/421 555/958/420 543/945/408
f 545/935/399 557/948/411 556/959/421 544/946/409
f 546/947/410 558/960/422 569/961/423 557/948/411
f 547/949/412 559/962/424 558/963/422 546/950/410
f 548/951/413 560/964/425 559/962/424 547/949/412
f 549/952/414 561/965/426 560/964/425 548/951/413
f 550/953/415 562/966/427 561/965/426 549/952/414
f 551/954/416 563/967/428 562/966/427 550/953/415
f 552/955/417 564/968/429 563/967/428 551/954/416
f 553/956/418 565/969/430 564/968/429 552/955/417
f 554/957/419 566/970/431 565/969/430 553/956/418
f 555/958/420 567/971/432 566/970/431 554/957/419
f 556/959/421 568/972/433 567/971/432 555/958/420
f 557/948/411 569/961/423 568/972/433 556/959/421
f 558/960/422 570/973/434 581/974/435 569/961/423
f 559/962/424 571/975/436 570/976/434 558/963/422
f 560/964/425 572/977/437 571/975/436 559/962/424
f 561/965/426 573/978/438 572/977/437 560/964/425
f 562/966/427 574/979/439 573/978/438 561/965/426
f 563/967/428 575/980/440 574/979/439 562/966/427
f 564/968/429 576/981/441 575/980/440 563/967/428
f 565/969/430 577/982/442 576/981/441 564/968/429
f 566/970/431 578/983/443 577/982/442 565/969/430
f 567/971/432 579/984/444 578/983/443 566/970/431
f 568/972/433 580/985/445 579/984/444 567/971/432
f 569/961/423 581/974/435 580/985/445 568/972/433
f 570/973/434 582/986/446 593/987/447 581/974/435
f 571/975/436 583/988/448 582/989/446 570/976/434
f 572/977/437 584/990/449 583/988/448 571/975/436
f 573/978/438 585/991/450 584/990/449 572/977/437
f 574/979/439 586/992/451 585/991/450 573/978/438
f 575/980/440 587/993/452 586/992/451 574/979/439
f 576/981/441 588/994/453 587/993/452 575/980/440
f 577/982/442 589/995/454 588/994/453 576/981/441
f 578/983/443 590/996/455 589/995/454 577/982/442
f 579/984/444 591/997/456 590/996/455 578/983/443
f 580/985/445 592/998/457 591/997/456 579/984/444
f 581/974/435 593/987/447 592/998/457 580/985/445
f 582/986/446 594/999/458 605/1000/459 593/987/447
f 583/988/448 595/1001/460 594/1002/458 582/989/446
f 584/990/449 596/1003/461 595/1001/460 583/988/448
f 585/991/450 597/1004/462 596/1003/461 584/990/449
f 586/992/451 598/1005/463 597/1004/462 585/991/450
f 587/993/452 599/1006/464 598/1005/463 586/992/451
f 588/994/453 600/1007/465 599/1006/464 587/993/452
f 589/995/454 601/1008/466 600/1007/465 588/994/453
f 590/996/455 602/1009/467 601/1008/466 589/995/454
f 591/997/456 603/1010/468 602/1009/467 590/996/455
f 592/998/457 604/1011/469 603/1010/468 591/997/456
f 593/987/447 605/1000/459 604/1011/469 592/998/457
f 594/999/458 606/1012/470 617/1013/471 605/1000/459
f 595/1001/460 607/1014/472 606/1015/470 594/1002/458
f 596/1003/461 608/1016/473 607/1014/472 595/1001/460
f 597/1004/462 609/1017/474 608/1016/473 596/1003/461
f 598/1005/463 610/1018/475 609/1017/474 597/1004/462
f 599/1006/464 611/1019/476 610/1018/475 598/1005/463
f 600/1007/465 612/1020/477 611/1019/476 599/1006/464
f 601/1008/466 613/1021/478 612/1020/477 600/1007/465
f 602/1009/467 614/1022/479 613/1021/478 601/1008/466
f 603/1010/468 615/1023/480 614/1022/479 602/1009/467
f 604/1011/469 616/1024/481 615/1023/480 603/1010/468
f 605/1000/459 617/1013/471 616/1024/481 604/1011/469
f 606/1012/470 618/1025/482 629/1026/483 617/1013/471
f 607/1014/472 619/1027/484 618/1028/482 606/1015/470
f 608/1016/473 620/1029/485 619/1027/484 607/1014/472
f 609/1017/474 621/1030/486 620/1029/485 608/1016/473
f 610/1018/475 622/1031/487 621/1030/486 609/1017/474
f 611/1019/476 623/1032/488 622/1031/487 610/1018/475
f 612/1020/477 624/1033/489 623/1032/488 611/1019/476
f 613/1021/478 625/1034/490 624/1033/489 612/1020/477
f 614/1022/479 626/1035/491 625/1034/490 613/1021/478
f 615/1023/480 627/1036/492 626/1035/491 614/1022/479
f 616/1024/481 628/1037/493 627/1036/492 615/1023/480
f 617/1013/471 629/1026/483 628/1037/493 616/1024/481
f 618/1025/482 630/1038/494 641/1039/495 629/1026/483
f 619/1027/484 631/1040/496 630/1041/494 618/1028/482
f 620/1029/485 632/1042/497 631/1040/496 619/1027/484
f 621/1030/486 633/1043/498 632/1042/497 620/1029/485
f 622/1031/487 634/1044/499 633/1043/498 621/1030/486
f 623/1032/488 635/1045/500 634/1044/499 622/1031/487
f 624/1033/489 636/1046/501 635/1045/500 623/1032/488
f 625/1034/490 637/1047/502 636/1046/501 624/1033/489
f 626/1035/491 638/1048/503 637/1047/502 625/1034/490
f 627/1036/492 639/1049/504 638/1048/503 626/1035/491
f 628/1037/493 640/1050/505 639/1049/504 627/1036/492
f 629/1026/483 641/1039/495 640/1050/505 628/1037/493
f 630/1038/494 642/1051/506 653/1052/507 641/1039/495
f 631/1040/496 643/1053/508 642/1054/506 630/1041/494
f 632/1042/497 644/1055/509 643/1053/508 631/1040/496
f 633/1043/498 645/1056/510 644/1055/509 632/1042/497
f 634/1044/499 646/1057/511 645/1056/510 633/1043/498
f 635/1045/500 647/1058/512 646/1057/511 634/1044/499
f 636/1046/501 648/1059/513 647/1058/512 635/1045/500
f 637/1047/502 649/1060/514 648/1059/513 636/1046/501
f 638/1048/503 650/1061/515 649/1060/514 637/1047/502
f 639/1049/504 651/1062/516 650/1061/515 638/1048/503
f 640/1050/505 652/1063/517 651/1062/516 639/1049/504
f 641/1039/495 653/1052/507 652/1063/517 640/1050/505
f 642/1051/506 654/1064/518 665/1065/519 653/1052/507
f 643/1053/508 655/1066/520 654/1067/518 642/1054/506
f 644/1055/509 656/1068/521 655/1066/520 643/1053/508
f 645/1056/510 657/1069/522 656/1068/521 644/1055/509
f 646/1057/511 658/1070/523 657/1069/522 645/1056/510
f 647/1058/512 659/1071/524 658/1070/523 646/1057/511
f 648/1059/513 660/1072/525 659/1071/524 647/1058/512
f 649/1060/514 661/1073/526 660/1072/525 648/1059/513
f 650/1061/515 662/1074/527 661/1073/526 649/1060/514
f 651/1062/516 663/1075/528 662/1074/527 650/1061/515
f 652/1063/517 664/1076/529 663/1075/528 651/1062/516
f 653/1052/507 665/1065/519 664/1076/529 652/1063/517
f 654/1064/518 666/1077/530 677/1078/531 665/1065/519
f 655/1066/520 667/1079/532 666/1080/530 654/1067/518
f 656/1068/521 668/1081/533 667/1079/532 655/1066/520
f 657/1069/522 669/1082/534 668/1081/533 656/1068/521
f 658/1070/523 670/1083/535 669/1082/534 657/1069/522
f 659/1071/524 671/1084/536 670/1083/535 658/1070/523
f 660/1072/525 672/1085/537 671/1084/536 659/1071/524
f 661/1073/526 673/1086/538 672/1085/537 660/1072/525
f 662/1074/527 674/1087/539 673/1086/538 661/1073/526
f 663/1075/528 675/1088/540 674/1087/539 662/1074/527
f 664/1076/529 676/1089/541 675/1088/540 663/1075/528
f 665/1065/519 677/1078/531 676/1089/541 664/1076/529
f 666/1077/530 678/1090/542 689/1091/543 677/1078/531
f 667/1079/532 679/1092/544 678/1093/542 666/1080/530
f 668/1081/533 680/1094/545 679/1092/544 667/1079/532
f 669/1082/534 681/1095/546 680/1094/545 668/1081/533
f 670/1083/535 682/1096/547 681/1095/546 669/1082/534
f 671/1084/536 683/1097/548 682/1096/547 670/1083/535
f 672/1085/537 684/1098/549 683/1097/548 671/1084/536
f 673/1086/538 685/1099/550 684/1098/549 672/1085/537
f 674/1087/539 686/1100/551 685/1099/550 673/1086/538
f 675/1088/540 687/1101/552 686/1100/551 674/1087/539
f 676/1089/541 688/1102/553 687/1101/552 675/1088/540
f 677/1078/531 689/1091/543 688/1102/553 676/1089/541
f 678/1090/542 690/1103/554 701/1104/555 689/1091/543
f 679/1092/544 691/1105/556 690/1106/554 678/1093/542
f 680/1094/545 692/1107/557 691/1105/556 679/1092/544
f 681/1095/546 693/1108/558 692/1107/557 680/1094/545
f 682/1096/547 694/1109/559 693/1108/558 681/1095/546
f 683/1097/548 695/1110/560 694/1109/559 682/1096/547
f 684/1098/549 696/1111/561 695/1110/560 683/1097/548
f 685/1099/550 697/1112/562 696/1111/561 684/1098/549
f 686/1100/551 698/1113/563 697/1112/562 685/1099/550
f 687/1101/552 699/1114/564 698/1113/563 686/1100/551
f 688/1102/553 700/1115/565 699/1114/564 687/1101/552
f 689/1091/543 701/1104/555 700/1115/565 688/1102/553
f 690/1103/554 702/1116/566 713/1117/567 701/1104/555
f 691/1105/556 703/1118/568 702/1119/566 690/1106/554
f 692/1107/557 704/1120/569 703/1118/568 691/1105/556
f 693/1108/558 705/1121/570 704/1120/569 692/1107/557
f 694/1109/559 706/1122/571 705/1121/570 693/1108/558
f 695/1110/560 707/1123/572 706/1122/571 694/1109/559
f 696/1111/561 708/1124/573 707/1123/572 695/1110/560
f 697/1112/562 709/1125/574 708/1124/573 696/1111/561
f 698/1113/563 710/1126/575 709/1125/574 697/1112/562
f 699/1114/564 711/1127/576 710/1126/575 698/1113/563
f 700/1115/565 712/1128/577 711/1127/576 699/1114/564
f 701/1104/555 713/1117/567 712/1128/577 700/1115/565
f 702/1116/566 714/1129/578 725/1130/579 713/1117/567
f 703/1118/568 715/1131/580 714/1132/578 702/1119/566
f 704/1120/569 716/1133/581 715/1131/580 703/1118/568
f 705/1121/570 717/1134/582 716/1133/581 704/1120/569
f 706/1122/571 718/1135/583 717/1134/582 705/1121/570
f 707/1123/572 719/1136/584 718/1135/583 706/1122/571
f 708/1124/573 720/1137/585 719/1136/584 707/1123/572
f 709/1125/574 721/1138/586 720/1137/585 708/1124/573
f 710/1126/575 722/1139/587 721/1138/586 709/1125/574
f 711/1127/576 723/1140/588 722/1139/587 710/1126/575
f 712/1128/577 724/1141/589 723/1140/588 711/1127/576
f 713/1117/567 725/1130/579 724/1141/589 712/1128/577
f 714/1129/578 726/1142/590 737/1143/591 725/1130/579
f 715/1131/580 727/1144/592 726/1145/590 714/1132/578
f 716/1133/581 728/1146/593 727/1144/592 715/1131/580
f 717/1134/582 729/1147/594 728/1146/593 716/1133/581
f 718/1135/583 730/1148/595 729/1147/594 717/1134/582
f 719/1136/584 731/1149/596 730/1148/595 718/1135/583
f 720/1137/585 732/1150/597 731/1149/596 719/1136/584
f 721/1138/586 733/1151/598 732/1150/597 720/1137/585
f 722/1139/587 734/1152/599 733/1151/598 721/1138/586
f 723/1140/588 735/1153/600 734/1152/599 722/1139/587
f 724/1141/589 736/1154/601 735/1153/600 723/1140/588
f 725/1130/579 737/1143/591 736/1154/601 724/1141/589
f 726/1142/590 738/1155/602 749/1156/603 737/1143/591
f 727/1144/592 739/1157/604 738/1158/602 726/1145/590
f 728/1146/593 740/1159/605 739/1157/604 727/1144/592
f 729/1147/594 741/1160/606 740/1159/605 728/1146/593
f 730/1148/595 742/1161/607 741/1160/606 729/1147/594
f 731/1149/596 743/1162/608 742/1161/607 730/1148/595
f 732/1150/597 744/1163/609 743/1162/608 731/1149/596
f 733/1151/598 745/1164/610 744/1163/609 732/1150/597
f 734/1152/599 746/1165/611 745/1164/610 733/1151/598
f 735/1153/600 747/1166/612 746/1165/611 734/1152/599
f 736/1154/601 748/1167/613 747/1166/612 735/1153/600
f 737/1143/591 749/1156/603 748/1167/613 736/1154/601
f 738/1155/602 750/1168/614 761/1169/615 749/1156/603
f 739/1157/604 751/1170/616 750/1171/614 738/1158/602
f 740/1159/605 752/1172/617 751/1170/616 739/1157/604
f 741/1160/606 753/1173/618 752/1172/617 740/1159/605
f 742/1161/607 754/1174/619 753/1173/618 741/1160/606
f 743/1162/608 755/1175/620 754/1174/619 742/1161/607
f 744/1163/609 756/1176/621 755/1175/620 743/1162/608
f 745/1164/610 757/1177/622 756/1176/621 744/1163/609
f 746/1165/611 758/1178/623 757/1177/622 745/1164/610
f 747/1166/612 759/1179/624 758/1178/623 746/1165/611
f 748/1167/613 760/1180/625 759/1179/624 747/1166/612
f 749/1156/603 761/1169/615 760/1180/625 748/1167/613
f 750/1168/614 762/1181/626 773/1182/627 761/1169/615
f 751/1170/616 763/1183/628 762/1184/626 750/1171/614
f 752/1172/617 764/1185/629 763/1183/628 751/1170/616
f 753/1173/618 765/1186/630 764/1185/629 752/1172/617
f 754/1174/619 766/1187/631 765/1186/630 753/1173/618
f 755/1175/620 767/1188/632 766/1187/631 754/1174/619
f 756/1176/621 768/1189/633 767/1188/632 755/1175/620
f 757/1177/622 769/1190/634 768/1189/633 756/1176/621
f 758/1178/623 770/1191/635 769/1190/634 757/1177/622
f 759/1179/624 771/1192/636 770/1191/635 758/1178/623
f 760/1180/625 772/1193/637 771/1192/636 759/1179/624
f 761/1169/615 773/1182/627 772/1193/637 760/1180/625
f 762/1181/626 774/1194/638 785/1195/639 773/1182/627
f 763/1183/628 775/1196/640 774/1197/638 762/1184/626
f 764/1185/629 776/1198/641 775/1196/640 763/1183/628
f 765/1186/630 777/1199/642 776/1198/641 764/1185/629
f 766/1187/631 778/1200/643 777/1199/642 765/1186/630
f 767/1188/632 779/1201/644 778/1200/643 766/1187/631
f 768/1189/633 780/1202/645 779/1201/644 767/1188/632
f 769/1190/634 781/1203/646 780/1202/645 768/1189/633
f 770/1191/635 782/1204/647 781/1203/646 769/1190/634
f 771/1192/636 783/1205/648 782/1204/647 770/1191/635
f 772/1193/637 784/1206/649 783/1205/648 771/1192/636
f 773/1182/627 785/1195/639 784/1206/649 772/1193/637
f 774/1194/638 786/1207/650 797/1208/651 785/1195/639
f 775/1196/640 787/1209/652 786/1210/650 774/1197/638
f 776/1198/641 788/1211/653 787/1209/652 775/1196/640
f 777/1199/642 789/1212/654 788/1211/653 776/1198/641
f 778/1200/643 790/1213/655 789/1212/654 777/1199/642
f 779/1201/644 791/1214/656 790/1213/655 778/1200/643
f 780/1202/645 792/1215/657 791/1214/656 779/1201/644
f 781/1203/646 793/1216/658 792/1215/657 780/1202/645
f 782/1204/647 794/1217/659 793/1216/658 781/1203/646
f 783/1205/648 795/1218/660 794/1217/659 782/1204/647
f 784/1206/649 796/1219/661 795/1218/660 783/1205/648
f 785/1195/639 797/1208/651 796/1219/661 784/1206/649
f 786/1207/650 798/1220/662 809/1221/663 797/1208/651
f 787/1209/652 799/1222/664 798/1223/662 786/1210/650
f 788/1211/653 800/1224/665 799/1222/664 787/1209/652
f 789/1212/654 801/1225/666 800/1224/665 788/1211/653
f 790/1213/655 802/1226/667 801/1225/666 789/1212/654
f 791/1214/656 803/1227/668 802/1226/667 790/1213/655
f 792/1215/657 804/1228/669 803/1227/668 791/1214/656
f 793/1216/658 805/1229/670 804/1228/669 792/1215/657
f 794/1217/659 806/1230/671 805/1229/670 793/1216/658
f 795/1218/660 807/1231/672 806/1230/671 794/1217/659
f 796/1219/661 808/1232/673 807/1231/672 795/1218/660
f 797/1208/651 809/1221/663 808/1232/673 796/1219/661
f 798/1220/662 810/1233/674 821/1234/675 809/1221/663
f 799/1222/664 811/1235/676 810/1236/674 798/1223/662
f 800/1224/665 812/1237/677 811/1235/676 799/1222/664
f 801/1225/666 813/1238/678 812/1237/677 800/1224/665
f 802/1226/667 814/1239/679 813/1238/678 801/1225/666
f 803/1227/668 815/1240/680 814/1239/679 802/1226/667
f 804/1228/669 816/1241/681 815/1240/680 803/1227/668
f 805/1229/670 817/1242/682 816/1241/681 804/1228/669
f 806/1230/671 818/1243/683 817/1242/682 805/1229/670
f 807/1231/672 819/1244/684 818/1243/683 806/1230/671
f 808/1232/673 820/1245/685 819/1244/684 807/1231/672
f 809/1221/663 821/1234/675 820/1245/685 808/1232/673
f 810/1233/674 822/1246/686 833/1247/687 821/1234/675
f 811/1235/676 823/1248/688 822/1249/686 810/1236/674
f 812/1237/677 824/1250/689 823/1248/688 811/1235/676
f 813/1238/678 825/1251/690 824/1250/689 812/1237/677
f 814/1239/679 826/1252/691 825/1251/690 813/1238/678
f 815/1240/680 827/1253/692 826/1252/691 814/1239/679
f 816/1241/681 828/1254/693 827/1253/692 815/1240/680
f 817/1242/682 829/1255/694 828/1254/693 816/1241/681
f 818/1243/683 830/1256/695 829/1255/694 817/1242/682
f 819/1244/684 831/1257/696 830/1256/695 818/1243/683
f 820/1245/685 832/1258/697 831/1257/696 819/1244/684
f 821/1234/675 833/1247/687 832/1258/697 820/1245/685
f 822/1246/686 834/1259/698 845/1260/699 833/1247/687
f 823/1248/688 835/1261/700 834/1262/698 822/1249/686
f 824/1250/689 836/1263/701 835/1261/700 823/1248/688
f 825/1251/690 837/1264/702 836/1263/701 824/1250/689
f 826/1252/691 838/1265/703 837/1264/702 825/1251/690
f 827/1253/692 839/1266/704 838/1265/703 826/1252/691
f 828/1254/693 840/1267/705 839/1266/704 827/1253/692
f 829/1255/694 841/1268/706 840/1267/705 828/1254/693
f 830/1256/695 842/1269/707 841/1268/706 829/1255/694
f 831/1257/696 843/1270/708 842/1269/707 830/1256/695
f 832/1258/697 844/1271/709 843/1270/708 831/1257/696
f 833/1247/687 845/1260/699 844/1271/709 832/1258/697
f 834/1259/698 846/1272/710 857/1273/711 845/1260/699
f 835/1261/700 847/1274/712 846/1275/710 834/1262/698
f 836/1263/701 848/1276/713 847/1274/712 835/1261/700
f 837/1264/702 849/1277/714 848/1276/713 836/1263/701
f 838/1265/703 850/1278/715 849/1277/714 837/1264/702
f 839/1266/704 851/1279/716 850/1278/715 838/1265/703
f 840/1267/705 852/1280/717 851/1279/716 839/1266/704
f 841/1268/706 853/1281/718 852/1280/717 840/1267/705
f 842/1269/707 854/1282/719 853/1281/718 841/1268/706
f 843/1270/708 855/1283/720 854/1282/719 842/1269/707
f 844/1271/709 856/1284/721 855/1283/720 843/1270/708
f 845/1260/699 857/1273/711 856/1284/721 844/1271/709
f 846/1272/710 858/1285/722 869/1286/723 857/1273/711
f 847/1274/712 859/1287/724 858/1288/722 846/1275/710
f 848/1276/713 860/1289/725 859/1287/724 847/1274/712
f 849/1277/714 861/1290/726 860/1289/725 848/1276/713
f 850/1278/715 862/1291/727 861/1290/726 849/1277/714
f 851/1279/716 863/1292/728 862/1291/727 850/1278/715
f 852/1280/717 864/1293/729 863/1292/728 851/1279/716
f 853/1281/718 865/1294/730 864/1293/729 852/1280/717
f 854/1282/719 866/1295/731 865/1294/730 853/1281/718
f 855/1283/720 867/1296/732 866/1295/731 854/1282/719
f 856/1284/721 868/1297/733 867/1296/732 855/1283/720
f 857/1273/711 869/1286/723 868/1297/733 856/1284/721
f 858/1285/722 870/1298/734 881/1299/735 869/1286/723
f 859/1287/724 871/1300/736 870/1301/734 858/1288/722
f 860/1289/725 872/1302/737 871/1300/736 859/1287/724
f 861/1290/726 873/1303/738 872/1302/737 860/1289/725
f 862/1291/727 874/1304/739 873/1303/738 861/1290/726
f 863/1292/728 875/1305/740 874/1304/739 862/1291/727
f 864/1293/729 876/1306/741 875/1305/740 863/1292/728
f 865/1294/730 877/1307/742 876/1306/741 864/1293/729
f 866/1295/731 878/1308/743 877/1307/742 865/1294/730
f 867/1296/732 879/1309/744 878/1308/743 866/1295/731
f 868/1297/733 880/1310/745 879/1309/744 867/1296/732
f 869/1286/723 881/1299/735 880/1310/745 868/1297/733
f 870/1298/734 882/1311/746 893/1312/747 881/1299/735
f 871/1300/736 883/1313/748 882/1314/746 870/1301/734
f 872/1302/737 884/1315/749 883/1313/748 871/1300/736
f 873/1303/738 885/1316/750 884/1315/749 872/1302/737
f 874/1304/739 886/1317/751 885/1316/750 873/1303/738
f 875/1305/740 887/1318/752 886/1317/751 874/1304/739
f 876/1306/741 888/1319/753 887/1318/752 875/1305/740
f 877/1307/742 889/1320/754 888/1319/753 876/1306/741
f 878/1308/743 890/1321/755 889/1320/754 877/1307/742
f 879/1309/744 891/1322/756 890/1321/755 878/1308/743
f 880/1310/745 892/1323/757 891/1322/756 879/1309/744
f 881/1299/735 893/1312/747 892/1323/757 880/1310/745
f 882/1311/746 894/1324/758 905/1325/759 893/1312/747
f 883/1313/748 895/1326/760 894/1327/758 882/1314/746
f 884/1315/749 896/1328/761 895/1326/760 883/1313/748
f 885/1316/750 897/1329/762 896/1328/761 884/1315/749
f 886/1317/751 898/1330/763 897/1329/762 885/1316/750
f 887/1318/752 899/1331/764 898/1330/763 886/1317/751
f 888/1319/753 900/1332/765 899/1331/764 887/1318/752
f 889/1320/754 901/1333/766 900/1332/765 888/1319/753
f 890/1321/755 902/1334/767 901/1333/766 889/1320/754
f 891/1322/756 903/1335/768 902/1334/767 890/1321/755
f 892/1323/757 904/1336/769 903/1335/768 891/1322/756
f 893/1312/747 905/1325/759 904/1336/769 892/1323/757
f 894/1324/758 906/1337/770 917/1338/771 905/1325/759
f 895/1326/760 907/1339/772 906/1340/770 894/1327/758
f 896/1328/761 908/1341/773 907/1339/772 895/1326/760
f 897/1329/762 909/1342/774 908/1341/773 896/1328/761
f 898/1330/763 910/1343/775 909/1342/774 897/1329/762
f 899/1331/764 911/1344/776 910/1343/775 898/1330/763
f 900/1332/765 912/1345/777 911/1344/776 899/1331/764
f 901/1333/766 913/1346/778 912/1345/777 900/1332/765
f 902/1334/767 914/1347/779 913/1346/778 901/1333/766
f 903/1335/768 915/1348/780 914/1347/779 902/1334/767
f 904/1336/769 916/1349/781 915/1348/780 903/1335/768
f 905/1325/759 917/1338/771 916/1349/781 904/1336/769
f 906/1337/770 918/1350/782 929/1351/783 917/1338/771
f 907/1339/772 919/1352/784 918/1353/782 906/1340/770
f 908/1341/773 920/1354/785 919/1352/784 907/1339/772
f 909/1342/774 921/1355/786 920/1354/785 908/1341/773
f 910/1343/775 922/1356/787 921/1355/786 909/1342/774
f 911/1344/776 923/1357/788 922/1356/787 910/1343/775
f 912/1345/777 924/1358/789 923/1357/788 911/1344/776
f 913/1346/778 925/1359/790 924/1358/789 912/1345/777
f 914/1347/779 926/1360/791 925/1359/790 913/1346/778
f 915/1348/780 927/1361/792 926/1360/791 914/1347/779
f 916/1349/781 928/1362/793 927/1361/792 915/1348/780
f 917/1338/771 929/1351/783 928/1362/793 916/1349/781
f 918/1350/782 930/1363/794 941/1364/795 929/1351/783
f 919/1352/784 931/1365/796 930/1366/794 918/1353/782
f 920/1354/785 932/1367/797 931/1365/796 919/1352/784
f 921/1355/786 933/1368/798 932/1367/797 920/1354/785
f 922/1356/787 934/1369/799 933/1368/798 921/1355/786
f 923/1357/788 935/1370/800 934/1369/799 922/1356/787
f 924/1358/789 936/1371/801 935/1370/800 923/1357/788
f 925/1359/790 937/1372/802 936/1371/801 924/1358/789
f 926/1360/791 938/1373/803 937/1372/802 925/1359/790
f 927/1361/792 939/1374/804 938/1373/803 926/1360/791
f 928/1362/793 940/1375/805 939/1374/804 927/1361/792
f 929/1351/783 941/1364/795 940/1375/805 928/1362/793
f 930/1363/794 942/1376/806 953/1377/807 941/1364/795
f 931/1365/796 943/1378/808 942/1379/806 930/1366/794
f 932/1367/797 944/1380/809 943/1378/808 931/1365/796
f 933/1368/798 945/1381/810 944/1380/809 932/1367/797
f 934/1369/799 946/1382/811 945/1381/810 933/1368/798
f 935/1370/800 947/1383/812 946/1382/811 934/1369/799
f 936/1371/801 948/1384/813 947/1383/812 935/1370/800
f 937/1372/802 949/1385/814 948/1384/813 936/1371/801
f 938/1373/803 950/1386/815 949/1385/814 937/1372/802
f 939/1374/804 951/1387/816 950/1386/815 938/1373/803
f 940/1375/805 952/1388/817 951/1387/816 939/1374/804
f 941/1364/795 953/1377/807 952/1388/817 940/1375/805
f 942/1376/806 954/1389/818 965/1390/819 953/1377/807
f 943/1378/808 955/1391/820 954/1392/818 942/1379/806
f 944/1380/809 956/1393/821 955/1391/820 943/1378/808
f 945/1381/810 957/1394/822 956/1393/821 944/1380/809
f 946/1382/811 958/1395/823 957/1394/822 945/1381/810
f 947/1383/812 959/1396/824 958/1395/823 946/1382/811
f 948/1384/813 960/1397/825 959/1396/824 947/1383/812
f 949/1385/814 961/1398/826 960/1397/825 948/1384/813
f 950/1386/815 962/1399/827 961/1398/826 949/1385/814
f 951/1387/816 963/1400/828 962/1399/827 950/1386/815
f 952/1388/817 964/1401/829 963/1400/828 951/1387/816
f 953/1377/807 965/1390/819 964/1401/829 952/1388/817
f 954/1389/818 966/1402/830 977/1403/831 965/1390/819
f 955/1391/820 967/1404/832 966/1405/830 954/1392/818
f 956/1393/821 968/1406/833 967/1404/832 955/1391/820
f 957/1394/822 969/1407/834 968/1406/833 956/1393/821
f 958/1395/823 970/1408/835 969/1407/834 957/1394/822
f 959/1396/824 971/1409/836 970/1408/835 958/1395/823
f 960/1397/825 972/1410/837 971/1409/836 959/1396/824
f 961/1398/826 973/1411/838 972/1410/837 960/1397/825
f 962/1399/827 974/1412/839 973/1411/838 961/1398/826
f 963/1400/828 975/1413/840 974/1412/839 962/1399/827
f 964/1401/829 976/1414/841 975/1413/840 963/1400/828
f 965/1390/819 977/1403/831 976/1414/841 964/1401/829
f 966/1402/830 978/1415/842 989/1416/843 977/1403/831
f 967/1404/832 979/1417/844 978/1418/842 966/1405/830
f 968/1406/833 980/1419/845 979/1417/844 967/1404/832
f 969/1407/834 981/1420/834 980/1419/845 968/1406/833
f 970/1408/835 982/1421/846 981/1420/834 969/1407/834
f 971/1409/836 983/1422/847 982/1421/846 970/1408/835
f 972/1410/837 984/1423/848 983/1422/847 971/1409/836
f 973/1411/838 985/1424/849 984/1423/848 972/1410/837
f 974/1412/839 986/1425/850 985/1424/849 973/1411/838
f 975/1413/840 987/1426/851 986/1425/850 974/1412/839
f 976/1414/841 988/1427/852 987/1426/851 975/1413/840
f 977/1403/831 989/1416/843 988/1427/852 976/1414/841
f 978/1415/842 990/1428/853 1001/1429/854 989/1416/843
f 979/1417/844 991/1430/855 990/1431/853 978/1418/842
f 980/1419/845 992/1432/856 991/1430/855 979/1417/844
f 981/1420/834 993/1433/857 992/1432/856 980/1419/845
f 982/1421/846 994/1434/858 993/1433/857 981/1420/834
f 983/1422/847 995/1435/859 994/1434/858 982/1421/846
f 984/1423/848 996/1436/860 995/1435/859 983/1422/847
f 985/1424/849 997/1437/861 996/1436/860 984/1423/848
f 986/1425/850 998/1438/862 997/1437/861 985/1424/849
f 987/1426/851 999/1439/851 998/1438/862 986/1425/850
f 988/1427/852 1000/1440/863 999/1439/851 987/1426/851
f 989/1416/843 1001/1429/854 1000/1440/863 988/1427/852
f 990/1428/853 1002/1441/864 1013/1442/865 1001/1429/854
f 991/1430/855 1003/1443/866 1002/1444/864 990/1431/853
f 992/1432/856 1004/1445/867 1003/1443/866 991/1430/855
f 993/1433/857 1005/1446/868 1004/1445/867 992/1432/856
f 994/1434/858 1006/1447/869 1005/1446/868 993/1433/857
f 995/1435/859 1007/1448/870 1006/1447/869 994/1434/858
f 996/1436/860 1008/1449/871 1007/1448/870 995/1435/859
f 997/1437/861 1009/1450/872 1008/1449/871 996/1436/860
f 998/1438/862 1010/1451/873 1009/1450/872 997/1437/861
f 999/1439/851 1011/1452/874 1010/1451/873 998/1438/862
f 1000/1440/863 1012/1453/875 1011/1452/874 999/1439/851
f 1001/1429/854 1013/1442/865 1012/1453/875 1000/1440/863
f 1002/1441/864 1014/1454/876 1025/1455/877 1013/1442/865
f 1003/1443/866 1015/1456/878 1014/1457/876 1002/1444/864
f 1004/1445/867 1016/1458/879 1015/1456/878 1003/1443/866
f 1005/1446/868 1017/1459/880 1016/1458/879 1004/1445/867
f 1006/1447/869 1018/1460/881 1017/1459/880 1005/1446/868
f 1007/1448/870 1019/1461/882 1018/1460/881 1006/1447/869
f 1008/1449/871 1020/1462/883 1019/1461/882 1007/1448/870
f 1009/1450/872 1021/1463/884 1020/1462/883 1008/1449/871
f 1010/1451/873 1022/1464/885 1021/1463/884 1009/1450/872
f 1011/1452/874 1023/1465/886 1022/1464/885 1010/1451/873
f 1012/1453/875 1024/1466/887 1023/1465/886 1011/1452/874
f 1013/1442/865 1025/1455/877 1024/1466/887 1012/1453/875
f 1014/1454/876 1026/1467/888 1037/1468/889 1025/1455/877
f 1015/1456/878 1027/1469/890 1026/1470/888 1014/1457/876
f 1016/1458/879 1028/1471/891 1027/1469/890 1015/1456/878
f 1017/1459/880 1029/1472/892 1028/1471/891 1016/1458/879
f 1018/1460/881 1030/1473/893 1029/1472/892 1017/1459/880
f 1019/1461/882 1031/1474/894 1030/1473/893 1018/1460/881
f 1020/1462/883 1032/1475/895 1031/1474/894 1019/1461/882
f 1021/1463/884 1033/1476/896 1032/1475/895 1020/1462/883
f 1022/1464/885 1034/1477/897 1033/1476/896 1021/1463/884
f 1023/1465/886 1035/1478/898 1034/1477/897 1022/1464/885
f 1024/1466/887 1036/1479/899 1035/1478/898 1023/1465/886
f 1025/1455/877 1037/1468/889 1036/1479/899 1024/1466/887
f 1026/1467/888 1038/1480/900 1049/1481/901 1037/1468/889
f 1027/1469/890 1039/1482/902 1038/1483/900 1026/1470/888
f 1028/1471/891 1040/1484/903 1039/1482/902 1027/1469/890
f 1029/1472/892 1041/1485/904 1040/1484/903 1028/1471/891
f 1030/1473/893 1042/1486/905 1041/1485/904 1029/1472/892
f 1031/1474/894 1043/1487/906 1042/1486/905 1030/1473/893
f 1032/1475/895 1044/1488/907 1043/1487/906 1031/1474/894
f 1033/1476/896 1045/1489/908 1044/1488/907 1032/1475/895
f 1034/1477/897 1046/1490/909 1045/1489/908 1033/1476/896
f 1035/1478/898 1047/1491/910 1046/1490/909 1034/1477/897
f 1036/1479/899 1048/1492/911 1047/1491/910 1035/1478/898
f 1037/1468/889 1049/1481/901 1048/1492/911 1036/1479/899
f 1038/1480/900 1050/1493/912 1061/1494/913 1049/1481/901
f 1039/1482/902 1051/1495/914 1050/1496/912 1038/1483/900
f 1040/1484/903 1052/1497/915 1051/1495/914 1039/1482/902
f 1041/1485/904 1053/1498/916 1052/1497/915 1040/1484/903
f 1042/1486/905 1054/1499/917 1053/1498/916 1041/1485/904
f 1043/1487/906 1055/1500/918 1054/1499/917 1042/1486/905
f 1044/1488/907 1056/1501/919 1055/1500/918 1043/1487/906
f 1045/1489/908 1057/1502/920 1056/1501/919 1044/1488/907
f 1046/1490/909 1058/1503/921 1057/1502/920 1045/1489/908
f 1047/1491/910 1059/1504/922 1058/1503/921 1046/1490/909
f 1048/1492/911 1060/1505/923 1059/1504/922 1047/1491/910
f 1049/1481/901 1061/1494/913 1060/1505/923 1048/1492/911
f 1050/1493/912 1062/1506/924 1073/1507/925 1061/1494/913
f 1051/1495/914 1063/1508/926 1062/1509/924 1050/1496/912
f 1052/1497/915 1064/1510/927 1063/1508/926 1051/1495/914
f 1053/1498/916 1065/1511/928 1064/1510/927 1052/1497/915
f 1054/1499/917 1066/1512/929 1065/1511/928 1053/1498/916
f 1055/1500/918 1067/1513/930 1066/1512/929 1054/1499/917
f 1056/1501/919 1068/1514/931 1067/1513/930 1055/1500/918
f 1057/1502/920 1069/1515/932 1068/1514/931 1056/1501/919
f 1058/1503/921 1070/1516/933 1069/1515/932 1057/1502/920
f 1059/1504/922 1071/1517/934 1070/1516/933 1058/1503/921
f 1060/1505/923 1072/1518/935 1071/1517/934 1059/1504/922
f 1061/1494/913 1073/1507/925 1072/1518/935 1060/1505/923
f 1062/1506/924 1074/1519/936 1085/1520/937 1073/1507/925
f 1063/1508/926 1075/1521/938 1074/1522/936 1062/1509/924
f 1064/1510/927 1076/1523/939 1075/1521/938 1063/1508/926
f 1065/1511/928 1077/1524/940 1076/1523/939 1064/1510/927
f 1066/1512/929 1078/1525/941 1077/1524/940 1065/1511/928
f 1067/1513/930 1079/1526/942 1078/1525/941 1066/1512/929
f 1068/1514/931 1080/1527/943 1079/1526/942 1067/1513/930
f 1069/1515/932 1081/1528/944 1080/1527/943 1068/1514/931
f 1070/1516/933 1082/1529/945 1081/1528/944 1069/1515/932
f 1071/1517/934 1083/1530/946 1082/1529/945 1070/1516/933
f 1072/1518/935 1084/1531/947 1083/1530/946 1071/1517/934
f 1073/1507/925 1085/1520/937 1084/1531/947 1072/1518/935
f 1074/1519/936 1086/1532/948 1097/1533/949 1085/1520/937
f 1075/1521/938 1087/1534/950 1086/1535/948 1074/1522/936
f 1076/1523/939 1088/1536/951 1087/1534/950 1075/1521/938
f 1077/1524/940 1089/1537/952 1088/1536/951 1076/1523/939
f 1078/1525/941 1090/1538/953 1089/1537/952 1077/1524/940
f 1079/1526/942 1091/1539/954 1090/1538/953 1078/1525/941
f 1080/1527/943 1092/1540/955 1091/1539/954 1079/1526/942
f 1081/1528/944 1093/1541/956 1092/1540/955 1080/1527/943
f 1082/1529/945 1094/1542/957 1093/1541/956 1081/1528/944
f 1083/1530/946 1095/1543/958 1094/1542/957 1082/1529/945
f 1084/1531/947 1096/1544/959 1095/1543/958 1083/1530/946
f 1085/1520/937 1097/1533/949 1096/1544/959 1084/1531/947
f 1086/1532/948 1098/1545/960 1109/1546/961 1097/1533/949
f 1087/1534/950 1099/1547/962 1098/1548/960 1086/1535/948
f 1088/1536/951 1100/1549/963 1099/1547/962 1087/1534/950
f 1089/1537/952 1101/1550/964 1100/1549/963 1088/1536/951
f 1090/1538/953 1102/1551/965 1101/1550/964 1089/1537/952
f 1091/1539/954 1103/1552/966 1102/1551/965 1090/1538/953
f 1092/1540/955 1104/1553/967 1103/1552/966 1091/1539/954
f 1093/1541/956 1105/1554/968 1104/1553/967 1092/1540/955
f 1094/1542/957 1106/1555/969 1105/1554/968 1093/1541/956
f 1095/1543/958 1107/1556/970 1106/1555/969 1094/1542/957
f 1096/1544/959 1108/1557/971 1107/1556/970 1095/1543/958
f 1097/1533/949 1109/1546/961 1108/1557/971 1096/1544/959
f 1098/1545/960 1110/1558/972 1121/1559/973 1109/1546/961
f 1099/1547/962 1111/1560/974 1110/1561/972 1098/1548/960
f 1100/1549/963 1112/1562/975 1111/1560/974 1099/1547/962
f 1101/1550/964 1113/1563/976 1112/1562/975 1100/1549/963
f 1102/1551/965 1114/1564/977 1113/1563/976 1101/1550/964
f 1103/1552/966 1115/1565/978 1114/1564/977 1102/1551/965
f 1104/1553/967 1116/1566/979 1115/1565/978 1103/1552/966
f 1105/1554/968 1117/1567/980 1116/1566/979 1104/1553/967
f 1106/1555/969 1118/1568/981 1117/1567/980 1105/1554/968
f 1107/1556/970 1119/1569/982 1118/1568/981 1106/1555/969
f 1108/1557/971 1120/1570/983 1119/1569/982 1107/1556/970
f 1109/1546/961 1121/1559/973 1120/1570/983 1108/1557/971
f 1110/1558/972 1122/1571/984 1133/1572/985 1121/1559/973
f 1111/1560/974 1123/1573/974 1122/1574/984 1110/1561/972
f 1112/1562/975 1124/1575/986 1123/1573/974 1111/1560/974
f 1113/1563/976 1125/1576/987 1124/1575/986 1112/1562/975
f 1114/1564/977 1126/1577/988 1125/1576/987 1113/1563/976
f 1115/1565/978 1127/1578/989 1126/1577/988 1114/1564/977
f 1116/1566/979 1128/1579/990 1127/1578/989 1115/1565/978
f 1117/1567/980 1129/1580/980 1128/1579/990 1116/1566/979
f 1118/1568/981 1130/1581/991 1129/1580/980 1117/1567/980
f 1119/1569/982 1131/1582/992 1130/1581/991 1118/1568/981
f 1120/1570/983 1132/1583/993 1131/1582/992 1119/1569/982
f 1121/1559/973 1133/1572/985 1132/1583/993 1120/1570/983
f 1122/1571/984 1134/1584/994 1145/1585/995 1133/1572/985
f 1123/1573/974 1135/1586/996 1134/1587/994 1122/1574/984
f 1124/1575/986 1136/1588/997 1135/1586/996 1123/1573/974
f 1125/1576/987 1137/1589/998 1136/1588/997 1124/1575/986
f 1126/1577/988 1138/1590/999 1137/1589/998 1125/1576/987
f 1127/1578/989 1139/1591/1000 1138/1590/999 1126/1577/988
f 1128/1579/990 1140/1592/1001 1139/1591/1000 1127/1578/989
f 1129/1580/980 1141/1593/1002 1140/1592/1001 1128/1579/990
f 1130/1581/991 1142/1594/1003 1141/1593/1002 1129/1580/980
f 1131/1582/992 1143/1595/1004 1142/1594/1003 1130/1581/991
f 1132/1583/993 1144/1596/1005 1143/1595/1004 1131/1582/992
f 1133/1572/985 1145/1585/995 1144/1596/1005 1132/1583/993
f 1134/1584/994 1146/1597/1006 1157/1598/995 1145/1585/995
f 1135/1586/996 1147/1599/1007 1146/1600/1006 1134/1587/994
f 1136/1588/997 1148/1601/1008 1147/1599/1007 1135/1586/996
f 1137/1589/998 1149/1602/1009 1148/1601/1008 1136/1588/997
f 1138/1590/999 1150/1603/988 1149/1602/1009 1137/1589/998
f 1139/1591/1000 1151/1604/1000 1150/1603/988 1138/1590/999
f 1140/1592/1001 1152/1605/1010 1151/1604/1000 1139/1591/1000
f 1141/1593/1002 1153/1606/1011 1152/1605/1010 1140/1592/1001
f 1142/1594/1003 1154/1607/1012 1153/1606/1011 1141/1593/1002
f 1143/1595/1004 1155/1608/1013 1154/1607/1012 1142/1594/1003
f 1144/1596/1005 1156/1609/993 1155/1608/1013 1143/1595/1004
f 1145/1585/995 1157/1598/995 1156/1609/993 1144/1596/1005
f 1146/1597/1006 1158/1610/1014 1169/1611/1015 1157/1598/995
f 1147/1599/1007 1159/1612/1016 1158/1613/1014 1146/1600/1006
f 1148/1601/1008 1160/1614/1017 1159/1612/1016 1147/1599/1007
f 1149/1602/1009 1161/1615/1018 1160/1614/1017 1148/1601/1008
f 1150/1603/988 1162/1616/1019 1161/1615/1018 1149/1602/1009
f 1151/1604/1000 1163/1617/1020 1162/1616/1019 1150/1603/988
f 1152/1605/1010 1164/1618/1021 1163/1617/1020 1151/1604/1000
f 1153/1606/1011 1165/1619/1022 1164/1618/1021 1152/1605/1010
f 1154/1607/1012 1166/1620/1023 1165/1619/1022 1153/1606/1011
f 1155/1608/1013 1167/1621/1024 1166/1620/1023 1154/1607/1012
f 1156/1609/993 1168/1622/1025 1167/1621/1024 1155/1608/1013
f 1157/1598/995 1169/1611/1015 1168/1622/1025 1156/1609/993
f 1158/1610/1014 1170/1623/1026 1181/1624/1027 1169/1611/1015
f 1159/1612/1016 1171/1625/1028 1170/1626/1026 1158/1613/1014
f 1160/1614/1017 1172/1627/1029 1171/1625/1028 1159/1612/1016
f 1161/1615/1018 1173/1628/1030 1172/1627/1029 1160/1614/1017
f 1162/1616/1019 1174/1629/1031 1173/1628/1030 1161/1615/1018
f 1163/1617/1020 1175/1630/1032 1174/1629/1031 1162/1616/1019
f 1164/1618/1021 1176/1631/1033 1175/1630/1032 1163/1617/1020
f 1165/1619/1022 1177/1632/1034 1176/1631/1033 1164/1618/1021
f 1166/1620/1023 1178/1633/1035 1177/1632/1034 1165/1619/1022
f 1167/1621/1024 1179/1634/1036 1178/1633/1035 1166/1620/1023
f 1168/1622/1025 1180/1635/1037 1179/1634/1036 1167/1621/1024
f 1169/1611/1015 1181/1624/1027 1180/1635/1037 1168/1622/1025
f 1170/1623/1026 1182/1636/1038 1193/1637/1039 1181/1624/1027
f 1171/1625/1028 1183/1638/1040 1182/1639/1038 1170/1626/1026
f 1172/1627/1029 1184/1640/1041 1183/1638/1040 1171/1625/1028
f 1173/1628/1030 1185/1641/1042 1184/1640/1041 1172/1627/1029
f 1174/1629/1031 1186/1642/1043 1185/1641/1042 1173/1628/1030
f 1175/1630/1032 1187/1643/1044 1186/1642/1043 1174/1629/1031
f 1176/1631/1033 1188/1644/1045 1187/1643/1044 1175/1630/1032
f 1177/1632/1034 1189/1645/1046 1188/1644/1045 1176/1631/1033
f 1178/1633/1035 1190/1646/1047 1189/1645/1046 1177/1632/1034
f 1179/1634/1036 1191/1647/1048 1190/1646/1047 1178/1633/1035
f 1180/1635/1037 1192/1648/1049 1191/1647/1048 1179/1634/1036
f 1181/1624/1027 1193/1637/1039 1192/1648/1049 1180/1635/1037
f 1182/1636/1038 1194/1649/1050 1205/1650/1051 1193/1637/1039
f 1183/1638/1040 1195/1651/1052 1194/1652/1050 1182/1639/1038
f 1184/1640/1041 1196/1653/1053 1195/1651/1052 1183/1638/1040
f 1185/1641/1042 1197/1654/1054 1196/1653/1053 1184/1640/1041
f 1186/1642/1043 1198/1655/1055 1197/1654/1054 1185/1641/1042
f 1187/1643/1044 1199/1656/1056 1198/1655/1055 1186/1642/1043
f 1188/1644/1045 1200/1657/1057 1199/1656/1056 1187/1643/1044
f 1189/1645/1046 1201/1658/1058 1200/1657/1057 1188/1644/1045
f 1190/1646/1047 1202/1659/1059 1201/1658/1058 1189/1645/1046
f 1191/1647/1048 1203/1660/1060 1202/1659/1059 1190/1646/1047
f 1192/1648/1049 1204/1661/1061 1203/1660/1060 1191/1647/1048
f 1193/1637/1039 1205/1650/1051 1204/1661/1061 1192/1648/1049
f 1194/1649/1050 1206/1662/1062 1217/1663/1063 1205/1650/1051
f 1195/1651/1052 1207/1664/1064 1206/1665/1062 1194/1652/1050
f 1196/1653/1053 1208/1666/1065 1207/1664/1064 1195/1651/1052
f 1197/1654/1054 1209/1667/1066 1208/1666/1065 1196/1653/1053
f 1198/1655/1055 1210/1668/1067 1209/1667/1066 1197/1654/1054
f 1199/1656/1056 1211/1669/1068 1210/1668/1067 1198/1655/1055
f 1200/1657/1057 1212/1670/1069 1211/1669/1068 1199/1656/1056
f 1201/1658/1058 1213/1671/1070 1212/1670/1069 1200/1657/1057
f 1202/1659/1059 1214/1672/1071 1213/1671/1070 1201/1658/1058
f 1203/1660/1060 1215/1673/1072 1214/1672/1071 1202/1659/1059
f 1204/1661/1061 1216/1674/1073 1215/1673/1072 1203/1660/1060
f 1205/1650/1051 1217/1663/1063 1216/1674/1073 1204/1661/1061
f 1206/1662/1062 1218/1675/1074 1229/1676/1075 1217/1663/1063
f 1207/1664/1064 1219/1677/1076 1218/1678/1074 1206/1665/1062
f 1208/1666/1065 1220/1679/1077 1219/1677/1076 1207/1664/1064
f 1209/1667/1066 1221/1680/1078 1220/1679/1077 1208/1666/1065
f 1210/1668/1067 1222/1681/1079 1221/1680/1078 1209/1667/1066
f 1211/1669/1068 1223/1682/1080 1222/1681/1079 1210/1668/1067
f 1212/1670/1069 1224/1683/1081 1223/1682/1080 1211/1669/1068
f 1213/1671/1070 1225/1684/1082 1224/1683/1081 1212/1670/1069
f 1214/1672/1071 1226/1685/1083 1225/1684/1082 1213/1671/1070
f 1215/1673/1072 1227/1686/1084 1226/1685/1083 1214/1672/1071
f 1216/1674/1073 1228/1687/1085 1227/1686/1084 1215/1673/1072
f 1217/1663/1063 1229/1676/1075 1228/1687/1085 1216/1674/1073
f 1218/1675/1074 1230/1688/1086 1241/1689/1087 1229/1676/1075
f 1219/1677/1076 1231/1690/1088 1230/1691/1086 1218/1678/1074
f 1220/1679/1077 1232/1692/1089 1231/1690/1088 1219/1677/1076
f 1221/1680/1078 1233/1693/1090 1232/1692/1089 1220/1679/1077
f 1222/1681/1079 1234/1694/1091 1233/1693/1090 1221/1680/1078
f 1223/1682/1080 1235/1695/1092 1234/1694/1091 1222/1681/1079
f 1224/1683/1081 1236/1696/1093 1235/1695/1092 1223/1682/1080
f 1225/1684/1082 1237/1697/1094 1236/1696/1093 1224/1683/1081
f 1226/1685/1083 1238/1698/1095 1237/1697/1094 1225/1684/1082
f 1227/1686/1084 1239/1699/1096 1238/1698/1095 1226/1685/1083
f 1228/1687/1085 1240/1700/1097 1239/1699/1096 1227/1686/1084
f 1229/1676/1075 1241/1689/1087 1240/1700/1097 1228/1687/1085
f 1230/1688/1086 1242/1701/1098 1253/1702/1099 1241/1689/1087
f 1231/1690/1088 1243/1703/1100 1242/1704/1098 1230/1691/1086
f 1232/1692/1089 1244/1705/1101 1243/1703/1100 1231/1690/1088
f 1233/1693/1090 1245/1706/1102 1244/1705/1101 1232/1692/1089
f 1234/1694/1091 1246/1707/1103 1245/1706/1102 1233/1693/1090
f 1235/1695/1092 1247/1708/1104 1246/1707/1103 1234/1694/1091
f 1236/1696/1093 1248/1709/1105 1247/1708/1104 1235/1695/1092
f 1237/1697/1094 1249/1710/1106 1248/1709/1105 1236/1696/1093
f 1238/1698/1095 1250/1711/1107 1249/1710/1106 1237/1697/1094
f 1239/1699/1096 1251/1712/1108 1250/1711/1107 1238/1698/1095
f 1240/1700/1097 1252/1713/1109 1251/1712/1108 1239/1699/1096
f 1241/1689/1087 1253/1702/1099 1252/1713/1109 1240/1700/1097
f 1242/1701/1098 1254/1714/1110 1265/1715/1111 1253/1702/1099
f 1243/1703/1100 1255/1716/1112 1254/1717/1110 1242/1704/1098
f 1244/1705/1101 1256/1718/1113 1255/1716/1112 1243/1703/1100
f 1245/1706/1102 1257/1719/1114 1256/1718/1113 1244/1705/1101
f 1246/1707/1103 1258/1720/1115 1257/1719/1114 1245/1706/1102
f 1247/1708/1104 1259/1721/1116 1258/1720/1115 1246/1707/1103
f 1248/1709/1105 1260/1722/1105 1259/1721/1116 1247/1708/1104
f 1249/1710/1106 1261/1723/1117 1260/1722/1105 1248/1709/1105
f 1250/1711/1107 1262/1724/1118 1261/1723/1117 1249/1710/1106
f 1251/1712/1108 1263/1725/1119 1262/1724/1118 1250/1711/1107
f 1252/1713/1109 1264/1726/1120 1263/1725/1119 1251/1712/1108
f 1253/1702/1099 1265/1715/1111 1264/1726/1120 1252/1713/1109
f 1254/1714/1110 1266/1727/1121 1277/1728/1122 1265/1715/1111
f 1255/1716/1112 1267/1729/1112 1266/1730/1121 1254/1717/1110
f 1256/1718/1113 1268/1731/1123 1267/1729/1112 1255/1716/1112
f 1257/1719/1114 1269/1732/1124 1268/1731/1123 1256/1718/1113
f 1258/1720/1115 1270/1733/1125 1269/1732/1124 1257/1719/1114
f 1259/1721/1116 1271/1734/1126 1270/1733/1125 1258/1720/1115
f 1260/1722/1105 1272/1735/1127 1271/1734/1126 1259/1721/1116
f 1261/1723/1117 1273/1736/1117 1272/1735/1127 1260/1722/1105
f 1262/1724/1118 1274/1737/1128 1273/1736/1117 1261/1723/1117
f 1263/1725/1119 1275/1738/1129 1274/1737/1128 1262/1724/1118
f 1264/1726/1120 1276/1739/1130 1275/1738/1129 1263/1725/1119
f 1265/1715/1111 1277/1728/1122 1276/1739/1130 1264/1726/1120
f 1266/1727/1121 1278/1740/1121 1289/1741/1131 1277/1728/1122
f 1267/1729/1112 1279/1742/1112 1278/1743/1121 1266/1730/1121
f 1268/1731/1123 1280/1744/1132 1279/1742/1112 1267/1729/1112
f 1269/1732/1124 1281/1745/1133 1280/1744/1132 1268/1731/1123
f 1270/1733/1125 1282/1746/1134 1281/1745/1133 1269/1732/1124
f 1271/1734/1126 1283/1747/1135 1282/1746/1134 1270/1733/1125
f 1272/1735/1127 1284/1748/1127 1283/1747/1135 1271/1734/1126
f 1273/1736/1117 1285/1749/1117 1284/1748/1127 1272/1735/1127
f 1274/1737/1128 1286/1750/1136 1285/1749/1117 1273/1736/1117
f 1275/1738/1129 1287/1751/1137 1286/1750/1136 1274/1737/1128
f 1276/1739/1130 1288/1752/1138 1287/1751/1137 1275/1738/1129
f 1277/1728/1122 1289/1741/1131 1288/1752/1138 1276/1739/1130
f 1278/1740/1121 1290/1753/1139 1301/1754/1140 1289/1741/1131
f 1279/1742/1112 1291/1755/1141 1290/1756/1139 1278/1743/1121
f 1280/1744/1132 1292/1757/1132 1291/1755/1141 1279/1742/1112
f 1281/1745/1133 1293/1758/1142 1292/1757/1132 1280/1744/1132
f 1282/1746/1134 1294/1759/1143 1293/1758/1142 1281/1745/1133
f 1283/1747/1135 1295/1760/1144 1294/1759/1143 1282/1746/1134
f 1284/1748/1127 1296/1761/1145 1295/1760/1144 1283/1747/1135
f 1285/1749/1117 1297/1762/1146 1296/1761/1145 1284/1748/1127
f 1286/1750/1136 1298/1763/1136 1297/1762/1146 1285/1749/1117
f 1287/1751/1137 1299/1764/1147 1298/1763/1136 1286/1750/1136
f 1288/1752/1138 1300/1765/1148 1299/1764/1147 1287/1751/1137
f 1289/1741/1131 1301/1754/1140 1300/1765/1148 1288/1752/1138
f 1290/1753/1139 1302/1766/1149 1313/1767/1150 1301/1754/1140
f 1291/1755/1141 1303/1768/1151 1302/1769/1149 1290/1756/1139
f 1292/1757/1132 1304/1770/1113 1303/1768/1151 1291/1755/1141
f 1293/1758/1142 1305/1771/1133 1304/1770/1113 1292/1757/1132
f 1294/1759/1143 1306/1772/1152 1305/1771/1133 1293/1758/1142
f 1295/1760/1144 1307/1773/1153 1306/1772/1152 1294/1759/1143
f 1296/1761/1145 1308/1774/1154 1307/1773/1153 1295/1760/1144
f 1297/1762/1146 1309/1775/1155 1308/1774/1154 1296/1761/1145
f 1298/1763/1136 1310/1776/1118 1309/1775/1155 1297/1762/1146
f 1299/1764/1147 1311/1777/1156 1310/1776/1118 1298/1763/1136
f 1300/1765/1148 1312/1778/1157 1311/1777/1156 1299/1764/1147
f 1301/1754/1140 1313/1767/1150 1312/1778/1157 1300/1765/1148
f 1302/1766/1149 1314/1779/1158 1325/1780/1159 1313/1767/1150
f 1303/1768/1151 1315/1781/1160 1314/1782/1158 1302/1769/1149
f 1304/1770/1113 1316/1783/1161 1315/1781/1160 1303/1768/1151
f 1305/1771/1133 1317/1784/1124 1316/1783/1161 1304/1770/1113
f 1306/1772/1152 1318/1785/1162 1317/1784/1124 1305/1771/1133
f 1307/1773/1153 1319/1786/1163 1318/1785/1162 1306/1772/1152
f 1308/1774/1154 1320/1787/1164 1319/1786/1163 1307/1773/1153
f 1309/1775/1155 1321/1788/1165 1320/1787/1164 1308/1774/1154
f 1310/1776/1118 1322/1789/1166 1321/1788/1165 1309/1775/1155
f 1311/1777/1156 1323/1790/1167 1322/1789/1166 1310/1776/1118
f 1312/1778/1157 1324/1791/1168 1323/1790/1167 1311/1777/1156
f 1313/1767/1150 1325/1780/1159 1324/1791/1168 1312/1778/1157
f 1314/1779/1158 1326/1792/1169 1337/1793/1170 1325/1780/1159
f 1315/1781/1160 1327/1794/1171 1326/1795/1169 1314/1782/1158
f 1316/1783/1161 1328/1796/1172 1327/1794/1171 1315/1781/1160
f 1317/1784/1124 1329/1797/1173 1328/1796/1172 1316/1783/1161
f 1318/1785/1162 1330/1798/1162 1329/1797/1173 1317/1784/1124
f 1319/1786/1163 1331/1799/1174 1330/1798/1162 1318/1785/1162
f 1320/1787/1164 1332/1800/1175 1331/1799/1174 1319/1786/1163
f 1321/1788/1165 1333/1801/1176 1332/1800/1175 1320/1787/1164
f 1322/1789/1166 1334/1802/1177 1333/1801/1176 1321/1788/1165
f 1323/1790/1167 1335/1803/1178 1334/1802/1177 1322/1789/1166
f 1324/1791/1168 1336/1804/1179 1335/1803/1178 1323/1790/1167
f 1325/1780/1159 1337/1793/1170 1336/1804/1179 1324/1791/1168
f 1326/1792/1169 1338/1805/1180 1349/1806/1181 1337/1793/1170
f 1327/1794/1171 1339/1807/1182 1338/1808/1180 1326/1795/1169
f 1328/1796/1172 1340/1809/1183 1339/1807/1182 1327/1794/1171
f 1329/1797/1173 1341/1810/1184 1340/1809/1183 1328/1796/1172
f 1330/1798/1162 1342/1811/1185 1341/1810/1184 1329/1797/1173
f 1331/1799/1174 1343/1812/1186 1342/1811/1185 1330/1798/1162
f 1332/1800/1175 1344/1813/1187 1343/1812/1186 1331/1799/1174
f 1333/1801/1176 1345/1814/1188 1344/1813/1187 1332/1800/1175
f 1334/1802/1177 1346/1815/1189 1345/1814/1188 1333/1801/1176
f 1335/1803/1178 1347/1816/1190 1346/1815/1189 1334/1802/1177
f 1336/1804/1179 1348/1817/1191 1347/1816/1190 1335/1803/1178
f 1337/1793/1170 1349/1806/1181 1348/1817/1191 1336/1804/1179
f 1338/1805/1180 1350/1818/1192 1361/1819/1193 1349/1806/1181
f 1339/1807/1182 1351/1820/1194 1350/1821/1192 1338/1808/1180
f 1340/1809/1183 1352/1822/1195 1351/1820/1194 1339/1807/1182
f 1341/1810/1184 1353/1823/1196 1352/1822/1195 1340/1809/1183
f 1342/1811/1185 1354/1824/1197 1353/1823/1196 1341/1810/1184
f 1343/1812/1186 1355/1825/1198 1354/1824/1197 1342/1811/1185
f 1344/1813/1187 1356/1826/1199 1355/1825/1198 1343/1812/1186
f 1345/1814/1188 1357/1827/1200 1356/1826/1199 1344/1813/1187
f 1346/1815/1189 1358/1828/1201 1357/1827/1200 1345/1814/1188
f 1347/1816/1190 1359/1829/1202 1358/1828/1201 1346/1815/1189
f 1348/1817/1191 1360/1830/1203 1359/1829/1202 1347/1816/1190
f 1349/1806/1181 1361/1819/1193 1360/1830/1203 1348/1817/1191
f 1350/1818/1192 1362/1831/1204 1373/1832/1205 1361/1819/1193
f 1351/1820/1194 1363/1833/1206 1362/1834/1204 1350/1821/1192
f 1352/1822/1195 1364/1835/1207 1363/1833/1206 1351/1820/1194
f 1353/1823/1196 1365/1836/1208 1364/1835/1207 1352/1822/1195
f 1354/1824/1197 1366/1837/1209 1365/1836/1208 1353/1823/1196
f 1355/1825/1198 1367/1838/1210 1366/1837/1209 1354/1824/1197
f 1356/1826/1199 1368/1839/1211 1367/1838/1210 1355/1825/1198
f 1357/1827/1200 1369/1840/1212 1368/1839/1211 1356/1826/1199
f 1358/1828/1201 1370/1841/1213 1369/1840/1212 1357/1827/1200
f 1359/1829/1202 1371/1842/1214 1370/1841/1213 1358/1828/1201
f 1360/1830/1203 1372/1843/1215 1371/1842/1214 1359/1829/1202
f 1361/1819/1193 1373/1832/1205 1372/1843/1215 1360/1830/1203
f 1362/1831/1204 1374/1844/1216 1385/1845/1217 1373/1832/1205
f 1363/1833/1206 1375/1846/1218 1374/1847/1216 1362/1834/1204
f 1364/1835/1207 1376/1848/1219 1375/1846/1218 1363/1833/1206
f 1365/1836/1208 1377/1849/1220 1376/1848/1219 1364/1835/1207
f 1366/1837/1209 1378/1850/1221 1377/1849/1220 1365/1836/1208
f 1367/1838/1210 1379/1851/1222 1378/1850/1221 1366/1837/1209
f 1368/1839/1211 1380/1852/1223 1379/1851/1222 1367/1838/1210
f 1369/1840/1212 1381/1853/1224 1380/1852/1223 1368/1839/1211
f 1370/1841/1213 1382/1854/1225 1381/1853/1224 1369/1840/1212
f 1371/1842/1214 1383/1855/1226 1382/1854/1225 1370/1841/1213
f 1372/1843/1215 1384/1856/1227 1383/1855/1226 1371/1842/1214
f 1373/1832/1205 1385/1845/1217 1384/1856/1227 1372/1843/1215
f 1374/1844/1216 1386/1857/1228 1397/1858/1229 1385/1845/1217
f 1375/1846/1218 1387/1859/1230 1386/1860/1228 1374/1847/1216
f 1376/1848/1219 1388/1861/1231 1387/1859/1230 1375/1846/1218
f 1377/1849/1220 1389/1862/1232 1388/1861/1231 1376/1848/1219
f 1378/1850/1221 1390/1863/1233 1389/1862/1232 1377/1849/1220
f 1379/1851/1222 1391/1864/1234 1390/1863/1233 1378/1850/1221
f 1380/1852/1223 1392/1865/1235 1391/1864/1234 1379/1851/1222
f 1381/1853/1224 1393/1866/1236 1392/1865/1235 1380/1852/1223
f 1382/1854/1225 1394/1867/1237 1393/1866/1236 1381/1853/1224
f 1383/1855/1226 1395/1868/1238 1394/1867/1237 1382/1854/1225
f 1384/1856/1227 1396/1869/1239 1395/1868/1238 1383/1855/1226
f 1385/1845/1217 1397/1858/1229 1396/1869/1239 1384/1856/1227
f 1386/1857/1228 1398/1870/1240 1409/1871/1241 1397/1858/1229
f 1387/1859/1230 1399/1872/1242 1398/1873/1240 1386/1860/1228
f 1388/1861/1231 1400/1874/1243 1399/1872/1242 1387/1859/1230
f 1389/1862/1232 1401/1875/1244 1400/1874/1243 1388/1861/1231
f 1390/1863/1233 1402/1876/1245 1401/1875/1244 1389/1862/1232
f 1391/1864/1234 1403/1877/1246 1402/1876/1245 1390/1863/1233
f 1392/1865/1235 1404/1878/1247 1403/1877/1246 1391/1864/1234
f 1393/1866/1236 1405/1879/1248 1404/1878/1247 1392/1865/1235
f 1394/1867/1237 1406/1880/1249 1405/1879/1248 1393/1866/1236
f 1395/1868/1238 1407/1881/1250 1406/1880/1249 1394/1867/1237
f 1396/1869/1239 1408/1882/1251 1407/1881/1250 1395/1868/1238
f 1397/1858/1229 1409/1871/1241 1408/1882/1251 1396/1869/1239
f 1398/1870/1240 1410/1883/1252 1421/1884/1253 1409/1871/1241
f 1399/1872/1242 1411/1885/1254 1410/1886/1252 1398/1873/1240
f 1400/1874/1243 1412/1887/1255 1411/1885/1254 1399/1872/1242
f 1401/1875/1244 1413/1888/1256 1412/1887/1255 1400/1874/1243
f 1402/1876/1245 1414/1889/1257 1413/1888/1256 1401/1875/1244
f 1403/1877/1246 1415/1890/1258 1414/1889/1257 1402/1876/1245
f 1404/1878/1247 1416/1891/1259 1415/1890/1258 1403/1877/1246
f 1405/1879/1248 1417/1892/1260 1416/1891/1259 1404/1878/1247
f 1406/1880/1249 1418/1893/1261 1417/1892/1260 1405/1879/1248
f 1407/1881/1250 1419/1894/1262 1418/1893/1261 1406/1880/1249
f 1408/1882/1251 1420/1895/1263 1419/1894/1262 1407/1881/1250
f 1409/1871/1241 1421/1884/1253 1420/1895/1263 1408/1882/1251
f 1410/1883/1252 1422/1896/1264 1433/1897/1265 1421/1884/1253
f 1411/1885/1254 1423/1898/1266 1422/1899/1264 1410/1886/1252
f 1412/1887/1255 1424/1900/1267 1423/1898/1266 1411/1885/1254
f 1413/1888/1256 1425/1901/1268 1424/1900/1267 1412/1887/1255
f 1414/1889/1257 1426/1902/1269 1425/1901/1268 1413/1888/1256
f 1415/1890/1258 1427/1903/1270 1426/1902/1269 1414/1889/1257
f 1416/1891/1259 1428/1904/1271 1427/1903/1270 1415/1890/1258
f 1417/1892/1260 1429/1905/1272 1428/1904/1271 1416/1891/1259
f 1418/1893/1261 1430/1906/1273 1429/1905/1272 1417/1892/1260
f 1419/1894/1262 1431/1907/1274 1430/1906/1273 1418/1893/1261
f 1420/1895/1263 1432/1908/1275 1431/1907/1274 1419/1894/1262
f 1421/1884/1253 1433/1897/1265 1432/1908/1275 1420/1895/1263
f 1422/1896/1264 1434/1909/1276 1445/1910/1277 1433/1897/1265
f 1423/1898/1266 1435/1911/1278 1434/1912/1276 1422/1899/1264
f 1424/1900/1267 1436/1913/1279 1435/1911/1278 1423/1898/1266
f 1425/1901/1268 1437/1914/1280 1436/1913/1279 1424/1900/1267
f 1426/1902/1269 1438/1915/1281 1437/1914/1280 1425/1901/1268
f 1427/1903/1270 1439/1916/1282 1438/1915/1281 1426/1902/1269
f 1428/1904/1271 1440/1917/1283 1439/1916/1282 1427/1903/1270
f 1429/1905/1272 1441/1918/1284 1440/1917/1283 1428/1904/1271
f 1430/1906/1273 1442/1919/1285 1441/1918/1284 1429/1905/1272
f 1431/1907/1274 1443/1920/1286 1442/1919/1285 1430/1906/1273
f 1432/1908/1275 1444/1921/1287 1443/1920/1286 1431/1907/1274
f 1433/1897/1265 1445/1910/1277 1444/1921/1287 1432/1908/1275
f 1434/1909/1276 1446/1922/1288 1457/1923/1289 1445/1910/1277
f 1435/1911/1278 1447/1924/1290 1446/1925/1288 1434/1912/1276
f 1436/1913/1279 1448/1926/1291 1447/1924/1290 1435/1911/1278
f 1437/1914/1280 1449/1927/1292 1448/1926/1291 1436/1913/1279
f 1438/1915/1281 1450/1928/1293 1449/1927/1292 1437/1914/1280
f 1439/1916/1282 1451/1929/1294 1450/1928/1293 1438/1915/1281
f 1440/1917/1283 1452/1930/1295 1451/1929/1294 1439/1916/1282
f 1441/1918/1284 1453/1931/1296 1452/1930/1295 1440/1917/1283
f 1442/1919/1285 1454/1932/1297 1453/1931/1296 1441/1918/1284
f 1443/1920/1286 1455/1933/1298 1454/1932/1297 1442/1919/1285
f 1444/1921/1287 1456/1934/1299 1455/1933/1298 1443/1920/1286
f 1445/1910/1277 1457/1923/1289 1456/1934/1299 1444/1921/1287
f 1446/1922/1288 1458/1935/1300 1469/1936/1301 1457/1923/1289
f 1447/1924/1290 1459/1937/1302 1458/1938/1300 1446/1925/1288
f 1448/1926/1291 1460/1939/1303 1459/1937/1302 1447/1924/1290
f 1449/1927/1292 1461/1940/1304 1460/1939/1303 1448/1926/1291
f 1450/1928/1293 1462/1941/1305 1461/1940/1304 1449/1927/1292
f 1451/1929/1294 1463/1942/1306 1462/1941/1305 1450/1928/1293
f 1452/1930/1295 1464/1943/1307 1463/1942/1306 1451/1929/1294
f 1453/1931/1296 1465/1944/1308 1464/1943/1307 1452/1930/1295
f 1454/1932/1297 1466/1945/1309 1465/1944/1308 1453/1931/1296
f 1455/1933/1298 1467/1946/1310 1466/1945/1309 1454/1932/1297
f 1456/1934/1299 1468/1947/1311 1467/1946/1310 1455/1933/1298
f 1457/1923/1289 1469/1936/1301 1468/1947/1311 1456/1934/1299
f 1458/1935/1300 1470/1948/1312 1481/1949/1313 1469/1936/1301
f 1459/1937/1302 1471/1950/1314 1470/1951/1312 1458/1938/1300
f 1460/1939/1303 1472/1952/1315 1471/1950/1314 1459/1937/1302
f 1461/1940/1304 1473/1953/1316 1472/1952/1315 1460/1939/1303
f 1462/1941/1305 1474/1954/1317 1473/1953/1316 1461/1940/1304
f 1463/1942/1306 1475/1955/1318 1474/1954/1317 1462/1941/1305
f 1464/1943/1307 1476/1956/1319 1475/1955/1318 1463/1942/1306
f 1465/1944/1308 1477/1957/1320 1476/1956/1319 1464/1943/1307
f 1466/1945/1309 1478/1958/1321 1477/1957/1320 1465/1944/1308
f 1467/1946/1310 1479/1959/1322 1478/1958/1321 1466/1945/1309
f 1468/1947/1311 1480/1960/1323 1479/1959/1322 1467/1946/1310
f 1469/1936/1301 1481/1949/1313 1480/1960/1323 1468/1947/1311
f 1470/1948/1312 1482/1961/1324 1493/1962/1325 1481/1949/1313
f 1471/1950/1314 1483/1963/1326 1482/1964/1324 1470/1951/1312
f 1472/1952/1315 1484/1965/1327 1483/1963/1326 1471/1950/1314
f 1473/1953/1316 1485/1966/1328 1484/1965/1327 1472/1952/1315
f 1474/1954/1317 1486/1967/1329 1485/1966/1328 1473/1953/1316
f 1475/1955/1318 1487/1968/1330 1486/1967/1329 1474/1954/1317
f 1476/1956/1319 1488/1969/1331 1487/1968/1330 1475/1955/1318
f 1477/1957/1320 1489/1970/1332 1488/1969/1331 1476/1956/1319
f 1478/1958/1321 1490/1971/1333 1489/1970/1332 1477/1957/1320
f 1479/1959/1322 1491/1972/1334 1490/1971/1333 1478/1958/1321
f 1480/1960/1323 1492/1973/1335 1491/1972/1334 1479/1959/1322
f 1481/1949/1313 1493/1962/1325 1492/1973/1335 1480/1960/1323
f 1482/1961/1324 1494/1974/1336 1505/1975/1337 1493/1962/1325
f 1483/1963/1326 1495/1976/1338 1494/1977/1336 1482/1964/1324
f 1484/1965/1327 1496/1978/1339 1495/1976/1338 1483/1963/1326
f 1485/1966/1328 1497/1979/1340 1496/1978/1339 1484/1965/1327
f 1486/1967/1329 1498/1980/1341 1497/1979/1340 1485/1966/1328
f 1487/1968/1330 1499/1981/1342 1498/1980/1341 1486/1967/1329
f 1488/1969/1331 1500/1982/1343 1499/1981/1342 1487/1968/1330
f 1489/1970/1332 1501/1983/1344 1500/1982/1343 1488/1969/1331
f 1490/1971/1333 1502/1984/1345 1501/1983/1344 1489/1970/1332
f 1491/1972/1334 1503/1985/1346 1502/1984/1345 1490/1971/1333
f 1492/1973/1335 1504/1986/1347 1503/1985/1346 1491/1972/1334
f 1493/1962/1325 1505/1975/1337 1504/1986/1347 1492/1973/1335
f 1494/1974/1336 1506/1987/1348 1517/1988/1349 1505/1975/1337
f 1495/1976/1338 1507/1989/1350 1506/1990/1348 1494/1977/1336
f 1496/1978/1339 1508/1991/1351 1507/1989/1350 1495/1976/1338
f 1497/1979/1340 1509/1992/1352 1508/1991/1351 1496/1978/1339
f 1498/1980/1341 1510/1993/1353 1509/1992/1352 1497/1979/1340
f 1499/1981/1342 1511/1994/1354 1510/1993/1353 1498/1980/1341
f 1500/1982/1343 1512/1995/1355 1511/1994/1354 1499/1981/1342
f 1501/1983/1344 1513/1996/1356 1512/1995/1355 1500/1982/1343
f 1502/1984/1345 1514/1997/1357 1513/1996/1356 1501/1983/1344
f 1503/1985/1346 1515/1998/1358 1514/1997/1357 1502/1984/1345
f 1504/1986/1347 1516/1999/1359 1515/1998/1358 1503/1985/1346
f 1505/1975/1337 1517/1988/1349 1516/1999/1359 1504/1986/1347
f 1506/1987/1348 1518/2000/1360 1529/2001/1361 1517/1988/1349
f 1507/1989/1350 1519/2002/1362 1518/2003/1360 1506/1990/1348
f 1508/1991/1351 1520/2004/1363 1519/2002/1362 1507/1989/1350
f 1509/1992/1352 1521/2005/1364 1520/2004/1363 1508/1991/1351
f 1510/1993/1353 1522/2006/1365 1521/2005/1364 1509/1992/1352
f 1511/1994/1354 1523/2007/1366 1522/2006/1365 1510/1993/1353
f 1512/1995/1355 1524/2008/1367 1523/2007/1366 1511/1994/1354
f 1513/1996/1356 1525/2009/1368 1524/2008/1367 1512/1995/1355
f 1514/1997/1357 1526/2010/1369 1525/2009/1368 1513/1996/1356
f 1515/1998/1358 1527/2011/1370 1526/2010/1369 1514/1997/1357
f 1516/1999/1359 1528/2012/1371 1527/2011/1370 1515/1998/1358
f 1517/1988/1349 1529/2001/1361 1528/2012/1371 1516/1999/1359
f 1518/2000/1360 1530/2013/1372 1541/2014/1373 1529/2001/1361
f 1519/2002/1362 1531/2015/1374 1530/2016/1372 1518/2003/1360
f 1520/2004/1363 1532/2017/1375 1531/2015/1374 1519/2002/1362
f 1521/2005/1364 1533/2018/1376 1532/2017/1375 1520/2004/1363
f 1522/2006/1365 1534/2019/1377 1533/2018/1376 1521/2005/1364
f 1523/2007/1366 1535/2020/1378 1534/2019/1377 1522/2006/1365
f 1524/2008/1367 1536/2021/1379 1535/2020/1378 1523/2007/1366
f 1525/2009/1368 1537/2022/1380 1536/2021/1379 1524/2008/1367
f 1526/2010/1369 1538/2023/1381 1537/2022/1380 1525/2009/1368
f 1527/2011/1370 1539/2024/1382 1538/2023/1381 1526/2010/1369
f 1528/2012/1371 1540/2025/1383 1539/2024/1382 1527/2011/1370
f 1529/2001/1361 1541/2014/1373 1540/2025/1383 1528/2012/1371
f 1530/2013/1372 1542/2026/1384 1553/2027/1385 1541/2014/1373
f 1531/2015/1374 1543/2028/1386 1542/2029/1384 1530/2016/1372
f 1532/2017/1375 1544/2030/1387 1543/2028/1386 1531/2015/1374
f 1533/2018/1376 1545/2031/1388 1544/2030/1387 1532/2017/1375
f 1534/2019/1377 1546/2032/1389 1545/2031/1388 1533/2018/1376
f 1535/2020/1378 1547/2033/1390 1546/2032/1389 1534/2019/1377
f 1536/2021/1379 1548/2034/1391 1547/2033/1390 1535/2020/1378
f 1537/2022/1380 1549/2035/1392 1548/2034/1391 1536/2021/1379
f 1538/2023/1381 1550/2036/1393 1549/2035/1392 1537/2022/1380
f 1539/2024/1382 1551/2037/1394 1550/2036/1393 1538/2023/1381
f 1540/2025/1383 1552/2038/1395 1551/2037/1394 1539/2024/1382
f 1541/2014/1373 1553/2027/1385 1552/2038/1395 1540/2025/1383
f 1542/2026/1384 1554/2039/1396 1565/2040/1397 1553/2027/1385
f 1543/2028/1386 1555/2041/1398 1554/2042/1396 1542/2029/1384
f 1544/2030/1387 1556/2043/1399 1555/2041/1398 1543/2028/1386
f 1545/2031/1388 1557/2044/1400 1556/2043/1399 1544/2030/1387
f 1546/2032/1389 1558/2045/1401 1557/2044/1400 1545/2031/1388
f 1547/2033/1390 1559/2046/1402 1558/2045/1401 1546/2032/1389
f 1548/2034/1391 1560/2047/1403 1559/2046/1402 1547/2033/1390
f 1549/2035/1392 1561/2048/1404 1560/2047/1403 1548/2034/1391
f 1550/2036/1393 1562/2049/1405 1561/2048/1404 1549/2035/1392
f 1551/2037/1394 1563/2050/1406 1562/2049/1405 1550/2036/1393
f 1552/2038/1395 1564/2051/1407 1563/2050/1406 1551/2037/1394
f 1553/2027/1385 1565/2040/1397 1564/2051/1407 1552/2038/1395
f 1554/2039/1396 1566/2052/1408 1577/2053/1409 1565/2040/1397
f 1555/2041/1398 1567/2054/1410 1566/2055/1408 1554/2042/1396
f 1556/2043/1399 1568/2056/1411 1567/2054/1410 1555/2041/1398
f 1557/2044/1400 1569/2057/1412 1568/2056/1411 1556/2043/1399
f 1558/2045/1401 1570/2058/1413 1569/2057/1412 1557/2044/1400
f 1559/2046/1402 1571/2059/1414 1570/2058/1413 1558/2045/1401
f 1560/2047/1403 1572/2060/1415 1571/2059/1414 1559/2046/1402
f 1561/2048/1404 1573/2061/1416 1572/2060/1415 1560/2047/1403
f 1562/2049/1405 1574/2062/1417 1573/2061/1416 1561/2048/1404
f 1563/2050/1406 1575/2063/1418 1574/2062/1417 1562/2049/1405
f 1564/2051/1407 1576/2064/1419 1575/2063/1418 1563/2050/1406
f 1565/2040/1397 1577/2053/1409 1576/2064/1419 1564/2051/1407
f 1566/2052/1408 1578/2065/1420 1589/2066/1421 1577/2053/1409
f 1567/2054/1410 1579/2067/1422 1578/2068/1420 1566/2055/1408
f 1568/2056/1411 1580/2069/1423 1579/2067/1422 1567/2054/1410
f 1569/2057/1412 1581/2070/1424 1580/2069/1423 1568/2056/1411
f 1570/2058/1413 1582/2071/1425 1581/2070/1424 1569/2057/1412
f 1571/2059/1414 1583/2072/1426 1582/2071/1425 1570/2058/1413
f 1572/2060/1415 1584/2073/1427 1583/2072/1426 1571/2059/1414
f 1573/2061/1416 1585/2074/1428 1584/2073/1427 1572/2060/1415
f 1574/2062/1417 1586/2075/1429 1585/2074/1428 1573/2061/1416
f 1575/2063/1418 1587/2076/1430 1586/2075/1429 1574/2062/1417
f 1576/2064/1419 1588/2077/1431 1587/2076/1430 1575/2063/1418
f 1577/2053/1409 1589/2066/1421 1588/2077/1431 1576/2064/1419
f 1578/2065/1420 1590/2078/1432 1601/2079/1433 1589/2066/1421
f 1579/2067/1422 1591/2080/1434 1590/2081/1432 1578/2068/1420
f 1580/2069/1423 1592/2082/1435 1591/2080/1434 1579/2067/1422
f 1581/2070/1424 1593/2083/1436 1592/2082/1435 1580/2069/1423
f 1582/2071/1425 1594/2084/1437 1593/2083/1436 1581/2070/1424
f 1583/2072/1426 1595/2085/1438 1594/2084/1437 1582/2071/1425
f 1584/2073/1427 1596/2086/1439 1595/2085/1438 1583/2072/1426
f 1585/2074/1428 1597/2087/1440 1596/2086/1439 1584/2073/1427
f 1586/2075/1429 1598/2088/1441 1597/2087/1440 1585/2074/1428
f 1587/2076/1430 1599/2089/1442 1598/2088/1441 1586/2075/1429
f 1588/2077/1431 1600/2090/1443 1599/2089/1442 1587/2076/1430
f 1589/2066/1421 1601/2079/1433 1600/2090/1443 1588/2077/1431
f 1590/2078/1432 1602/2091/1444 1613/2092/1445 1601/2079/1433
f 1591/2080/1434 1603/2093/1446 1602/2094/1444 1590/2081/1432
f 1592/2082/1435 1604/2095/1447 1603/2093/1446 1591/2080/1434
f 1593/2083/1436 1605/2096/1448 1604/2095/1447 1592/2082/1435
f 1594/2084/1437 1606/2097/1449 1605/2096/1448 1593/2083/1436
f 1595/2085/1438 1607/2098/1450 1606/2097/1449 1594/2084/1437
f 1596/2086/1439 1608/2099/1451 1607/2098/1450 1595/2085/1438
f 1597/2087/1440 1609/2100/1452 1608/2099/1451 1596/2086/1439
f 1598/2088/1441 1610/2101/1453 1609/2100/1452 1597/2087/1440
f 1599/2089/1442 1611/2102/1454 1610/2101/1453 1598/2088/1441
f 1600/2090/1443 1612/2103/1455 1611/2102/1454 1599/2089/1442
f 1601/2079/1433 1613/2092/1445 1612/2103/1455 1600/2090/1443
f 1602/2091/1444 1614/2104/1456 1625/2105/1457 1613/2092/1445
f 1603/2093/1446 1615/2106/1458 1614/2107/1456 1602/2094/1444
f 1604/2095/1447 1616/2108/1459 1615/2106/1458 1603/2093/1446
f 1605/2096/1448 1617/2109/1460 1616/2108/1459 1604/2095/1447
f 1606/2097/1449 1618/2110/1461 1617/2109/1460 1605/2096/1448
f 1607/2098/1450 1619/2111/1462 1618/2110/1461 1606/2097/1449
f 1608/2099/1451 1620/2112/1463 1619/2111/1462 1607/2098/1450
f 1609/2100/1452 1621/2113/1464 1620/2112/1463 1608/2099/1451
f 1610/2101/1453 1622/2114/1465 1621/2113/1464 1609/2100/1452
f 1611/2102/1454 1623/2115/1466 1622/2114/1465 1610/2101/1453
f 1612/2103/1455 1624/2116/1467 1623/2115/1466 1611/2102/1454
f 1613/2092/1445 1625/2105/1457 1624/2116/1467 1612/2103/1455
f 1614/2104/1456 1626/2117/1468 1637/2118/1469 1625/2105/1457
f 1615/2106/1458 1627/2119/1470 1626/2120/1468 1614/2107/1456
f 1616/2108/1459 1628/2121/1471 1627/2119/1470 1615/2106/1458
f 1617/2109/1460 1629/2122/1472 1628/2121/1471 1616/2108/1459
f 1618/2110/1461 1630/2123/1473 1629/2122/1472 1617/2109/1460
f 1619/2111/1462 1631/2124/1474 1630/2123/1473 1618/2110/1461
f 1620/2112/1463 1632/2125/1475 1631/2124/1474 1619/2111/1462
f 1621/2113/1464 1633/2126/1476 1632/2125/1475 1620/2112/1463
f 1622/2114/1465 1634/2127/1477 1633/2126/1476 1621/2113/1464
f 1623/2115/1466 1635/2128/1478 1634/2127/1477 1622/2114/1465
f 1624/2116/1467 1636/2129/1479 1635/2128/1478 1623/2115/1466
f 1625/2105/1457 1637/2118/1469 1636/2129/1479 1624/2116/1467
f 1626/2117/1468 1638/2130/1480 1649/2131/1481 1637/2118/1469
f 1627/2119/1470 1639/2132/1482 1638/2133/1480 1626/2120/1468
f 1628/2121/1471 1640/2134/1483 1639/2132/1482 1627/2119/1470
f 1629/2122/1472 1641/2135/1484 1640/2134/1483 1628/2121/1471
f 1630/2123/1473 1642/2136/1485 1641/2135/1484 1629/2122/1472
f 1631/2124/1474 1643/2137/1486 1642/2136/1485 1630/2123/1473
f 1632/2125/1475 1644/2138/1487 1643/2137/1486 1631/2124/1474
f 1633/2126/1476 1645/2139/1488 1644/2138/1487 1632/2125/1475
f 1634/2127/1477 1646/2140/1489 1645/2139/1488 1633/2126/1476
f 1635/2128/1478 1647/2141/1490 1646/2140/1489 1634/2127/1477
f 1636/2129/1479 1648/2142/1491 1647/2141/1490 1635/2128/1478
f 1637/2118/1469 1649/2131/1481 1648/2142/1491 1636/2129/1479
f 1638/2130/1480 1650/2143/1492 1661/2144/1493 1649/2131/1481
f 1639/2132/1482 1651/2145/1494 1650/2146/1492 1638/2133/1480
f 1640/2134/1483 1652/2147/1495 1651/2145/1494 1639/2132/1482
f 1641/2135/1484 1653/2148/1496 1652/2147/1495 1640/2134/1483
f 1642/2136/1485 1654/2149/1497 1653/2148/1496 1641/2135/1484
f 1643/2137/1486 1655/2150/1498 1654/2149/1497 1642/2136/1485
f 1644/2138/1487 1656/2151/1499 1655/2150/1498 1643/2137/1486
f 1645/2139/1488 1657/2152/1500 1656/2151/1499 1644/2138/1487
f 1646/2140/1489 1658/2153/1501 1657/2152/1500 1645/2139/1488
f 1647/2141/1490 1659/2154/1502 1658/2153/1501 1646/2140/1489
f 1648/2142/1491 1660/2155/1503 1659/2154/1502 1647/2141/1490
f 1649/2131/1481 1661/2144/1493 1660/2155/1503 1648/2142/1491
f 1650/2143/1492 1662/2156/1504 1673/2157/1505 1661/2144/1493
f 1651/2145/1494 1663/2158/1506 1662/2159/1504 1650/2146/1492
f 1652/2147/1495 1664/2160/1507 1663/2158/1506 1651/2145/1494
f 1653/2148/1496 1665/2161/1508 1664/2160/1507 1652/2147/1495
f 1654/2149/1497 1666/2162/1509 1665/2161/1508 1653/2148/1496
f 1655/2150/1498 1667/2163/1510 1666/2162/1509 1654/2149/1497
f 1656/2151/1499 1668/2164/1511 1667/2163/1510 1655/2150/1498
f 1657/2152/1500 1669/2165/1512 1668/2164/1511 1656/2151/1499
f 1658/2153/1501 1670/2166/1513 1669/2165/1512 1657/2152/1500
f 1659/2154/1502 1671/2167/1514 1670/2166/1513 1658/2153/1501
f 1660/2155/1503 1672/2168/1515 1671/2167/1514 1659/2154/1502
f 1661/2144/1493 1673/2157/1505 1672/2168/1515 1660/2155/1503
f 1662/2156/1504 1674/2169/1516 1685/2170/1517 1673/2157/1505
f 1663/2158/1506 1675/2171/1518 1674/2172/1516 1662/2159/1504
f 1664/2160/1507 1676/2173/1519 1675/2171/1518 1663/2158/1506
f 1665/2161/1508 1677/2174/1520 1676/2173/1519 1664/2160/1507
f 1666/2162/1509 1678/2175/1521 1677/2174/1520 1665/2161/1508
f 1667/2163/1510 1679/2176/1522 1678/2175/1521 1666/2162/1509
f 1668/2164/1511 1680/2177/1523 1679/2176/1522 1667/2163/1510
f 1669/2165/1512 1681/2178/1524 1680/2177/1523 1668/2164/1511
f 1670/2166/1513 1682/2179/1525 1681/2178/1524 1669/2165/1512
f 1671/2167/1514 1683/2180/1526 1682/2179/1525 1670/2166/1513
f 1672/2168/1515 1684/2181/1527 1683/2180/1526 1671/2167/1514
f 1673/2157/1505 1685/2170/1517 1684/2181/1527 1672/2168/1515
f 1674/2169/1516 1686/2182/1528 1697/2183/1529 1685/2170/1517
f 1675/2171/1518 1687/2184/1530 1686/2185/1528 1674/2172/1516
f 1676/2173/1519 1688/2186/1531 1687/2184/1530 1675/2171/1518
f 1677/2174/1520 1689/2187/1532 1688/2186/1531 1676/2173/1519
f 1678/2175/1521 1690/2188/1533 1689/2187/1532 1677/2174/1520
f 1679/2176/1522 1691/2189/1534 1690/2188/1533 1678/2175/1521
f 1680/2177/1523 1692/2190/1535 1691/2189/1534 1679/2176/1522
f 1681/2178/1524 1693/2191/1536 1692/2190/1535 1680/2177/1523
f 1682/2179/1525 1694/2192/1537 1693/2191/1536 1681/2178/1524
f 1683/2180/1526 1695/2193/1538 1694/2192/1537 1682/2179/1525
f 1684/2181/1527 1696/2194/1539 1695/2193/1538 1683/2180/1526
f 1685/2170/1517 1697/2183/1529 1696/2194/1539 1684/2181/1527
f 1686/2182/1528 1698/2195/1540 1709/2196/1541 1697/2183/1529
f 1687/2184/1530 1699/2197/1542 1698/2198/1540 1686/2185/1528
f 1688/2186/1531 1700/2199/1543 1699/2197/1542 1687/2184/1530
f 1689/2187/1532 1701/2200/1544 1700/2199/1543 1688/2186/1531
f 1690/2188/1533 1702/2201/1545 1701/2200/1544 1689/2187/1532
f 1691/2189/1534 1703/2202/1546 1702/2201/1545 1690/2188/1533
f 1692/2190/1535 1704/2203/1547 1703/2202/1546 1691/2189/1534
f 1693/2191/1536 1705/2204/1548 1704/2203/1547 1692/2190/1535
f 1694/2192/1537 1706/2205/1549 1705/2204/1548 1693/2191/1536
f 1695/2193/1538 1707/2206/1550 1706/2205/1549 1694/2192/1537
f 1696/2194/1539 1708/2207/1551 1707/2206/1550 1695/2193/1538
f 1697/2183/1529 1709/2196/1541 1708/2207/1551 1696/2194/1539
f 1698/2195/1540 1710/2208/1552 1721/2209/1553 1709/2196/1541
f 1699/2197/1542 1711/2210/1554 1710/2211/1552 1698/2198/1540
f 1700/2199/1543 1712/2212/1555 1711/2210/1554 1699/2197/1542
f 1701/2200/1544 1713/2213/1556 1712/2212/1555 1700/2199/1543
f 1702/2201/1545 1714/2214/1557 1713/2213/1556 1701/2200/1544
f 1703/2202/1546 1715/2215/1558 1714/2214/1557 1702/2201/1545
f 1704/2203/1547 1716/2216/1559 1715/2215/1558 1703/2202/1546
f 1705/2204/1548 1717/2217/1560 1716/2216/1559 1704/2203/1547
f 1706/2205/1549 1718/2218/1561 1717/2217/1560 1705/2204/1548
f 1707/2206/1550 1719/2219/1562 1718/2218/1561 1706/2205/1549
f 1708/2207/1551 1720/2220/1563 1719/2219/1562 1707/2206/1550
f 1709/2196/1541 1721/2209/1553 1720/2220/1563 1708/2207/1551
f 1710/2208/1552 1722/2221/1564 1733/2222/1565 1721/2209/1553
f 1711/2210/1554 1723/2223/1566 1722/2224/1564 1710/2211/1552
f 1712/2212/1555 1724/2225/1567 1723/2223/1566 1711/2210/1554
f 1713/2213/1556 1725/2226/1568 1724/2225/1567 1712/2212/1555
f 1714/2214/1557 1726/2227/1569 1725/2226/1568 1713/2213/1556
f 1715/2215/1558 1727/2228/1570 1726/2227/1569 1714/2214/1557
f 1716/2216/1559 1728/2229/1571 1727/2228/1570 1715/2215/1558
f 1717/2217/1560 1729/2230/1572 1728/2229/1571 1716/2216/1559
f 1718/2218/1561 1730/2231/1573 1729/2230/1572 1717/2217/1560
f 1719/2219/1562 1731/2232/1574 1730/2231/1573 1718/2218/1561
f 1720/2220/1563 1732/2233/1575 1731/2232/1574 1719/2219/1562
f 1721/2209/1553 1733/2222/1565 1732/2233/1575 1720/2220/1563
f 1722/2221/1564 1734/2234/1576 1745/2235/1577 1733/2222/1565
f 1723/2223/1566 1735/2236/1578 1734/2237/1576 1722/2224/1564
f 1724/2225/1567 1736/2238/1579 1735/2236/1578 1723/2223/1566
f 1725/2226/1568 1737/2239/1580 1736/2238/1579 1724/2225/1567
f 1726/2227/1569 1738/2240/1581 1737/2239/1580 1725/2226/1568
f 1727/2228/1570 1739/2241/1582 1738/2240/1581 1726/2227/1569
f 1728/2229/1571 1740/2242/1583 1739/2241/1582 1727/2228/1570
f 1729/2230/1572 1741/2243/1584 1740/2242/1583 1728/2229/1571
f 1730/2231/1573 1742/2244/1585 1741/2243/1584 1729/2230/1572
f 1731/2232/1574 1743/2245/1586 1742/2244/1585 1730/2231/1573
f 1732/2233/1575 1744/2246/1587 1743/2245/1586 1731/2232/1574
f 1733/2222/1565 1745/2235/1577 1744/2246/1587 1732/2233/1575
f 1734/2234/1576 1746/2247/1564 1757/2248/1588 1745/2235/1577
f 1735/2236/1578 1747/2249/1589 1746/2250/1564 1734/2237/1576
f 1736/2238/1579 1748/2251/1590 1747/2249/1589 1735/2236/1578
f 1737/2239/1580 1749/2252/1591 1748/2251/1590 1736/2238/1579
f 1738/2240/1581 1750/2253/1592 1749/2252/1591 1737/2239/1580
f 1739/2241/1582 1751/2254/1593 1750/2253/1592 1738/2240/1581
f 1740/2242/1583 1752/2255/1571 1751/2254/1593 1739/2241/1582
f 1741/2243/1584 1753/2256/1594 1752/2255/1571 1740/2242/1583
f 1742/2244/1585 1754/2257/1595 1753/2256/1594 1741/2243/1584
f 1743/2245/1586 1755/2258/1596 1754/2257/1595 1742/2244/1585
f 1744/2246/1587 1756/2259/1597 1755/2258/1596 1743/2245/1586
f 1745/2235/1577 1757/2248/1588 1756/2259/1597 1744/2246/1587
f 1746/2247/1564 1758/2260/1598 1769/2261/1599 1757/2248/1588
f 1747/2249/1589 1759/2262/1600 1758/2263/1598 1746/2250/1564
f 1748/2251/1590 1760/2264/1601 1759/2262/1600 1747/2249/1589
f 1749/2252/1591 1761/2265/1602 1760/2264/1601 1748/2251/1590
f 1750/2253/1592 1762/2266/1603 1761/2265/1602 1749/2252/1591
f 1751/2254/1593 1763/2267/1604 1762/2266/1603 1750/2253/1592
f 1752/2255/1571 1764/2268/1605 1763/2267/1604 1751/2254/1593
f 1753/2256/1594 1765/2269/1606 1764/2268/1605 1752/2255/1571
f 1754/2257/1595 1766/2270/1607 1765/2269/1606 1753/2256/1594
f 1755/2258/1596 1767/2271/1608 1766/2270/1607 1754/2257/1595
f 1756/2259/1597 1768/2272/1609 1767/2271/1608 1755/2258/1596
f 1757/2248/1588 1769/2261/1599 1768/2272/1609 1756/2259/1597
f 1758/2260/1598 1770/2273/1610 1781/2274/1611 1769/2261/1599
f 1759/2262/1600 1771/2275/1612 1770/2276/1610 1758/2263/1598
f 1760/2264/1601 1772/2277/1613 1771/2275/1612 1759/2262/1600
f 1761/2265/1602 1773/2278/1614 1772/2277/1613 1760/2264/1601
f 1762/2266/1603 1774/2279/1615 1773/2278/1614 1761/2265/1602
f 1763/2267/1604 1775/2280/1616 1774/2279/1615 1762/2266/1603
f 1764/2268/1605 1776/2281/1617 1775/2280/1616 1763/2267/1604
f 1765/2269/1606 1777/2282/1618 1776/2281/1617 1764/2268/1605
f 1766/2270/1607 1778/2283/1619 1777/2282/1618 1765/2269/1606
f 1767/2271/1608 1779/2284/1620 1778/2283/1619 1766/2270/1607
f 1768/2272/1609 1780/2285/1621 1779/2284/1620 1767/2271/1608
f 1769/2261/1599 1781/2274/1611 1780/2285/1621 1768/2272/1609
f 1770/2273/1610 1782/2286/1622 1793/2287/1623 1781/2274/1611
f 1771/2275/1612 1783/2288/1624 1782/2289/1622 1770/2276/1610
f 1772/2277/1613 1784/2290/1625 1783/2288/1624 1771/2275/1612
f 1773/2278/1614 1785/2291/1626 1784/2290/1625 1772/2277/1613
f 1774/2279/1615 1786/2292/1627 1785/2291/1626 1773/2278/1614
f 1775/2280/1616 1787/2293/1628 1786/2292/1627 1774/2279/1615
f 1776/2281/1617 1788/2294/1629 1787/2293/1628 1775/2280/1616
f 1777/2282/1618 1789/2295/1630 1788/2294/1629 1776/2281/1617
f 1778/2283/1619 1790/2296/1631 1789/2295/1630 1777/2282/1618
f 1779/2284/1620 1791/2297/1632 1790/2296/1631 1778/2283/1619
f 1780/2285/1621 1792/2298/1633 1791/2297/1632 1779/2284/1620
f 1781/2274/1611 1793/2287/1623 1792/2298/1633 1780/2285/1621
f 1782/2286/1622 1794/2299/1634 1805/2300/1635 1793/2287/1623
f 1783/2288/1624 1795/2301/1636 1794/2302/1634 1782/2289/1622
f 1784/2290/1625 1796/2303/1637 1795/2301/1636 1783/2288/1624
f 1785/2291/1626 1797/2304/1638 1796/2303/1637 1784/2290/1625
f 1786/2292/1627 1798/2305/1639 1797/2304/1638 1785/2291/1626
f 1787/2293/1628 1799/2306/1640 1798/2305/1639 1786/2292/1627
f 1788/2294/1629 1800/2307/1641 1799/2306/1640 1787/2293/1628
f 1789/2295/1630 1801/2308/1642 1800/2307/1641 1788/2294/1629
f 1790/2296/1631 1802/2309/1643 1801/2308/1642 1789/2295/1630
f 1791/2297/1632 1803/2310/1644 1802/2309/1643 1790/2296/1631
f 1792/2298/1633 1804/2311/1645 1803/2310/1644 1791/2297/1632
f 1793/2287/1623 1805/2300/1635 1804/2311/1645 1792/2298/1633
f 1794/2299/1634 1806/2312/1646 1817/2313/1647 1805/2300/1635
f 1795/2301/1636 1807/2314/1648 1806/2315/1646 1794/2302/1634
f 1796/2303/1637 1808/2316/1649 1807/2314/1648 1795/2301/1636
f 1797/2304/1638 1809/2317/1650 1808/2316/1649 1796/2303/1637
f 1798/2305/1639 1810/2318/1651 1809/2317/1650 1797/2304/1638
f 1799/2306/1640 1811/2319/1652 1810/2318/1651 1798/2305/1639
f 1800/2307/1641 1812/2320/1653 1811/2319/1652 1799/2306/1640
f 1801/2308/1642 1813/2321/1654 1812/2320/1653 1800/2307/1641
f 1802/2309/1643 1814/2322/1655 1813/2321/1654 1801/2308/1642
f 1803/2310/1644 1815/2323/1656 1814/2322/1655 1802/2309/1643
f 1804/2311/1645 1816/2324/1657 1815/2323/1656 1803/2310/1644
f 1805/2300/1635 1817/2313/1647 1816/2324/1657 1804/2311/1645
f 1806/2312/1646 1818/2325/1658 1829/2326/1659 1817/2313/1647
f 1807/2314/1648 1819/2327/1660 1818/2328/1658 1806/2315/1646
f 1808/2316/1649 1820/2329/1661 1819/2327/1660 1807/2314/1648
f 1809/2317/1650 1821/2330/1662 1820/2329/1661 1808/2316/1649
f 1810/2318/1651 1822/2331/1663 1821/2330/1662 1809/2317/1650
f 1811/2319/1652 1823/2332/1664 1822/2331/1663 1810/2318/1651
f 1812/2320/1653 1824/2333/1665 1823/2332/1664 1811/2319/1652
f 1813/2321/1654 1825/2334/1666 1824/2333/1665 1812/2320/1653
f 1814/2322/1655 1826/2335/1667 1825/2334/1666 1813/2321/1654
f 1815/2323/1656 1827/2336/1668 1826/2335/1667 1814/2322/1655
f 1816/2324/1657 1828/2337/1669 1827/2336/1668 1815/2323/1656
f 1817/2313/1647 1829/2326/1659 1828/2337/1669 1816/2324/1657
f 1818/2325/1658 1830/2338/1670 1841/2339/1671 1829/2326/1659
f 1819/2327/1660 1831/2340/1672 1830/2341/1670 1818/2328/1658
f 1820/2329/1661 1832/2342/1673 1831/2340/1672 1819/2327/1660
f 1821/2330/1662 1833/2343/1674 1832/2342/1673 1820/2329/1661
f 1822/2331/1663 1834/2344/1675 1833/2343/1674 1821/2330/1662
f 1823/2332/1664 1835/2345/1676 1834/2344/1675 1822/2331/1663
f 1824/2333/1665 1836/2346/1677 1835/2345/1676 1823/2332/1664
f 1825/2334/1666 1837/2347/1678 1836/2346/1677 1824/2333/1665
f 1826/2335/1667 1838/2348/1679 1837/2347/1678 1825/2334/1666
f 1827/2336/1668 1839/2349/1680 1838/2348/1679 1826/2335/1667
f 1828/2337/1669 1840/2350/1681 1839/2349/1680 1827/2336/1668
f 1829/2326/1659 1841/2339/1671 1840/2350/1681 1828/2337/1669
f 1830/2338/1670 1842/2351/1682 1853/2352/1683 1841/2339/1671
f 1831/2340/1672 1843/2353/1684 1842/2354/1682 1830/2341/1670
f 1832/2342/1673 1844/2355/1685 1843/2353/1684 1831/2340/1672
f 1833/2343/1674 1845/2356/1686 1844/2355/1685 1832/2342/1673
f 1834/2344/1675 1846/2357/1687 1845/2356/1686 1833/2343/1674
f 1835/2345/1676 1847/2358/1688 1846/2357/1687 1834/2344/1675
f 1836/2346/1677 1848/2359/1689 1847/2358/1688 1835/2345/1676
f 1837/2347/1678 1849/2360/1690 1848/2359/1689 1836/2346/1677
f 1838/2348/1679 1850/2361/1691 1849/2360/1690 1837/2347/1678
f 1839/2349/1680 1851/2362/1692 1850/2361/1691 1838/2348/1679
f 1840/2350/1681 1852/2363/1693 1851/2362/1692 1839/2349/1680
f 1841/2339/1671 1853/2352/1683 1852/2363/1693 1840/2350/1681
f 1842/2351/1682 1854/2364/1694 1865/2365/1695 1853/2352/1683
f 1843/2353/1684 1855/2366/1696 1854/2367/1694 1842/2354/1682
f 1844/2355/1685 1856/2368/1697 1855/2366/1696 1843/2353/1684
f 1845/2356/1686 1857/2369/1698 1856/2368/1697 1844/2355/1685
f 1846/2357/1687 1858/2370/1699 1857/2369/1698 1845/2356/1686
f 1847/2358/1688 1859/2371/1700 1858/2370/1699 1846/2357/1687
f 1848/2359/1689 1860/2372/1701 1859/2371/1700 1847/2358/1688
f 1849/2360/1690 1861/2373/1702 1860/2372/1701 1848/2359/1689
f 1850/2361/1691 1862/2374/1703 1861/2373/1702 1849/2360/1690
f 1851/2362/1692 1863/2375/1704 1862/2374/1703 1850/2361/1691
f 1852/2363/1693 1864/2376/1705 1863/2375/1704 1851/2362/1692
f 1853/2352/1683 1865/2365/1695 1864/2376/1705 1852/2363/1693
f 1854/2364/1694 1866/2377/1706 1877/2378/1707 1865/2365/1695
f 1855/2366/1696 1867/2379/1708 1866/2380/1706 1854/2367/1694
f 1856/2368/1697 1868/2381/1709 1867/2379/1708 1855/2366/1696
f 1857/2369/1698 1869/2382/1710 1868/2381/1709 1856/2368/1697
f 1858/2370/1699 1870/2383/1711 1869/2382/1710 1857/2369/1698
f 1859/2371/1700 1871/2384/1712 1870/2383/1711 1858/2370/1699
f 1860/2372/1701 1872/2385/1713 1871/2384/1712 1859/2371/1700
f 1861/2373/1702 1873/2386/1714 1872/2385/1713 1860/2372/1701
f 1862/2374/1703 1874/2387/1715 1873/2386/1714 1861/2373/1702
f 1863/2375/1704 1875/2388/1716 1874/2387/1715 1862/2374/1703
f 1864/2376/1705 1876/2389/1717 1875/2388/1716 1863/2375/1704
f 1865/2365/1695 1877/2378/1707 1876/2389/1717 1864/2376/1705
f 1866/2377/1706 1878/2390/1718 1889/2391/1719 1877/2378/1707
f 1867/2379/1708 1879/2392/1720 1878/2393/1718 1866/2380/1706
f 1868/2381/1709 1880/2394/1721 1879/2392/1720 1867/2379/1708
f 1869/2382/1710 1881/2395/1722 1880/2394/1721 1868/2381/1709
f 1870/2383/1711 1882/2396/1723 1881/2395/1722 1869/2382/1710
f 1871/2384/1712 1883/2397/1724 1882/2396/1723 1870/2383/1711
f 1872/2385/1713 1884/2398/1725 1883/2397/1724 1871/2384/1712
f 1873/2386/1714 1885/2399/1726 1884/2398/1725 1872/2385/1713
f 1874/2387/1715 1886/2400/1727 1885/2399/1726 1873/2386/1714
f 1875/2388/1716 1887/2401/1728 1886/2400/1727 1874/2387/1715
f 1876/2389/1717 1888/2402/1729 1887/2401/1728 1875/2388/1716
f 1877/2378/1707 1889/2391/1719 1888/2402/1729 1876/2389/1717
f 1878/2390/1718 1890/2403/1730 1901/2404/1731 1889/2391/1719
f 1879/2392/1720 1891/2405/1732 1890/2406/1730 1878/2393/1718
f 1880/2394/1721 1892/2407/1733 1891/2405/1732 1879/2392/1720
f 1881/2395/1722 1893/2408/1734 1892/2407/1733 1880/2394/1721
f 1882/2396/1723 1894/2409/1735 1893/2408/1734 1881/2395/1722
f 1883/2397/1724 1895/2410/1736 1894/2409/1735 1882/2396/1723
f 1884/2398/1725 1896/2411/1737 1895/2410/1736 1883/2397/1724
f 1885/2399/1726 1897/2412/1738 1896/2411/1737 1884/2398/1725
f 1886/2400/1727 1898/2413/1739 1897/2412/1738 1885/2399/1726
f 1887/2401/1728 1899/2414/1740 1898/2413/1739 1886/2400/1727
f 1888/2402/1729 1900/2415/1741 1899/2414/1740 1887/2401/1728
f 1889/2391/1719 1901/2404/1731 1900/2415/1741 1888/2402/1729
f 1890/2403/1730 1902/2416/1742 1913/2417/1743 1901/2404/1731
f 1891/2405/1732 1903/2418/1744 1902/2419/1742 1890/2406/1730
f 1892/2407/1733 1904/2420/1745 1903/2418/1744 1891/2405/1732
f 1893/2408/1734 1905/2421/1746 1904/2420/1745 1892/2407/1733
f 1894/2409/1735 1906/2422/1747 1905/2421/1746 1893/2408/1734
f 1895/2410/1736 1907/2423/1748 1906/2422/1747 1894/2409/1735
f 1896/2411/1737 1908/2424/1749 1907/2423/1748 1895/2410/1736
f 1897/2412/1738 1909/2425/1750 1908/2424/1749 1896/2411/1737
f 1898/2413/1739 1910/2426/1751 1909/2425/1750 1897/2412/1738
f 1899/2414/1740 1911/2427/1752 1910/2426/1751 1898/2413/1739
f 1900/2415/1741 1912/2428/1753 1911/2427/1752 1899/2414/1740
f 1901/2404/1731 1913/2417/1743 1912/2428/1753 1900/2415/1741
f 1902/2416/1742 1914/2429/1754 1925/2430/1755 1913/2417/1743
f 1903/2418/1744 1915/2431/1756 1914/2432/1754 1902/2419/1742
f 1904/2420/1745 1916/2433/1757 1915/2431/1756 1903/2418/1744
f 1905/2421/1746 1917/2434/1758 1916/2433/1757 1904/2420/1745
f 1906/2422/1747 1918/2435/1759 1917/2434/1758 1905/2421/1746
f 1907/2423/1748 1919/2436/1760 1918/2435/1759 1906/2422/1747
f 1908/2424/1749 1920/2437/1761 1919/2436/1760 1907/2423/1748
f 1909/2425/1750 1921/2438/1762 1920/2437/1761 1908/2424/1749
f 1910/2426/1751 1922/2439/1763 1921/2438/1762 1909/2425/1750
f 1911/2427/1752 1923/2440/1764 1922/2439/1763 1910/2426/1751
f 1912/2428/1753 1924/2441/1765 1923/2440/1764 1911/2427/1752
f 1913/2417/1743 1925/2430/1755 1924/2441/1765 1912/2428/1753
f 1914/2429/1754 1926/2442/1766 1937/2443/1767 1925/2430/1755
f 1915/2431/1756 1927/2444/1768 1926/2445/1766 1914/2432/1754
f 1916/2433/1757 1928/2446/1769 1927/2444/1768 1915/2431/1756
f 1917/2434/1758 1929/2447/1770 1928/2446/1769 1916/2433/1757
f 1918/2435/1759 1930/2448/1771 1929/2447/1770 1917/2434/1758
f 1919/2436/1760 1931/2449/1772 1930/2448/1771 1918/2435/1759
f 1920/2437/1761 1932/2450/1773 1931/2449/1772 1919/2436/1760
f 1921/2438/1762 1933/2451/1774 1932/2450/1773 1920/2437/1761
f 1922/2439/1763 1934/2452/1775 1933/2451/1774 1921/2438/1762
f 1923/2440/1764 1935/2453/1776 1934/2452/1775 1922/2439/1763
f 1924/2441/1765 1936/2454/1777 1935/2453/1776 1923/2440/1764
f 1925/2430/1755 1937/2443/1767 1936/2454/1777 1924/2441/1765
f 1926/2442/1766 1938/2455/1778 1949/2456/1779 1937/2443/1767
f 1927/2444/1768 1939/2457/1780 1938/2458/1778 1926/2445/1766
f 1928/2446/1769 1940/2459/1781 1939/2457/1780 1927/2444/1768
f 1929/2447/1770 1941/2460/1782 1940/2459/1781 1928/2446/1769
f 1930/2448/1771 1942/2461/1783 1941/2460/1782 1929/2447/1770
f 1931/2449/1772 1943/2462/1784 1942/2461/1783 1930/2448/1771
f 1932/2450/1773 1944/2463/1785 1943/2462/1784 1931/2449/1772
f 1933/2451/1774 1945/2464/1786 1944/2463/1785 1932/2450/1773
f 1934/2452/1775 1946/2465/1787 1945/2464/1786 1933/2451/1774
f 1935/2453/1776 1947/2466/1788 1946/2465/1787 1934/2452/1775
f 1936/2454/1777 1948/2467/1789 1947/2466/1788 1935/2453/1776
f 1937/2443/1767 1949/2456/1779 1948/2467/1789 1936/2454/1777
f 1938/2455/1778 1950/2468/1790 1961/2469/1791 1949/2456/1779
f 1939/2457/1780 1951/2470/1792 1950/2471/1790 1938/2458/1778
f 1940/2459/1781 1952/2472/1793 1951/2470/1792 1939/2457/1780
f 1941/2460/1782 1953/2473/1794 1952/2472/1793 1940/2459/1781
f 1942/2461/1783 1954/2474/1795 1953/2473/1794 1941/2460/1782
f 1943/2462/1784 1955/2475/1796 1954/2474/1795 1942/2461/1783
f 1944/2463/1785 1956/2476/1797 1955/2475/1796 1943/2462/1784
f 1945/2464/1786 1957/2477/1798 1956/2476/1797 1944/2463/1785
f 1946/2465/1787 1958/2478/1799 1957/2477/1798 1945/2464/1786
f 1947/2466/1788 1959/2479/1800 1958/2478/1799 1946/2465/1787
f 1948/2467/1789 1960/2480/1801 1959/2479/1800 1947/2466/1788
f 1949/2456/1779 1961/2469/1791 1960/2480/1801 1948/2467/1789
f 1950/2468/1790 1962/2481/1802 1973/2482/1803 1961/2469/1791
f 1951/2470/1792 1963/2483/1804 1962/2484/1802 1950/2471/1790
f 1952/2472/1793 1964/2485/1805 1963/2483/1804 1951/2470/1792
f 1953/2473/1794 1965/2486/1806 1964/2485/1805 1952/2472/1793
f 1954/2474/1795 1966/2487/1807 1965/2486/1806 1953/2473/1794
f 1955/2475/1796 1967/2488/1808 1966/2487/1807 1954/2474/1795
f 1956/2476/1797 1968/2489/1809 1967/2488/1808 1955/2475/1796
f 1957/2477/1798 1969/2490/1810 1968/2489/1809 1956/2476/1797
f 1958/2478/1799 1970/2491/1811 1969/2490/1810 1957/2477/1798
f 1959/2479/1800 1971/2492/1812 1970/2491/1811 1958/2478/1799
f 1960/2480/1801 1972/2493/1813 1971/2492/1812 1959/2479/1800
f 1961/2469/1791 1973/2482/1803 1972/2493/1813 1960/2480/1801
f 1962/2481/1802 1974/2494/1814 1985/2495/1815 1973/2482/1803
f 1963/2483/1804 1975/2496/1816 1974/2497/1814 1962/2484/1802
f 1964/2485/1805 1976/2498/1817 1975/2496/1816 1963/2483/1804
f 1965/2486/1806 1977/2499/1818 1976/2498/1817 1964/2485/1805
f 1966/2487/1807 1978/2500/1819 1977/2499/1818 1965/2486/1806
f 1967/2488/1808 1979/2501/1820 1978/2500/1819 1966/2487/1807
f 1968/2489/1809 1980/2502/1821 1979/2501/1820 1967/2488/1808
f 1969/2490/1810 1981/2503/1822 1980/2502/1821 1968/2489/1809
f 1970/2491/1811 1982/2504/1823 1981/2503/1822 1969/2490/1810
f 1971/2492/1812 1983/2505/1824 1982/2504/1823 1970/2491/1811
f 1972/2493/1813 1984/2506/1825 1983/2505/1824 1971/2492/1812
f 1973/2482/1803 1985/2495/1815 1984/2506/1825 1972/2493/1813
f 1974/2494/1814 1986/2507/1826 1997/2508/1827 1985/2495/1815
f 1975/2496/1816 1987/2509/1828 1986/2510/1826 1974/2497/1814
f 1976/2498/1817 1988/2511/1829 1987/2509/1828 1975/2496/1816
f 1977/2499/1818 1989/2512/1830 1988/2511/1829 1976/2498/1817
f 1978/2500/1819 1990/2513/1831 1989/2512/1830 1977/2499/1818
f 1979/2501/1820 1991/2514/1832 1990/2513/1831 1978/2500/1819
f 1980/2502/1821 1992/2515/1833 1991/2514/1832 1979/2501/1820
f 1981/2503/1822 1993/2516/1834 1992/2515/1833 1980/2502/1821
f 1982/2504/1823 1994/2517/1835 1993/2516/1834 1981/2503/1822
f 1983/2505/1824 1995/2518/1836 1994/2517/1835 1982/2504/1823
f 1984/2506/1825 1996/2519/1837 1995/2518/1836 1983/2505/1824
f 1985/2495/1815 1997/2508/1827 1996/2519/1837 1984/2506/1825
f 1986/2507/1826 1998/2520/1838 2009/2521/1839 1997/2508/1827
f 1987/2509/1828 1999/2522/1840 1998/2523/1838 1986/2510/1826
f 1988/2511/1829 2000/2524/1841 1999/2522/1840 1987/2509/1828
f 1989/2512/1830 2001/2525/1842 2000/2524/1841 1988/2511/1829
f 1990/2513/1831 2002/2526/1843 2001/2525/1842 1989/2512/1830
f 1991/2514/1832 2003/2527/1844 2002/2526/1843 1990/2513/1831
f 1992/2515/1833 2004/2528/1845 2003/2527/1844 1991/2514/1832
f 1993/2516/1834 2005/2529/1846 2004/2528/1845 1992/2515/1833
f 1994/2517/1835 2006/2530/1847 2005/2529/1846 1993/2516/1834
f 1995/2518/1836 2007/2531/1848 2006/2530/1847 1994/2517/1835
f 1996/2519/1837 2008/2532/1849 2007/2531/1848 1995/2518/1836
f 1997/2508/1827 2009/2521/1839 2008/2532/1849 1996/2519/1837
f 1998/2520/1838 2010/2533/1850 2021/2534/1851 2009/2521/1839
f 1999/2522/1840 2011/2535/1852 2010/2536/1850 1998/2523/1838
f 2000/2524/1841 2012/2537/1853 2011/2535/1852 1999/2522/1840
f 2001/2525/1842 2013/2538/1854 2012/2537/1853 2000/2524/1841
f 2002/2526/1843 2014/2539/1855 2013/2538/1854 2001/2525/1842
f 2003/2527/1844 2015/2540/1856 2014/2539/1855 2002/2526/1843
f 2004/2528/1845 2016/2541/1857 2015/2540/1856 2003/2527/1844
f 2005/2529/1846 2017/2542/1858 2016/2541/1857 2004/2528/1845
f 2006/2530/1847 2018/2543/1859 2017/2542/1858 2005/2529/1846
f 2007/2531/1848 2019/2544/1860 2018/2543/1859 2006/2530/1847
f 2008/2532/1849 2020/2545/1861 2019/2544/1860 2007/2531/1848
f 2009/2521/1839 2021/2534/1851 2020/2545/1861 2008/2532/1849
f 2010/2533/1850 2022/2546/1862 2033/2547/1863 2021/2534/1851
f 2011/2535/1852 2023/2548/1864 2022/2549/1862 2010/2536/1850
f 2012/2537/1853 2024/2550/1865 2023/2548/1864 2011/2535/1852
f 2013/2538/1854 2025/2551/1866 2024/2550/1865 2012/2537/1853
f 2014/2539/1855 2026/2552/1867 2025/2551/1866 2013/2538/1854
f 2015/2540/1856 2027/2553/1868 2026/2552/1867 2014/2539/1855
f 2016/2541/1857 2028/2554/1869 2027/2553/1868 2015/2540/1856
f 2017/2542/1858 2029/2555/1870 2028/2554/1869 2016/2541/1857
f 2018/2543/1859 2030/2556/1871 2029/2555/1870 2017/2542/1858
f 2019/2544/1860 2031/2557/1872 2030/2556/1871 2018/2543/1859
f 2020/2545/1861 2032/2558/1873 2031/2557/1872 2019/2544/1860
f 2021/2534/1851 2033/2547/1863 2032/2558/1873 2020/2545/1861
f 2022/2546/1862 2034/2559/1874 2045/2560/1875 2033/2547/1863
f 2023/2548/1864 2035/2561/1876 2034/2562/1874 2022/2549/1862
f 2024/2550/1865 2036/2563/1877 2035/2561/1876 2023/2548/1864
f 2025/2551/1866 2037/2564/1878 2036/2563/1877 2024/2550/1865
f 2026/2552/1867 2038/2565/1879 2037/2564/1878 2025/2551/1866
f 2027/2553/1868 2039/2566/1880 2038/2565/1879 2026/2552/1867
f 2028/2554/1869 2040/2567/1881 2039/2566/1880 2027/2553/1868
f 2029/2555/1870 2041/2568/1882 2040/2567/1881 2028/2554/1869
f 2030/2556/1871 2042/2569/1883 2041/2568/1882 2029/2555/1870
f 2031/2557/1872 2043/2570/1884 2042/2569/1883 2030/2556/1871
f 2032/2558/1873 2044/2571/1885 2043/2570/1884 2031/2557/1872
f 2033/2547/1863 2045/2560/1875 2044/2571/1885 2032/2558/1873
f 2034/2559/1874 2046/2572/1886 2057/2573/1887 2045/2560/1875
f 2035/2561/1876 2047/2574/1888 2046/2575/1886 2034/2562/1874
f 2036/2563/1877 2048/2576/1889 2047/2574/1888 2035/2561/1876
f 2037/2564/1878 2049/2577/1890 2048/2576/1889 2036/2563/1877
f 2038/2565/1879 2050/2578/1891 2049/2577/1890 2037/2564/1878
f 2039/2566/1880 2051/2579/1892 2050/2578/1891 2038/2565/1879
f 2040/2567/1881 2052/2580/1893 2051/2579/1892 2039/2566/1880
f 2041/2568/1882 2053/2581/1894 2052/2580/1893 2040/2567/1881
f 2042/2569/1883 2054/2582/1895 2053/2581/1894 2041/2568/1882
f 2043/2570/1884 2055/2583/1896 2054/2582/1895 2042/2569/1883
f 2044/2571/1885 2056/2584/1897 2055/2583/1896 2043/2570/1884
f 2045/2560/1875 2057/2573/1887 2056/2584/1897 2044/2571/1885
f 2046/2572/1886 2058/2585/1898 2069/2586/1899 2057/2573/1887
f 2047/2574/1888 2059/2587/1900 2058/2588/1898 2046/2575/1886
f 2048/2576/1889 2060/2589/1901 2059/2587/1900 2047/2574/1888
f 2049/2577/1890 2061/2590/1902 2060/2589/1901 2048/2576/1889
f 2050/2578/1891 2062/2591/1903 2061/2590/1902 2049/2577/1890
f 2051/2579/1892 2063/2592/1904 2062/2591/1903 2050/2578/1891
f 2052/2580/1893 2064/2593/1905 2063/2592/1904 2051/2579/1892
f 2053/2581/1894 2065/2594/1906 2064/2593/1905 2052/2580/1893
f 2054/2582/1895 2066/2595/1907 2065/2594/1906 2053/2581/1894
f 2055/2583/1896 2067/2596/1908 2066/2595/1907 2054/2582/1895
f 2056/2584/1897 2068/2597/1909 2067/2596/1908 2055/2583/1896
f 2057/2573/1887 2069/2586/1899 2068/2597/1909 2056/2584/1897
f 2058/2585/1898 2070/2598/1910 2081/2599/1911 2069/2586/1899
f 2059/2587/1900 2071/2600/1912 2070/2601/1910 2058/2588/1898
f 2060/2589/1901 2072/2602/1913 2071/2600/1912 2059/2587/1900
f 2061/2590/1902 2073/2603/1914 2072/2602/1913 2060/2589/1901
f 2062/2591/1903 2074/2604/1915 2073/2603/1914 2061/2590/1902
f 2063/2592/1904 2075/2605/1916 2074/2604/1915 2062/2591/1903
f 2064/2593/1905 2076/2606/1917 2075/2605/1916 2063/2592/1904
f 2065/2594/1906 2077/2607/1918 2076/2606/1917 2064/2593/1905
f 2066/2595/1907 2078/2608/1919 2077/2607/1918 2065/2594/1906
f 2067/2596/1908 2079/2609/1920 2078/2608/1919 2066/2595/1907
f 2068/2597/1909 2080/2610/1921 2079/2609/1920 2067/2596/1908
f 2069/2586/1899 2081/2599/1911 2080/2610/1921 2068/2597/1909
f 2070/2598/1910 2082/2611/1922 2093/2612/1923 2081/2599/1911
f 2071/2600/1912 2083/2613/1924 2082/2614/1922 2070/2601/1910
f 2072/2602/1913 2084/2615/1925 2083/2613/1924 2071/2600/1912
f 2073/2603/1914 2085/2616/1926 2084/2615/1925 2072/2602/1913
f 2074/2604/1915 2086/2617/1927 2085/2616/1926 2073/2603/1914
f 2075/2605/1916 2087/2618/1928 2086/2617/1927 2074/2604/1915
f 2076/2606/1917 2088/2619/1929 2087/2618/1928 2075/2605/1916
f 2077/2607/1918 2089/2620/1930 2088/2619/1929 2076/2606/1917
f 2078/2608/1919 2090/2621/1931 2089/2620/1930 2077/2607/1918
f 2079/2609/1920 2091/2622/1932 2090/2621/1931 2078/2608/1919
f 2080/2610/1921 2092/2623/1933 2091/2622/1932 2079/2609/1920
f 2081/2599/1911 2093/2612/1923 2092/2623/1933 2080/2610/1921
f 2082/2611/1922 2094/2624/1934 2105/2625/1935 2093/2612/1923
f 2083/2613/1924 2095/2626/1936 2094/2627/1934 2082/2614/1922
f 2084/2615/1925 2096/2628/1937 2095/2626/1936 2083/2613/1924
f 2085/2616/1926 2097/2629/1938 2096/2628/1937 2084/2615/1925
f 2086/2617/1927 2098/2630/1939 2097/2629/1938 2085/2616/1926
f 2087/2618/1928 2099/2631/1940 2098/2630/1939 2086/2617/1927
f 2088/2619/1929 2100/2632/1941 2099/2631/1940 2087/2618/1928
f 2089/2620/1930 2101/2633/1942 2100/2632/1941 2088/2619/1929
f 2090/2621/1931 2102/2634/1943 2101/2633/1942 2089/2620/1930
f 2091/2622/1932 2103/2635/1944 2102/2634/1943 2090/2621/1931
f 2092/2623/1933 2104/2636/1945 2103/2635/1944 2091/2622/1932
f 2093/2612/1923 2105/2625/1935 2104/2636/1945 2092/2623/1933
f 2094/2624/1934 2106/2637/1946 2117/2638/1947 2105/2625/1935
f 2095/2626/1936 2107/2639/1948 2106/2640/1946 2094/2627/1934
f 2096/2628/1937 2108/2641/1949 2107/2639/1948 2095/2626/1936
f 2097/2629/1938 2109/2642/1950 2108/2641/1949 2096/2628/1937
f 2098/2630/1939 2110/2643/1951 2109/2642/1950 2097/2629/1938
f 2099/2631/1940 2111/2644/1952 2110/2643/1951 2098/2630/1939
f 2100/2632/1941 2112/2645/1953 2111/2644/1952 2099/2631/1940
f 2101/2633/1942 2113/2646/1954 2112/2645/1953 2100/2632/1941
f 2102/2634/1943 2114/2647/1955 2113/2646/1954 2101/2633/1942
f 2103/2635/1944 2115/2648/1956 2114/2647/1955 2102/2634/1943
f 2104/2636/1945 2116/2649/1957 2115/2648/1956 2103/2635/1944
f 2105/2625/1935 2117/2638/1947 2116/2649/1957 2104/2636/1945
f 2106/2637/1946 2118/2650/1958 2129/2651/1959 2117/2638/1947
f 2107/2639/1948 2119/2652/1960 2118/2653/1958 2106/2640/1946
f 2108/2641/1949 2120/2654/1961 2119/2652/1960 2107/2639/1948
f 2109/2642/1950 2121/2655/1962 2120/2654/1961 2108/2641/1949
f 2110/2643/1951 2122/2656/1963 2121/2655/1962 2109/2642/1950
f 2111/2644/1952 2123/2657/1964 2122/2656/1963 2110/2643/1951
f 2112/2645/1953 2124/2658/1965 2123/2657/1964 2111/2644/1952
f 2113/2646/1954 2125/2659/1966 2124/2658/1965 2112/2645/1953
f 2114/2647/1955 2126/2660/1967 2125/2659/1966 2113/2646/1954
f 2115/2648/1956 2127/2661/1968 2126/2660/1967 2114/2647/1955
f 2116/2649/1957 2128/2662/1969 2127/2661/1968 2115/2648/1956
f 2117/2638/1947 2129/2651/1959 2128/2662/1969 2116/2649/1957
f 2118/2650/1958 2130/2663/1970 2141/2664/1971 2129/2651/1959
f 2119/2652/1960 2131/2665/1972 2130/2666/1970 2118/2653/1958
f 2120/2654/1961 2132/2667/1973 2131/2665/1972 2119/2652/1960
f 2121/2655/1962 2133/2668/1974 2132/2667/1973 2120/2654/1961
f 2122/2656/1963 2134/2669/1975 2133/2668/1974 2121/2655/1962
f 2123/2657/1964 2135/2670/1976 2134/2669/1975 2122/2656/1963
f 2124/2658/1965 2136/2671/1977 2135/2670/1976 2123/2657/1964
f 2125/2659/1966 2137/2672/1978 2136/2671/1977 2124/2658/1965
f 2126/2660/1967 2138/2673/1979 2137/2672/1978 2125/2659/1966
f 2127/2661/1968 2139/2674/1980 2138/2673/1979 2126/2660/1967
f 2128/2662/1969 2140/2675/1981 2139/2674/1980 2127/2661/1968
f 2129/2651/1959 2141/2664/1971 2140/2675/1981 2128/2662/1969
f 2130/2663/1970 2142/2676/1982 2153/2677/1983 2141/2664/1971
f 2131/2665/1972 2143/2678/1984 2142/2679/1982 2130/2666/1970
f 2132/2667/1973 2144/2680/1985 2143/2678/1984 2131/2665/1972
f 2133/2668/1974 2145/2681/1986 2144/2680/1985 2132/2667/1973
f 2134/2669/1975 2146/2682/1987 2145/2681/1986 2133/2668/1974
f 2135/2670/1976 2147/2683/1988 2146/2682/1987 2134/2669/1975
f 2136/2671/1977 2148/2684/1989 2147/2683/1988 2135/2670/1976
f 2137/2672/1978 2149/2685/1990 2148/2684/1989 2136/2671/1977
f 2138/2673/1979 2150/2686/1991 2149/2685/1990 2137/2672/1978
f 2139/2674/1980 2151/2687/1992 2150/2686/1991 2138/2673/1979
f 2140/2675/1981 2152/2688/1993 2151/2687/1992 2139/2674/1980
f 2141/2664/1971 2153/2677/1983 2152/2688/1993 2140/2675/1981
f 2142/2676/1982 2154/2689/1994 2165/2690/1995 2153/2677/1983
f 2143/2678/1984 2155/2691/1996 2154/2692/1994 2142/2679/1982
f 2144/2680/1985 2156/2693/1997 2155/2691/1996 2143/2678/1984
f 2145/2681/1986 2157/2694/1998 2156/2693/1997 2144/2680/1985
f 2146/2682/1987 2158/2695/1999 2157/2694/1998 2145/2681/1986
f 2147/2683/1988 2159/2696/2000 2158/2695/1999 2146/2682/1987
f 2148/2684/1989 2160/2697/2001 2159/2696/2000 2147/2683/1988
f 2149/2685/1990 2161/2698/2002 2160/2697/2001 2148/2684/1989
f 2150/2686/1991 2162/2699/2003 2161/2698/2002 2149/2685/1990
f 2151/2687/1992 2163/2700/2004 2162/2699/2003 2150/2686/1991
f 2152/2688/1993 2164/2701/2005 2163/2700/2004 2151/2687/1992
f 2153/2677/1983 2165/2690/1995 2164/2701/2005 2152/2688/1993
f 2154/2689/1994 2166/2702/2006 2177/2703/2007 2165/2690/1995
f 2155/2691/1996 2167/2704/2008 2166/2705/2006 2154/2692/1994
f 2156/2693/1997 2168/2706/2009 2167/2704/2008 2155/2691/1996
f 2157/2694/1998 2169/2707/2010 2168/2706/2009 2156/2693/1997
f 2158/2695/1999 2170/2708/2011 2169/2707/2010 2157/2694/1998
f 2159/2696/2000 2171/2709/2012 2170/2708/2011 2158/2695/1999
f 2160/2697/2001 2172/2710/2013 2171/2709/2012 2159/2696/2000
f 2161/2698/2002 2173/2711/2014 2172/2710/2013 2160/2697/2001
f 2162/2699/2003 2174/2712/2015 2173/2711/2014 2161/2698/2002
f 2163/2700/2004 2175/2713/2016 2174/2712/2015 2162/2699/2003
f 2164/2701/2005 2176/2714/2017 2175/2713/2016 2163/2700/2004
f 2165/2690/1995 2177/2703/2007 2176/2714/2017 2164/2701/2005
f 2166/2702/2006 2178/2715/2018 2189/2716/2019 2177/2703/2007
f 2167/2704/2008 2179/2717/2020 2178/2718/2018 2166/2705/2006
f 2168/2706/2009 2180/2719/2021 2179/2717/2020 2167/2704/2008
f 2169/2707/2010 2181/2720/2022 2180/2719/2021 2168/2706/2009
f 2170/2708/2011 2182/2721/2023 2181/2720/2022 2169/2707/2010
f 2171/2709/2012 2183/2722/2024 2182/2721/2023 2170/2708/2011
f 2172/2710/2013 2184/2723/2025 2183/2722/2024 2171/2709/2012
f 2173/2711/2014 2185/2724/2026 2184/2723/2025 2172/2710/2013
f 2174/2712/2015 2186/2725/2027 2185/2724/2026 2173/2711/2014
f 2175/2713/2016 2187/2726/2028 2186/2725/2027 2174/2712/2015
f 2176/2714/2017 2188/2727/2029 2187/2726/2028 2175/2713/2016
f 2177/2703/2007 2189/2716/2019 2188/2727/2029 2176/2714/2017
f 2178/2715/2018 2190/2728/2030 2201/2729/2031 2189/2716/2019
f 2179/2717/2020 2191/2730/2032 2190/2731/2030 2178/2718/2018
f 2180/2719/2021 2192/2732/2033 2191/2730/2032 2179/2717/2020
f 2181/2720/2022 2193/2733/2034 2192/2732/2033 2180/2719/2021
f 2182/2721/2023 2194/2734/2035 2193/2733/2034 2181/2720/2022
f 2183/2722/2024 2195/2735/2036 2194/2734/2035 2182/2721/2023
f 2184/2723/2025 2196/2736/2037 2195/2735/2036 2183/2722/2024
f 2185/2724/2026 2197/2737/2038 2196/2736/2037 2184/2723/2025
f 2186/2725/2027 2198/2738/2039 2197/2737/2038 2185/2724/2026
f 2187/2726/2028 2199/2739/2040 2198/2738/2039 2186/2725/2027
f 2188/2727/2029 2200/2740/2041 2199/2739/2040 2187/2726/2028
f 2189/2716/2019 2201/2729/2031 2200/2740/2041 2188/2727/2029
f 2190/2728/2030 2202/2741/2042 2213/2742/2043 2201/2729/2031
f 2191/2730/2032 2203/2743/2044 2202/2744/2042 2190/2731/2030
f 2192/2732/2033 2204/2745/2045 2203/2743/2044 2191/2730/2032
f 2193/2733/2034 2205/2746/2046 2204/2745/2045 2192/2732/2033
f 2194/2734/2035 2206/2747/2047 2205/2746/2046 2193/2733/2034
f 2195/2735/2036 2207/2748/2048 2206/2747/2047 2194/2734/2035
f 2196/2736/2037 2208/2749/2049 2207/2748/2048 2195/2735/2036
f 2197/2737/2038 2209/2750/2050 2208/2749/2049 2196/2736/2037
f 2198/2738/2039 2210/2751/2051 2209/2750/2050 2197/2737/2038
f 2199/2739/2040 2211/2752/2052 2210/2751/2051 2198/2738/2039
f 2200/2740/2041 2212/2753/2053 2211/2752/2052 2199/2739/2040
f 2201/2729/2031 2213/2742/2043 2212/2753/2053 2200/2740/2041
f 2202/2741/2042 2214/2754/2054 2225/2755/2055 2213/2742/2043
f 2203/2743/2044 2215/2756/2056 2214/2757/2054 2202/2744/2042
f 2204/2745/2045 2216/2758/2057 2215/2756/2056 2203/2743/2044
f 2205/2746/2046 2217/2759/2058 2216/2758/2057 2204/2745/2045
f 2206/2747/2047 2218/2760/2059 2217/2759/2058 2205/2746/2046
f 2207/2748/2048 2219/2761/2060 2218/2760/2059 2206/2747/2047
f 2208/2749/2049 2220/2762/2061 2219/2761/2060 2207/2748/2048
f 2209/2750/2050 2221/2763/2062 2220/2762/2061 2208/2749/2049
f 2210/2751/2051 2222/2764/2063 2221/2763/2062 2209/2750/2050
f 2211/2752/2052 2223/2765/2064 2222/2764/2063 2210/2751/2051
f 2212/2753/2053 2224/2766/2065 2223/2765/2064 2211/2752/2052
f 2213/2742/2043 2225/2755/2055 2224/2766/2065 2212/2753/2053
o Electric.Box.Hinge.001
v -0.221619 1.600063 -0.094558
v -0.221619 1.661696 -0.094558
v -0.221336 1.600063 -0.094530
v -0.221336 1.661696 -0.094530
v -0.221064 1.600063 -0.094447
v -0.221064 1.661696 -0.094447
v -0.220813 1.600063 -0.094313
v -0.220813 1.661696 -0.094313
v -0.220593 1.600063 -0.094133
v -0.220593 1.661696 -0.094133
v -0.220413 1.600063 -0.093913
v -0.220413 1.661696 -0.093913
v -0.220279 1.600063 -0.093662
v -0.220279 1.661696 -0.093662
v -0.220196 1.600063 -0.093390
v -0.220196 1.661696 -0.093390
v -0.220168 1.600063 -0.093107
v -0.220168 1.661696 -0.093107
v -0.220196 1.600063 -0.092824
v -0.220196 1.661696 -0.092824
v -0.220279 1.600063 -0.092552
v -0.220279 1.661696 -0.092552
v -0.220413 1.600063 -0.092301
v -0.220413 1.661696 -0.092301
v -0.220593 1.600063 -0.092081
v -0.220593 1.661696 -0.092081
v -0.220813 1.600063 -0.091900
v -0.220813 1.661696 -0.091901
v -0.221064 1.600063 -0.091766
v -0.221064 1.661696 -0.091766
v -0.221336 1.600063 -0.091684
v -0.221336 1.661696 -0.091684
v -0.221619 1.600063 -0.091656
v -0.221619 1.661696 -0.091656
v -0.221902 1.600063 -0.091684
v -0.221902 1.661696 -0.091684
v -0.222174 1.600063 -0.091766
v -0.222174 1.661696 -0.091766
v -0.222425 1.600063 -0.091900
v -0.222425 1.661696 -0.091901
v -0.222645 1.600063 -0.092081
v -0.222645 1.661696 -0.092081
v -0.222825 1.600063 -0.092301
v -0.222825 1.661696 -0.092301
v -0.222960 1.600063 -0.092552
v -0.222960 1.661696 -0.092552
v -0.223042 1.600063 -0.092824
v -0.223042 1.661696 -0.092824
v -0.223070 1.600063 -0.093107
v -0.223070 1.661696 -0.093107
v -0.223042 1.600063 -0.093390
v -0.223042 1.661696 -0.093390
v -0.222960 1.600063 -0.093662
v -0.222960 1.661696 -0.093662
v -0.222825 1.600063 -0.093913
v -0.222825 1.661696 -0.093913
v -0.222645 1.600063 -0.094133
v -0.222645 1.661696 -0.094133
v -0.222425 1.600063 -0.094313
v -0.222425 1.661696 -0.094313
v -0.222174 1.600063 -0.094447
v -0.222174 1.661696 -0.094447
v -0.221902 1.600063 -0.094530
v -0.221902 1.661696 -0.094530
vn 0.0980 -0.0000 -0.9952
vn 0.2903 -0.0000 -0.9569
vn 0.4714 -0.0000 -0.8819
vn 0.6344 -0.0000 -0.7730
vn 0.7730 -0.0000 -0.6344
vn 0.8819 -0.0000 -0.4714
vn 0.9570 -0.0000 -0.2902
vn 0.9952 -0.0000 -0.0980
vn 0.9952 -0.0000 0.0980
vn 0.9570 -0.0000 0.2902
vn 0.8819 -0.0000 0.4714
vn 0.7730 -0.0000 0.6344
vn 0.6344 -0.0000 0.7730
vn 0.4714 -0.0000 0.8819
vn 0.2903 -0.0000 0.9569
vn 0.0980 -0.0000 0.9952
vn -0.0980 -0.0000 0.9952
vn -0.2903 -0.0000 0.9569
vn -0.4714 -0.0000 0.8819
vn -0.6344 -0.0000 0.7730
vn -0.7730 -0.0000 0.6344
vn -0.8819 -0.0000 0.4714
vn -0.9570 -0.0000 0.2902
vn -0.9952 -0.0000 0.0980
vn -0.9952 -0.0000 -0.0980
vn -0.9570 -0.0000 -0.2902
vn -0.8819 -0.0000 -0.4714
vn -0.7730 -0.0000 -0.6344
vn -0.6344 -0.0000 -0.7730
vn -0.4714 -0.0000 -0.8819
vn -0.0001 1.0000 -0.0000
vn -0.2903 -0.0000 -0.9569
vn -0.0980 -0.0000 -0.9952
vn -0.0001 -1.0000 -0.0000
vt 1.000000 0.500000
vt 1.000000 1.000000
vt 0.968750 1.000000
vt 0.968750 0.500000
vt 0.937500 1.000000
vt 0.937500 0.500000
vt 0.906250 1.000000
vt 0.906250 0.500000
vt 0.875000 1.000000
vt 0.875000 0.500000
vt 0.843750 1.000000
vt 0.843750 0.500000
vt 0.812500 1.000000
vt 0.812500 0.500000
vt 0.781250 1.000000
vt 0.781250 0.500000
vt 0.750000 1.000000
vt 0.750000 0.500000
vt 0.718750 1.000000
vt 0.718750 0.500000
vt 0.687500 1.000000
vt 0.687500 0.500000
vt 0.656250 1.000000
vt 0.656250 0.500000
vt 0.625000 1.000000
vt 0.625000 0.500000
vt 0.593750 1.000000
vt 0.593750 0.500000
vt 0.562500 1.000000
vt 0.562500 0.500000
vt 0.531250 1.000000
vt 0.531250 0.500000
vt 0.500000 1.000000
vt 0.500000 0.500000
vt 0.468750 1.000000
vt 0.468750 0.500000
vt 0.437500 1.000000
vt 0.437500 0.500000
vt 0.406250 1.000000
vt 0.406250 0.500000
vt 0.375000 1.000000
vt 0.375000 0.500000
vt 0.343750 1.000000
vt 0.343750 0.500000
vt 0.312500 1.000000
vt 0.312500 0.500000
vt 0.281250 1.000000
vt 0.281250 0.500000
vt 0.250000 1.000000
vt 0.250000 0.500000
vt 0.218750 1.000000
vt 0.218750 0.500000
vt 0.187500 1.000000
vt 0.187500 0.500000
vt 0.156250 1.000000
vt 0.156250 0.500000
vt 0.125000 1.000000
vt 0.125000 0.500000
vt 0.093750 1.000000
vt 0.093750 0.500000
vt 0.062500 1.000000
vt 0.062500 0.500000
vt 0.296822 0.485388
vt 0.250000 0.490000
vt 0.203178 0.485388
vt 0.158156 0.471731
vt 0.116663 0.449553
vt 0.080294 0.419706
vt 0.050447 0.383337
vt 0.028269 0.341844
vt 0.014612 0.296822
vt 0.010000 0.250000
vt 0.014612 0.203178
vt 0.028269 0.158156
vt 0.050447 0.116663
vt 0.080294 0.080294
vt 0.116663 0.050447
vt 0.158156 0.028269
vt 0.203178 0.014612
vt 0.250000 0.010000
vt 0.296822 0.014612
vt 0.341844 0.028269
vt 0.383337 0.050447
vt 0.419706 0.080294
vt 0.449553 0.116663
vt 0.471731 0.158156
vt 0.485388 0.203178
vt 0.490000 0.250000
vt 0.485388 0.296822
vt 0.471731 0.341844
vt 0.449553 0.383337
vt 0.419706 0.419706
vt 0.383337 0.449553
vt 0.341844 0.471731
vt 0.031250 1.000000
vt 0.031250 0.500000
vt 0.000000 1.000000
vt 0.000000 0.500000
vt 0.750000 0.490000
vt 0.796822 0.485388
vt 0.841844 0.471731
vt 0.883337 0.449553
vt 0.919706 0.419706
vt 0.949553 0.383337
vt 0.971731 0.341844
vt 0.985388 0.296822
vt 0.990000 0.250000
vt 0.985388 0.203178
vt 0.971731 0.158156
vt 0.949553 0.116663
vt 0.919706 0.080294
vt 0.883337 0.050447
vt 0.841844 0.028269
vt 0.796822 0.014612
vt 0.750000 0.010000
vt 0.703178 0.014612
vt 0.658156 0.028269
vt 0.616663 0.050447
vt 0.580294 0.080294
vt 0.550447 0.116663
vt 0.528269 0.158156
vt 0.514612 0.203178
vt 0.510000 0.250000
vt 0.514612 0.296822
vt 0.528269 0.341844
vt 0.550447 0.383337
vt 0.580294 0.419706
vt 0.616663 0.449553
vt 0.658156 0.471731
vt 0.703178 0.485388
s 1
usemtl Hinge
f 2226/2767/2066 2227/2768/2066 2229/2769/2066 2228/2770/2066
f 2228/2770/2067 2229/2769/2067 2231/2771/2067 2230/2772/2067
f 2230/2772/2068 2231/2771/2068 2233/2773/2068 2232/2774/2068
f 2232/2774/2069 2233/2773/2069 2235/2775/2069 2234/2776/2069
f 2234/2776/2070 2235/2775/2070 2237/2777/2070 2236/2778/2070
f 2236/2778/2071 2237/2777/2071 2239/2779/2071 2238/2780/2071
f 2238/2780/2072 2239/2779/2072 2241/2781/2072 2240/2782/2072
f 2240/2782/2073 2241/2781/2073 2243/2783/2073 2242/2784/2073
f 2242/2784/2074 2243/2783/2074 2245/2785/2074 2244/2786/2074
f 2244/2786/2075 2245/2785/2075 2247/2787/2075 2246/2788/2075
f 2246/2788/2076 2247/2787/2076 2249/2789/2076 2248/2790/2076
f 2248/2790/2077 2249/2789/2077 2251/2791/2077 2250/2792/2077
f 2250/2792/2078 2251/2791/2078 2253/2793/2078 2252/2794/2078
f 2252/2794/2079 2253/2793/2079 2255/2795/2079 2254/2796/2079
f 2254/2796/2080 2255/2795/2080 2257/2797/2080 2256/2798/2080
f 2256/2798/2081 2257/2797/2081 2259/2799/2081 2258/2800/2081
f 2258/2800/2082 2259/2799/2082 2261/2801/2082 2260/2802/2082
f 2260/2802/2083 2261/2801/2083 2263/2803/2083 2262/2804/2083
f 2262/2804/2084 2263/2803/2084 2265/2805/2084 2264/2806/2084
f 2264/2806/2085 2265/2805/2085 2267/2807/2085 2266/2808/2085
f 2266/2808/2086 2267/2807/2086 2269/2809/2086 2268/2810/2086
f 2268/2810/2087 2269/2809/2087 2271/2811/2087 2270/2812/2087
f 2270/2812/2088 2271/2811/2088 2273/2813/2088 2272/2814/2088
f 2272/2814/2089 2273/2813/2089 2275/2815/2089 2274/2816/2089
f 2274/2816/2090 2275/2815/2090 2277/2817/2090 2276/2818/2090
f 2276/2818/2091 2277/2817/2091 2279/2819/2091 2278/2820/2091
f 2278/2820/2092 2279/2819/2092 2281/2821/2092 2280/2822/2092
f 2280/2822/2093 2281/2821/2093 2283/2823/2093 2282/2824/2093
f 2282/2824/2094 2283/2823/2094 2285/2825/2094 2284/2826/2094
f 2284/2826/2095 2285/2825/2095 2287/2827/2095 2286/2828/2095
f 2229/2829/2096 2227/2830/2096 2289/2831/2096 2287/2832/2096 2285/2833/2096 2283/2834/2096 2281/2835/2096 2279/2836/2096 2277/2837/2096 2275/2838/2096 2273/2839/2096 2271/2840/2096 2269/2841/2096 2267/2842/2096 2265/2843/2096 2263/2844/2096 2261/2845/2096 2259/2846/2096 2257/2847/2096 2255/2848/2096 2253/2849/2096 2251/2850/2096 2249/2851/2096 2247/2852/2096 2245/2853/2096 2243/2854/2096 2241/2855/2096 2239/2856/2096 2237/2857/2096 2235/2858/2096 2233/2859/2096 2231/2860/2096
f 2286/2828/2097 2287/2827/2097 2289/2861/2097 2288/2862/2097
f 2288/2862/2098 2289/2861/2098 2227/2863/2098 2226/2864/2098
f 2226/2865/2099 2228/2866/2099 2230/2867/2099 2232/2868/2099 2234/2869/2099 2236/2870/2099 2238/2871/2099 2240/2872/2099 2242/2873/2099 2244/2874/2099 2246/2875/2099 2248/2876/2099 2250/2877/2099 2252/2878/2099 2254/2879/2099 2256/2880/2099 2258/2881/2099 2260/2882/2099 2262/2883/2099 2264/2884/2099 2266/2885/2099 2268/2886/2099 2270/2887/2099 2272/2888/2099 2274/2889/2099 2276/2890/2099 2278/2891/2099 2280/2892/2099 2282/2893/2099 2284/2894/2099 2286/2895/2099 2288/2896/2099
o Cable.Gland
v -0.162488 1.379587 0.037609
v -0.162488 1.367595 0.042255
v -0.157923 1.383923 0.038058
v -0.157923 1.379587 0.038058
v -0.158079 1.375325 0.038840
v -0.158384 1.371281 0.040376
v -0.158830 1.367595 0.042615
v -0.159400 1.364390 0.045480
v -0.160075 1.361777 0.048874
v -0.160832 1.359844 0.052681
v -0.161646 1.358658 0.056771
v -0.153534 1.383923 0.039390
v -0.153534 1.379587 0.039390
v -0.153839 1.375325 0.040126
v -0.154439 1.371281 0.041573
v -0.155312 1.367595 0.043682
v -0.156430 1.364390 0.046381
v -0.157754 1.361777 0.049578
v -0.159240 1.359844 0.053164
v -0.160836 1.358658 0.057017
v -0.149489 1.383923 0.041552
v -0.149489 1.379587 0.041552
v -0.149932 1.375325 0.042214
v -0.150802 1.371281 0.043517
v -0.152070 1.367595 0.045415
v -0.153693 1.364390 0.047844
v -0.155616 1.361777 0.050721
v -0.157772 1.359844 0.053948
v -0.160089 1.358658 0.057416
v -0.145944 1.383923 0.044462
v -0.145944 1.379587 0.044462
v -0.146507 1.375325 0.045025
v -0.147615 1.371281 0.046133
v -0.149229 1.367595 0.047747
v -0.151294 1.364390 0.049812
v -0.153741 1.361777 0.052259
v -0.156486 1.359844 0.055004
v -0.159435 1.358658 0.057953
v -0.143034 1.383923 0.048007
v -0.143034 1.379587 0.048007
v -0.143696 1.375325 0.048450
v -0.144999 1.371281 0.049320
v -0.146897 1.367595 0.050588
v -0.149326 1.364390 0.052211
v -0.152203 1.361777 0.054134
v -0.155430 1.359844 0.056290
v -0.158898 1.358658 0.058607
v -0.140872 1.383923 0.052052
v -0.140872 1.379587 0.052052
v -0.141608 1.375325 0.052357
v -0.143055 1.371281 0.052957
v -0.145164 1.367595 0.053830
v -0.147863 1.364390 0.054948
v -0.151060 1.361777 0.056272
v -0.154646 1.359844 0.057758
v -0.158499 1.358658 0.059354
v -0.139540 1.383923 0.056441
v -0.139540 1.379587 0.056441
v -0.140322 1.375325 0.056597
v -0.141858 1.371281 0.056902
v -0.144097 1.367595 0.057348
v -0.146962 1.364390 0.057918
v -0.150356 1.361777 0.058593
v -0.154163 1.359844 0.059350
v -0.158253 1.358658 0.060164
v -0.139091 1.383923 0.061006
v -0.139091 1.379587 0.061006
v -0.139887 1.375325 0.061006
v -0.141454 1.371281 0.061006
v -0.143737 1.367595 0.061006
v -0.146658 1.364390 0.061006
v -0.150118 1.361777 0.061006
v -0.154000 1.359844 0.061006
v -0.158170 1.358658 0.061006
v -0.139540 1.383923 0.065571
v -0.139540 1.379587 0.065571
v -0.140322 1.375325 0.065415
v -0.141858 1.371281 0.065109
v -0.144097 1.367595 0.064664
v -0.146962 1.364390 0.064094
v -0.150356 1.361777 0.063419
v -0.154163 1.359844 0.062662
v -0.158253 1.358658 0.061848
v -0.140872 1.383923 0.069960
v -0.140872 1.379587 0.069960
v -0.141608 1.375325 0.069655
v -0.143055 1.371281 0.069055
v -0.145164 1.367595 0.068182
v -0.147863 1.364390 0.067064
v -0.151060 1.361777 0.065740
v -0.154646 1.359844 0.064254
v -0.158499 1.358658 0.062658
v -0.143034 1.383923 0.074005
v -0.143034 1.379587 0.074005
v -0.143696 1.375325 0.073562
v -0.144999 1.371281 0.072692
v -0.146897 1.367595 0.071424
v -0.149326 1.364390 0.069801
v -0.152203 1.361777 0.067878
v -0.155430 1.359844 0.065722
v -0.158898 1.358658 0.063405
v -0.145944 1.383923 0.077550
v -0.145944 1.379587 0.077550
v -0.146507 1.375325 0.076987
v -0.147615 1.371281 0.075879
v -0.149229 1.367595 0.074265
v -0.151294 1.364390 0.072200
v -0.153741 1.361777 0.069753
v -0.156486 1.359844 0.067008
v -0.159435 1.358658 0.064059
v -0.149489 1.383923 0.080460
v -0.149489 1.379587 0.080460
v -0.149932 1.375325 0.079798
v -0.150802 1.371281 0.078495
v -0.152070 1.367595 0.076597
v -0.153693 1.364390 0.074168
v -0.155616 1.361777 0.071291
v -0.157772 1.359844 0.068064
v -0.160089 1.358658 0.064596
v -0.153534 1.383923 0.082622
v -0.153534 1.379587 0.082622
v -0.153839 1.375325 0.081886
v -0.154439 1.371281 0.080439
v -0.155312 1.367595 0.078330
v -0.156430 1.364390 0.075631
v -0.157754 1.361777 0.072434
v -0.159240 1.359844 0.068848
v -0.160836 1.358658 0.064995
v -0.157923 1.383923 0.083954
v -0.157923 1.379587 0.083954
v -0.158079 1.375325 0.083172
v -0.158384 1.371281 0.081636
v -0.158830 1.367595 0.079397
v -0.159400 1.364390 0.076532
v -0.160075 1.361777 0.073138
v -0.160832 1.359844 0.069331
v -0.161646 1.358658 0.065241
v -0.162488 1.358258 0.061006
v -0.162488 1.383923 0.084403
v -0.162488 1.379587 0.084403
v -0.162488 1.375325 0.083606
v -0.162488 1.371281 0.082040
v -0.162488 1.367595 0.079757
v -0.162488 1.364390 0.076836
v -0.162488 1.361777 0.073376
v -0.162488 1.359844 0.069494
v -0.162488 1.358658 0.065324
v -0.167053 1.383923 0.083954
v -0.167053 1.379587 0.083954
v -0.166897 1.375325 0.083172
v -0.166592 1.371281 0.081636
v -0.166146 1.367595 0.079397
v -0.165576 1.364390 0.076532
v -0.164901 1.361777 0.073138
v -0.164144 1.359844 0.069331
v -0.163330 1.358658 0.065241
v -0.171442 1.383923 0.082622
v -0.171442 1.379587 0.082622
v -0.171137 1.375325 0.081886
v -0.170537 1.371281 0.080439
v -0.169664 1.367595 0.078330
v -0.168546 1.364390 0.075631
v -0.167222 1.361777 0.072434
v -0.165736 1.359844 0.068848
v -0.164140 1.358658 0.064995
v -0.175487 1.383923 0.080460
v -0.175487 1.379587 0.080460
v -0.175044 1.375325 0.079798
v -0.174174 1.371281 0.078495
v -0.172906 1.367595 0.076597
v -0.171283 1.364390 0.074168
v -0.169360 1.361777 0.071291
v -0.167204 1.359844 0.068064
v -0.164887 1.358658 0.064596
v -0.179032 1.383923 0.077550
v -0.179032 1.379587 0.077550
v -0.178469 1.375325 0.076987
v -0.177361 1.371281 0.075879
v -0.175747 1.367595 0.074265
v -0.173682 1.364390 0.072200
v -0.171235 1.361777 0.069753
v -0.168490 1.359844 0.067008
v -0.165541 1.358658 0.064059
v -0.181942 1.383923 0.074005
v -0.181942 1.379587 0.074005
v -0.181280 1.375325 0.073562
v -0.179977 1.371281 0.072692
v -0.178079 1.367595 0.071424
v -0.175650 1.364390 0.069801
v -0.172773 1.361777 0.067878
v -0.169546 1.359844 0.065722
v -0.166078 1.358658 0.063405
v -0.184104 1.383923 0.069960
v -0.184104 1.379587 0.069960
v -0.183368 1.375325 0.069655
v -0.181921 1.371281 0.069055
v -0.179812 1.367595 0.068182
v -0.177113 1.364390 0.067064
v -0.173916 1.361777 0.065740
v -0.170330 1.359844 0.064254
v -0.166477 1.358658 0.062658
v -0.185436 1.383923 0.065571
v -0.185436 1.379587 0.065571
v -0.184654 1.375325 0.065415
v -0.183118 1.371281 0.065109
v -0.180879 1.367595 0.064664
v -0.178014 1.364390 0.064094
v -0.174620 1.361777 0.063419
v -0.170813 1.359844 0.062662
v -0.166723 1.358658 0.061848
v -0.185885 1.383923 0.061006
v -0.185885 1.379587 0.061006
v -0.185088 1.375325 0.061006
v -0.183522 1.371281 0.061006
v -0.181239 1.367595 0.061006
v -0.178318 1.364390 0.061006
v -0.174858 1.361777 0.061006
v -0.170976 1.359844 0.061006
v -0.166806 1.358658 0.061006
v -0.185436 1.383923 0.056441
v -0.185436 1.379587 0.056441
v -0.184654 1.375325 0.056597
v -0.183118 1.371281 0.056902
v -0.180879 1.367595 0.057348
v -0.178014 1.364390 0.057918
v -0.174620 1.361777 0.058593
v -0.170813 1.359844 0.059350
v -0.166723 1.358658 0.060164
v -0.184104 1.383923 0.052052
v -0.184104 1.379587 0.052052
v -0.183368 1.375325 0.052357
v -0.181921 1.371281 0.052957
v -0.179812 1.367595 0.053830
v -0.177113 1.364390 0.054948
v -0.173916 1.361777 0.056272
v -0.170330 1.359844 0.057758
v -0.166477 1.358658 0.059354
v -0.181942 1.383923 0.048007
v -0.181942 1.379587 0.048007
v -0.181280 1.375325 0.048450
v -0.179977 1.371281 0.049320
v -0.178079 1.367595 0.050588
v -0.175650 1.364390 0.052211
v -0.172773 1.361777 0.054134
v -0.169546 1.359844 0.056290
v -0.166078 1.358658 0.058607
v -0.179032 1.383923 0.044462
v -0.179032 1.379587 0.044462
v -0.178469 1.375325 0.045025
v -0.177361 1.371281 0.046133
v -0.175747 1.367595 0.047747
v -0.173682 1.364390 0.049812
v -0.171235 1.361777 0.052259
v -0.168490 1.359844 0.055004
v -0.165541 1.358658 0.057953
v -0.175487 1.383923 0.041552
v -0.175487 1.379587 0.041552
v -0.175044 1.375325 0.042214
v -0.174174 1.371281 0.043517
v -0.172906 1.367595 0.045415
v -0.171283 1.364390 0.047844
v -0.169360 1.361777 0.050721
v -0.167204 1.359844 0.053948
v -0.164887 1.358658 0.057416
v -0.171442 1.383923 0.039390
v -0.171442 1.379587 0.039390
v -0.171137 1.375325 0.040126
v -0.170537 1.371281 0.041573
v -0.169664 1.367595 0.043682
v -0.168546 1.364390 0.046381
v -0.167222 1.361777 0.049578
v -0.165736 1.359844 0.053164
v -0.164140 1.358658 0.057017
v -0.167053 1.383923 0.038058
v -0.167053 1.379587 0.038058
v -0.166897 1.375325 0.038840
v -0.166592 1.371281 0.040376
v -0.166146 1.367595 0.042615
v -0.165576 1.364390 0.045480
v -0.164901 1.361777 0.048874
v -0.164144 1.359844 0.052681
v -0.163330 1.358658 0.056771
v -0.162488 1.383923 0.037609
v -0.162488 1.375325 0.038405
v -0.162488 1.371281 0.039972
v -0.162488 1.364390 0.045176
v -0.162488 1.361777 0.048636
v -0.162488 1.359844 0.052518
v -0.162488 1.358658 0.056688
v -0.162488 1.379587 -0.085086
v -0.162488 1.367595 -0.080441
v -0.157923 1.383923 -0.084637
v -0.157923 1.379587 -0.084637
v -0.158079 1.375325 -0.083855
v -0.158384 1.371281 -0.082319
v -0.158830 1.367595 -0.080080
v -0.159400 1.364390 -0.077215
v -0.160075 1.361777 -0.073821
v -0.160832 1.359844 -0.070014
v -0.161646 1.358658 -0.065924
v -0.153534 1.383923 -0.083305
v -0.153534 1.379587 -0.083305
v -0.153839 1.375325 -0.082569
v -0.154439 1.371281 -0.081122
v -0.155312 1.367595 -0.079013
v -0.156430 1.364390 -0.076314
v -0.157754 1.361777 -0.073117
v -0.159240 1.359844 -0.069531
v -0.160836 1.358658 -0.065678
v -0.149489 1.383923 -0.081143
v -0.149489 1.379587 -0.081143
v -0.149932 1.375325 -0.080481
v -0.150802 1.371281 -0.079178
v -0.152070 1.367595 -0.077280
v -0.153693 1.364390 -0.074852
v -0.155616 1.361777 -0.071974
v -0.157772 1.359844 -0.068747
v -0.160089 1.358658 -0.065279
v -0.145944 1.383923 -0.078234
v -0.145944 1.379587 -0.078234
v -0.146507 1.375325 -0.077670
v -0.147615 1.371281 -0.076563
v -0.149229 1.367595 -0.074948
v -0.151294 1.364390 -0.072883
v -0.153741 1.361777 -0.070436
v -0.156486 1.359844 -0.067691
v -0.159435 1.358658 -0.064742
v -0.143034 1.383923 -0.074688
v -0.143034 1.379587 -0.074688
v -0.143696 1.375325 -0.074245
v -0.144999 1.371281 -0.073375
v -0.146897 1.367595 -0.072107
v -0.149326 1.364390 -0.070484
v -0.152203 1.361777 -0.068562
v -0.155430 1.359844 -0.066405
v -0.158898 1.358658 -0.064088
v -0.140872 1.383923 -0.070643
v -0.140872 1.379587 -0.070643
v -0.141608 1.375325 -0.070338
v -0.143055 1.371281 -0.069739
v -0.145164 1.367595 -0.068865
v -0.147863 1.364390 -0.067747
v -0.151060 1.361777 -0.066423
v -0.154646 1.359844 -0.064938
v -0.158499 1.358658 -0.063341
v -0.139540 1.383923 -0.066254
v -0.139540 1.379587 -0.066254
v -0.140322 1.375325 -0.066098
v -0.141858 1.371281 -0.065793
v -0.144097 1.367595 -0.065347
v -0.146962 1.364390 -0.064778
v -0.150356 1.361777 -0.064102
v -0.154163 1.359844 -0.063345
v -0.158253 1.358658 -0.062532
v -0.139091 1.383923 -0.061689
v -0.139091 1.379587 -0.061689
v -0.139887 1.375325 -0.061689
v -0.141454 1.371281 -0.061689
v -0.143737 1.367595 -0.061689
v -0.146658 1.364390 -0.061689
v -0.150118 1.361777 -0.061689
v -0.154000 1.359844 -0.061689
v -0.158170 1.358658 -0.061689
v -0.139540 1.383923 -0.057125
v -0.139540 1.379587 -0.057125
v -0.140322 1.375325 -0.057280
v -0.141858 1.371281 -0.057586
v -0.144097 1.367595 -0.058031
v -0.146962 1.364390 -0.058601
v -0.150356 1.361777 -0.059276
v -0.154163 1.359844 -0.060033
v -0.158253 1.358658 -0.060847
v -0.140872 1.383923 -0.052735
v -0.140872 1.379587 -0.052735
v -0.141608 1.375325 -0.053040
v -0.143055 1.371281 -0.053640
v -0.145164 1.367595 -0.054513
v -0.147863 1.364390 -0.055631
v -0.151060 1.361777 -0.056955
v -0.154646 1.359844 -0.058441
v -0.158499 1.358658 -0.060037
v -0.143034 1.383923 -0.048690
v -0.143034 1.379587 -0.048690
v -0.143696 1.375325 -0.049133
v -0.144999 1.371281 -0.050003
v -0.146897 1.367595 -0.051271
v -0.149326 1.364390 -0.052894
v -0.152203 1.361777 -0.054817
v -0.155430 1.359844 -0.056973
v -0.158898 1.358658 -0.059290
v -0.145944 1.383923 -0.045145
v -0.145944 1.379587 -0.045145
v -0.146507 1.375325 -0.045708
v -0.147615 1.371281 -0.046816
v -0.149229 1.367595 -0.048430
v -0.151294 1.364390 -0.050496
v -0.153741 1.361777 -0.052942
v -0.156486 1.359844 -0.055687
v -0.159435 1.358658 -0.058636
v -0.149489 1.383923 -0.042235
v -0.149489 1.379587 -0.042235
v -0.149932 1.375325 -0.042898
v -0.150802 1.371281 -0.044200
v -0.152070 1.367595 -0.046098
v -0.153693 1.364390 -0.048527
v -0.155616 1.361777 -0.051404
v -0.157772 1.359844 -0.054631
v -0.160089 1.358658 -0.058099
v -0.153534 1.383923 -0.040073
v -0.153534 1.379587 -0.040073
v -0.153839 1.375325 -0.040809
v -0.154439 1.371281 -0.042256
v -0.155312 1.367595 -0.044365
v -0.156430 1.364390 -0.047064
v -0.157754 1.361777 -0.050261
v -0.159240 1.359844 -0.053847
v -0.160836 1.358658 -0.057700
v -0.157923 1.383923 -0.038742
v -0.157923 1.379587 -0.038742
v -0.158079 1.375325 -0.039523
v -0.158384 1.371281 -0.041059
v -0.158830 1.367595 -0.043298
v -0.159400 1.364390 -0.046163
v -0.160075 1.361777 -0.049557
v -0.160832 1.359844 -0.053364
v -0.161646 1.358658 -0.057455
v -0.162488 1.358258 -0.061689
v -0.162488 1.383923 -0.038292
v -0.162488 1.379587 -0.038292
v -0.162488 1.375325 -0.039089
v -0.162488 1.371281 -0.040655
v -0.162488 1.367595 -0.042938
v -0.162488 1.364390 -0.045859
v -0.162488 1.361777 -0.049319
v -0.162488 1.359844 -0.053201
v -0.162488 1.358658 -0.057372
v -0.167053 1.383923 -0.038742
v -0.167053 1.379587 -0.038742
v -0.166897 1.375325 -0.039523
v -0.166592 1.371281 -0.041059
v -0.166146 1.367595 -0.043298
v -0.165576 1.364390 -0.046163
v -0.164901 1.361777 -0.049557
v -0.164144 1.359844 -0.053364
v -0.163330 1.358658 -0.057455
v -0.171442 1.383923 -0.040073
v -0.171442 1.379587 -0.040073
v -0.171137 1.375325 -0.040809
v -0.170537 1.371281 -0.042256
v -0.169664 1.367595 -0.044365
v -0.168546 1.364390 -0.047064
v -0.167222 1.361777 -0.050261
v -0.165736 1.359844 -0.053847
v -0.164140 1.358658 -0.057700
v -0.175487 1.383923 -0.042235
v -0.175487 1.379587 -0.042235
v -0.175044 1.375325 -0.042898
v -0.174174 1.371281 -0.044200
v -0.172906 1.367595 -0.046098
v -0.171283 1.364390 -0.048527
v -0.169360 1.361777 -0.051404
v -0.167204 1.359844 -0.054631
v -0.164887 1.358658 -0.058099
v -0.179032 1.383923 -0.045145
v -0.179032 1.379587 -0.045145
v -0.178469 1.375325 -0.045708
v -0.177361 1.371281 -0.046816
v -0.175747 1.367595 -0.048430
v -0.173682 1.364390 -0.050496
v -0.171235 1.361777 -0.052942
v -0.168490 1.359844 -0.055687
v -0.165541 1.358658 -0.058636
v -0.181942 1.383923 -0.048690
v -0.181942 1.379587 -0.048690
v -0.181280 1.375325 -0.049133
v -0.179977 1.371281 -0.050003
v -0.178079 1.367595 -0.051271
v -0.175650 1.364390 -0.052894
v -0.172773 1.361777 -0.054817
v -0.169546 1.359844 -0.056973
v -0.166078 1.358658 -0.059290
v -0.184104 1.383923 -0.052735
v -0.184104 1.379587 -0.052735
v -0.183368 1.375325 -0.053040
v -0.181921 1.371281 -0.053640
v -0.179812 1.367595 -0.054513
v -0.177113 1.364390 -0.055631
v -0.173916 1.361777 -0.056955
v -0.170330 1.359844 -0.058441
v -0.166477 1.358658 -0.060037
v -0.185436 1.383923 -0.057125
v -0.185436 1.379587 -0.057125
v -0.184654 1.375325 -0.057280
v -0.183118 1.371281 -0.057586
v -0.180879 1.367595 -0.058031
v -0.178014 1.364390 -0.058601
v -0.174620 1.361777 -0.059276
v -0.170813 1.359844 -0.060033
v -0.166723 1.358658 -0.060847
v -0.185885 1.383923 -0.061689
v -0.185885 1.379587 -0.061689
v -0.185088 1.375325 -0.061689
v -0.183522 1.371281 -0.061689
v -0.181239 1.367595 -0.061689
v -0.178318 1.364390 -0.061689
v -0.174858 1.361777 -0.061689
v -0.170976 1.359844 -0.061689
v -0.166806 1.358658 -0.061689
v -0.185436 1.383923 -0.066254
v -0.185436 1.379587 -0.066254
v -0.184654 1.375325 -0.066098
v -0.183118 1.371281 -0.065793
v -0.180879 1.367595 -0.065347
v -0.178014 1.364390 -0.064778
v -0.174620 1.361777 -0.064102
v -0.170813 1.359844 -0.063345
v -0.166723 1.358658 -0.062532
v -0.184104 1.383923 -0.070643
v -0.184104 1.379587 -0.070643
v -0.183368 1.375325 -0.070338
v -0.181921 1.371281 -0.069739
v -0.179812 1.367595 -0.068865
v -0.177113 1.364390 -0.067747
v -0.173916 1.361777 -0.066423
v -0.170330 1.359844 -0.064938
v -0.166477 1.358658 -0.063341
v -0.181942 1.383923 -0.074688
v -0.181942 1.379587 -0.074688
v -0.181280 1.375325 -0.074245
v -0.179977 1.371281 -0.073375
v -0.178079 1.367595 -0.072107
v -0.175650 1.364390 -0.070484
v -0.172773 1.361777 -0.068562
v -0.169546 1.359844 -0.066405
v -0.166078 1.358658 -0.064088
v -0.179032 1.383923 -0.078234
v -0.179032 1.379587 -0.078234
v -0.178469 1.375325 -0.077670
v -0.177361 1.371281 -0.076563
v -0.175747 1.367595 -0.074948
v -0.173682 1.364390 -0.072883
v -0.171235 1.361777 -0.070436
v -0.168490 1.359844 -0.067691
v -0.165541 1.358658 -0.064742
v -0.175487 1.383923 -0.081143
v -0.175487 1.379587 -0.081143
v -0.175044 1.375325 -0.080481
v -0.174174 1.371281 -0.079178
v -0.172906 1.367595 -0.077280
v -0.171283 1.364390 -0.074852
v -0.169360 1.361777 -0.071974
v -0.167204 1.359844 -0.068747
v -0.164887 1.358658 -0.065279
v -0.171442 1.383923 -0.083305
v -0.171442 1.379587 -0.083305
v -0.171137 1.375325 -0.082569
v -0.170537 1.371281 -0.081122
v -0.169664 1.367595 -0.079013
v -0.168546 1.364390 -0.076314
v -0.167222 1.361777 -0.073117
v -0.165736 1.359844 -0.069531
v -0.164140 1.358658 -0.065678
v -0.167053 1.383923 -0.084637
v -0.167053 1.379587 -0.084637
v -0.166897 1.375325 -0.083855
v -0.166592 1.371281 -0.082319
v -0.166146 1.367595 -0.080080
v -0.165576 1.364390 -0.077215
v -0.164901 1.361777 -0.073821
v -0.164144 1.359844 -0.070014
v -0.163330 1.358658 -0.065924
v -0.162488 1.383923 -0.085086
v -0.162488 1.375325 -0.084290
v -0.162488 1.371281 -0.082723
v -0.162488 1.364390 -0.077519
v -0.162488 1.361777 -0.074059
v -0.162488 1.359844 -0.070177
v -0.162488 1.358658 -0.066007
vn -0.0000 -0.8476 -0.5306
vn -0.0000 -0.7362 -0.6768
vn 0.1320 -0.7362 -0.6638
vn 0.1035 -0.8476 -0.5204
vn -0.0000 -0.9305 -0.3662
vn 0.0714 -0.9305 -0.3592
vn -0.0000 -0.9819 -0.1893
vn 0.0369 -0.9819 -0.1857
vn -0.0000 -0.0917 -0.9958
vn -0.0000 0.6857 -0.7279
vn 0.1420 0.6857 -0.7139
vn 0.1943 -0.0917 -0.9766
vn -0.0000 -1.0000 -0.0000
vn -0.0000 -0.2722 -0.9623
vn 0.1877 -0.2722 -0.9438
vn -0.0000 -0.4435 -0.8963
vn 0.1749 -0.4435 -0.8791
vn -0.0000 -0.5999 -0.8001
vn 0.1561 -0.5999 -0.7847
vn 0.3682 -0.2722 -0.8890
vn 0.3430 -0.4435 -0.8281
vn 0.3062 -0.5999 -0.7392
vn 0.2590 -0.7362 -0.6253
vn 0.2030 -0.8476 -0.4902
vn 0.1402 -0.9305 -0.3384
vn 0.0724 -0.9819 -0.1749
vn 0.2785 0.6857 -0.6725
vn 0.3811 -0.0917 -0.9200
vn 0.4445 -0.5999 -0.6652
vn 0.3760 -0.7362 -0.5628
vn 0.2948 -0.8476 -0.4412
vn 0.2035 -0.9305 -0.3045
vn 0.1052 -0.9819 -0.1574
vn 0.4044 0.6857 -0.6052
vn 0.5532 -0.0917 -0.8280
vn 0.5346 -0.2722 -0.8001
vn 0.4980 -0.4435 -0.7452
vn 0.3752 -0.8476 -0.3752
vn 0.2590 -0.9305 -0.2590
vn 0.1339 -0.9819 -0.1339
vn 0.5147 0.6857 -0.5147
vn 0.7041 -0.0917 -0.7041
vn 0.6804 -0.2722 -0.6804
vn 0.6338 -0.4435 -0.6338
vn 0.5657 -0.5999 -0.5657
vn 0.4786 -0.7362 -0.4786
vn 0.1574 -0.9819 -0.1052
vn 0.8280 -0.0917 -0.5532
vn 0.8001 -0.2722 -0.5346
vn 0.7452 -0.4435 -0.4980
vn 0.6652 -0.5999 -0.4445
vn 0.5628 -0.7362 -0.3760
vn 0.4412 -0.8476 -0.2948
vn 0.3045 -0.9305 -0.2035
vn 0.6052 0.6857 -0.4044
vn 0.8281 -0.4435 -0.3430
vn 0.7392 -0.5999 -0.3062
vn 0.6253 -0.7362 -0.2590
vn 0.4902 -0.8476 -0.2030
vn 0.3384 -0.9305 -0.1402
vn 0.1749 -0.9819 -0.0724
vn 0.6725 0.6857 -0.2785
vn 0.9200 -0.0917 -0.3811
vn 0.8890 -0.2722 -0.3682
vn 0.6638 -0.7362 -0.1320
vn 0.5204 -0.8476 -0.1035
vn 0.3592 -0.9305 -0.0714
vn 0.1857 -0.9819 -0.0369
vn 0.7139 0.6857 -0.1420
vn 0.9766 -0.0917 -0.1943
vn 0.9438 -0.2722 -0.1877
vn 0.8791 -0.4435 -0.1749
vn 0.7847 -0.5999 -0.1561
vn 0.3662 -0.9305 -0.0000
vn 0.1893 -0.9819 -0.0000
vn 0.7279 0.6857 -0.0000
vn 0.9958 -0.0917 -0.0000
vn 0.9623 -0.2722 -0.0000
vn 0.8963 -0.4435 -0.0000
vn 0.8001 -0.5999 -0.0000
vn 0.6768 -0.7362 -0.0000
vn 0.5306 -0.8476 -0.0000
vn 0.9438 -0.2722 0.1877
vn 0.8791 -0.4435 0.1749
vn 0.7847 -0.5999 0.1561
vn 0.6638 -0.7362 0.1320
vn 0.5204 -0.8476 0.1035
vn 0.3592 -0.9305 0.0714
vn 0.1857 -0.9819 0.0369
vn 0.7139 0.6857 0.1420
vn 0.9766 -0.0917 0.1943
vn 0.7392 -0.5999 0.3062
vn 0.6253 -0.7362 0.2590
vn 0.4902 -0.8476 0.2030
vn 0.3384 -0.9305 0.1402
vn 0.1749 -0.9819 0.0724
vn 0.6725 0.6857 0.2785
vn 0.9200 -0.0917 0.3811
vn 0.8890 -0.2722 0.3682
vn 0.8281 -0.4435 0.3430
vn 0.4412 -0.8476 0.2948
vn 0.3045 -0.9305 0.2035
vn 0.1574 -0.9819 0.1052
vn 0.6052 0.6857 0.4044
vn 0.8280 -0.0917 0.5532
vn 0.8001 -0.2722 0.5346
vn 0.7452 -0.4435 0.4980
vn 0.6652 -0.5999 0.4445
vn 0.5628 -0.7362 0.3760
vn 0.5147 0.6857 0.5147
vn 0.7041 -0.0917 0.7041
vn 0.1339 -0.9819 0.1339
vn 0.6804 -0.2722 0.6804
vn 0.6338 -0.4435 0.6338
vn 0.5657 -0.5999 0.5657
vn 0.4786 -0.7362 0.4786
vn 0.3752 -0.8476 0.3752
vn 0.2590 -0.9305 0.2590
vn 0.5346 -0.2722 0.8001
vn 0.4980 -0.4435 0.7452
vn 0.4445 -0.5999 0.6653
vn 0.3760 -0.7362 0.5628
vn 0.2948 -0.8476 0.4412
vn 0.2035 -0.9305 0.3045
vn 0.1052 -0.9819 0.1574
vn 0.4044 0.6857 0.6052
vn 0.5532 -0.0917 0.8280
vn 0.3062 -0.5999 0.7392
vn 0.2590 -0.7362 0.6253
vn 0.2030 -0.8476 0.4902
vn 0.1402 -0.9305 0.3384
vn 0.0724 -0.9819 0.1749
vn 0.2785 0.6857 0.6725
vn 0.3811 -0.0917 0.9200
vn 0.3682 -0.2722 0.8890
vn 0.3430 -0.4435 0.8281
vn 0.1035 -0.8476 0.5204
vn 0.0714 -0.9305 0.3592
vn 0.0369 -0.9819 0.1857
vn 0.1420 0.6857 0.7139
vn 0.1943 -0.0917 0.9766
vn 0.1877 -0.2722 0.9438
vn 0.1749 -0.4435 0.8791
vn 0.1561 -0.5999 0.7847
vn 0.1320 -0.7362 0.6638
vn -0.0000 -0.9819 0.1893
vn -0.0000 -0.0917 0.9958
vn -0.0000 -0.2722 0.9623
vn -0.0000 -0.4435 0.8963
vn -0.0000 -0.5999 0.8001
vn -0.0000 -0.7362 0.6768
vn -0.0000 -0.8476 0.5306
vn -0.0000 -0.9305 0.3662
vn -0.0000 0.6857 0.7279
vn -0.1749 -0.4435 0.8791
vn -0.1561 -0.5999 0.7847
vn -0.1320 -0.7362 0.6638
vn -0.1035 -0.8476 0.5204
vn -0.0714 -0.9305 0.3592
vn -0.0369 -0.9819 0.1857
vn -0.1420 0.6857 0.7139
vn -0.1943 -0.0917 0.9766
vn -0.1877 -0.2722 0.9438
vn -0.2590 -0.7362 0.6253
vn -0.2030 -0.8476 0.4902
vn -0.1402 -0.9305 0.3384
vn -0.0724 -0.9819 0.1749
vn -0.2785 0.6857 0.6725
vn -0.3811 -0.0917 0.9200
vn -0.3682 -0.2722 0.8890
vn -0.3430 -0.4435 0.8281
vn -0.3062 -0.5999 0.7392
vn -0.2035 -0.9305 0.3045
vn -0.1052 -0.9819 0.1574
vn -0.4044 0.6857 0.6052
vn -0.5532 -0.0917 0.8280
vn -0.5346 -0.2722 0.8001
vn -0.4980 -0.4435 0.7452
vn -0.4445 -0.5999 0.6653
vn -0.3760 -0.7362 0.5628
vn -0.2948 -0.8476 0.4412
vn -0.7041 -0.0917 0.7041
vn -0.6804 -0.2722 0.6804
vn -0.6338 -0.4435 0.6338
vn -0.5657 -0.5999 0.5657
vn -0.4786 -0.7362 0.4786
vn -0.3752 -0.8476 0.3752
vn -0.2590 -0.9305 0.2590
vn -0.1339 -0.9819 0.1339
vn -0.5147 0.6857 0.5147
vn -0.7452 -0.4435 0.4980
vn -0.6653 -0.5999 0.4445
vn -0.5628 -0.7362 0.3760
vn -0.4412 -0.8476 0.2948
vn -0.3045 -0.9305 0.2035
vn -0.1574 -0.9819 0.1052
vn -0.6052 0.6857 0.4044
vn -0.8280 -0.0917 0.5532
vn -0.8001 -0.2722 0.5346
vn -0.6253 -0.7362 0.2590
vn -0.4902 -0.8476 0.2030
vn -0.3384 -0.9305 0.1402
vn -0.1749 -0.9819 0.0724
vn -0.6725 0.6857 0.2785
vn -0.9200 -0.0917 0.3811
vn -0.8890 -0.2722 0.3682
vn -0.8281 -0.4435 0.3430
vn -0.7392 -0.5999 0.3062
vn -0.3592 -0.9305 0.0714
vn -0.1857 -0.9819 0.0369
vn -0.7139 0.6857 0.1420
vn -0.9766 -0.0917 0.1943
vn -0.9438 -0.2722 0.1877
vn -0.8791 -0.4435 0.1749
vn -0.7847 -0.5999 0.1561
vn -0.6638 -0.7362 0.1320
vn -0.5204 -0.8476 0.1035
vn -0.9623 -0.2722 -0.0000
vn -0.8963 -0.4435 -0.0000
vn -0.8001 -0.5999 -0.0000
vn -0.6768 -0.7362 -0.0000
vn -0.5306 -0.8476 -0.0000
vn -0.3662 -0.9305 -0.0000
vn -0.1893 -0.9819 -0.0000
vn -0.7279 0.6857 -0.0000
vn -0.9958 -0.0917 -0.0000
vn -0.7847 -0.5999 -0.1561
vn -0.6638 -0.7362 -0.1320
vn -0.5204 -0.8476 -0.1035
vn -0.3592 -0.9305 -0.0714
vn -0.1857 -0.9819 -0.0369
vn -0.7139 0.6857 -0.1420
vn -0.9766 -0.0917 -0.1943
vn -0.9438 -0.2722 -0.1877
vn -0.8791 -0.4435 -0.1749
vn -0.4902 -0.8476 -0.2030
vn -0.3384 -0.9305 -0.1402
vn -0.1749 -0.9819 -0.0724
vn -0.6725 0.6857 -0.2785
vn -0.9200 -0.0917 -0.3811
vn -0.8890 -0.2722 -0.3682
vn -0.8281 -0.4435 -0.3430
vn -0.7392 -0.5999 -0.3062
vn -0.6253 -0.7362 -0.2590
vn -0.1574 -0.9819 -0.1052
vn -0.8280 -0.0917 -0.5532
vn -0.8001 -0.2722 -0.5346
vn -0.7452 -0.4435 -0.4980
vn -0.6653 -0.5999 -0.4445
vn -0.5628 -0.7362 -0.3760
vn -0.4412 -0.8476 -0.2948
vn -0.3045 -0.9305 -0.2035
vn -0.6052 0.6857 -0.4044
vn -0.6338 -0.4435 -0.6338
vn -0.5657 -0.5999 -0.5657
vn -0.4786 -0.7362 -0.4786
vn -0.3752 -0.8476 -0.3752
vn -0.2590 -0.9305 -0.2590
vn -0.1339 -0.9819 -0.1339
vn -0.5147 0.6857 -0.5147
vn -0.7041 -0.0917 -0.7041
vn -0.6804 -0.2722 -0.6804
vn -0.3760 -0.7362 -0.5628
vn -0.2948 -0.8476 -0.4412
vn -0.2035 -0.9305 -0.3045
vn -0.1052 -0.9819 -0.1574
vn -0.4044 0.6857 -0.6052
vn -0.5532 -0.0917 -0.8280
vn -0.5346 -0.2722 -0.8001
vn -0.4980 -0.4435 -0.7452
vn -0.4445 -0.5999 -0.6653
vn -0.1402 -0.9305 -0.3384
vn -0.0724 -0.9819 -0.1749
vn -0.2785 0.6857 -0.6725
vn -0.3811 -0.0917 -0.9200
vn -0.3682 -0.2722 -0.8890
vn -0.3430 -0.4435 -0.8281
vn -0.3062 -0.5999 -0.7392
vn -0.2590 -0.7362 -0.6253
vn -0.2030 -0.8476 -0.4902
vn -0.1943 -0.0917 -0.9766
vn -0.1877 -0.2722 -0.9438
vn -0.1749 -0.4435 -0.8791
vn -0.1561 -0.5999 -0.7847
vn -0.1320 -0.7362 -0.6638
vn -0.1035 -0.8476 -0.5204
vn -0.1420 0.6857 -0.7139
vn -0.0714 -0.9305 -0.3592
vn -0.0369 -0.9819 -0.1857
vn 0.6653 -0.5999 0.4445
vn 0.4445 -0.5999 0.6652
vn -0.4445 -0.5999 0.6652
vn -0.6652 -0.5999 0.4445
vn -0.6652 -0.5999 -0.4445
vn -0.4445 -0.5999 -0.6652
vt 0.750000 0.176470
vt 0.750000 0.235294
vt 0.718750 0.235294
vt 0.718750 0.176471
vt 0.750000 0.117647
vt 0.718750 0.117647
vt 0.750000 0.058823
vt 0.718750 0.058824
vt 0.750000 0.470588
vt 0.750000 0.529412
vt 0.718750 0.529412
vt 0.718750 0.470588
vt 0.734375 0.000000
vt 0.750000 0.411765
vt 0.718750 0.411765
vt 0.750000 0.352941
vt 0.718750 0.352941
vt 0.750000 0.294118
vt 0.718750 0.294118
vt 0.687500 0.411765
vt 0.687500 0.352941
vt 0.687500 0.294118
vt 0.687500 0.235294
vt 0.687500 0.176471
vt 0.687500 0.117647
vt 0.687500 0.058824
vt 0.687500 0.529412
vt 0.687500 0.470588
vt 0.703125 0.000000
vt 0.656250 0.294118
vt 0.656250 0.235294
vt 0.656250 0.176471
vt 0.656250 0.117647
vt 0.656250 0.058824
vt 0.656250 0.529412
vt 0.656250 0.470588
vt 0.671875 0.000000
vt 0.656250 0.411765
vt 0.656250 0.352941
vt 0.625000 0.176471
vt 0.625000 0.117647
vt 0.625000 0.058824
vt 0.625000 0.529412
vt 0.625000 0.470588
vt 0.640625 0.000000
vt 0.625000 0.411765
vt 0.625000 0.352941
vt 0.625000 0.294118
vt 0.625000 0.235294
vt 0.609375 0.000000
vt 0.593750 0.058824
vt 0.593750 0.470588
vt 0.593750 0.411765
vt 0.593750 0.352941
vt 0.593750 0.294118
vt 0.593750 0.235294
vt 0.593750 0.176471
vt 0.593750 0.117647
vt 0.593750 0.529412
vt 0.562500 0.352941
vt 0.562500 0.294118
vt 0.562500 0.235294
vt 0.562500 0.176471
vt 0.562500 0.117647
vt 0.562500 0.058824
vt 0.562500 0.529412
vt 0.562500 0.470588
vt 0.578125 0.000000
vt 0.562500 0.411765
vt 0.531250 0.235294
vt 0.531250 0.176471
vt 0.531250 0.117647
vt 0.531250 0.058824
vt 0.531250 0.529412
vt 0.531250 0.470588
vt 0.546875 0.000000
vt 0.531250 0.411765
vt 0.531250 0.352941
vt 0.531250 0.294118
vt 0.500000 0.117647
vt 0.500000 0.058824
vt 0.500000 0.529412
vt 0.500000 0.470588
vt 0.515625 0.000000
vt 0.500000 0.411765
vt 0.500000 0.352941
vt 0.500000 0.294118
vt 0.500000 0.235294
vt 0.500000 0.176471
vt 0.468750 0.411765
vt 0.468750 0.352941
vt 0.468750 0.294118
vt 0.468750 0.235294
vt 0.468750 0.176471
vt 0.468750 0.117647
vt 0.468750 0.058824
vt 0.468750 0.529412
vt 0.468750 0.470588
vt 0.484375 0.000000
vt 0.437500 0.294118
vt 0.437500 0.235294
vt 0.437500 0.176471
vt 0.437500 0.117647
vt 0.437500 0.058824
vt 0.437500 0.529412
vt 0.437500 0.470588
vt 0.453125 0.000000
vt 0.437500 0.411765
vt 0.437500 0.352941
vt 0.406250 0.176471
vt 0.406250 0.117647
vt 0.406250 0.058824
vt 0.406250 0.529412
vt 0.406250 0.470588
vt 0.421875 0.000000
vt 0.406250 0.411765
vt 0.406250 0.352941
vt 0.406250 0.294118
vt 0.406250 0.235294
vt 0.375000 0.529412
vt 0.375000 0.470588
vt 0.390625 0.000000
vt 0.375000 0.058824
vt 0.375000 0.411765
vt 0.375000 0.352941
vt 0.375000 0.294118
vt 0.375000 0.235294
vt 0.375000 0.176471
vt 0.375000 0.117647
vt 0.343750 0.411765
vt 0.343750 0.352941
vt 0.343750 0.294118
vt 0.343750 0.235294
vt 0.343750 0.176471
vt 0.343750 0.117647
vt 0.343750 0.058824
vt 0.343750 0.529412
vt 0.343750 0.470588
vt 0.359375 0.000000
vt 0.312500 0.294118
vt 0.312500 0.235294
vt 0.312500 0.176471
vt 0.312500 0.117647
vt 0.312500 0.058824
vt 0.312500 0.529412
vt 0.312500 0.470588
vt 0.328125 0.000000
vt 0.312500 0.411765
vt 0.312500 0.352941
vt 0.281250 0.176471
vt 0.281250 0.117647
vt 0.281250 0.058824
vt 0.281250 0.529412
vt 0.281250 0.470588
vt 0.296875 0.000000
vt 0.281250 0.411765
vt 0.281250 0.352941
vt 0.281250 0.294118
vt 0.281250 0.235294
vt 0.265625 0.000000
vt 0.250000 0.058824
vt 0.250000 0.470588
vt 0.250000 0.411765
vt 0.250000 0.352941
vt 0.250000 0.294118
vt 0.250000 0.235294
vt 0.250000 0.176471
vt 0.250000 0.117647
vt 0.250000 0.529412
vt 0.218750 0.352941
vt 0.218750 0.294118
vt 0.218750 0.235294
vt 0.218750 0.176471
vt 0.218750 0.117647
vt 0.218750 0.058824
vt 0.218750 0.529412
vt 0.218750 0.470588
vt 0.234375 0.000000
vt 0.218750 0.411765
vt 0.187500 0.235294
vt 0.187500 0.176471
vt 0.187500 0.117647
vt 0.187500 0.058824
vt 0.187500 0.529412
vt 0.187500 0.470588
vt 0.203125 0.000000
vt 0.187500 0.411765
vt 0.187500 0.352941
vt 0.187500 0.294118
vt 0.156250 0.117647
vt 0.156250 0.058824
vt 0.156250 0.529412
vt 0.156250 0.470588
vt 0.171875 0.000000
vt 0.156250 0.411765
vt 0.156250 0.352941
vt 0.156250 0.294118
vt 0.156250 0.235294
vt 0.156250 0.176471
vt 0.125000 0.470588
vt 0.125000 0.411765
vt 0.125000 0.352941
vt 0.125000 0.294118
vt 0.125000 0.235294
vt 0.125000 0.176471
vt 0.125000 0.117647
vt 0.125000 0.058824
vt 0.125000 0.529412
vt 0.140625 0.000000
vt 0.093750 0.352941
vt 0.093750 0.294118
vt 0.093750 0.235294
vt 0.093750 0.176471
vt 0.093750 0.117647
vt 0.093750 0.058824
vt 0.093750 0.529412
vt 0.093750 0.470588
vt 0.109375 0.000000
vt 0.093750 0.411765
vt 0.062500 0.235294
vt 0.062500 0.176471
vt 0.062500 0.117647
vt 0.062500 0.058824
vt 0.062500 0.529412
vt 0.062500 0.470588
vt 0.078125 0.000000
vt 0.062500 0.411765
vt 0.062500 0.352941
vt 0.062500 0.294118
vt 0.031250 0.117647
vt 0.031250 0.058824
vt 0.031250 0.529412
vt 0.031250 0.470588
vt 0.046875 0.000000
vt 0.031250 0.411765
vt 0.031250 0.352941
vt 0.031250 0.294118
vt 0.031250 0.235294
vt 0.031250 0.176471
vt 0.000000 0.411765
vt 0.000000 0.352941
vt 0.000000 0.294118
vt 0.000000 0.235294
vt 0.000000 0.176471
vt 0.000000 0.117647
vt 0.000000 0.058824
vt 0.000000 0.529412
vt 0.000000 0.470588
vt 0.015625 0.000000
vt 1.000000 0.235294
vt 1.000000 0.294118
vt 0.968750 0.294118
vt 0.968750 0.235294
vt 1.000000 0.176471
vt 0.968750 0.176470
vt 1.000000 0.117647
vt 0.968750 0.117647
vt 1.000000 0.058824
vt 0.968750 0.058824
vt 1.000000 0.470588
vt 1.000000 0.529412
vt 0.968750 0.529412
vt 0.968750 0.470588
vt 0.984375 0.000000
vt 1.000000 0.411765
vt 0.968750 0.411765
vt 1.000000 0.352941
vt 0.968750 0.352941
vt 0.937500 0.176470
vt 0.937500 0.117647
vt 0.937500 0.058823
vt 0.937500 0.529412
vt 0.937500 0.470588
vt 0.953125 0.000000
vt 0.937500 0.411765
vt 0.937500 0.352941
vt 0.937500 0.294118
vt 0.937500 0.235294
vt 0.921875 0.000000
vt 0.906250 0.058823
vt 0.906250 0.470588
vt 0.906250 0.411765
vt 0.906250 0.352941
vt 0.906250 0.294118
vt 0.906250 0.235294
vt 0.906250 0.176470
vt 0.906250 0.117647
vt 0.906250 0.529412
vt 0.875000 0.352941
vt 0.875000 0.294118
vt 0.875000 0.235294
vt 0.875000 0.176470
vt 0.875000 0.117647
vt 0.875000 0.058823
vt 0.875000 0.529412
vt 0.875000 0.470588
vt 0.890625 0.000000
vt 0.875000 0.411765
vt 0.843750 0.235294
vt 0.843750 0.176470
vt 0.843750 0.117647
vt 0.843750 0.058823
vt 0.843750 0.529412
vt 0.843750 0.470588
vt 0.859375 0.000000
vt 0.843750 0.411765
vt 0.843750 0.352941
vt 0.843750 0.294118
vt 0.812500 0.117647
vt 0.812500 0.058823
vt 0.812500 0.529412
vt 0.812500 0.470588
vt 0.828125 0.000000
vt 0.812500 0.411765
vt 0.812500 0.352941
vt 0.812500 0.294118
vt 0.812500 0.235294
vt 0.812500 0.176470
vt 0.781250 0.470588
vt 0.781250 0.411765
vt 0.781250 0.352941
vt 0.781250 0.294118
vt 0.781250 0.235294
vt 0.781250 0.176470
vt 0.781250 0.529412
vt 0.781250 0.117647
vt 0.781250 0.058823
vt 0.796875 0.000000
vt 0.765625 0.000000
s 1
usemtl Cable.Gland
f 2576/2897/2100 2575/2898/2101 2297/2899/2102 2298/2900/2103
f 2577/2901/2104 2576/2897/2100 2298/2900/2103 2299/2902/2105
f 2578/2903/2106 2577/2901/2104 2299/2902/2105 2300/2904/2107
f 2290/2905/2108 2572/2906/2109 2292/2907/2110 2293/2908/2111
f 2427/2909/2112 2578/2903/2106 2300/2904/2107
f 2573/2910/2113 2290/2905/2108 2293/2908/2111 2294/2911/2114
f 2574/2912/2115 2573/2910/2113 2294/2911/2114 2295/2913/2116
f 2291/2914/2117 2574/2912/2115 2295/2913/2116 2296/2915/2118
f 2575/2898/2101 2291/2914/2117 2296/2915/2118 2297/2899/2102
f 2295/2913/2116 2294/2911/2114 2303/2916/2119 2304/2917/2120
f 2296/2915/2118 2295/2913/2116 2304/2917/2120 2305/2918/2121
f 2297/2899/2102 2296/2915/2118 2305/2918/2121 2306/2919/2122
f 2298/2900/2103 2297/2899/2102 2306/2919/2122 2307/2920/2123
f 2299/2902/2105 2298/2900/2103 2307/2920/2123 2308/2921/2124
f 2300/2904/2107 2299/2902/2105 2308/2921/2124 2309/2922/2125
f 2293/2908/2111 2292/2907/2110 2301/2923/2126 2302/2924/2127
f 2427/2925/2112 2300/2904/2107 2309/2922/2125
f 2294/2911/2114 2293/2908/2111 2302/2924/2127 2303/2916/2119
f 2306/2919/2122 2305/2918/2121 2314/2926/2128 2315/2927/2129
f 2307/2920/2123 2306/2919/2122 2315/2927/2129 2316/2928/2130
f 2308/2921/2124 2307/2920/2123 2316/2928/2130 2317/2929/2131
f 2309/2922/2125 2308/2921/2124 2317/2929/2131 2318/2930/2132
f 2302/2924/2127 2301/2923/2126 2310/2931/2133 2311/2932/2134
f 2427/2933/2112 2309/2922/2125 2318/2930/2132
f 2303/2916/2119 2302/2924/2127 2311/2932/2134 2312/2934/2135
f 2304/2917/2120 2303/2916/2119 2312/2934/2135 2313/2935/2136
f 2305/2918/2121 2304/2917/2120 2313/2935/2136 2314/2926/2128
f 2317/2929/2131 2316/2928/2130 2325/2936/2137 2326/2937/2138
f 2318/2930/2132 2317/2929/2131 2326/2937/2138 2327/2938/2139
f 2311/2932/2134 2310/2931/2133 2319/2939/2140 2320/2940/2141
f 2427/2941/2112 2318/2930/2132 2327/2938/2139
f 2312/2934/2135 2311/2932/2134 2320/2940/2141 2321/2942/2142
f 2313/2935/2136 2312/2934/2135 2321/2942/2142 2322/2943/2143
f 2314/2926/2128 2313/2935/2136 2322/2943/2143 2323/2944/2144
f 2315/2927/2129 2314/2926/2128 2323/2944/2144 2324/2945/2145
f 2316/2928/2130 2315/2927/2129 2324/2945/2145 2325/2936/2137
f 2427/2946/2112 2327/2938/2139 2336/2947/2146
f 2321/2942/2142 2320/2940/2141 2329/2948/2147 2330/2949/2148
f 2322/2943/2143 2321/2942/2142 2330/2949/2148 2331/2950/2149
f 2323/2944/2144 2322/2943/2143 2331/2950/2149 2332/2951/2150
f 2324/2945/2145 2323/2944/2144 2332/2951/2150 2333/2952/2151
f 2325/2936/2137 2324/2945/2145 2333/2952/2151 2334/2953/2152
f 2326/2937/2138 2325/2936/2137 2334/2953/2152 2335/2954/2153
f 2327/2938/2139 2326/2937/2138 2335/2954/2153 2336/2947/2146
f 2320/2940/2141 2319/2939/2140 2328/2955/2154 2329/2948/2147
f 2332/2951/2150 2331/2950/2149 2340/2956/2155 2341/2957/2156
f 2333/2952/2151 2332/2951/2150 2341/2957/2156 2342/2958/2157
f 2334/2953/2152 2333/2952/2151 2342/2958/2157 2343/2959/2158
f 2335/2954/2153 2334/2953/2152 2343/2959/2158 2344/2960/2159
f 2336/2947/2146 2335/2954/2153 2344/2960/2159 2345/2961/2160
f 2329/2948/2147 2328/2955/2154 2337/2962/2161 2338/2963/2162
f 2427/2964/2112 2336/2947/2146 2345/2961/2160
f 2330/2949/2148 2329/2948/2147 2338/2963/2162 2339/2965/2163
f 2331/2950/2149 2330/2949/2148 2339/2965/2163 2340/2956/2155
f 2343/2959/2158 2342/2958/2157 2351/2966/2164 2352/2967/2165
f 2344/2960/2159 2343/2959/2158 2352/2967/2165 2353/2968/2166
f 2345/2961/2160 2344/2960/2159 2353/2968/2166 2354/2969/2167
f 2338/2963/2162 2337/2962/2161 2346/2970/2168 2347/2971/2169
f 2427/2972/2112 2345/2961/2160 2354/2969/2167
f 2339/2965/2163 2338/2963/2162 2347/2971/2169 2348/2973/2170
f 2340/2956/2155 2339/2965/2163 2348/2973/2170 2349/2974/2171
f 2341/2957/2156 2340/2956/2155 2349/2974/2171 2350/2975/2172
f 2342/2958/2157 2341/2957/2156 2350/2975/2172 2351/2966/2164
f 2354/2969/2167 2353/2968/2166 2362/2976/2173 2363/2977/2174
f 2347/2971/2169 2346/2970/2168 2355/2978/2175 2356/2979/2176
f 2427/2980/2112 2354/2969/2167 2363/2977/2174
f 2348/2973/2170 2347/2971/2169 2356/2979/2176 2357/2981/2177
f 2349/2974/2171 2348/2973/2170 2357/2981/2177 2358/2982/2178
f 2350/2975/2172 2349/2974/2171 2358/2982/2178 2359/2983/2179
f 2351/2966/2164 2350/2975/2172 2359/2983/2179 2360/2984/2180
f 2352/2967/2165 2351/2966/2164 2360/2984/2180 2361/2985/2181
f 2353/2968/2166 2352/2967/2165 2361/2985/2181 2362/2976/2173
f 2358/2982/2178 2357/2981/2177 2366/2986/2182 2367/2987/2183
f 2359/2983/2179 2358/2982/2178 2367/2987/2183 2368/2988/2184
f 2360/2984/2180 2359/2983/2179 2368/2988/2184 2369/2989/2185
f 2361/2985/2181 2360/2984/2180 2369/2989/2185 2370/2990/2186
f 2362/2976/2173 2361/2985/2181 2370/2990/2186 2371/2991/2187
f 2363/2977/2174 2362/2976/2173 2371/2991/2187 2372/2992/2188
f 2356/2979/2176 2355/2978/2175 2364/2993/2189 2365/2994/2190
f 2427/2995/2112 2363/2977/2174 2372/2992/2188
f 2357/2981/2177 2356/2979/2176 2365/2994/2190 2366/2986/2182
f 2369/2989/2185 2368/2988/2184 2377/2996/2191 2378/2997/2192
f 2370/2990/2186 2369/2989/2185 2378/2997/2192 2379/2998/2193
f 2371/2991/2187 2370/2990/2186 2379/2998/2193 2380/2999/2194
f 2372/2992/2188 2371/2991/2187 2380/2999/2194 2381/3000/2195
f 2365/2994/2190 2364/2993/2189 2373/3001/2196 2374/3002/2197
f 2427/3003/2112 2372/2992/2188 2381/3000/2195
f 2366/2986/2182 2365/2994/2190 2374/3002/2197 2375/3004/2198
f 2367/2987/2183 2366/2986/2182 2375/3004/2198 2376/3005/2199
f 2368/2988/2184 2367/2987/2183 2376/3005/2199 2377/2996/2191
f 2380/2999/2194 2379/2998/2193 2388/3006/2200 2389/3007/2201
f 2381/3000/2195 2380/2999/2194 2389/3007/2201 2390/3008/2202
f 2374/3002/2197 2373/3001/2196 2382/3009/2203 2383/3010/2204
f 2427/3011/2112 2381/3000/2195 2390/3008/2202
f 2375/3004/2198 2374/3002/2197 2383/3010/2204 2384/3012/2205
f 2376/3005/2199 2375/3004/2198 2384/3012/2205 2385/3013/2206
f 2377/2996/2191 2376/3005/2199 2385/3013/2206 2386/3014/2207
f 2378/2997/2192 2377/2996/2191 2386/3014/2207 2387/3015/2208
f 2379/2998/2193 2378/2997/2192 2387/3015/2208 2388/3006/2200
f 2383/3010/2204 2382/3009/2203 2391/3016/2209 2392/3017/2210
f 2427/3018/2112 2390/3008/2202 2399/3019/2211
f 2384/3012/2205 2383/3010/2204 2392/3017/2210 2393/3020/2212
f 2385/3013/2206 2384/3012/2205 2393/3020/2212 2394/3021/2213
f 2386/3014/2207 2385/3013/2206 2394/3021/2213 2395/3022/2214
f 2387/3015/2208 2386/3014/2207 2395/3022/2214 2396/3023/2215
f 2388/3006/2200 2387/3015/2208 2396/3023/2215 2397/3024/2216
f 2389/3007/2201 2388/3006/2200 2397/3024/2216 2398/3025/2217
f 2390/3008/2202 2389/3007/2201 2398/3025/2217 2399/3019/2211
f 2394/3021/2213 2393/3020/2212 2402/3026/2218 2403/3027/2219
f 2395/3022/2214 2394/3021/2213 2403/3027/2219 2404/3028/2220
f 2396/3023/2215 2395/3022/2214 2404/3028/2220 2405/3029/2221
f 2397/3024/2216 2396/3023/2215 2405/3029/2221 2406/3030/2222
f 2398/3025/2217 2397/3024/2216 2406/3030/2222 2407/3031/2223
f 2399/3019/2211 2398/3025/2217 2407/3031/2223 2408/3032/2224
f 2392/3017/2210 2391/3016/2209 2400/3033/2225 2401/3034/2226
f 2427/3035/2112 2399/3019/2211 2408/3032/2224
f 2393/3020/2212 2392/3017/2210 2401/3034/2226 2402/3026/2218
f 2405/3029/2221 2404/3028/2220 2413/3036/2227 2414/3037/2228
f 2406/3030/2222 2405/3029/2221 2414/3037/2228 2415/3038/2229
f 2407/3031/2223 2406/3030/2222 2415/3038/2229 2416/3039/2230
f 2408/3032/2224 2407/3031/2223 2416/3039/2230 2417/3040/2231
f 2401/3034/2226 2400/3033/2225 2409/3041/2232 2410/3042/2233
f 2427/3043/2112 2408/3032/2224 2417/3040/2231
f 2402/3026/2218 2401/3034/2226 2410/3042/2233 2411/3044/2234
f 2403/3027/2219 2402/3026/2218 2411/3044/2234 2412/3045/2235
f 2404/3028/2220 2403/3027/2219 2412/3045/2235 2413/3036/2227
f 2416/3039/2230 2415/3038/2229 2424/3046/2236 2425/3047/2237
f 2417/3040/2231 2416/3039/2230 2425/3047/2237 2426/3048/2238
f 2410/3042/2233 2409/3041/2232 2418/3049/2239 2419/3050/2240
f 2427/3051/2112 2417/3040/2231 2426/3048/2238
f 2411/3044/2234 2410/3042/2233 2419/3050/2240 2420/3052/2241
f 2412/3045/2235 2411/3044/2234 2420/3052/2241 2421/3053/2242
f 2413/3036/2227 2412/3045/2235 2421/3053/2242 2422/3054/2243
f 2414/3037/2228 2413/3036/2227 2422/3054/2243 2423/3055/2244
f 2415/3038/2229 2414/3037/2228 2423/3055/2244 2424/3046/2236
f 2427/3056/2112 2426/3048/2238 2436/3057/2245
f 2420/3052/2241 2419/3050/2240 2429/3058/2246 2430/3059/2247
f 2421/3053/2242 2420/3052/2241 2430/3059/2247 2431/3060/2248
f 2422/3054/2243 2421/3053/2242 2431/3060/2248 2432/3061/2249
f 2423/3055/2244 2422/3054/2243 2432/3061/2249 2433/3062/2250
f 2424/3046/2236 2423/3055/2244 2433/3062/2250 2434/3063/2251
f 2425/3047/2237 2424/3046/2236 2434/3063/2251 2435/3064/2252
f 2426/3048/2238 2425/3047/2237 2435/3064/2252 2436/3057/2245
f 2419/3050/2240 2418/3049/2239 2428/3065/2253 2429/3058/2246
f 2432/3061/2249 2431/3060/2248 2440/3066/2254 2441/3067/2255
f 2433/3062/2250 2432/3061/2249 2441/3067/2255 2442/3068/2256
f 2434/3063/2251 2433/3062/2250 2442/3068/2256 2443/3069/2257
f 2435/3064/2252 2434/3063/2251 2443/3069/2257 2444/3070/2258
f 2436/3057/2245 2435/3064/2252 2444/3070/2258 2445/3071/2259
f 2429/3058/2246 2428/3065/2253 2437/3072/2260 2438/3073/2261
f 2427/3074/2112 2436/3057/2245 2445/3071/2259
f 2430/3059/2247 2429/3058/2246 2438/3073/2261 2439/3075/2262
f 2431/3060/2248 2430/3059/2247 2439/3075/2262 2440/3066/2254
f 2443/3069/2257 2442/3068/2256 2451/3076/2263 2452/3077/2264
f 2444/3070/2258 2443/3069/2257 2452/3077/2264 2453/3078/2265
f 2445/3071/2259 2444/3070/2258 2453/3078/2265 2454/3079/2266
f 2438/3073/2261 2437/3072/2260 2446/3080/2267 2447/3081/2268
f 2427/3082/2112 2445/3071/2259 2454/3079/2266
f 2439/3075/2262 2438/3073/2261 2447/3081/2268 2448/3083/2269
f 2440/3066/2254 2439/3075/2262 2448/3083/2269 2449/3084/2270
f 2441/3067/2255 2440/3066/2254 2449/3084/2270 2450/3085/2271
f 2442/3068/2256 2441/3067/2255 2450/3085/2271 2451/3076/2263
f 2454/3079/2266 2453/3078/2265 2462/3086/2272 2463/3087/2273
f 2447/3081/2268 2446/3080/2267 2455/3088/2274 2456/3089/2275
f 2427/3090/2112 2454/3079/2266 2463/3087/2273
f 2448/3083/2269 2447/3081/2268 2456/3089/2275 2457/3091/2276
f 2449/3084/2270 2448/3083/2269 2457/3091/2276 2458/3092/2277
f 2450/3085/2271 2449/3084/2270 2458/3092/2277 2459/3093/2278
f 2451/3076/2263 2450/3085/2271 2459/3093/2278 2460/3094/2279
f 2452/3077/2264 2451/3076/2263 2460/3094/2279 2461/3095/2280
f 2453/3078/2265 2452/3077/2264 2461/3095/2280 2462/3086/2272
f 2457/3091/2276 2456/3089/2275 2465/3096/2281 2466/3097/2282
f 2458/3092/2277 2457/3091/2276 2466/3097/2282 2467/3098/2283
f 2459/3093/2278 2458/3092/2277 2467/3098/2283 2468/3099/2284
f 2460/3094/2279 2459/3093/2278 2468/3099/2284 2469/3100/2285
f 2461/3095/2280 2460/3094/2279 2469/3100/2285 2470/3101/2286
f 2462/3086/2272 2461/3095/2280 2470/3101/2286 2471/3102/2287
f 2463/3087/2273 2462/3086/2272 2471/3102/2287 2472/3103/2288
f 2456/3089/2275 2455/3088/2274 2464/3104/2289 2465/3096/2281
f 2427/3105/2112 2463/3087/2273 2472/3103/2288
f 2468/3099/2284 2467/3098/2283 2476/3106/2290 2477/3107/2291
f 2469/3100/2285 2468/3099/2284 2477/3107/2291 2478/3108/2292
f 2470/3101/2286 2469/3100/2285 2478/3108/2292 2479/3109/2293
f 2471/3102/2287 2470/3101/2286 2479/3109/2293 2480/3110/2294
f 2472/3103/2288 2471/3102/2287 2480/3110/2294 2481/3111/2295
f 2465/3096/2281 2464/3104/2289 2473/3112/2296 2474/3113/2297
f 2427/3114/2112 2472/3103/2288 2481/3111/2295
f 2466/3097/2282 2465/3096/2281 2474/3113/2297 2475/3115/2298
f 2467/3098/2283 2466/3097/2282 2475/3115/2298 2476/3106/2290
f 2479/3109/2293 2478/3108/2292 2487/3116/2299 2488/3117/2300
f 2480/3110/2294 2479/3109/2293 2488/3117/2300 2489/3118/2301
f 2481/3111/2295 2480/3110/2294 2489/3118/2301 2490/3119/2302
f 2474/3113/2297 2473/3112/2296 2482/3120/2303 2483/3121/2304
f 2427/3122/2112 2481/3111/2295 2490/3119/2302
f 2475/3115/2298 2474/3113/2297 2483/3121/2304 2484/3123/2305
f 2476/3106/2290 2475/3115/2298 2484/3123/2305 2485/3124/2306
f 2477/3107/2291 2476/3106/2290 2485/3124/2306 2486/3125/2307
f 2478/3108/2292 2477/3107/2291 2486/3125/2307 2487/3116/2299
f 2490/3119/2302 2489/3118/2301 2498/3126/2308 2499/3127/2309
f 2483/3121/2304 2482/3120/2303 2491/3128/2310 2492/3129/2311
f 2427/3130/2112 2490/3119/2302 2499/3127/2309
f 2484/3123/2305 2483/3121/2304 2492/3129/2311 2493/3131/2312
f 2485/3124/2306 2484/3123/2305 2493/3131/2312 2494/3132/2313
f 2486/3125/2307 2485/3124/2306 2494/3132/2313 2495/3133/2314
f 2487/3116/2299 2486/3125/2307 2495/3133/2314 2496/3134/2315
f 2488/3117/2300 2487/3116/2299 2496/3134/2315 2497/3135/2316
f 2489/3118/2301 2488/3117/2300 2497/3135/2316 2498/3126/2308
f 2494/3132/2313 2493/3131/2312 2502/3136/2317 2503/3137/2318
f 2495/3133/2314 2494/3132/2313 2503/3137/2318 2504/3138/2319
f 2496/3134/2315 2495/3133/2314 2504/3138/2319 2505/3139/2320
f 2497/3135/2316 2496/3134/2315 2505/3139/2320 2506/3140/2321
f 2498/3126/2308 2497/3135/2316 2506/3140/2321 2507/3141/2322
f 2499/3127/2309 2498/3126/2308 2507/3141/2322 2508/3142/2323
f 2492/3129/2311 2491/3128/2310 2500/3143/2324 2501/3144/2325
f 2427/3145/2112 2499/3127/2309 2508/3142/2323
f 2493/3131/2312 2492/3129/2311 2501/3144/2325 2502/3136/2317
f 2505/3146/2320 2504/3147/2319 2513/3148/2326 2514/3149/2327
f 2506/3150/2321 2505/3146/2320 2514/3149/2327 2515/3151/2328
f 2507/3152/2322 2506/3150/2321 2515/3151/2328 2516/3153/2329
f 2508/3154/2323 2507/3152/2322 2516/3153/2329 2517/3155/2330
f 2501/3156/2325 2500/3157/2324 2509/3158/2331 2510/3159/2332
f 2427/3160/2112 2508/3154/2323 2517/3155/2330
f 2502/3161/2317 2501/3156/2325 2510/3159/2332 2511/3162/2333
f 2503/3163/2318 2502/3161/2317 2511/3162/2333 2512/3164/2334
f 2504/3147/2319 2503/3163/2318 2512/3164/2334 2513/3148/2326
f 2516/3153/2329 2515/3151/2328 2524/3165/2335 2525/3166/2336
f 2517/3155/2330 2516/3153/2329 2525/3166/2336 2526/3167/2337
f 2510/3159/2332 2509/3158/2331 2518/3168/2338 2519/3169/2339
f 2427/3170/2112 2517/3155/2330 2526/3167/2337
f 2511/3162/2333 2510/3159/2332 2519/3169/2339 2520/3171/2340
f 2512/3164/2334 2511/3162/2333 2520/3171/2340 2521/3172/2341
f 2513/3148/2326 2512/3164/2334 2521/3172/2341 2522/3173/2342
f 2514/3149/2327 2513/3148/2326 2522/3173/2342 2523/3174/2343
f 2515/3151/2328 2514/3149/2327 2523/3174/2343 2524/3165/2335
f 2427/3175/2112 2526/3167/2337 2535/3176/2344
f 2520/3171/2340 2519/3169/2339 2528/3177/2345 2529/3178/2346
f 2521/3172/2341 2520/3171/2340 2529/3178/2346 2530/3179/2347
f 2522/3173/2342 2521/3172/2341 2530/3179/2347 2531/3180/2348
f 2523/3174/2343 2522/3173/2342 2531/3180/2348 2532/3181/2349
f 2524/3165/2335 2523/3174/2343 2532/3181/2349 2533/3182/2350
f 2525/3166/2336 2524/3165/2335 2533/3182/2350 2534/3183/2351
f 2526/3167/2337 2525/3166/2336 2534/3183/2351 2535/3176/2344
f 2519/3169/2339 2518/3168/2338 2527/3184/2352 2528/3177/2345
f 2531/3180/2348 2530/3179/2347 2539/3185/2353 2540/3186/2354
f 2532/3181/2349 2531/3180/2348 2540/3186/2354 2541/3187/2355
f 2533/3182/2350 2532/3181/2349 2541/3187/2355 2542/3188/2356
f 2534/3183/2351 2533/3182/2350 2542/3188/2356 2543/3189/2357
f 2535/3176/2344 2534/3183/2351 2543/3189/2357 2544/3190/2358
f 2528/3177/2345 2527/3184/2352 2536/3191/2359 2537/3192/2360
f 2427/3193/2112 2535/3176/2344 2544/3190/2358
f 2529/3178/2346 2528/3177/2345 2537/3192/2360 2538/3194/2361
f 2530/3179/2347 2529/3178/2346 2538/3194/2361 2539/3185/2353
f 2542/3188/2356 2541/3187/2355 2550/3195/2362 2551/3196/2363
f 2543/3189/2357 2542/3188/2356 2551/3196/2363 2552/3197/2364
f 2544/3190/2358 2543/3189/2357 2552/3197/2364 2553/3198/2365
f 2537/3192/2360 2536/3191/2359 2545/3199/2366 2546/3200/2367
f 2427/3201/2112 2544/3190/2358 2553/3198/2365
f 2538/3194/2361 2537/3192/2360 2546/3200/2367 2547/3202/2368
f 2539/3185/2353 2538/3194/2361 2547/3202/2368 2548/3203/2369
f 2540/3186/2354 2539/3185/2353 2548/3203/2369 2549/3204/2370
f 2541/3187/2355 2540/3186/2354 2549/3204/2370 2550/3195/2362
f 2553/3198/2365 2552/3197/2364 2561/3205/2371 2562/3206/2372
f 2546/3200/2367 2545/3199/2366 2554/3207/2373 2555/3208/2374
f 2427/3209/2112 2553/3198/2365 2562/3206/2372
f 2547/3202/2368 2546/3200/2367 2555/3208/2374 2556/3210/2375
f 2548/3203/2369 2547/3202/2368 2556/3210/2375 2557/3211/2376
f 2549/3204/2370 2548/3203/2369 2557/3211/2376 2558/3212/2377
f 2550/3195/2362 2549/3204/2370 2558/3212/2377 2559/3213/2378
f 2551/3196/2363 2550/3195/2362 2559/3213/2378 2560/3214/2379
f 2552/3197/2364 2551/3196/2363 2560/3214/2379 2561/3205/2371
f 2556/3210/2375 2555/3208/2374 2564/3215/2380 2565/3216/2381
f 2557/3211/2376 2556/3210/2375 2565/3216/2381 2566/3217/2382
f 2558/3212/2377 2557/3211/2376 2566/3217/2382 2567/3218/2383
f 2559/3213/2378 2558/3212/2377 2567/3218/2383 2568/3219/2384
f 2560/3214/2379 2559/3213/2378 2568/3219/2384 2569/3220/2385
f 2554/3207/2373 2545/3199/2366 2536/3191/2359 2527/3184/2352 2518/3168/2338 2509/3158/2331 2500/3143/2324 2491/3128/2310 2482/3120/2303 2473/3112/2296 2464/3104/2289 2455/3088/2274 2446/3080/2267 2437/3072/2260 2428/3065/2253 2418/3049/2239 2409/3041/2232 2400/3033/2225 2391/3016/2209 2382/3009/2203 2373/3001/2196 2364/2993/2189 2355/2978/2175 2346/2970/2168 2337/2962/2161 2328/2955/2154 2319/2939/2140 2310/2931/2133 2301/2923/2126 2292/2907/2110 2572/2906/2109 2563/3221/2386
f 2561/3205/2371 2560/3214/2379 2569/3220/2385 2570/3222/2387
f 2562/3206/2372 2561/3205/2371 2570/3222/2387 2571/3223/2388
f 2555/3208/2374 2554/3207/2373 2563/3221/2386 2564/3215/2380
f 2427/3224/2112 2562/3206/2372 2571/3223/2388
f 2567/3218/2383 2566/3217/2382 2574/2912/2115 2291/2914/2117
f 2568/3219/2384 2567/3218/2383 2291/2914/2117 2575/2898/2101
f 2569/3220/2385 2568/3219/2384 2575/2898/2101 2576/2897/2100
f 2570/3222/2387 2569/3220/2385 2576/2897/2100 2577/2901/2104
f 2571/3223/2388 2570/3222/2387 2577/2901/2104 2578/2903/2106
f 2564/3215/2380 2563/3221/2386 2572/2906/2109 2290/2905/2108
f 2427/3225/2112 2571/3223/2388 2578/2903/2106
f 2565/3216/2381 2564/3215/2380 2290/2905/2108 2573/2910/2113
f 2566/3217/2382 2565/3216/2381 2573/2910/2113 2574/2912/2115
f 2865/2897/2100 2864/2898/2101 2586/2899/2102 2587/2900/2103
f 2866/2901/2104 2865/2897/2100 2587/2900/2103 2588/2902/2105
f 2867/2903/2106 2866/2901/2104 2588/2902/2105 2589/2904/2107
f 2579/2905/2108 2861/2906/2109 2581/2907/2110 2582/2908/2111
f 2716/2909/2112 2867/2903/2106 2589/2904/2107
f 2862/2910/2113 2579/2905/2108 2582/2908/2111 2583/2911/2114
f 2863/2912/2115 2862/2910/2113 2583/2911/2114 2584/2913/2116
f 2580/2914/2117 2863/2912/2115 2584/2913/2116 2585/2915/2118
f 2864/2898/2101 2580/2914/2117 2585/2915/2118 2586/2899/2102
f 2584/2913/2116 2583/2911/2114 2592/2916/2119 2593/2917/2120
f 2585/2915/2118 2584/2913/2116 2593/2917/2120 2594/2918/2121
f 2586/2899/2102 2585/2915/2118 2594/2918/2121 2595/2919/2122
f 2587/2900/2103 2586/2899/2102 2595/2919/2122 2596/2920/2123
f 2588/2902/2105 2587/2900/2103 2596/2920/2123 2597/2921/2124
f 2589/2904/2107 2588/2902/2105 2597/2921/2124 2598/2922/2125
f 2582/2908/2111 2581/2907/2110 2590/2923/2126 2591/2924/2127
f 2716/2925/2112 2589/2904/2107 2598/2922/2125
f 2583/2911/2114 2582/2908/2111 2591/2924/2127 2592/2916/2119
f 2595/2919/2122 2594/2918/2121 2603/2926/2128 2604/2927/2129
f 2596/2920/2123 2595/2919/2122 2604/2927/2129 2605/2928/2130
f 2597/2921/2124 2596/2920/2123 2605/2928/2130 2606/2929/2131
f 2598/2922/2125 2597/2921/2124 2606/2929/2131 2607/2930/2132
f 2591/2924/2127 2590/2923/2126 2599/2931/2133 2600/2932/2134
f 2716/2933/2112 2598/2922/2125 2607/2930/2132
f 2592/2916/2119 2591/2924/2127 2600/2932/2134 2601/2934/2135
f 2593/2917/2120 2592/2916/2119 2601/2934/2135 2602/2935/2136
f 2594/2918/2121 2593/2917/2120 2602/2935/2136 2603/2926/2128
f 2606/2929/2131 2605/2928/2130 2614/2936/2137 2615/2937/2138
f 2607/2930/2132 2606/2929/2131 2615/2937/2138 2616/2938/2139
f 2600/2932/2134 2599/2931/2133 2608/2939/2140 2609/2940/2141
f 2716/2941/2112 2607/2930/2132 2616/2938/2139
f 2601/2934/2135 2600/2932/2134 2609/2940/2141 2610/2942/2142
f 2602/2935/2136 2601/2934/2135 2610/2942/2142 2611/2943/2143
f 2603/2926/2128 2602/2935/2136 2611/2943/2143 2612/2944/2144
f 2604/2927/2129 2603/2926/2128 2612/2944/2144 2613/2945/2145
f 2605/2928/2130 2604/2927/2129 2613/2945/2145 2614/2936/2137
f 2716/2946/2112 2616/2938/2139 2625/2947/2146
f 2610/2942/2142 2609/2940/2141 2618/2948/2147 2619/2949/2148
f 2611/2943/2143 2610/2942/2142 2619/2949/2148 2620/2950/2149
f 2612/2944/2144 2611/2943/2143 2620/2950/2149 2621/2951/2150
f 2613/2945/2145 2612/2944/2144 2621/2951/2150 2622/2952/2151
f 2614/2936/2137 2613/2945/2145 2622/2952/2151 2623/2953/2152
f 2615/2937/2138 2614/2936/2137 2623/2953/2152 2624/2954/2153
f 2616/2938/2139 2615/2937/2138 2624/2954/2153 2625/2947/2146
f 2609/2940/2141 2608/2939/2140 2617/2955/2154 2618/2948/2147
f 2621/2951/2150 2620/2950/2149 2629/2956/2155 2630/2957/2156
f 2622/2952/2151 2621/2951/2150 2630/2957/2156 2631/2958/2157
f 2623/2953/2152 2622/2952/2151 2631/2958/2157 2632/2959/2158
f 2624/2954/2153 2623/2953/2152 2632/2959/2158 2633/2960/2159
f 2625/2947/2146 2624/2954/2153 2633/2960/2159 2634/2961/2160
f 2618/2948/2147 2617/2955/2154 2626/2962/2161 2627/2963/2162
f 2716/2964/2112 2625/2947/2146 2634/2961/2160
f 2619/2949/2148 2618/2948/2147 2627/2963/2162 2628/2965/2163
f 2620/2950/2149 2619/2949/2148 2628/2965/2163 2629/2956/2155
f 2632/2959/2158 2631/2958/2157 2640/2966/2164 2641/2967/2165
f 2633/2960/2159 2632/2959/2158 2641/2967/2165 2642/2968/2166
f 2634/2961/2160 2633/2960/2159 2642/2968/2166 2643/2969/2167
f 2627/2963/2162 2626/2962/2161 2635/2970/2168 2636/2971/2169
f 2716/2972/2112 2634/2961/2160 2643/2969/2167
f 2628/2965/2163 2627/2963/2162 2636/2971/2169 2637/2973/2170
f 2629/2956/2155 2628/2965/2163 2637/2973/2170 2638/2974/2171
f 2630/2957/2156 2629/2956/2155 2638/2974/2171 2639/2975/2172
f 2631/2958/2157 2630/2957/2156 2639/2975/2172 2640/2966/2164
f 2643/2969/2167 2642/2968/2166 2651/2976/2173 2652/2977/2174
f 2636/2971/2169 2635/2970/2168 2644/2978/2175 2645/2979/2176
f 2716/2980/2112 2643/2969/2167 2652/2977/2174
f 2637/2973/2170 2636/2971/2169 2645/2979/2176 2646/2981/2177
f 2638/2974/2171 2637/2973/2170 2646/2981/2177 2647/2982/2178
f 2639/2975/2172 2638/2974/2171 2647/2982/2178 2648/2983/2179
f 2640/2966/2164 2639/2975/2172 2648/2983/2179 2649/2984/2180
f 2641/2967/2165 2640/2966/2164 2649/2984/2180 2650/2985/2181
f 2642/2968/2166 2641/2967/2165 2650/2985/2181 2651/2976/2173
f 2647/2982/2178 2646/2981/2177 2655/2986/2182 2656/2987/2183
f 2648/2983/2179 2647/2982/2178 2656/2987/2183 2657/2988/2184
f 2649/2984/2180 2648/2983/2179 2657/2988/2184 2658/2989/2185
f 2650/2985/2181 2649/2984/2180 2658/2989/2185 2659/2990/2186
f 2651/2976/2173 2650/2985/2181 2659/2990/2186 2660/2991/2187
f 2652/2977/2174 2651/2976/2173 2660/2991/2187 2661/2992/2188
f 2645/2979/2176 2644/2978/2175 2653/2993/2189 2654/2994/2190
f 2716/2995/2112 2652/2977/2174 2661/2992/2188
f 2646/2981/2177 2645/2979/2176 2654/2994/2190 2655/2986/2182
f 2658/2989/2185 2657/2988/2184 2666/2996/2191 2667/2997/2192
f 2659/2990/2186 2658/2989/2185 2667/2997/2192 2668/2998/2193
f 2660/2991/2187 2659/2990/2186 2668/2998/2193 2669/2999/2194
f 2661/2992/2188 2660/2991/2187 2669/2999/2194 2670/3000/2195
f 2654/2994/2190 2653/2993/2189 2662/3001/2196 2663/3002/2197
f 2716/3003/2112 2661/2992/2188 2670/3000/2195
f 2655/2986/2182 2654/2994/2190 2663/3002/2197 2664/3004/2198
f 2656/2987/2183 2655/2986/2182 2664/3004/2198 2665/3005/2199
f 2657/2988/2184 2656/2987/2183 2665/3005/2199 2666/2996/2191
f 2669/2999/2194 2668/2998/2193 2677/3006/2200 2678/3007/2201
f 2670/3000/2195 2669/2999/2194 2678/3007/2201 2679/3008/2202
f 2663/3002/2197 2662/3001/2196 2671/3009/2203 2672/3010/2204
f 2716/3011/2112 2670/3000/2195 2679/3008/2202
f 2664/3004/2198 2663/3002/2197 2672/3010/2204 2673/3012/2205
f 2665/3005/2199 2664/3004/2198 2673/3012/2205 2674/3013/2206
f 2666/2996/2191 2665/3005/2199 2674/3013/2206 2675/3014/2389
f 2667/2997/2192 2666/2996/2191 2675/3014/2389 2676/3015/2208
f 2668/2998/2193 2667/2997/2192 2676/3015/2208 2677/3006/2200
f 2672/3010/2204 2671/3009/2203 2680/3016/2209 2681/3017/2210
f 2716/3018/2112 2679/3008/2202 2688/3019/2211
f 2673/3012/2205 2672/3010/2204 2681/3017/2210 2682/3020/2212
f 2674/3013/2206 2673/3012/2205 2682/3020/2212 2683/3021/2213
f 2675/3014/2389 2674/3013/2206 2683/3021/2213 2684/3022/2214
f 2676/3015/2208 2675/3014/2389 2684/3022/2214 2685/3023/2215
f 2677/3006/2200 2676/3015/2208 2685/3023/2215 2686/3024/2216
f 2678/3007/2201 2677/3006/2200 2686/3024/2216 2687/3025/2217
f 2679/3008/2202 2678/3007/2201 2687/3025/2217 2688/3019/2211
f 2683/3021/2213 2682/3020/2212 2691/3026/2218 2692/3027/2219
f 2684/3022/2214 2683/3021/2213 2692/3027/2219 2693/3028/2390
f 2685/3023/2215 2684/3022/2214 2693/3028/2390 2694/3029/2221
f 2686/3024/2216 2685/3023/2215 2694/3029/2221 2695/3030/2222
f 2687/3025/2217 2686/3024/2216 2695/3030/2222 2696/3031/2223
f 2688/3019/2211 2687/3025/2217 2696/3031/2223 2697/3032/2224
f 2681/3017/2210 2680/3016/2209 2689/3033/2225 2690/3034/2226
f 2716/3035/2112 2688/3019/2211 2697/3032/2224
f 2682/3020/2212 2681/3017/2210 2690/3034/2226 2691/3026/2218
f 2694/3029/2221 2693/3028/2390 2702/3036/2227 2703/3037/2228
f 2695/3030/2222 2694/3029/2221 2703/3037/2228 2704/3038/2229
f 2696/3031/2223 2695/3030/2222 2704/3038/2229 2705/3039/2230
f 2697/3032/2224 2696/3031/2223 2705/3039/2230 2706/3040/2231
f 2690/3034/2226 2689/3033/2225 2698/3041/2232 2699/3042/2233
f 2716/3043/2112 2697/3032/2224 2706/3040/2231
f 2691/3026/2218 2690/3034/2226 2699/3042/2233 2700/3044/2234
f 2692/3027/2219 2691/3026/2218 2700/3044/2234 2701/3045/2235
f 2693/3028/2390 2692/3027/2219 2701/3045/2235 2702/3036/2227
f 2705/3039/2230 2704/3038/2229 2713/3046/2236 2714/3047/2237
f 2706/3040/2231 2705/3039/2230 2714/3047/2237 2715/3048/2238
f 2699/3042/2233 2698/3041/2232 2707/3049/2239 2708/3050/2240
f 2716/3051/2112 2706/3040/2231 2715/3048/2238
f 2700/3044/2234 2699/3042/2233 2708/3050/2240 2709/3052/2241
f 2701/3045/2235 2700/3044/2234 2709/3052/2241 2710/3053/2242
f 2702/3036/2227 2701/3045/2235 2710/3053/2242 2711/3054/2243
f 2703/3037/2228 2702/3036/2227 2711/3054/2243 2712/3055/2244
f 2704/3038/2229 2703/3037/2228 2712/3055/2244 2713/3046/2236
f 2716/3056/2112 2715/3048/2238 2725/3057/2245
f 2709/3052/2241 2708/3050/2240 2718/3058/2246 2719/3059/2247
f 2710/3053/2242 2709/3052/2241 2719/3059/2247 2720/3060/2248
f 2711/3054/2243 2710/3053/2242 2720/3060/2248 2721/3061/2249
f 2712/3055/2244 2711/3054/2243 2721/3061/2249 2722/3062/2250
f 2713/3046/2236 2712/3055/2244 2722/3062/2250 2723/3063/2251
f 2714/3047/2237 2713/3046/2236 2723/3063/2251 2724/3064/2252
f 2715/3048/2238 2714/3047/2237 2724/3064/2252 2725/3057/2245
f 2708/3050/2240 2707/3049/2239 2717/3065/2253 2718/3058/2246
f 2721/3061/2249 2720/3060/2248 2729/3066/2254 2730/3067/2255
f 2722/3062/2250 2721/3061/2249 2730/3067/2255 2731/3068/2256
f 2723/3063/2251 2722/3062/2250 2731/3068/2256 2732/3069/2257
f 2724/3064/2252 2723/3063/2251 2732/3069/2257 2733/3070/2258
f 2725/3057/2245 2724/3064/2252 2733/3070/2258 2734/3071/2259
f 2718/3058/2246 2717/3065/2253 2726/3072/2260 2727/3073/2261
f 2716/3074/2112 2725/3057/2245 2734/3071/2259
f 2719/3059/2247 2718/3058/2246 2727/3073/2261 2728/3075/2262
f 2720/3060/2248 2719/3059/2247 2728/3075/2262 2729/3066/2254
f 2732/3069/2257 2731/3068/2256 2740/3076/2263 2741/3077/2264
f 2733/3070/2258 2732/3069/2257 2741/3077/2264 2742/3078/2265
f 2734/3071/2259 2733/3070/2258 2742/3078/2265 2743/3079/2266
f 2727/3073/2261 2726/3072/2260 2735/3080/2267 2736/3081/2268
f 2716/3082/2112 2734/3071/2259 2743/3079/2266
f 2728/3075/2262 2727/3073/2261 2736/3081/2268 2737/3083/2269
f 2729/3066/2254 2728/3075/2262 2737/3083/2269 2738/3084/2270
f 2730/3067/2255 2729/3066/2254 2738/3084/2270 2739/3085/2271
f 2731/3068/2256 2730/3067/2255 2739/3085/2271 2740/3076/2263
f 2743/3079/2266 2742/3078/2265 2751/3086/2272 2752/3087/2273
f 2736/3081/2268 2735/3080/2267 2744/3088/2274 2745/3089/2275
f 2716/3090/2112 2743/3079/2266 2752/3087/2273
f 2737/3083/2269 2736/3081/2268 2745/3089/2275 2746/3091/2276
f 2738/3084/2270 2737/3083/2269 2746/3091/2276 2747/3092/2277
f 2739/3085/2271 2738/3084/2270 2747/3092/2277 2748/3093/2391
f 2740/3076/2263 2739/3085/2271 2748/3093/2391 2749/3094/2279
f 2741/3077/2264 2740/3076/2263 2749/3094/2279 2750/3095/2280
f 2742/3078/2265 2741/3077/2264 2750/3095/2280 2751/3086/2272
f 2746/3091/2276 2745/3089/2275 2754/3096/2281 2755/3097/2282
f 2747/3092/2277 2746/3091/2276 2755/3097/2282 2756/3098/2283
f 2748/3093/2391 2747/3092/2277 2756/3098/2283 2757/3099/2284
f 2749/3094/2279 2748/3093/2391 2757/3099/2284 2758/3100/2285
f 2750/3095/2280 2749/3094/2279 2758/3100/2285 2759/3101/2286
f 2751/3086/2272 2750/3095/2280 2759/3101/2286 2760/3102/2287
f 2752/3087/2273 2751/3086/2272 2760/3102/2287 2761/3103/2288
f 2745/3089/2275 2744/3088/2274 2753/3104/2289 2754/3096/2281
f 2716/3105/2112 2752/3087/2273 2761/3103/2288
f 2757/3099/2284 2756/3098/2283 2765/3106/2290 2766/3107/2392
f 2758/3100/2285 2757/3099/2284 2766/3107/2392 2767/3108/2292
f 2759/3101/2286 2758/3100/2285 2767/3108/2292 2768/3109/2293
f 2760/3102/2287 2759/3101/2286 2768/3109/2293 2769/3110/2294
f 2761/3103/2288 2760/3102/2287 2769/3110/2294 2770/3111/2295
f 2754/3096/2281 2753/3104/2289 2762/3112/2296 2763/3113/2297
f 2716/3114/2112 2761/3103/2288 2770/3111/2295
f 2755/3097/2282 2754/3096/2281 2763/3113/2297 2764/3115/2298
f 2756/3098/2283 2755/3097/2282 2764/3115/2298 2765/3106/2290
f 2768/3109/2293 2767/3108/2292 2776/3116/2299 2777/3117/2300
f 2769/3110/2294 2768/3109/2293 2777/3117/2300 2778/3118/2301
f 2770/3111/2295 2769/3110/2294 2778/3118/2301 2779/3119/2302
f 2763/3113/2297 2762/3112/2296 2771/3120/2303 2772/3121/2304
f 2716/3122/2112 2770/3111/2295 2779/3119/2302
f 2764/3115/2298 2763/3113/2297 2772/3121/2304 2773/3123/2305
f 2765/3106/2290 2764/3115/2298 2773/3123/2305 2774/3124/2306
f 2766/3107/2392 2765/3106/2290 2774/3124/2306 2775/3125/2307
f 2767/3108/2292 2766/3107/2392 2775/3125/2307 2776/3116/2299
f 2779/3119/2302 2778/3118/2301 2787/3126/2308 2788/3127/2309
f 2772/3121/2304 2771/3120/2303 2780/3128/2310 2781/3129/2311
f 2716/3130/2112 2779/3119/2302 2788/3127/2309
f 2773/3123/2305 2772/3121/2304 2781/3129/2311 2782/3131/2312
f 2774/3124/2306 2773/3123/2305 2782/3131/2312 2783/3132/2313
f 2775/3125/2307 2774/3124/2306 2783/3132/2313 2784/3133/2314
f 2776/3116/2299 2775/3125/2307 2784/3133/2314 2785/3134/2315
f 2777/3117/2300 2776/3116/2299 2785/3134/2315 2786/3135/2316
f 2778/3118/2301 2777/3117/2300 2786/3135/2316 2787/3126/2308
f 2783/3132/2313 2782/3131/2312 2791/3136/2317 2792/3137/2318
f 2784/3133/2314 2783/3132/2313 2792/3137/2318 2793/3138/2319
f 2785/3134/2315 2784/3133/2314 2793/3138/2319 2794/3139/2320
f 2786/3135/2316 2785/3134/2315 2794/3139/2320 2795/3140/2321
f 2787/3126/2308 2786/3135/2316 2795/3140/2321 2796/3141/2322
f 2788/3127/2309 2787/3126/2308 2796/3141/2322 2797/3142/2323
f 2781/3129/2311 2780/3128/2310 2789/3143/2324 2790/3144/2325
f 2716/3145/2112 2788/3127/2309 2797/3142/2323
f 2782/3131/2312 2781/3129/2311 2790/3144/2325 2791/3136/2317
f 2794/3146/2320 2793/3147/2319 2802/3148/2326 2803/3149/2327
f 2795/3150/2321 2794/3146/2320 2803/3149/2327 2804/3151/2328
f 2796/3152/2322 2795/3150/2321 2804/3151/2328 2805/3153/2329
f 2797/3154/2323 2796/3152/2322 2805/3153/2329 2806/3155/2330
f 2790/3156/2325 2789/3157/2324 2798/3158/2331 2799/3159/2332
f 2716/3160/2112 2797/3154/2323 2806/3155/2330
f 2791/3161/2317 2790/3156/2325 2799/3159/2332 2800/3162/2333
f 2792/3163/2318 2791/3161/2317 2800/3162/2333 2801/3164/2334
f 2793/3147/2319 2792/3163/2318 2801/3164/2334 2802/3148/2326
f 2805/3153/2329 2804/3151/2328 2813/3165/2335 2814/3166/2336
f 2806/3155/2330 2805/3153/2329 2814/3166/2336 2815/3167/2337
f 2799/3159/2332 2798/3158/2331 2807/3168/2338 2808/3169/2339
f 2716/3170/2112 2806/3155/2330 2815/3167/2337
f 2800/3162/2333 2799/3159/2332 2808/3169/2339 2809/3171/2340
f 2801/3164/2334 2800/3162/2333 2809/3171/2340 2810/3172/2341
f 2802/3148/2326 2801/3164/2334 2810/3172/2341 2811/3173/2342
f 2803/3149/2327 2802/3148/2326 2811/3173/2342 2812/3174/2343
f 2804/3151/2328 2803/3149/2327 2812/3174/2343 2813/3165/2335
f 2716/3175/2112 2815/3167/2337 2824/3176/2344
f 2809/3171/2340 2808/3169/2339 2817/3177/2345 2818/3178/2346
f 2810/3172/2341 2809/3171/2340 2818/3178/2346 2819/3179/2347
f 2811/3173/2342 2810/3172/2341 2819/3179/2347 2820/3180/2393
f 2812/3174/2343 2811/3173/2342 2820/3180/2393 2821/3181/2349
f 2813/3165/2335 2812/3174/2343 2821/3181/2349 2822/3182/2350
f 2814/3166/2336 2813/3165/2335 2822/3182/2350 2823/3183/2351
f 2815/3167/2337 2814/3166/2336 2823/3183/2351 2824/3176/2344
f 2808/3169/2339 2807/3168/2338 2816/3184/2352 2817/3177/2345
f 2820/3180/2393 2819/3179/2347 2828/3185/2353 2829/3186/2354
f 2821/3181/2349 2820/3180/2393 2829/3186/2354 2830/3187/2355
f 2822/3182/2350 2821/3181/2349 2830/3187/2355 2831/3188/2356
f 2823/3183/2351 2822/3182/2350 2831/3188/2356 2832/3189/2357
f 2824/3176/2344 2823/3183/2351 2832/3189/2357 2833/3190/2358
f 2817/3177/2345 2816/3184/2352 2825/3191/2359 2826/3192/2360
f 2716/3193/2112 2824/3176/2344 2833/3190/2358
f 2818/3178/2346 2817/3177/2345 2826/3192/2360 2827/3194/2361
f 2819/3179/2347 2818/3178/2346 2827/3194/2361 2828/3185/2353
f 2831/3188/2356 2830/3187/2355 2839/3195/2362 2840/3196/2363
f 2832/3189/2357 2831/3188/2356 2840/3196/2363 2841/3197/2364
f 2833/3190/2358 2832/3189/2357 2841/3197/2364 2842/3198/2365
f 2826/3192/2360 2825/3191/2359 2834/3199/2366 2835/3200/2367
f 2716/3201/2112 2833/3190/2358 2842/3198/2365
f 2827/3194/2361 2826/3192/2360 2835/3200/2367 2836/3202/2368
f 2828/3185/2353 2827/3194/2361 2836/3202/2368 2837/3203/2369
f 2829/3186/2354 2828/3185/2353 2837/3203/2369 2838/3204/2394
f 2830/3187/2355 2829/3186/2354 2838/3204/2394 2839/3195/2362
f 2842/3198/2365 2841/3197/2364 2850/3205/2371 2851/3206/2372
f 2835/3200/2367 2834/3199/2366 2843/3207/2373 2844/3208/2374
f 2716/3209/2112 2842/3198/2365 2851/3206/2372
f 2836/3202/2368 2835/3200/2367 2844/3208/2374 2845/3210/2375
f 2837/3203/2369 2836/3202/2368 2845/3210/2375 2846/3211/2376
f 2838/3204/2394 2837/3203/2369 2846/3211/2376 2847/3212/2377
f 2839/3195/2362 2838/3204/2394 2847/3212/2377 2848/3213/2378
f 2840/3196/2363 2839/3195/2362 2848/3213/2378 2849/3214/2379
f 2841/3197/2364 2840/3196/2363 2849/3214/2379 2850/3205/2371
f 2845/3210/2375 2844/3208/2374 2853/3215/2380 2854/3216/2381
f 2846/3211/2376 2845/3210/2375 2854/3216/2381 2855/3217/2382
f 2847/3212/2377 2846/3211/2376 2855/3217/2382 2856/3218/2383
f 2848/3213/2378 2847/3212/2377 2856/3218/2383 2857/3219/2384
f 2849/3214/2379 2848/3213/2378 2857/3219/2384 2858/3220/2385
f 2843/3207/2373 2834/3199/2366 2825/3191/2359 2816/3184/2352 2807/3168/2338 2798/3158/2331 2789/3143/2324 2780/3128/2310 2771/3120/2303 2762/3112/2296 2753/3104/2289 2744/3088/2274 2735/3080/2267 2726/3072/2260 2717/3065/2253 2707/3049/2239 2698/3041/2232 2689/3033/2225 2680/3016/2209 2671/3009/2203 2662/3001/2196 2653/2993/2189 2644/2978/2175 2635/2970/2168 2626/2962/2161 2617/2955/2154 2608/2939/2140 2599/2931/2133 2590/2923/2126 2581/2907/2110 2861/2906/2109 2852/3221/2386
f 2850/3205/2371 2849/3214/2379 2858/3220/2385 2859/3222/2387
f 2851/3206/2372 2850/3205/2371 2859/3222/2387 2860/3223/2388
f 2844/3208/2374 2843/3207/2373 2852/3221/2386 2853/3215/2380
f 2716/3224/2112 2851/3206/2372 2860/3223/2388
f 2856/3218/2383 2855/3217/2382 2863/2912/2115 2580/2914/2117
f 2857/3219/2384 2856/3218/2383 2580/2914/2117 2864/2898/2101
f 2858/3220/2385 2857/3219/2384 2864/2898/2101 2865/2897/2100
f 2859/3222/2387 2858/3220/2385 2865/2897/2100 2866/2901/2104
f 2860/3223/2388 2859/3222/2387 2866/2901/2104 2867/2903/2106
f 2853/3215/2380 2852/3221/2386 2861/2906/2109 2579/2905/2108
f 2716/3225/2112 2860/3223/2388 2867/2903/2106
f 2854/3216/2381 2853/3215/2380 2579/2905/2108 2862/2910/2113
f 2855/3217/2382 2854/3216/2381 2862/2910/2113 2863/2912/2115
o Electric.Box.001
v -0.204402 1.731853 -0.108942
v -0.204721 1.730927 -0.112183
v -0.205018 1.729417 -0.115199
v -0.205283 1.727377 -0.117889
v -0.220369 1.701983 -0.091747
v -0.205507 1.724874 -0.120159
v -0.205681 1.721995 -0.121933
v -0.220369 1.704735 -0.091747
v -0.205801 1.718838 -0.123150
v -0.220369 1.701983 -0.094499
v -0.205862 1.399455 -0.123769
v -0.220369 1.704735 -0.094499
v -0.205507 1.390090 -0.120159
v -0.120574 1.731853 -0.108942
v -0.120255 1.730927 -0.112183
v -0.220369 1.701983 0.091746
v -0.220369 1.704735 0.091746
v -0.119958 1.729417 -0.115199
v -0.119693 1.727377 -0.117889
v -0.119470 1.724874 -0.120159
v -0.119295 1.721995 -0.121933
v -0.220369 1.701983 0.094498
v -0.119175 1.718838 -0.123150
v -0.220369 1.704735 0.094498
v -0.119114 1.715510 -0.123769
v -0.220369 1.412982 0.091746
v -0.119114 1.399455 -0.123769
v -0.119175 1.396127 -0.123150
v -0.220369 1.412982 0.094498
v -0.119295 1.392969 -0.121933
v -0.119470 1.390090 -0.120159
v -0.119693 1.387588 -0.117889
v -0.119958 1.385547 -0.115199
v -0.220369 1.412982 -0.091747
v -0.120255 1.384038 -0.112183
v -0.220369 1.412982 -0.094499
v -0.120574 1.383111 -0.108942
v -0.119926 1.731853 -0.108813
v -0.118981 1.730927 -0.111929
v -0.220369 1.410230 -0.091747
v -0.118101 1.729417 -0.114830
v -0.220369 1.410230 -0.094499
v -0.117316 1.727377 -0.117416
v -0.220369 1.410230 0.091746
v -0.116654 1.724874 -0.119599
v -0.116137 1.721995 -0.121305
v -0.115782 1.718838 -0.122475
v -0.220369 1.410230 0.094498
v -0.115601 1.715510 -0.123071
v -0.115601 1.399455 -0.123071
v -0.115782 1.396127 -0.122475
v -0.116137 1.392969 -0.121305
v -0.116654 1.390090 -0.119599
v -0.117316 1.387588 -0.117416
v -0.118101 1.385547 -0.114830
v -0.118981 1.384038 -0.111929
v -0.119926 1.383111 -0.108813
v -0.119316 1.731853 -0.108560
v -0.117780 1.730927 -0.111432
v -0.116351 1.729417 -0.114105
v -0.115078 1.727377 -0.116488
v -0.114002 1.724874 -0.118500
v -0.113162 1.721995 -0.120072
v -0.112585 1.718838 -0.121151
v -0.112292 1.715510 -0.121700
v -0.112292 1.399455 -0.121700
v -0.112585 1.396127 -0.121151
v -0.113162 1.392969 -0.120072
v -0.114002 1.390090 -0.118500
v -0.115078 1.387588 -0.116488
v -0.116351 1.385547 -0.114105
v -0.117780 1.384038 -0.111432
v -0.119316 1.383111 -0.108560
v -0.118766 1.731853 -0.108193
v -0.116700 1.730927 -0.110710
v -0.114777 1.729417 -0.113053
v -0.113063 1.727377 -0.115142
v -0.111616 1.724874 -0.116906
v -0.110485 1.721995 -0.118283
v -0.109709 1.718838 -0.119229
v -0.109314 1.715510 -0.119710
v -0.109314 1.399455 -0.119710
v -0.109709 1.396127 -0.119229
v -0.110485 1.392969 -0.118283
v -0.111616 1.390090 -0.116906
v -0.113063 1.387588 -0.115142
v -0.114777 1.385547 -0.113053
v -0.116700 1.384038 -0.110710
v -0.118766 1.383111 -0.108193
v -0.118299 1.731853 -0.107725
v -0.115781 1.730927 -0.109791
v -0.113438 1.729417 -0.111714
v -0.111349 1.727377 -0.113429
v -0.109586 1.724874 -0.114876
v -0.108208 1.721995 -0.116007
v -0.107262 1.718838 -0.116783
v -0.106781 1.715510 -0.117177
v -0.106781 1.399455 -0.117177
v -0.107262 1.396127 -0.116783
v -0.108208 1.392969 -0.116007
v -0.109586 1.390090 -0.114876
v -0.111349 1.387588 -0.113429
v -0.113438 1.385547 -0.111714
v -0.115781 1.384038 -0.109791
v -0.118299 1.383111 -0.107725
v -0.117931 1.731853 -0.107176
v -0.115059 1.730927 -0.108711
v -0.112386 1.729417 -0.110140
v -0.110003 1.727377 -0.111414
v -0.107991 1.724874 -0.112489
v -0.106419 1.721995 -0.113329
v -0.105340 1.718838 -0.113906
v -0.104791 1.715510 -0.114199
v -0.104791 1.399455 -0.114199
v -0.105340 1.396127 -0.113906
v -0.106419 1.392969 -0.113329
v -0.107991 1.390090 -0.112489
v -0.110003 1.387588 -0.111414
v -0.112386 1.385547 -0.110140
v -0.115059 1.384038 -0.108711
v -0.117931 1.383111 -0.107176
v -0.117678 1.731853 -0.106565
v -0.114562 1.730927 -0.107510
v -0.111661 1.729417 -0.108390
v -0.109075 1.727377 -0.109175
v -0.106892 1.724874 -0.109837
v -0.105187 1.721995 -0.110354
v -0.104016 1.718838 -0.110709
v -0.103421 1.715510 -0.110890
v -0.103421 1.399455 -0.110890
v -0.104016 1.396127 -0.110709
v -0.105187 1.392969 -0.110354
v -0.106892 1.390090 -0.109837
v -0.109075 1.387588 -0.109175
v -0.111661 1.385547 -0.108390
v -0.114562 1.384038 -0.107510
v -0.117678 1.383111 -0.106565
v -0.117549 1.731853 -0.105917
v -0.114308 1.730927 -0.106236
v -0.111292 1.729417 -0.106533
v -0.108603 1.727377 -0.106798
v -0.106332 1.724874 -0.107022
v -0.104558 1.721995 -0.107196
v -0.103341 1.718838 -0.107316
v -0.102722 1.715510 -0.107377
v -0.102722 1.399455 -0.107377
v -0.103341 1.396127 -0.107316
v -0.104558 1.392969 -0.107196
v -0.106332 1.390090 -0.107022
v -0.108603 1.387588 -0.106798
v -0.111292 1.385547 -0.106533
v -0.114308 1.384038 -0.106236
v -0.117549 1.383111 -0.105917
v -0.117549 1.731853 0.105917
v -0.114308 1.730927 0.106236
v -0.111292 1.729417 0.106533
v -0.108603 1.727377 0.106798
v -0.106332 1.724874 0.107022
v -0.104558 1.721995 0.107196
v -0.103341 1.718838 0.107316
v -0.102722 1.715510 0.107377
v -0.102722 1.399455 0.107377
v -0.103341 1.396127 0.107316
v -0.104558 1.392969 0.107196
v -0.106332 1.390090 0.107022
v -0.108603 1.387588 0.106798
v -0.111292 1.385547 0.106533
v -0.114308 1.384038 0.106236
v -0.117549 1.383111 0.105917
v -0.117678 1.731853 0.106565
v -0.114562 1.730927 0.107510
v -0.111661 1.729417 0.108390
v -0.109075 1.727377 0.109175
v -0.106892 1.724874 0.109837
v -0.105187 1.721995 0.110354
v -0.104016 1.718838 0.110709
v -0.103421 1.715510 0.110890
v -0.103421 1.399455 0.110890
v -0.104016 1.396127 0.110709
v -0.105187 1.392969 0.110354
v -0.106892 1.390090 0.109837
v -0.109075 1.387588 0.109175
v -0.111661 1.385547 0.108390
v -0.114562 1.384038 0.107510
v -0.117678 1.383111 0.106565
v -0.117931 1.731853 0.107176
v -0.115059 1.730927 0.108711
v -0.112386 1.729417 0.110140
v -0.110003 1.727377 0.111414
v -0.107991 1.724874 0.112489
v -0.106419 1.721995 0.113329
v -0.105340 1.718838 0.113906
v -0.104791 1.715510 0.114199
v -0.104791 1.399455 0.114199
v -0.105340 1.396127 0.113906
v -0.106419 1.392969 0.113329
v -0.107991 1.390090 0.112489
v -0.110003 1.387588 0.111414
v -0.112386 1.385547 0.110140
v -0.115059 1.384038 0.108711
v -0.117931 1.383111 0.107176
v -0.118299 1.731853 0.107725
v -0.115781 1.730927 0.109791
v -0.113438 1.729417 0.111714
v -0.111349 1.727377 0.113429
v -0.109586 1.724874 0.114876
v -0.108208 1.721995 0.116007
v -0.107262 1.718838 0.116783
v -0.106781 1.715510 0.117177
v -0.106781 1.399455 0.117177
v -0.107262 1.396127 0.116783
v -0.108208 1.392969 0.116007
v -0.109586 1.390090 0.114876
v -0.111349 1.387588 0.113429
v -0.113438 1.385547 0.111714
v -0.115781 1.384038 0.109791
v -0.118299 1.383111 0.107725
v -0.118766 1.731853 0.108193
v -0.116700 1.730927 0.110710
v -0.114777 1.729417 0.113053
v -0.113063 1.727377 0.115142
v -0.111616 1.724874 0.116905
v -0.110485 1.721995 0.118283
v -0.109709 1.718838 0.119229
v -0.109314 1.715510 0.119710
v -0.109314 1.399455 0.119710
v -0.109709 1.396127 0.119229
v -0.110485 1.392969 0.118283
v -0.111616 1.390090 0.116905
v -0.113063 1.387588 0.115142
v -0.114777 1.385547 0.113053
v -0.116700 1.384038 0.110710
v -0.118766 1.383111 0.108193
v -0.119316 1.731853 0.108560
v -0.117780 1.730927 0.111432
v -0.116351 1.729417 0.114105
v -0.115078 1.727377 0.116488
v -0.114002 1.724874 0.118500
v -0.113162 1.721995 0.120072
v -0.112585 1.718838 0.121151
v -0.112292 1.715510 0.121700
v -0.112292 1.399455 0.121700
v -0.112585 1.396127 0.121151
v -0.113162 1.392969 0.120072
v -0.114002 1.390090 0.118500
v -0.115078 1.387588 0.116488
v -0.116351 1.385547 0.114105
v -0.117780 1.384038 0.111432
v -0.119316 1.383111 0.108560
v -0.119926 1.731853 0.108813
v -0.118981 1.730927 0.111929
v -0.118101 1.729417 0.114830
v -0.117316 1.727377 0.117416
v -0.116654 1.724874 0.119599
v -0.116137 1.721995 0.121305
v -0.115782 1.718838 0.122475
v -0.115601 1.715510 0.123071
v -0.115601 1.399455 0.123071
v -0.115782 1.396127 0.122475
v -0.116137 1.392969 0.121305
v -0.116654 1.390090 0.119599
v -0.117316 1.387588 0.117416
v -0.118101 1.385547 0.114830
v -0.118981 1.384038 0.111929
v -0.119926 1.383111 0.108813
v -0.120574 1.731853 0.108942
v -0.120255 1.730927 0.112183
v -0.119958 1.729417 0.115199
v -0.119693 1.727377 0.117889
v -0.119470 1.724874 0.120159
v -0.119295 1.721995 0.121933
v -0.119175 1.718838 0.123150
v -0.119114 1.715510 0.123769
v -0.119114 1.399455 0.123769
v -0.119175 1.396127 0.123150
v -0.119295 1.392969 0.121933
v -0.119470 1.390090 0.120159
v -0.119693 1.387588 0.117889
v -0.119958 1.385547 0.115199
v -0.120255 1.384038 0.112183
v -0.120574 1.383111 0.108942
v -0.204402 1.731853 0.108942
v -0.204721 1.730927 0.112183
v -0.205018 1.729417 0.115199
v -0.205283 1.727377 0.117889
v -0.205507 1.724874 0.120159
v -0.205681 1.721995 0.121933
v -0.205801 1.718838 0.123150
v -0.205862 1.715510 0.123769
v -0.205862 1.399455 0.123769
v -0.205801 1.396127 0.123150
v -0.205681 1.392969 0.121933
v -0.205507 1.390090 0.120159
v -0.205283 1.387588 0.117889
v -0.205018 1.385547 0.115199
v -0.204721 1.384038 0.112183
v -0.204402 1.383111 0.108942
v -0.205050 1.731853 0.108813
v -0.205995 1.730927 0.111929
v -0.206875 1.729417 0.114830
v -0.207660 1.727377 0.117416
v -0.208322 1.724874 0.119599
v -0.208839 1.721995 0.121305
v -0.209194 1.718838 0.122475
v -0.209375 1.715510 0.123071
v -0.209375 1.399455 0.123071
v -0.209194 1.396127 0.122475
v -0.208839 1.392969 0.121305
v -0.208322 1.390090 0.119599
v -0.207660 1.387588 0.117416
v -0.206875 1.385547 0.114830
v -0.205995 1.384038 0.111929
v -0.205050 1.383111 0.108813
v -0.205661 1.731853 0.108560
v -0.207196 1.730927 0.111432
v -0.208625 1.729417 0.114105
v -0.209899 1.727377 0.116488
v -0.210974 1.724874 0.118500
v -0.211814 1.721995 0.120072
v -0.212391 1.718838 0.121151
v -0.212684 1.715510 0.121700
v -0.212684 1.399455 0.121700
v -0.212391 1.396127 0.121151
v -0.211814 1.392969 0.120072
v -0.210974 1.390090 0.118500
v -0.209899 1.387588 0.116488
v -0.208625 1.385547 0.114105
v -0.207196 1.384038 0.111432
v -0.205661 1.383111 0.108560
v -0.206210 1.731853 0.108193
v -0.208276 1.730927 0.110710
v -0.210199 1.729417 0.113053
v -0.211913 1.727377 0.115142
v -0.213361 1.724874 0.116905
v -0.214492 1.721995 0.118283
v -0.215268 1.718838 0.119229
v -0.215662 1.715510 0.119710
v -0.215662 1.399455 0.119710
v -0.215268 1.396127 0.119229
v -0.214492 1.392969 0.118283
v -0.213361 1.390090 0.116905
v -0.211913 1.387588 0.115142
v -0.210199 1.385547 0.113053
v -0.208276 1.384038 0.110710
v -0.206210 1.383111 0.108193
v -0.206678 1.731853 0.107725
v -0.209195 1.730927 0.109791
v -0.211538 1.729417 0.111714
v -0.213627 1.727377 0.113429
v -0.215390 1.724874 0.114876
v -0.216768 1.721995 0.116007
v -0.217714 1.718838 0.116783
v -0.218195 1.715510 0.117177
v -0.218195 1.399455 0.117177
v -0.217714 1.396127 0.116783
v -0.216768 1.392969 0.116007
v -0.215390 1.390090 0.114876
v -0.213627 1.387588 0.113429
v -0.211538 1.385547 0.111714
v -0.209195 1.384038 0.109791
v -0.206678 1.383111 0.107725
v -0.207045 1.731853 0.107176
v -0.209917 1.730927 0.108711
v -0.212590 1.729417 0.110140
v -0.214973 1.727377 0.111414
v -0.216985 1.724874 0.112489
v -0.218557 1.721995 0.113329
v -0.219636 1.718838 0.113906
v -0.220185 1.715510 0.114199
v -0.220185 1.399455 0.114199
v -0.219636 1.396127 0.113906
v -0.218557 1.392969 0.113329
v -0.216985 1.390090 0.112489
v -0.214973 1.387588 0.111414
v -0.212590 1.385547 0.110140
v -0.209917 1.384038 0.108711
v -0.207045 1.383111 0.107176
v -0.207298 1.731853 0.106565
v -0.210414 1.730927 0.107510
v -0.213315 1.729417 0.108390
v -0.215901 1.727377 0.109175
v -0.218084 1.724874 0.109837
v -0.219790 1.721995 0.110354
v -0.220960 1.718838 0.110709
v -0.221555 1.715510 0.110890
v -0.221555 1.399455 0.110890
v -0.220960 1.396127 0.110709
v -0.219790 1.392969 0.110354
v -0.218084 1.390090 0.109837
v -0.215901 1.387588 0.109175
v -0.213315 1.385547 0.108390
v -0.210414 1.384038 0.107510
v -0.207298 1.383111 0.106565
v -0.207427 1.731853 0.105917
v -0.210668 1.730927 0.106236
v -0.213684 1.729417 0.106533
v -0.216374 1.727377 0.106798
v -0.218644 1.724874 0.107022
v -0.220418 1.721995 0.107196
v -0.221635 1.718838 0.107316
v -0.222254 1.715510 0.107377
v -0.222254 1.399455 0.107377
v -0.221635 1.396127 0.107316
v -0.220418 1.392969 0.107196
v -0.218644 1.390090 0.107022
v -0.216374 1.387588 0.106798
v -0.213684 1.385547 0.106533
v -0.210668 1.384038 0.106236
v -0.207427 1.383111 0.105917
v -0.207427 1.731853 -0.105917
v -0.210668 1.730927 -0.106236
v -0.213684 1.729417 -0.106533
v -0.216374 1.727377 -0.106798
v -0.218644 1.724874 -0.107022
v -0.220418 1.721995 -0.107196
v -0.221635 1.718838 -0.107316
v -0.222254 1.715510 -0.107377
v -0.222254 1.399455 -0.107377
v -0.221635 1.396127 -0.107316
v -0.220418 1.392969 -0.107196
v -0.218644 1.390090 -0.107022
v -0.216374 1.387588 -0.106798
v -0.213684 1.385547 -0.106533
v -0.210668 1.384038 -0.106236
v -0.207427 1.383111 -0.105917
v -0.207298 1.731853 -0.106565
v -0.210414 1.730927 -0.107510
v -0.213315 1.729417 -0.108390
v -0.215901 1.727377 -0.109175
v -0.218084 1.724874 -0.109837
v -0.219790 1.721995 -0.110354
v -0.220960 1.718838 -0.110709
v -0.221555 1.715510 -0.110890
v -0.221555 1.399455 -0.110890
v -0.220960 1.396127 -0.110709
v -0.219790 1.392969 -0.110354
v -0.218084 1.390090 -0.109837
v -0.215901 1.387588 -0.109175
v -0.213315 1.385547 -0.108390
v -0.210414 1.384038 -0.107510
v -0.207298 1.383111 -0.106565
v -0.207045 1.731853 -0.107176
v -0.209917 1.730927 -0.108711
v -0.212590 1.729417 -0.110140
v -0.214973 1.727377 -0.111414
v -0.216985 1.724874 -0.112489
v -0.218557 1.721995 -0.113329
v -0.219636 1.718838 -0.113906
v -0.220185 1.715510 -0.114199
v -0.220185 1.399455 -0.114199
v -0.219636 1.396127 -0.113906
v -0.218557 1.392969 -0.113329
v -0.216985 1.390090 -0.112489
v -0.214973 1.387588 -0.111414
v -0.212590 1.385547 -0.110140
v -0.209917 1.384038 -0.108711
v -0.207045 1.383111 -0.107176
v -0.206678 1.731853 -0.107725
v -0.209195 1.730927 -0.109791
v -0.211538 1.729417 -0.111714
v -0.213627 1.727377 -0.113429
v -0.215390 1.724874 -0.114876
v -0.216768 1.721995 -0.116007
v -0.217714 1.718838 -0.116783
v -0.218195 1.715510 -0.117177
v -0.218195 1.399455 -0.117177
v -0.217714 1.396127 -0.116783
v -0.216768 1.392969 -0.116007
v -0.215390 1.390090 -0.114876
v -0.213627 1.387588 -0.113429
v -0.211538 1.385547 -0.111714
v -0.209195 1.384038 -0.109791
v -0.206678 1.383111 -0.107725
v -0.206210 1.731853 -0.108193
v -0.208276 1.730927 -0.110710
v -0.210199 1.729417 -0.113053
v -0.211913 1.727377 -0.115142
v -0.213361 1.724874 -0.116905
v -0.214492 1.721995 -0.118283
v -0.215268 1.718838 -0.119229
v -0.215662 1.715510 -0.119710
v -0.215662 1.399455 -0.119710
v -0.215268 1.396127 -0.119229
v -0.214492 1.392969 -0.118283
v -0.213361 1.390090 -0.116905
v -0.211913 1.387588 -0.115142
v -0.210199 1.385547 -0.113053
v -0.208276 1.384038 -0.110710
v -0.206210 1.383111 -0.108193
v -0.205661 1.731853 -0.108560
v -0.207196 1.730927 -0.111432
v -0.208625 1.729417 -0.114105
v -0.209899 1.727377 -0.116488
v -0.210974 1.724874 -0.118500
v -0.211814 1.721995 -0.120072
v -0.212391 1.718838 -0.121151
v -0.212684 1.715510 -0.121700
v -0.212684 1.399455 -0.121700
v -0.212391 1.396127 -0.121151
v -0.211814 1.392969 -0.120072
v -0.210974 1.390090 -0.118500
v -0.209899 1.387588 -0.116488
v -0.208625 1.385547 -0.114105
v -0.207196 1.384038 -0.111432
v -0.205661 1.383111 -0.108560
v -0.205050 1.731853 -0.108813
v -0.205995 1.730927 -0.111929
v -0.206875 1.729417 -0.114830
v -0.207660 1.727377 -0.117416
v -0.208322 1.724874 -0.119599
v -0.208839 1.721995 -0.121305
v -0.209194 1.718838 -0.122475
v -0.209375 1.715510 -0.123071
v -0.209375 1.399455 -0.123071
v -0.209194 1.396127 -0.122475
v -0.208839 1.392969 -0.121305
v -0.208322 1.390090 -0.119599
v -0.207660 1.387588 -0.117416
v -0.206875 1.385547 -0.114830
v -0.205995 1.384038 -0.111929
v -0.205050 1.383111 -0.108813
v -0.205862 1.715510 -0.123769
v -0.205801 1.396127 -0.123150
v -0.205681 1.392969 -0.121933
v -0.205283 1.387588 -0.117889
v -0.205018 1.385547 -0.115199
v -0.204721 1.384038 -0.112183
v -0.204402 1.383111 -0.108942
v -0.119114 1.557482 -0.123769
v -0.115601 1.557482 -0.123071
v -0.112292 1.557482 -0.121700
v -0.109314 1.557482 -0.119710
v -0.106781 1.557482 -0.117177
v -0.104791 1.557482 -0.114199
v -0.103421 1.557482 -0.110890
v -0.102722 1.557482 -0.107377
v -0.102722 1.557482 0.107377
v -0.103421 1.557482 0.110890
v -0.104791 1.557482 0.114199
v -0.106781 1.557482 0.117177
v -0.109314 1.557482 0.119710
v -0.112292 1.557482 0.121700
v -0.115601 1.557482 0.123071
v -0.119114 1.557482 0.123769
v -0.205862 1.557482 0.123769
v -0.209375 1.557482 0.123071
v -0.212684 1.557482 0.121700
v -0.215662 1.557482 0.119710
v -0.218195 1.557482 0.117177
v -0.220185 1.557482 0.114199
v -0.221555 1.557482 0.110890
v -0.222254 1.557482 0.107377
v -0.222254 1.557482 -0.107377
v -0.221555 1.557482 -0.110890
v -0.220185 1.557482 -0.114199
v -0.218195 1.557482 -0.117177
v -0.215662 1.557482 -0.119710
v -0.212684 1.557482 -0.121700
v -0.209375 1.557482 -0.123071
v -0.205862 1.557482 -0.123769
v -0.210668 1.384038 -0.000000
v -0.213684 1.385547 -0.000000
v -0.222254 1.715510 -0.000000
v -0.221635 1.718838 -0.000000
v -0.207427 1.731853 0.000000
v -0.207427 1.383111 0.000000
v -0.222254 1.399455 -0.000000
v -0.210668 1.730927 -0.000000
v -0.221635 1.396127 -0.000000
v -0.213684 1.729417 -0.000000
v -0.220418 1.392969 0.000000
v -0.216374 1.727377 0.000000
v -0.218644 1.390090 -0.000000
v -0.218644 1.724874 -0.000000
v -0.216374 1.387588 0.000000
v -0.220418 1.721995 0.000000
v -0.222254 1.557482 -0.000000
v -0.222254 1.701983 -0.091747
v -0.222254 1.701983 -0.000000
v -0.222254 1.704735 -0.000000
v -0.222254 1.704735 -0.091747
v -0.222254 1.701983 -0.094499
v -0.222254 1.704735 -0.094499
v -0.222254 1.557482 -0.094499
v -0.222254 1.557482 -0.091747
v -0.222254 1.410230 -0.000000
v -0.222254 1.412982 -0.000000
v -0.222254 1.410230 -0.091747
v -0.222254 1.412982 -0.091747
v -0.222254 1.410230 -0.094499
v -0.222254 1.412982 -0.094499
v -0.222254 1.557482 0.091746
v -0.222254 1.557482 0.094498
v -0.222254 1.410230 0.094498
v -0.222254 1.410230 0.091746
v -0.222254 1.412982 0.094498
v -0.222254 1.412982 0.091746
v -0.222254 1.704735 0.094498
v -0.222254 1.701983 0.094498
v -0.222254 1.701983 0.091746
v -0.222254 1.704735 0.091746
vn -0.0000 0.1829 -0.9831
vn -0.0000 -0.9615 -0.2749
vn -0.0000 -0.0000 -1.0000
vn -0.0000 0.9615 -0.2749
vn -0.0000 -0.1829 -0.9831
vn -0.0000 0.8943 -0.4475
vn -0.0000 -0.3597 -0.9331
vn -0.0000 0.7966 -0.6045
vn -0.0000 -0.5246 -0.8514
vn -0.0000 0.6719 -0.7406
vn -0.0000 -0.6719 -0.7406
vn -0.0000 0.5246 -0.8513
vn -0.0000 -0.7966 -0.6045
vn -0.0000 0.3597 -0.9331
vn -0.0000 -0.8943 -0.4475
vn 0.1445 -0.6719 -0.7264
vn 0.1661 0.5246 -0.8350
vn 0.1179 -0.7966 -0.5929
vn 0.1820 0.3597 -0.9151
vn 0.0873 -0.8943 -0.4389
vn 0.1918 0.1829 -0.9642
vn 0.0536 -0.9615 -0.2696
vn 0.1951 -0.0000 -0.9808
vn 0.0537 0.9615 -0.2696
vn 0.1918 -0.1829 -0.9642
vn 0.0873 0.8943 -0.4389
vn 0.1820 -0.3597 -0.9151
vn 0.1179 0.7966 -0.5929
vn 0.1661 -0.5246 -0.8350
vn 0.1445 0.6719 -0.7264
vn 0.1713 -0.8943 -0.4134
vn 0.3762 0.1829 -0.9083
vn 0.1053 -0.9615 -0.2540
vn 0.3827 -0.0000 -0.9239
vn 0.1051 0.9615 -0.2540
vn 0.3762 -0.1829 -0.9083
vn 0.1712 0.8943 -0.4134
vn 0.3571 -0.3597 -0.8620
vn 0.2313 0.7966 -0.5585
vn 0.3258 -0.5246 -0.7865
vn 0.2834 0.6719 -0.6842
vn 0.2835 -0.6719 -0.6843
vn 0.3258 0.5246 -0.7865
vn 0.2313 -0.7966 -0.5585
vn 0.3571 0.3597 -0.8620
vn 0.5462 -0.1829 -0.8174
vn 0.2486 0.8943 -0.3721
vn 0.5184 -0.3597 -0.7758
vn 0.3359 0.7966 -0.5026
vn 0.4730 -0.5246 -0.7079
vn 0.4115 0.6719 -0.6158
vn 0.4115 -0.6719 -0.6158
vn 0.4730 0.5246 -0.7079
vn 0.3358 -0.7966 -0.5026
vn 0.5184 0.3597 -0.7758
vn 0.2486 -0.8943 -0.3721
vn 0.5462 0.1829 -0.8174
vn 0.1526 -0.9615 -0.2286
vn 0.5556 -0.0000 -0.8315
vn 0.1528 0.9615 -0.2285
vn 0.6020 -0.5246 -0.6020
vn 0.5237 0.6719 -0.5237
vn 0.5237 -0.6719 -0.5237
vn 0.6020 0.5246 -0.6020
vn 0.4274 -0.7966 -0.4274
vn 0.6598 0.3597 -0.6598
vn 0.3164 -0.8943 -0.3164
vn 0.6952 0.1829 -0.6952
vn 0.1944 -0.9615 -0.1944
vn 0.7071 -0.0000 -0.7071
vn 0.1944 0.9615 -0.1944
vn 0.6952 -0.1829 -0.6952
vn 0.3164 0.8943 -0.3164
vn 0.6598 -0.3597 -0.6598
vn 0.4274 0.7966 -0.4274
vn 0.5026 -0.7966 -0.3358
vn 0.7758 0.3597 -0.5184
vn 0.3720 -0.8943 -0.2486
vn 0.8174 0.1829 -0.5462
vn 0.2285 -0.9615 -0.1527
vn 0.8315 -0.0000 -0.5556
vn 0.2286 0.9615 -0.1527
vn 0.8174 -0.1829 -0.5462
vn 0.3721 0.8943 -0.2486
vn 0.7758 -0.3597 -0.5184
vn 0.5026 0.7966 -0.3358
vn 0.7079 -0.5246 -0.4730
vn 0.6158 0.6719 -0.4115
vn 0.6158 -0.6719 -0.4115
vn 0.7079 0.5246 -0.4730
vn 0.2540 -0.9615 -0.1052
vn 0.9239 -0.0000 -0.3827
vn 0.2540 0.9615 -0.1052
vn 0.9083 -0.1829 -0.3762
vn 0.4134 0.8943 -0.1712
vn 0.8620 -0.3597 -0.3571
vn 0.5585 0.7966 -0.2313
vn 0.7865 -0.5246 -0.3258
vn 0.6842 0.6719 -0.2834
vn 0.6842 -0.6719 -0.2834
vn 0.7865 0.5246 -0.3258
vn 0.5584 -0.7966 -0.2313
vn 0.8620 0.3597 -0.3571
vn 0.4134 -0.8943 -0.1712
vn 0.9083 0.1829 -0.3762
vn 0.4389 0.8943 -0.0873
vn 0.9151 -0.3597 -0.1820
vn 0.5929 0.7966 -0.1179
vn 0.8350 -0.5246 -0.1661
vn 0.7264 0.6719 -0.1445
vn 0.7264 -0.6719 -0.1445
vn 0.8350 0.5246 -0.1661
vn 0.5929 -0.7966 -0.1179
vn 0.9151 0.3597 -0.1820
vn 0.4389 -0.8943 -0.0873
vn 0.9642 0.1829 -0.1918
vn 0.2696 -0.9615 -0.0536
vn 0.9808 -0.0000 -0.1951
vn 0.2696 0.9615 -0.0536
vn 0.9642 -0.1829 -0.1918
vn 0.7406 0.6719 -0.0000
vn 0.7406 -0.6719 -0.0000
vn 0.8513 0.5246 -0.0000
vn 0.6045 -0.7966 -0.0000
vn 0.9331 0.3597 -0.0000
vn 0.4475 -0.8943 -0.0000
vn 0.9831 0.1829 -0.0000
vn 0.2749 -0.9615 -0.0000
vn 1.0000 -0.0000 -0.0000
vn 0.2748 0.9615 -0.0000
vn 0.9831 -0.1829 -0.0000
vn 0.4475 0.8943 -0.0000
vn 0.9331 -0.3597 -0.0000
vn 0.6045 0.7966 -0.0000
vn 0.8513 -0.5246 -0.0000
vn 0.9151 0.3597 0.1820
vn 0.4388 -0.8943 0.0873
vn 0.9642 0.1829 0.1918
vn 0.2696 -0.9615 0.0536
vn 0.9808 -0.0000 0.1951
vn 0.2696 0.9615 0.0536
vn 0.9642 -0.1829 0.1918
vn 0.4388 0.8943 0.0873
vn 0.9151 -0.3597 0.1820
vn 0.5929 0.7966 0.1179
vn 0.8350 -0.5246 0.1661
vn 0.7264 0.6719 0.1445
vn 0.7264 -0.6719 0.1445
vn 0.8350 0.5246 0.1661
vn 0.5929 -0.7966 0.1179
vn 0.9239 -0.0000 0.3827
vn 0.2540 0.9615 0.1052
vn 0.9083 -0.1829 0.3762
vn 0.4134 0.8943 0.1712
vn 0.8620 -0.3597 0.3571
vn 0.5585 0.7966 0.2313
vn 0.7865 -0.5246 0.3258
vn 0.6843 0.6719 0.2834
vn 0.6843 -0.6719 0.2834
vn 0.7865 0.5246 0.3258
vn 0.5585 -0.7966 0.2313
vn 0.8620 0.3597 0.3571
vn 0.4134 -0.8943 0.1712
vn 0.9083 0.1829 0.3762
vn 0.2539 -0.9615 0.1052
vn 0.7758 -0.3597 0.5184
vn 0.5026 0.7966 0.3358
vn 0.7079 -0.5246 0.4730
vn 0.6158 0.6719 0.4115
vn 0.6158 -0.6719 0.4115
vn 0.7079 0.5246 0.4730
vn 0.5026 -0.7966 0.3358
vn 0.7758 0.3597 0.5184
vn 0.3720 -0.8943 0.2486
vn 0.8174 0.1829 0.5462
vn 0.2286 -0.9615 0.1527
vn 0.8315 -0.0000 0.5556
vn 0.2285 0.9615 0.1527
vn 0.8174 -0.1829 0.5462
vn 0.3720 0.8943 0.2486
vn 0.5237 -0.6719 0.5237
vn 0.6020 0.5246 0.6020
vn 0.4275 -0.7966 0.4274
vn 0.6598 0.3597 0.6598
vn 0.3164 -0.8943 0.3164
vn 0.6952 0.1829 0.6952
vn 0.1944 -0.9615 0.1944
vn 0.7071 -0.0000 0.7071
vn 0.1945 0.9615 0.1944
vn 0.6952 -0.1829 0.6952
vn 0.3165 0.8943 0.3164
vn 0.6598 -0.3597 0.6598
vn 0.4275 0.7966 0.4274
vn 0.6020 -0.5246 0.6020
vn 0.5237 0.6719 0.5237
vn 0.2486 -0.8943 0.3721
vn 0.5462 0.1829 0.8174
vn 0.1528 -0.9615 0.2285
vn 0.5556 -0.0000 0.8315
vn 0.1526 0.9615 0.2286
vn 0.5462 -0.1829 0.8174
vn 0.2485 0.8943 0.3721
vn 0.5184 -0.3597 0.7758
vn 0.3358 0.7966 0.5026
vn 0.4730 -0.5246 0.7079
vn 0.4115 0.6719 0.6158
vn 0.4115 -0.6719 0.6158
vn 0.4730 0.5246 0.7079
vn 0.3358 -0.7966 0.5026
vn 0.5184 0.3597 0.7758
vn 0.1053 0.9615 0.2540
vn 0.3762 -0.1829 0.9083
vn 0.1711 0.8943 0.4134
vn 0.3571 -0.3597 0.8620
vn 0.2313 0.7966 0.5585
vn 0.3258 -0.5246 0.7865
vn 0.2834 0.6719 0.6842
vn 0.2834 -0.6719 0.6843
vn 0.3258 0.5246 0.7865
vn 0.2313 -0.7966 0.5585
vn 0.3571 0.3597 0.8620
vn 0.1712 -0.8943 0.4134
vn 0.3762 0.1829 0.9083
vn 0.1051 -0.9615 0.2540
vn 0.3827 -0.0000 0.9239
vn 0.1179 0.7966 0.5929
vn 0.1661 -0.5246 0.8350
vn 0.1445 0.6719 0.7264
vn 0.1445 -0.6719 0.7264
vn 0.1661 0.5246 0.8350
vn 0.1179 -0.7966 0.5929
vn 0.1820 0.3597 0.9151
vn 0.0873 -0.8943 0.4389
vn 0.1918 0.1829 0.9642
vn 0.0536 -0.9615 0.2696
vn 0.1951 -0.0000 0.9808
vn 0.0537 0.9615 0.2696
vn 0.1918 -0.1829 0.9642
vn 0.0873 0.8943 0.4389
vn 0.1820 -0.3597 0.9151
vn -0.0000 0.5246 0.8513
vn -0.0000 -0.7966 0.6045
vn -0.0000 0.3597 0.9331
vn -0.0000 -0.8943 0.4475
vn -0.0000 0.1829 0.9831
vn -0.0000 -0.9615 0.2749
vn -0.0000 -0.0000 1.0000
vn -0.0000 0.9615 0.2749
vn -0.0000 -0.1829 0.9831
vn -0.0000 0.8943 0.4475
vn -0.0000 -0.3597 0.9331
vn -0.0000 0.7966 0.6045
vn -0.0000 -0.5246 0.8513
vn -0.0000 0.6719 0.7406
vn -0.0000 -0.6719 0.7406
vn -0.1918 0.1829 0.9642
vn -0.0537 -0.9615 0.2696
vn -0.1951 -0.0000 0.9808
vn -0.0537 0.9615 0.2696
vn -0.1918 -0.1829 0.9642
vn -0.0873 0.8943 0.4389
vn -0.1820 -0.3597 0.9151
vn -0.1180 0.7966 0.5929
vn -0.1661 -0.5246 0.8350
vn -0.1445 0.6719 0.7264
vn -0.1445 -0.6719 0.7264
vn -0.1661 0.5246 0.8350
vn -0.1180 -0.7966 0.5929
vn -0.1820 0.3597 0.9151
vn -0.0873 -0.8943 0.4389
vn -0.3762 -0.1829 0.9083
vn -0.1713 0.8943 0.4134
vn -0.3571 -0.3597 0.8620
vn -0.2313 0.7966 0.5585
vn -0.3258 -0.5246 0.7865
vn -0.2834 0.6719 0.6842
vn -0.2834 -0.6719 0.6843
vn -0.3258 0.5246 0.7865
vn -0.2313 -0.7966 0.5585
vn -0.3571 0.3597 0.8620
vn -0.1712 -0.8943 0.4134
vn -0.3762 0.1829 0.9083
vn -0.1051 -0.9615 0.2540
vn -0.3827 -0.0000 0.9239
vn -0.1051 0.9615 0.2540
vn -0.4730 -0.5246 0.7079
vn -0.4115 0.6719 0.6158
vn -0.4115 -0.6719 0.6158
vn -0.4730 0.5246 0.7079
vn -0.3358 -0.7966 0.5026
vn -0.5184 0.3597 0.7758
vn -0.2486 -0.8943 0.3721
vn -0.5462 0.1829 0.8174
vn -0.1528 -0.9615 0.2286
vn -0.5556 -0.0000 0.8315
vn -0.1528 0.9615 0.2285
vn -0.5462 -0.1829 0.8175
vn -0.2486 0.8943 0.3720
vn -0.5184 -0.3597 0.7758
vn -0.3358 0.7966 0.5026
vn -0.4274 -0.7966 0.4274
vn -0.6598 0.3597 0.6598
vn -0.3164 -0.8943 0.3164
vn -0.6952 0.1829 0.6952
vn -0.1944 -0.9615 0.1944
vn -0.7071 -0.0000 0.7071
vn -0.1944 0.9615 0.1944
vn -0.6952 -0.1829 0.6952
vn -0.3164 0.8943 0.3164
vn -0.6598 -0.3597 0.6598
vn -0.4275 0.7966 0.4274
vn -0.6020 -0.5246 0.6020
vn -0.5237 0.6719 0.5237
vn -0.5237 -0.6719 0.5237
vn -0.6020 0.5246 0.6020
vn -0.2285 -0.9615 0.1527
vn -0.8315 -0.0000 0.5556
vn -0.2285 0.9615 0.1527
vn -0.8175 -0.1829 0.5462
vn -0.3720 0.8943 0.2486
vn -0.7758 -0.3597 0.5184
vn -0.5026 0.7966 0.3358
vn -0.7079 -0.5246 0.4730
vn -0.6158 0.6719 0.4115
vn -0.6158 -0.6719 0.4115
vn -0.7079 0.5246 0.4730
vn -0.5026 -0.7966 0.3358
vn -0.7758 0.3597 0.5184
vn -0.3721 -0.8943 0.2486
vn -0.8174 0.1829 0.5462
vn -0.8620 -0.3597 0.3571
vn -0.5585 0.7966 0.2313
vn -0.7865 -0.5246 0.3258
vn -0.6842 0.6719 0.2834
vn -0.6843 -0.6719 0.2834
vn -0.7865 0.5246 0.3258
vn -0.5585 -0.7966 0.2313
vn -0.8620 0.3597 0.3571
vn -0.4134 -0.8943 0.1712
vn -0.9083 0.1829 0.3762
vn -0.2540 -0.9615 0.1052
vn -0.9239 -0.0000 0.3827
vn -0.2540 0.9615 0.1052
vn -0.9083 -0.1829 0.3762
vn -0.4134 0.8943 0.1712
vn -0.7264 -0.6719 0.1445
vn -0.8350 0.5246 0.1661
vn -0.5929 -0.7966 0.1179
vn -0.9151 0.3597 0.1820
vn -0.4389 -0.8943 0.0873
vn -0.9642 0.1829 0.1918
vn -0.2696 -0.9615 0.0536
vn -0.9808 -0.0000 0.1951
vn -0.2696 0.9615 0.0536
vn -0.9642 -0.1829 0.1918
vn -0.4389 0.8943 0.0873
vn -0.9151 -0.3597 0.1820
vn -0.5929 0.7966 0.1179
vn -0.8350 -0.5246 0.1661
vn -0.7264 0.6719 0.1445
vn -0.4475 -0.8943 -0.0000
vn -0.9831 0.1829 -0.0000
vn -0.2749 -0.9615 -0.0000
vn -1.0000 -0.0000 -0.0000
vn -0.2749 0.9615 -0.0000
vn -0.2748 0.9615 -0.0000
vn -0.9831 -0.1829 -0.0000
vn -0.4475 0.8943 -0.0000
vn -0.9331 -0.3597 -0.0000
vn -0.6045 0.7966 -0.0000
vn -0.8513 -0.5246 -0.0000
vn -0.7406 0.6719 -0.0000
vn -0.7406 -0.6719 -0.0000
vn -0.7407 -0.6719 -0.0000
vn -0.8514 0.5246 -0.0000
vn -0.6045 -0.7966 -0.0000
vn -0.9331 0.3597 -0.0000
vn -0.2697 0.9615 -0.0536
vn -0.9642 -0.1829 -0.1918
vn -0.4389 0.8943 -0.0873
vn -0.9151 -0.3597 -0.1820
vn -0.5929 0.7966 -0.1179
vn -0.8350 -0.5246 -0.1661
vn -0.7264 0.6719 -0.1445
vn -0.7264 -0.6719 -0.1445
vn -0.8350 0.5246 -0.1661
vn -0.5929 -0.7966 -0.1179
vn -0.9151 0.3597 -0.1820
vn -0.4388 -0.8943 -0.0873
vn -0.9642 0.1829 -0.1918
vn -0.2696 -0.9615 -0.0536
vn -0.9808 -0.0000 -0.1951
vn -0.5585 0.7966 -0.2313
vn -0.7865 -0.5246 -0.3258
vn -0.6842 0.6719 -0.2834
vn -0.6843 -0.6719 -0.2834
vn -0.7865 0.5246 -0.3258
vn -0.5585 -0.7966 -0.2313
vn -0.8620 0.3597 -0.3571
vn -0.4134 -0.8943 -0.1712
vn -0.9083 0.1829 -0.3762
vn -0.2540 -0.9615 -0.1052
vn -0.9239 -0.0000 -0.3827
vn -0.2540 0.9615 -0.1052
vn -0.9083 -0.1829 -0.3762
vn -0.4134 0.8943 -0.1712
vn -0.8620 -0.3597 -0.3571
vn -0.7079 0.5246 -0.4730
vn -0.5026 -0.7966 -0.3358
vn -0.7758 0.3597 -0.5184
vn -0.3720 -0.8943 -0.2486
vn -0.8174 0.1829 -0.5462
vn -0.2286 -0.9615 -0.1527
vn -0.8315 -0.0000 -0.5556
vn -0.2285 0.9615 -0.1527
vn -0.8174 -0.1829 -0.5462
vn -0.3721 0.8943 -0.2486
vn -0.7758 -0.3597 -0.5184
vn -0.5026 0.7966 -0.3358
vn -0.7079 -0.5246 -0.4730
vn -0.6158 0.6719 -0.4115
vn -0.6158 -0.6719 -0.4115
vn -0.6952 0.1829 -0.6952
vn -0.1943 -0.9615 -0.1944
vn -0.7071 -0.0000 -0.7071
vn -0.1945 0.9615 -0.1944
vn -0.6952 -0.1829 -0.6952
vn -0.3164 0.8943 -0.3164
vn -0.6598 -0.3597 -0.6598
vn -0.4275 0.7966 -0.4274
vn -0.6020 -0.5246 -0.6020
vn -0.5237 0.6719 -0.5237
vn -0.5237 -0.6719 -0.5237
vn -0.6020 0.5246 -0.6020
vn -0.4274 -0.7966 -0.4274
vn -0.6598 0.3597 -0.6598
vn -0.3164 -0.8943 -0.3164
vn -0.5462 -0.1829 -0.8174
vn -0.2486 0.8943 -0.3720
vn -0.5184 -0.3597 -0.7758
vn -0.3359 0.7966 -0.5026
vn -0.4730 -0.5246 -0.7079
vn -0.4115 0.6719 -0.6158
vn -0.4115 -0.6719 -0.6158
vn -0.4730 0.5246 -0.7079
vn -0.3358 -0.7966 -0.5026
vn -0.5184 0.3597 -0.7758
vn -0.2486 -0.8943 -0.3720
vn -0.5462 0.1829 -0.8174
vn -0.0000 1.0000 -0.0000
vn -0.1526 -0.9615 -0.2285
vn -0.5556 -0.0000 -0.8315
vn -0.1528 0.9615 -0.2285
vn -0.0000 -1.0000 -0.0000
vn -0.3258 -0.5246 -0.7865
vn -0.2834 0.6719 -0.6842
vn -0.2835 -0.6719 -0.6843
vn -0.3258 0.5246 -0.7865
vn -0.2313 -0.7966 -0.5585
vn -0.3571 0.3597 -0.8620
vn -0.1713 -0.8943 -0.4134
vn -0.3762 0.1829 -0.9083
vn -0.1053 -0.9615 -0.2540
vn -0.3827 -0.0000 -0.9239
vn -0.1051 0.9615 -0.2540
vn -0.3762 -0.1829 -0.9083
vn -0.1712 0.8943 -0.4134
vn -0.3571 -0.3597 -0.8620
vn -0.2313 0.7966 -0.5585
vn -0.1179 -0.7966 -0.5929
vn -0.1820 0.3597 -0.9151
vn -0.0873 -0.8943 -0.4389
vn -0.1918 0.1829 -0.9642
vn -0.0536 -0.9615 -0.2696
vn -0.1951 -0.0000 -0.9808
vn -0.0537 0.9615 -0.2696
vn -0.1918 -0.1829 -0.9642
vn -0.0873 0.8943 -0.4389
vn -0.1820 -0.3597 -0.9151
vn -0.1180 0.7966 -0.5929
vn -0.1661 -0.5246 -0.8350
vn -0.1445 0.6719 -0.7264
vn -0.1445 -0.6719 -0.7264
vn -0.1661 0.5246 -0.8350
vn -0.8514 -0.5246 -0.0000
vn -0.2748 -0.9615 -0.0000
vt 0.826377 0.469291
vt 0.826290 0.474053
vt 0.702319 0.474053
vt 0.702232 0.469291
vt 0.826749 0.811767
vt 0.827221 0.816406
vt 0.706348 0.816406
vt 0.706791 0.811767
vt 0.826377 0.243136
vt 0.702232 0.243136
vt 0.861672 0.330132
vt 0.862143 0.325494
vt 0.982101 0.325493
vt 0.982544 0.330132
vt 0.826290 0.012219
vt 0.826377 0.016983
vt 0.702232 0.016983
vt 0.702319 0.012219
vt 0.861223 0.334449
vt 0.982945 0.334449
vt 0.826119 0.007701
vt 0.702491 0.007701
vt 0.860812 0.338297
vt 0.983293 0.338297
vt 0.825869 0.003581
vt 0.702741 0.003581
vt 0.825869 0.482693
vt 0.825548 0.486274
vt 0.703061 0.486274
vt 0.702741 0.482693
vt 0.825549 0.000000
vt 0.703061 0.000000
vt 0.826118 0.478572
vt 0.702491 0.478572
vt 0.827669 0.820723
vt 0.828080 0.824571
vt 0.705600 0.824571
vt 0.705947 0.820723
vt 0.698712 0.003581
vt 0.699659 0.000000
vt 0.698712 0.482693
vt 0.697971 0.478572
vt 0.702198 0.823895
vt 0.703289 0.820194
vt 0.697463 0.474053
vt 0.704525 0.816043
vt 0.697204 0.469291
vt 0.705863 0.811583
vt 0.697204 0.243136
vt 0.983029 0.325309
vt 0.984368 0.329769
vt 0.697204 0.016983
vt 0.697463 0.012219
vt 0.985603 0.333920
vt 0.697971 0.007701
vt 0.986694 0.337621
vt 0.699659 0.486274
vt 0.700785 0.819157
vt 0.702807 0.815331
vt 0.692888 0.474053
vt 0.692469 0.469291
vt 0.704989 0.811221
vt 0.692469 0.243136
vt 0.983903 0.324947
vt 0.986086 0.329058
vt 0.692469 0.016983
vt 0.692888 0.012219
vt 0.988107 0.332883
vt 0.693714 0.007701
vt 0.989898 0.336294
vt 0.694916 0.003581
vt 0.696455 0.486274
vt 0.694916 0.482693
vt 0.696455 0.000000
vt 0.693714 0.478572
vt 0.698994 0.822567
vt 0.688207 0.016983
vt 0.688772 0.012219
vt 0.987632 0.328024
vt 0.990360 0.331378
vt 0.689882 0.007701
vt 0.992781 0.334367
vt 0.691501 0.003581
vt 0.991398 0.339173
vt 0.994813 0.336891
vt 0.697495 0.825447
vt 0.694079 0.823164
vt 0.696111 0.820641
vt 0.691500 0.482693
vt 0.689882 0.478572
vt 0.698532 0.817651
vt 0.688772 0.474053
vt 0.701261 0.814298
vt 0.688207 0.469291
vt 0.704203 0.810695
vt 0.688207 0.243136
vt 0.984689 0.324421
vt 0.686624 0.007701
vt 0.688596 0.003581
vt 0.995233 0.331914
vt 0.997718 0.333986
vt 0.691175 0.820260
vt 0.693659 0.818188
vt 0.688596 0.482693
vt 0.686624 0.478572
vt 0.696616 0.815735
vt 0.685271 0.474053
vt 0.699946 0.812983
vt 0.342635 0.469291
vt 0.341947 0.474053
vt 0.338446 0.474053
vt 0.339011 0.469291
vt 0.703534 0.810027
vt 0.342635 0.243136
vt 0.339011 0.243136
vt 0.985358 0.323753
vt 0.988947 0.326710
vt 0.341947 0.012220
vt 0.342635 0.016983
vt 0.339011 0.016983
vt 0.338446 0.012220
vt 0.992276 0.329462
vt 0.685271 0.012219
vt 0.691732 0.815305
vt 0.695111 0.813482
vt 0.337335 0.478573
vt 0.333504 0.478573
vt 0.334329 0.474053
vt 0.698913 0.811437
vt 0.334749 0.469291
vt 0.703008 0.809240
vt 0.334749 0.243136
vt 0.985884 0.322966
vt 0.989980 0.325163
vt 0.334749 0.016983
vt 0.334329 0.012220
vt 0.993782 0.327208
vt 0.337335 0.007701
vt 0.333504 0.007701
vt 0.997160 0.329031
vt 0.335717 0.003581
vt 0.332301 0.003581
vt 1.000000 0.330570
vt 0.688892 0.816844
vt 0.335717 0.482693
vt 0.332301 0.482693
vt 0.698201 0.809719
vt 0.702646 0.808366
vt 0.330013 0.469291
vt 0.330013 0.243136
vt 0.986246 0.322092
vt 0.990691 0.323445
vt 0.330013 0.016983
vt 0.329754 0.012220
vt 0.994818 0.324705
vt 0.329247 0.007701
vt 0.998487 0.325827
vt 0.328506 0.003581
vt 0.330762 0.486274
vt 0.327558 0.486274
vt 0.328506 0.482693
vt 0.330762 0.000000
vt 0.327558 0.000000
vt 0.329247 0.478573
vt 0.690405 0.812101
vt 0.694074 0.810978
vt 0.329754 0.474053
vt 0.991054 0.321621
vt 0.995347 0.322047
vt 0.324898 0.012220
vt 0.324727 0.007701
vt 0.999164 0.322426
vt 0.324477 0.003581
vt 0.324157 0.486274
vt 0.324477 0.482693
vt 0.324157 0.000000
vt 0.324727 0.478573
vt 0.689729 0.808699
vt 0.693545 0.808321
vt 0.324898 0.474053
vt 0.697838 0.807895
vt 0.324986 0.469291
vt 0.702462 0.807438
vt 0.324986 0.243136
vt 0.986430 0.321165
vt 0.324986 0.016983
vt 0.018478 0.486274
vt 0.018158 0.482693
vt 0.018158 0.003581
vt 0.018478 0.000000
vt 0.017909 0.478572
vt 0.689729 0.503021
vt 0.693545 0.503400
vt 0.017737 0.474053
vt 0.697838 0.503825
vt 0.017650 0.469291
vt 0.702462 0.504282
vt 0.017650 0.243136
vt 0.986430 0.018008
vt 0.991054 0.017551
vt 0.017650 0.016983
vt 0.017737 0.012219
vt 0.995347 0.017126
vt 0.017909 0.007701
vt 0.999164 0.016747
vt 0.013389 0.478572
vt 0.012881 0.474053
vt 0.694074 0.500742
vt 0.698201 0.502001
vt 0.012622 0.469291
vt 0.702646 0.503355
vt 0.012622 0.243136
vt 0.986246 0.017081
vt 0.990691 0.015728
vt 0.012622 0.016983
vt 0.012881 0.012219
vt 0.994818 0.014468
vt 0.013389 0.007701
vt 0.998487 0.013346
vt 0.014129 0.003581
vt 0.015077 0.486274
vt 0.014129 0.482693
vt 0.015077 0.000000
vt 0.690405 0.499619
vt 0.007886 0.469291
vt 0.007886 0.243136
vt 0.985884 0.016207
vt 0.989980 0.014009
vt 0.007886 0.016983
vt 0.008307 0.012219
vt 0.993782 0.011965
vt 0.009131 0.007701
vt 0.997160 0.010142
vt 0.010334 0.003581
vt 0.011873 0.486274
vt 0.010334 0.482693
vt 0.011873 0.000000
vt 0.009131 0.478572
vt 0.691732 0.496416
vt 0.695111 0.498239
vt 0.008306 0.474053
vt 0.698913 0.500283
vt 0.703008 0.502481
vt 0.004189 0.012219
vt 0.005300 0.007701
vt 0.992276 0.009711
vt 0.995233 0.007258
vt 0.006918 0.003581
vt 1.000000 0.008603
vt 0.997718 0.005187
vt 0.688892 0.494876
vt 0.691175 0.491461
vt 0.693659 0.493532
vt 0.006918 0.482693
vt 0.005300 0.478572
vt 0.696616 0.495985
vt 0.004189 0.474053
vt 0.699946 0.498737
vt 0.003624 0.469291
vt 0.703534 0.501694
vt 0.003624 0.243136
vt 0.985358 0.015420
vt 0.988947 0.012464
vt 0.003624 0.016983
vt 0.694079 0.488556
vt 0.696111 0.491080
vt 0.004014 0.482693
vt 0.002041 0.478572
vt 0.698532 0.494069
vt 0.000688 0.474053
vt 0.701261 0.497422
vt 0.000000 0.469291
vt 0.704203 0.501025
vt 0.000000 0.243136
vt 0.984689 0.014751
vt 0.987632 0.011148
vt 0.000000 0.016983
vt 0.000689 0.012219
vt 0.990360 0.007795
vt 0.002041 0.007701
vt 0.992781 0.004806
vt 0.004014 0.003581
vt 0.994813 0.002282
vt 0.700785 0.492563
vt 0.702807 0.496389
vt 0.688892 0.955564
vt 0.688328 0.960327
vt 0.684211 0.960327
vt 0.684630 0.955564
vt 0.704989 0.500500
vt 0.688892 0.729410
vt 0.684630 0.729410
vt 0.983903 0.014226
vt 0.986086 0.010115
vt 0.688328 0.498493
vt 0.688892 0.503257
vt 0.684630 0.503257
vt 0.684211 0.498493
vt 0.988107 0.006289
vt 0.687217 0.493975
vt 0.683386 0.493975
vt 0.989898 0.002879
vt 0.685599 0.489855
vt 0.682183 0.489855
vt 0.991398 0.000000
vt 0.697495 0.486274
vt 0.698994 0.489153
vt 0.687217 0.964846
vt 0.685599 0.968966
vt 0.682183 0.968966
vt 0.683385 0.964846
vt 0.983029 0.013864
vt 0.984368 0.009404
vt 0.679895 0.503257
vt 0.679636 0.498493
vt 0.985603 0.005252
vt 0.679128 0.493975
vt 0.986694 0.001552
vt 0.678388 0.489855
vt 0.680644 0.972548
vt 0.677440 0.972548
vt 0.678388 0.968966
vt 0.680644 0.486274
vt 0.677440 0.486274
vt 0.679128 0.964846
vt 0.702198 0.487826
vt 0.703289 0.491527
vt 0.679636 0.960327
vt 0.704525 0.495677
vt 0.679895 0.955564
vt 0.705863 0.500138
vt 0.679895 0.729410
vt 0.982945 0.004724
vt 0.983293 0.000875
vt 0.674608 0.493975
vt 0.674359 0.489855
vt 0.674038 0.972548
vt 0.674359 0.968966
vt 0.674039 0.486274
vt 0.674608 0.964846
vt 0.705600 0.487149
vt 0.705947 0.490998
vt 0.674780 0.960327
vt 0.706348 0.495315
vt 0.674867 0.955564
vt 0.706791 0.499953
vt 0.674867 0.729410
vt 0.982101 0.013680
vt 0.982544 0.009041
vt 0.674867 0.503257
vt 0.674780 0.498493
vt 0.551231 0.968966
vt 0.550981 0.964846
vt 0.828080 0.487149
vt 0.827669 0.490998
vt 0.550809 0.960327
vt 0.827221 0.495315
vt 0.550722 0.955564
vt 0.826749 0.499953
vt 0.550722 0.729410
vt 0.862143 0.013680
vt 0.861672 0.009041
vt 0.550722 0.503257
vt 0.550809 0.498493
vt 0.861223 0.004724
vt 0.550981 0.493975
vt 0.860812 0.000875
vt 0.551231 0.489855
vt 0.551551 0.972548
vt 0.551551 0.486274
vt 0.545953 0.960327
vt 0.545694 0.955564
vt 0.829044 0.495677
vt 0.827677 0.500138
vt 0.545694 0.729410
vt 0.861215 0.013864
vt 0.859848 0.009404
vt 0.545694 0.503257
vt 0.545953 0.498493
vt 0.858565 0.005252
vt 0.546461 0.493975
vt 0.857411 0.001552
vt 0.547202 0.489855
vt 0.548149 0.972548
vt 0.547202 0.968966
vt 0.548149 0.486274
vt 0.546461 0.964846
vt 0.831481 0.487826
vt 0.830327 0.491526
vt 0.540959 0.503257
vt 0.541378 0.498493
vt 0.858130 0.010115
vt 0.856062 0.006289
vt 0.542204 0.493975
vt 0.854207 0.002879
vt 0.543406 0.489855
vt 0.544945 0.972548
vt 0.543406 0.968966
vt 0.544945 0.486274
vt 0.542204 0.964846
vt 0.834685 0.489153
vt 0.832831 0.492563
vt 0.541378 0.960327
vt 0.830762 0.496389
vt 0.540959 0.955564
vt 0.828551 0.500500
vt 0.540959 0.729410
vt 0.860342 0.014226
vt 0.538372 0.493975
vt 0.539991 0.489855
vt 0.852629 0.000000
vt 0.851324 0.004806
vt 0.849214 0.002282
vt 0.836263 0.486274
vt 0.839679 0.488556
vt 0.837569 0.491080
vt 0.539990 0.968966
vt 0.538372 0.964846
vt 0.835084 0.494069
vt 0.537262 0.960327
vt 0.832309 0.497422
vt 0.536697 0.955564
vt 0.829337 0.501025
vt 0.536697 0.729410
vt 0.859555 0.014751
vt 0.856584 0.011148
vt 0.536697 0.503257
vt 0.537262 0.498493
vt 0.853809 0.007795
vt 0.840021 0.493532
vt 0.837000 0.495985
vt 0.535114 0.964846
vt 0.533761 0.960327
vt 0.833623 0.498737
vt 0.533072 0.955564
vt 0.830006 0.501694
vt 0.685270 0.243136
vt 0.685270 0.469291
vt 0.681646 0.469291
vt 0.681646 0.243136
vt 0.858886 0.015420
vt 0.855269 0.012464
vt 0.533072 0.503257
vt 0.533761 0.498493
vt 0.851892 0.009711
vt 0.535114 0.493975
vt 0.848871 0.007258
vt 0.537086 0.489855
vt 0.846309 0.005187
vt 0.842583 0.491461
vt 0.537086 0.968966
vt 0.834656 0.500283
vt 0.830532 0.502481
vt 0.677384 0.469291
vt 0.677384 0.243136
vt 0.858361 0.016207
vt 0.854236 0.014009
vt 0.681081 0.012220
vt 0.681646 0.016983
vt 0.677384 0.016983
vt 0.676964 0.012220
vt 0.850387 0.011965
vt 0.679970 0.007701
vt 0.676139 0.007701
vt 0.846945 0.010142
vt 0.678352 0.003581
vt 0.674936 0.003581
vt 0.844027 0.008603
vt 0.844866 0.494876
vt 0.841947 0.496416
vt 0.679970 0.478573
vt 0.678352 0.482693
vt 0.674936 0.482693
vt 0.676139 0.478573
vt 0.838505 0.498239
vt 0.681081 0.474053
vt 0.676964 0.474053
vt 0.672390 0.012220
vt 0.671882 0.007701
vt 0.849350 0.014468
vt 0.845618 0.013346
vt 0.671141 0.003581
vt 0.673398 0.486274
vt 0.670193 0.486274
vt 0.671141 0.482693
vt 0.673398 0.000000
vt 0.670193 0.000000
vt 0.671882 0.478573
vt 0.843275 0.499619
vt 0.839542 0.500742
vt 0.672390 0.474053
vt 0.835368 0.502001
vt 0.672648 0.469291
vt 0.830894 0.503355
vt 0.672648 0.243136
vt 0.857999 0.017081
vt 0.853524 0.015728
vt 0.672648 0.016983
vt 0.667112 0.003581
vt 0.666792 0.000000
vt 0.667112 0.482693
vt 0.667362 0.478573
vt 0.843951 0.503021
vt 0.840071 0.503400
vt 0.667533 0.474053
vt 0.835731 0.503825
vt 0.667621 0.469291
vt 0.831078 0.504282
vt 0.667621 0.243136
vt 0.857814 0.018008
vt 0.853162 0.017551
vt 0.667621 0.016983
vt 0.667533 0.012220
vt 0.848821 0.017126
vt 0.667362 0.007701
vt 0.844941 0.016747
vt 0.666792 0.486274
vt 0.835731 0.655860
vt 0.840071 0.655860
vt 0.840071 0.808321
vt 0.835731 0.807895
vt 0.513953 0.469291
vt 0.513953 0.474053
vt 0.360372 0.474053
vt 0.360285 0.469291
vt 0.831078 0.655860
vt 0.831078 0.807438
vt 0.270475 0.693069
vt 0.401774 0.693069
vt 0.401774 0.899864
vt 0.270475 0.899864
vt 0.360285 0.243136
vt 0.378715 0.243136
vt 0.378715 0.449932
vt 0.378715 0.453871
vt 0.382654 0.453871
vt 0.513953 0.453871
vt 0.853162 0.169587
vt 0.857814 0.169586
vt 0.857814 0.321165
vt 0.853162 0.321621
vt 0.513953 0.012219
vt 0.513953 0.016983
vt 0.360285 0.016983
vt 0.360372 0.012219
vt 0.848821 0.169587
vt 0.848821 0.322047
vt 0.513953 0.007701
vt 0.360544 0.007701
vt 0.844941 0.169586
vt 0.844941 0.322426
vt 0.513953 0.003581
vt 0.360794 0.003581
vt 0.513953 0.482693
vt 0.513953 0.486274
vt 0.361114 0.486274
vt 0.360794 0.482693
vt 0.513953 0.000000
vt 0.361114 0.000000
vt 0.513953 0.478572
vt 0.360544 0.478572
vt 0.843951 0.655860
vt 0.843951 0.808699
vt 0.857999 0.322092
vt 0.853524 0.323445
vt 0.355258 0.016983
vt 0.355516 0.012219
vt 0.849350 0.324705
vt 0.356024 0.007701
vt 0.845618 0.325827
vt 0.356764 0.003581
vt 0.357712 0.486274
vt 0.356764 0.482693
vt 0.357712 0.000000
vt 0.356024 0.478572
vt 0.843275 0.812101
vt 0.839542 0.810978
vt 0.355516 0.474053
vt 0.835368 0.809719
vt 0.355258 0.469291
vt 0.830894 0.808366
vt 0.355258 0.243136
vt 0.850387 0.327208
vt 0.846945 0.329031
vt 0.351767 0.007701
vt 0.352969 0.003581
vt 0.354508 0.486274
vt 0.352969 0.482693
vt 0.354508 0.000000
vt 0.351767 0.478572
vt 0.841947 0.815305
vt 0.838505 0.813482
vt 0.350941 0.474053
vt 0.834656 0.811437
vt 0.350522 0.469291
vt 0.830532 0.809240
vt 0.350522 0.243136
vt 0.858361 0.322966
vt 0.854236 0.325163
vt 0.350522 0.016983
vt 0.350942 0.012219
vt 0.349554 0.482693
vt 0.347935 0.478572
vt 0.840021 0.818188
vt 0.837000 0.815735
vt 0.346825 0.474053
vt 0.833623 0.812983
vt 0.346260 0.469291
vt 0.830006 0.810027
vt 0.346260 0.243136
vt 0.858886 0.323753
vt 0.855269 0.326709
vt 0.346260 0.016983
vt 0.346825 0.012219
vt 0.851892 0.329462
vt 0.347935 0.007701
vt 0.848871 0.331914
vt 0.349554 0.003581
vt 0.844027 0.330570
vt 0.846309 0.333986
vt 0.844866 0.816844
vt 0.842583 0.820260
vt 0.844027 0.469291
vt 0.843339 0.474053
vt 0.839838 0.474053
vt 0.840402 0.469291
vt 0.832308 0.814298
vt 0.829337 0.810695
vt 0.859555 0.324421
vt 0.856584 0.328024
vt 0.843339 0.012219
vt 0.844027 0.016983
vt 0.840402 0.016983
vt 0.839838 0.012219
vt 0.853809 0.331378
vt 0.841985 0.007701
vt 0.838727 0.007701
vt 0.851324 0.334367
vt 0.840014 0.003581
vt 0.837109 0.003581
vt 0.849214 0.336891
vt 0.839679 0.823164
vt 0.837569 0.820641
vt 0.841985 0.478572
vt 0.840014 0.482693
vt 0.837109 0.482693
vt 0.838727 0.478572
vt 0.835084 0.817651
vt 0.344676 0.478572
vt 0.343323 0.474053
vt 0.836140 0.016983
vt 0.835721 0.012219
vt 0.858130 0.329058
vt 0.856062 0.332883
vt 0.834896 0.007701
vt 0.854207 0.336294
vt 0.833693 0.003581
vt 0.852629 0.339173
vt 0.836263 0.825447
vt 0.834685 0.822567
vt 0.833693 0.482693
vt 0.834895 0.478572
vt 0.832831 0.819157
vt 0.835721 0.474053
vt 0.830762 0.815331
vt 0.836140 0.469291
vt 0.861215 0.325309
vt 0.860341 0.324947
vt 0.828551 0.811221
vt 0.840402 0.243136
vt 0.836140 0.243136
vt 0.827677 0.811583
vt 0.830638 0.007701
vt 0.829898 0.003581
vt 0.832154 0.486274
vt 0.828950 0.486274
vt 0.829898 0.482693
vt 0.832154 0.000000
vt 0.828950 0.000000
vt 0.830638 0.478572
vt 0.831481 0.823895
vt 0.830327 0.820194
vt 0.831146 0.474053
vt 0.829044 0.816043
vt 0.831405 0.469291
vt 0.831405 0.243136
vt 0.859848 0.329769
vt 0.831405 0.016983
vt 0.831146 0.012219
vt 0.858565 0.333920
vt 0.857411 0.337621
vt 0.513953 0.032403
vt 0.382654 0.032403
vt 0.378715 0.032403
vt 0.378715 0.036342
vt 0.270475 0.486273
vt 0.401774 0.486273
vt 0.685270 0.016983
vt 0.533072 0.693069
vt 0.533072 0.486273
vt 0.649189 0.243136
vt 0.649189 0.036342
vt 0.649189 0.032403
vt 0.645251 0.032403
vt 0.533072 0.899864
vt 0.645251 0.453871
vt 0.649189 0.453871
vt 0.649189 0.449932
vt 0.847564 0.903803
vt 0.847564 0.907742
vt 0.844865 0.907742
vt 0.844865 0.903803
vt 0.000000 0.903803
vt 0.003939 0.903803
vt 0.003939 0.907742
vt 0.000000 0.907742
vt 0.852960 0.899864
vt 0.852960 0.486273
vt 0.855659 0.486273
vt 0.855659 0.693069
vt 0.855659 0.899864
vt 0.861055 0.756749
vt 0.858357 0.756749
vt 0.858357 0.752810
vt 0.861055 0.752810
vt 0.850262 0.486274
vt 0.852960 0.486274
vt 0.852960 0.899864
vt 0.850262 0.899864
vt 0.850262 0.693069
vt 0.866451 0.486274
vt 0.866451 0.748871
vt 0.863753 0.748871
vt 0.863753 0.617572
vt 0.863753 0.486274
vt 0.858357 0.490213
vt 0.861055 0.490213
vt 0.861055 0.621511
vt 0.266536 0.903803
vt 0.266536 0.907742
vt 0.847564 0.907742
vt 0.847564 0.903803
vt 0.850262 0.903803
vt 0.850262 0.907742
vt 0.858357 0.486274
vt 0.861055 0.486274
vt 0.270475 0.903803
vt 0.270475 0.907742
vt 0.266536 0.490212
vt 0.266536 0.486274
vt 0.270475 0.486274
vt 0.270475 0.490212
vt 0.847564 0.490212
vt 0.850262 0.490212
vt 0.850262 0.697008
vt 0.847564 0.490212
vt 0.844865 0.697008
vt 0.844865 0.490212
vt 0.000000 0.490212
vt 0.003939 0.490212
vt 0.855659 0.490213
vt 0.855659 0.486274
vt 0.844865 0.486274
vt 0.847564 0.486274
vt 0.000000 0.486274
vt 0.003939 0.486274
vt 0.855659 0.756749
vt 0.855659 0.752810
vt 0.847564 0.486274
vt 0.850262 0.486274
vt 0.858357 0.621512
vt 0.861055 0.748871
vt 0.861055 0.486274
s 1
usemtl Electric.Box
f 3389/3226/2395 2876/3227/2395 2890/3228/2395 2892/3229/2395
f 3395/3230/2396 3394/3231/2396 2902/3232/2396 2904/3233/2396
f 3427/3234/2397 3389/3226/2397 2892/3229/2397 3396/3235/2397
f 2869/3236/2398 2868/3237/2398 2881/3238/2398 2882/3239/2398
f 3390/3240/2399 2878/3241/2399 2894/3242/2399 2895/3243/2399
f 2870/3244/2400 2869/3236/2400 2882/3239/2400 2885/3245/2400
f 3391/3246/2401 3390/3240/2401 2895/3243/2401 2897/3247/2401
f 2871/3248/2402 2870/3244/2402 2885/3245/2402 2886/3249/2402
f 2880/3250/2403 3391/3246/2403 2897/3247/2403 2898/3251/2403
f 2873/3252/2404 2871/3253/2404 2886/3254/2404 2887/3255/2404
f 3392/3256/2405 2880/3250/2405 2898/3251/2405 2899/3257/2405
f 2874/3258/2406 2873/3252/2406 2887/3255/2406 2888/3259/2406
f 3393/3260/2407 3392/3261/2407 2899/3262/2407 2900/3263/2407
f 2876/3227/2408 2874/3258/2408 2888/3259/2408 2890/3228/2408
f 3394/3231/2409 3393/3260/2409 2900/3263/2409 2902/3232/2409
f 2899/3257/2410 2898/3251/2410 2920/3264/2410 2921/3265/2410
f 2888/3259/2411 2887/3255/2411 2912/3266/2411 2913/3267/2411
f 2900/3263/2412 2899/3262/2412 2921/3268/2412 2922/3269/2412
f 2890/3228/2413 2888/3259/2413 2913/3267/2413 2914/3270/2413
f 2902/3232/2414 2900/3263/2414 2922/3269/2414 2923/3271/2414
f 2892/3229/2415 2890/3228/2415 2914/3270/2415 2916/3272/2415
f 2904/3233/2416 2902/3232/2416 2923/3271/2416 2924/3273/2416
f 3396/3235/2417 2892/3229/2417 2916/3272/2417 3397/3274/2417
f 2882/3239/2418 2881/3238/2418 2905/3275/2418 2906/3276/2418
f 2895/3243/2419 2894/3242/2419 2917/3277/2419 2918/3278/2419
f 2885/3245/2420 2882/3239/2420 2906/3276/2420 2908/3279/2420
f 2897/3247/2421 2895/3243/2421 2918/3278/2421 2919/3280/2421
f 2886/3249/2422 2885/3245/2422 2908/3279/2422 2910/3281/2422
f 2898/3251/2423 2897/3247/2423 2919/3280/2423 2920/3264/2423
f 2887/3255/2424 2886/3254/2424 2910/3282/2424 2912/3266/2424
f 2923/3271/2425 2922/3269/2425 2938/3283/2425 2939/3284/2425
f 2916/3272/2426 2914/3270/2426 2931/3285/2426 2932/3286/2426
f 2924/3273/2427 2923/3271/2427 2939/3284/2427 2940/3287/2427
f 3397/3274/2428 2916/3272/2428 2932/3286/2428 3398/3288/2428
f 2906/3276/2429 2905/3275/2429 2925/3289/2429 2926/3290/2429
f 2918/3278/2430 2917/3277/2430 2933/3291/2430 2934/3292/2430
f 2908/3279/2431 2906/3276/2431 2926/3290/2431 2927/3293/2431
f 2919/3280/2432 2918/3278/2432 2934/3292/2432 2935/3294/2432
f 2910/3281/2433 2908/3279/2433 2927/3293/2433 2928/3295/2433
f 2920/3264/2434 2919/3280/2434 2935/3294/2434 2936/3296/2434
f 2912/3266/2435 2910/3282/2435 2928/3297/2435 2929/3298/2435
f 2921/3265/2436 2920/3264/2436 2936/3296/2436 2937/3299/2436
f 2913/3267/2437 2912/3266/2437 2929/3298/2437 2930/3300/2437
f 2922/3269/2438 2921/3268/2438 2937/3301/2438 2938/3283/2438
f 2914/3270/2439 2913/3267/2439 2930/3300/2439 2931/3285/2439
f 2934/3292/2440 2933/3291/2440 2949/3302/2440 2950/3303/2440
f 2927/3293/2441 2926/3290/2441 2942/3304/2441 2943/3305/2441
f 2935/3294/2442 2934/3292/2442 2950/3303/2442 2951/3306/2442
f 2928/3295/2443 2927/3293/2443 2943/3305/2443 2944/3307/2443
f 2936/3296/2444 2935/3294/2444 2951/3306/2444 2952/3308/2444
f 2929/3309/2445 2928/3295/2445 2944/3307/2445 2945/3310/2445
f 2937/3301/2446 2936/3311/2446 2952/3312/2446 2953/3313/2446
f 2930/3300/2447 2929/3298/2447 2945/3314/2447 2946/3315/2447
f 2938/3283/2448 2937/3301/2448 2953/3313/2448 2954/3316/2448
f 2931/3285/2449 2930/3300/2449 2946/3315/2449 2947/3317/2449
f 2939/3284/2450 2938/3283/2450 2954/3316/2450 2955/3318/2450
f 2932/3286/2451 2931/3285/2451 2947/3317/2451 2948/3319/2451
f 2940/3287/2452 2939/3284/2452 2955/3318/2452 2956/3320/2452
f 3398/3288/2453 2932/3286/2453 2948/3319/2453 3399/3321/2453
f 2926/3290/2454 2925/3289/2454 2941/3322/2454 2942/3304/2454
f 2952/3308/2455 2951/3306/2455 2967/3323/2455 2968/3324/2455
f 2945/3310/2456 2944/3307/2456 2960/3325/2456 2961/3326/2456
f 2953/3313/2457 2952/3312/2457 2968/3327/2457 2969/3328/2457
f 2946/3315/2458 2945/3314/2458 2961/3329/2458 2962/3330/2458
f 2954/3316/2459 2953/3313/2459 2969/3328/2459 2970/3331/2459
f 2947/3317/2460 2946/3315/2460 2962/3330/2460 2963/3332/2460
f 2955/3318/2461 2954/3316/2461 2970/3331/2461 2971/3333/2461
f 2948/3334/2462 2947/3335/2462 2963/3336/2462 2964/3337/2462
f 2956/3320/2463 2955/3318/2463 2971/3333/2463 2972/3338/2463
f 3399/3339/2464 2948/3334/2464 2964/3337/2464 3400/3340/2464
f 2942/3304/2465 2941/3322/2465 2957/3341/2465 2958/3342/2465
f 2950/3343/2466 2949/3344/2466 2965/3345/2466 2966/3346/2466
f 2943/3305/2467 2942/3304/2467 2958/3342/2467 2959/3347/2467
f 2951/3306/2468 2950/3303/2468 2966/3348/2468 2967/3323/2468
f 2944/3307/2469 2943/3305/2469 2959/3347/2469 2960/3325/2469
f 2970/3331/2470 2969/3328/2470 2985/3349/2470 2986/3350/2470
f 2963/3336/2471 2962/3351/2471 2978/3352/2471 2979/3353/2471
f 2971/3333/2472 2970/3331/2472 2986/3350/2472 2987/3354/2472
f 2964/3337/2473 2963/3336/2473 2979/3353/2473 2980/3355/2473
f 2972/3338/2474 2971/3333/2474 2987/3354/2474 2988/3356/2474
f 3400/3340/2475 2964/3337/2475 2980/3355/2475 3401/3357/2475
f 2958/3342/2476 2957/3341/2476 2973/3358/2476 2974/3359/2476
f 2966/3346/2477 2965/3345/2477 2981/3360/2477 2982/3361/2477
f 2959/3347/2478 2958/3342/2478 2974/3359/2478 2975/3362/2478
f 2967/3363/2479 2966/3346/2479 2982/3361/2479 2983/3364/2479
f 2960/3325/2480 2959/3347/2480 2975/3362/2480 2976/3365/2480
f 2968/3366/2481 2967/3363/2481 2983/3364/2481 2984/3367/2481
f 2961/3326/2482 2960/3325/2482 2976/3365/2482 2977/3368/2482
f 2969/3328/2483 2968/3327/2483 2984/3369/2483 2985/3349/2483
f 2962/3351/2484 2961/3370/2484 2977/3371/2484 2978/3352/2484
f 2988/3356/2485 2987/3354/2485 3003/3372/2485 3004/3373/2485
f 3401/3357/2486 2980/3355/2486 2996/3374/2486 3402/3375/2486
f 2974/3359/2487 2973/3358/2487 2989/3376/2487 2990/3377/2487
f 2982/3361/2488 2981/3360/2488 2997/3378/2488 2998/3379/2488
f 2975/3362/2489 2974/3359/2489 2990/3377/2489 2991/3380/2489
f 2983/3364/2490 2982/3361/2490 2998/3379/2490 2999/3381/2490
f 2976/3365/2491 2975/3362/2491 2991/3380/2491 2992/3382/2491
f 2984/3367/2492 2983/3364/2492 2999/3381/2492 3000/3383/2492
f 2977/3371/2493 2976/3384/2493 2992/3385/2493 2993/3386/2493
f 2985/3387/2494 2984/3367/2494 3000/3383/2494 3001/3388/2494
f 2978/3352/2495 2977/3371/2495 2993/3386/2495 2994/3389/2495
f 2986/3350/2496 2985/3349/2496 3001/3390/2496 3002/3391/2496
f 2979/3353/2497 2978/3352/2497 2994/3389/2497 2995/3392/2497
f 2987/3354/2498 2986/3350/2498 3002/3391/2498 3003/3372/2498
f 2980/3355/2499 2979/3353/2499 2995/3392/2499 2996/3374/2499
f 2991/3380/2500 2990/3377/2500 3006/3393/2500 3007/3394/2500
f 2999/3381/2501 2998/3379/2501 3014/3395/2501 3015/3396/2501
f 2992/3382/2502 2991/3380/2502 3007/3394/2502 3008/3397/2502
f 3000/3383/2503 2999/3381/2503 3015/3396/2503 3016/3398/2503
f 2993/3386/2504 2992/3385/2504 3008/3399/2504 3009/3400/2504
f 3001/3388/2505 3000/3383/2505 3016/3398/2505 3017/3401/2505
f 2994/3389/2506 2993/3386/2506 3009/3400/2506 3010/3402/2506
f 3002/3391/2507 3001/3390/2507 3017/3403/2507 3018/3404/2507
f 2995/3392/2508 2994/3389/2508 3010/3402/2508 3011/3405/2508
f 3003/3372/2509 3002/3391/2509 3018/3404/2509 3019/3406/2509
f 2996/3374/2510 2995/3392/2510 3011/3405/2510 3012/3407/2510
f 3004/3373/2511 3003/3372/2511 3019/3406/2511 3020/3408/2511
f 3402/3375/2512 2996/3374/2512 3012/3407/2512 3403/3409/2512
f 2990/3377/2513 2989/3376/2513 3005/3410/2513 3006/3393/2513
f 2998/3379/2514 2997/3378/2514 3013/3411/2514 3014/3395/2514
f 3009/3400/2515 3008/3399/2515 3024/3412/2515 3025/3413/2515
f 3017/3401/2516 3016/3398/2516 3032/3414/2516 3033/3415/2516
f 3010/3402/2517 3009/3400/2517 3025/3413/2517 3026/3416/2517
f 3018/3404/2518 3017/3403/2518 3033/3417/2518 3034/3418/2518
f 3011/3405/2519 3010/3402/2519 3026/3416/2519 3027/3419/2519
f 3019/3406/2520 3018/3404/2520 3034/3418/2520 3035/3420/2520
f 3012/3407/2521 3011/3405/2521 3027/3419/2521 3028/3421/2521
f 3020/3408/2522 3019/3406/2522 3035/3420/2522 3036/3422/2522
f 3403/3409/2523 3012/3407/2523 3028/3421/2523 3404/3423/2523
f 3006/3393/2524 3005/3410/2524 3021/3424/2524 3022/3425/2524
f 3014/3395/2525 3013/3411/2525 3029/3426/2525 3030/3427/2525
f 3007/3394/2526 3006/3393/2526 3022/3425/2526 3023/3428/2526
f 3015/3396/2527 3014/3395/2527 3030/3427/2527 3031/3429/2527
f 3008/3397/2528 3007/3394/2528 3023/3428/2528 3024/3430/2528
f 3016/3398/2529 3015/3396/2529 3031/3429/2529 3032/3414/2529
f 3027/3419/2530 3026/3416/2530 3042/3431/2530 3043/3432/2530
f 3035/3420/2531 3034/3418/2531 3050/3433/2531 3051/3434/2531
f 3028/3421/2532 3027/3419/2532 3043/3432/2532 3044/3435/2532
f 3036/3422/2533 3035/3420/2533 3051/3434/2533 3052/3436/2533
f 3404/3423/2534 3028/3421/2534 3044/3435/2534 3405/3437/2534
f 3022/3425/2535 3021/3424/2535 3037/3438/2535 3038/3439/2535
f 3030/3427/2536 3029/3426/2536 3045/3440/2536 3046/3441/2536
f 3023/3428/2537 3022/3425/2537 3038/3439/2537 3039/3442/2537
f 3031/3429/2538 3030/3427/2538 3046/3441/2538 3047/3443/2538
f 3024/3430/2539 3023/3428/2539 3039/3442/2539 3040/3444/2539
f 3032/3414/2540 3031/3429/2540 3047/3443/2540 3048/3445/2540
f 3025/3413/2541 3024/3412/2541 3040/3446/2541 3041/3447/2541
f 3033/3415/2542 3032/3414/2542 3048/3445/2542 3049/3448/2542
f 3026/3416/2543 3025/3413/2543 3041/3447/2543 3042/3431/2543
f 3034/3418/2544 3033/3417/2544 3049/3449/2544 3050/3433/2544
f 3405/3437/2545 3044/3435/2545 3060/3450/2545 3406/3451/2545
f 3038/3439/2546 3037/3438/2546 3053/3452/2546 3054/3453/2546
f 3046/3441/2547 3045/3440/2547 3061/3454/2547 3062/3455/2547
f 3039/3442/2548 3038/3439/2548 3054/3453/2548 3055/3456/2548
f 3047/3443/2549 3046/3441/2549 3062/3455/2549 3063/3457/2549
f 3040/3444/2550 3039/3442/2550 3055/3456/2550 3056/3458/2550
f 3048/3445/2551 3047/3443/2551 3063/3457/2551 3064/3459/2551
f 3041/3447/2552 3040/3446/2552 3056/3460/2552 3057/3461/2552
f 3049/3448/2553 3048/3445/2553 3064/3459/2553 3065/3462/2553
f 3042/3431/2554 3041/3447/2554 3057/3461/2554 3058/3463/2554
f 3050/3433/2555 3049/3449/2555 3065/3464/2555 3066/3465/2555
f 3043/3432/2556 3042/3431/2556 3058/3463/2556 3059/3466/2556
f 3051/3434/2557 3050/3433/2557 3066/3465/2557 3067/3467/2557
f 3044/3435/2558 3043/3432/2558 3059/3466/2558 3060/3450/2558
f 3052/3436/2559 3051/3434/2559 3067/3467/2559 3068/3468/2559
f 3063/3457/2560 3062/3455/2560 3078/3469/2560 3079/3470/2560
f 3056/3458/2561 3055/3456/2561 3071/3471/2561 3072/3472/2561
f 3064/3459/2562 3063/3457/2562 3079/3470/2562 3080/3473/2562
f 3057/3474/2563 3056/3458/2563 3072/3472/2563 3073/3475/2563
f 3065/3464/2564 3064/3476/2564 3080/3477/2564 3081/3478/2564
f 3058/3463/2565 3057/3461/2565 3073/3479/2565 3074/3480/2565
f 3066/3465/2566 3065/3464/2566 3081/3478/2566 3082/3481/2566
f 3059/3466/2567 3058/3463/2567 3074/3480/2567 3075/3482/2567
f 3067/3467/2568 3066/3465/2568 3082/3481/2568 3083/3483/2568
f 3060/3450/2569 3059/3466/2569 3075/3482/2569 3076/3484/2569
f 3068/3468/2570 3067/3467/2570 3083/3483/2570 3084/3485/2570
f 3406/3451/2571 3060/3450/2571 3076/3484/2571 3407/3486/2571
f 3054/3453/2572 3053/3452/2572 3069/3487/2572 3070/3488/2572
f 3062/3455/2573 3061/3454/2573 3077/3489/2573 3078/3469/2573
f 3055/3456/2574 3054/3453/2574 3070/3488/2574 3071/3471/2574
f 3081/3478/2575 3080/3477/2575 3096/3490/2575 3097/3491/2575
f 3074/3480/2576 3073/3479/2576 3089/3492/2576 3090/3493/2576
f 3082/3481/2577 3081/3478/2577 3097/3491/2577 3098/3494/2577
f 3075/3482/2578 3074/3480/2578 3090/3493/2578 3091/3495/2578
f 3083/3483/2579 3082/3481/2579 3098/3494/2579 3099/3496/2579
f 3076/3484/2580 3075/3482/2580 3091/3495/2580 3092/3497/2580
f 3084/3485/2581 3083/3483/2581 3099/3496/2581 3100/3498/2581
f 3407/3486/2582 3076/3484/2582 3092/3497/2582 3408/3499/2582
f 3070/3488/2583 3069/3487/2583 3085/3500/2583 3086/3501/2583
f 3078/3469/2584 3077/3489/2584 3093/3502/2584 3094/3503/2584
f 3071/3471/2585 3070/3488/2585 3086/3501/2585 3087/3504/2585
f 3079/3470/2586 3078/3469/2586 3094/3503/2586 3095/3505/2586
f 3072/3472/2587 3071/3471/2587 3087/3504/2587 3088/3506/2587
f 3080/3473/2588 3079/3470/2588 3095/3505/2588 3096/3507/2588
f 3073/3475/2589 3072/3472/2589 3088/3506/2589 3089/3508/2589
f 3099/3496/2590 3098/3494/2590 3114/3509/2590 3115/3510/2590
f 3092/3511/2591 3091/3512/2591 3107/3513/2591 3108/3514/2591
f 3100/3498/2592 3099/3496/2592 3115/3510/2592 3116/3515/2592
f 3408/3516/2593 3092/3511/2593 3108/3514/2593 3409/3517/2593
f 3086/3501/2594 3085/3500/2594 3101/3518/2594 3102/3519/2594
f 3094/3520/2595 3093/3521/2595 3109/3522/2595 3110/3523/2595
f 3087/3504/2596 3086/3501/2596 3102/3519/2596 3103/3524/2596
f 3095/3525/2597 3094/3520/2597 3110/3523/2597 3111/3526/2597
f 3088/3506/2598 3087/3504/2598 3103/3524/2598 3104/3527/2598
f 3096/3528/2599 3095/3525/2599 3111/3526/2599 3112/3529/2599
f 3089/3508/2600 3088/3506/2600 3104/3527/2600 3105/3530/2600
f 3097/3491/2601 3096/3490/2601 3112/3531/2601 3113/3532/2601
f 3090/3533/2602 3089/3534/2602 3105/3535/2602 3106/3536/2602
f 3098/3494/2603 3097/3491/2603 3113/3532/2603 3114/3509/2603
f 3091/3512/2604 3090/3533/2604 3106/3536/2604 3107/3513/2604
f 3102/3519/2605 3101/3518/2605 3117/3537/2605 3118/3538/2605
f 3110/3523/2606 3109/3522/2606 3125/3539/2606 3126/3540/2606
f 3103/3524/2607 3102/3519/2607 3118/3538/2607 3119/3541/2607
f 3111/3526/2608 3110/3523/2608 3126/3540/2608 3127/3542/2608
f 3104/3527/2609 3103/3524/2609 3119/3541/2609 3120/3543/2609
f 3112/3529/2610 3111/3526/2610 3127/3542/2610 3128/3544/2610
f 3105/3535/2611 3104/3545/2611 3120/3546/2611 3121/3547/2611
f 3113/3548/2612 3112/3529/2612 3128/3544/2612 3129/3549/2612
f 3106/3536/2613 3105/3535/2613 3121/3547/2613 3122/3550/2613
f 3114/3509/2614 3113/3532/2614 3129/3551/2614 3130/3552/2614
f 3107/3513/2615 3106/3536/2615 3122/3550/2615 3123/3553/2615
f 3115/3510/2616 3114/3509/2616 3130/3552/2616 3131/3554/2616
f 3108/3514/2617 3107/3513/2617 3123/3553/2617 3124/3555/2617
f 3116/3515/2618 3115/3510/2618 3131/3554/2618 3132/3556/2618
f 3409/3517/2619 3108/3514/2619 3124/3555/2619 3410/3557/2619
f 3120/3543/2620 3119/3541/2620 3135/3558/2620 3136/3559/2620
f 3128/3544/2621 3127/3542/2621 3143/3560/2621 3144/3561/2621
f 3121/3547/2622 3120/3546/2622 3136/3562/2622 3137/3563/2622
f 3129/3549/2623 3128/3544/2623 3144/3561/2623 3145/3564/2623
f 3122/3550/2624 3121/3547/2624 3137/3563/2624 3138/3565/2624
f 3130/3552/2625 3129/3551/2625 3145/3566/2625 3146/3567/2625
f 3123/3553/2626 3122/3550/2626 3138/3565/2626 3139/3568/2626
f 3131/3554/2627 3130/3552/2627 3146/3567/2627 3147/3569/2627
f 3124/3555/2628 3123/3553/2628 3139/3568/2628 3140/3570/2628
f 3132/3556/2629 3131/3554/2629 3147/3569/2629 3148/3571/2629
f 3410/3557/2630 3124/3555/2630 3140/3570/2630 3411/3572/2630
f 3118/3538/2631 3117/3537/2631 3133/3573/2631 3134/3574/2631
f 3126/3540/2632 3125/3539/2632 3141/3575/2632 3142/3576/2632
f 3119/3541/2633 3118/3538/2633 3134/3574/2633 3135/3558/2633
f 3127/3542/2634 3126/3540/2634 3142/3576/2634 3143/3560/2634
f 3138/3565/2635 3137/3563/2635 3153/3577/2635 3154/3578/2635
f 3146/3567/2636 3145/3566/2636 3161/3579/2636 3162/3580/2636
f 3139/3568/2637 3138/3565/2637 3154/3578/2637 3155/3581/2637
f 3147/3569/2638 3146/3567/2638 3162/3580/2638 3163/3582/2638
f 3140/3570/2639 3139/3568/2639 3155/3581/2639 3156/3583/2639
f 3148/3571/2640 3147/3569/2640 3163/3582/2640 3164/3584/2640
f 3411/3572/2641 3140/3570/2641 3156/3583/2641 3412/3585/2641
f 3134/3574/2642 3133/3573/2642 3149/3586/2642 3150/3587/2642
f 3142/3576/2643 3141/3575/2643 3157/3588/2643 3158/3589/2643
f 3135/3558/2644 3134/3574/2644 3150/3587/2644 3151/3590/2644
f 3143/3560/2645 3142/3576/2645 3158/3589/2645 3159/3591/2645
f 3136/3559/2646 3135/3558/2646 3151/3590/2646 3152/3592/2646
f 3144/3561/2647 3143/3560/2647 3159/3591/2647 3160/3593/2647
f 3137/3563/2648 3136/3562/2648 3152/3594/2648 3153/3577/2648
f 3145/3564/2649 3144/3561/2649 3160/3593/2649 3161/3595/2649
f 3156/3583/2650 3155/3581/2650 3171/3596/2650 3172/3597/2650
f 3164/3584/2651 3163/3582/2651 3179/3598/2651 3180/3599/2651
f 3412/3585/2652 3156/3583/2652 3172/3597/2652 3413/3600/2652
f 3150/3587/2653 3149/3586/2653 3165/3601/2653 3166/3602/2653
f 3158/3589/2654 3157/3588/2654 3173/3603/2654 3174/3604/2654
f 3151/3590/2655 3150/3587/2655 3166/3602/2655 3167/3605/2655
f 3159/3591/2656 3158/3589/2656 3174/3604/2656 3175/3606/2656
f 3152/3592/2657 3151/3590/2657 3167/3605/2657 3168/3607/2657
f 3160/3593/2658 3159/3591/2658 3175/3606/2658 3176/3608/2658
f 3153/3577/2659 3152/3594/2659 3168/3609/2659 3169/3610/2659
f 3161/3595/2660 3160/3593/2660 3176/3608/2660 3177/3611/2660
f 3154/3578/2661 3153/3577/2661 3169/3610/2661 3170/3612/2661
f 3162/3580/2662 3161/3579/2662 3177/3613/2662 3178/3614/2662
f 3155/3581/2663 3154/3578/2663 3170/3612/2663 3171/3596/2663
f 3163/3582/2664 3162/3580/2664 3178/3614/2664 3179/3598/2664
f 3174/3604/2665 3173/3603/2665 3189/3615/2665 3190/3616/2665
f 3167/3605/2666 3166/3602/2666 3182/3617/2666 3183/3618/2666
f 3175/3606/2667 3174/3604/2667 3190/3616/2667 3191/3619/2667
f 3168/3607/2668 3167/3605/2668 3183/3618/2668 3184/3620/2668
f 3176/3608/2669 3175/3606/2669 3191/3619/2669 3192/3621/2669
f 3169/3610/2670 3168/3609/2670 3184/3622/2670 3185/3623/2670
f 3177/3611/2671 3176/3608/2671 3192/3621/2671 3193/3624/2671
f 3170/3612/2672 3169/3610/2672 3185/3623/2672 3186/3625/2672
f 3178/3614/2673 3177/3613/2673 3193/3626/2673 3194/3627/2673
f 3171/3596/2674 3170/3612/2674 3186/3625/2674 3187/3628/2674
f 3179/3598/2675 3178/3614/2675 3194/3627/2675 3195/3629/2675
f 3172/3597/2676 3171/3596/2676 3187/3628/2676 3188/3630/2676
f 3180/3599/2677 3179/3598/2677 3195/3629/2677 3196/3631/2677
f 3413/3600/2678 3172/3597/2678 3188/3630/2678 3414/3632/2678
f 3166/3602/2679 3165/3601/2679 3181/3633/2679 3182/3617/2679
f 3192/3621/2680 3191/3619/2680 3207/3634/2680 3208/3635/2680
f 3185/3636/2681 3184/3620/2681 3200/3637/2681 3201/3638/2681
f 3193/3626/2682 3192/3639/2682 3208/3640/2682 3209/3641/2682
f 3186/3625/2683 3185/3623/2683 3201/3642/2683 3202/3643/2683
f 3194/3627/2684 3193/3626/2684 3209/3641/2684 3210/3644/2684
f 3187/3628/2685 3186/3625/2685 3202/3643/2685 3203/3645/2685
f 3195/3629/2686 3194/3627/2686 3210/3644/2686 3211/3646/2686
f 3188/3630/2687 3187/3628/2687 3203/3645/2687 3204/3647/2687
f 3196/3631/2688 3195/3629/2688 3211/3646/2688 3212/3648/2688
f 3414/3632/2689 3188/3630/2689 3204/3647/2689 3415/3649/2689
f 3182/3617/2690 3181/3633/2690 3197/3650/2690 3198/3651/2690
f 3190/3616/2691 3189/3615/2691 3205/3652/2691 3206/3653/2691
f 3183/3618/2692 3182/3617/2692 3198/3651/2692 3199/3654/2692
f 3191/3619/2693 3190/3616/2693 3206/3653/2693 3207/3634/2693
f 3184/3620/2694 3183/3618/2694 3199/3654/2694 3200/3637/2694
f 3210/3644/2695 3209/3641/2695 3225/3655/2695 3226/3656/2695
f 3203/3645/2696 3202/3643/2696 3218/3657/2696 3219/3658/2696
f 3211/3646/2697 3210/3644/2697 3226/3656/2697 3227/3659/2697
f 3204/3647/2698 3203/3645/2698 3219/3658/2698 3220/3660/2698
f 3212/3648/2699 3211/3646/2699 3227/3659/2699 3228/3661/2699
f 3415/3662/2700 3204/3663/2700 3220/3664/2700 3416/3665/2700
f 3198/3651/2701 3197/3650/2701 3213/3666/2701 3214/3667/2701
f 3206/3653/2702 3205/3652/2702 3221/3668/2702 3222/3669/2702
f 3199/3654/2703 3198/3651/2703 3214/3667/2703 3215/3670/2703
f 3207/3634/2704 3206/3653/2704 3222/3669/2704 3223/3671/2704
f 3200/3637/2705 3199/3654/2705 3215/3670/2705 3216/3672/2705
f 3208/3635/2706 3207/3634/2706 3223/3671/2706 3224/3673/2706
f 3201/3638/2707 3200/3637/2707 3216/3672/2707 3217/3674/2707
f 3209/3641/2708 3208/3640/2708 3224/3675/2708 3225/3655/2708
f 3202/3643/2709 3201/3642/2709 3217/3676/2709 3218/3657/2709
f 3228/3661/2710 3227/3659/2710 3243/3677/2710 3244/3678/2710
f 3416/3665/2711 3220/3664/2711 3236/3679/2711 3417/3680/2711
f 3214/3667/2712 3213/3666/2712 3229/3681/2712 3230/3682/2712
f 3222/3683/2713 3221/3684/2713 3237/3685/2713 3238/3686/2713
f 3215/3670/2714 3214/3667/2714 3230/3682/2714 3231/3687/2714
f 3223/3688/2715 3222/3683/2715 3238/3686/2715 3239/3689/2715
f 3216/3672/2716 3215/3670/2716 3231/3687/2716 3232/3690/2716
f 3224/3691/2717 3223/3688/2717 3239/3689/2717 3240/3692/2717
f 3217/3674/2718 3216/3672/2718 3232/3690/2718 3233/3693/2718
f 3225/3655/2719 3224/3675/2719 3240/3694/2719 3241/3695/2719
f 3218/3696/2720 3217/3697/2720 3233/3698/2720 3234/3699/2720
f 3226/3656/2721 3225/3655/2721 3241/3695/2721 3242/3700/2721
f 3219/3701/2722 3218/3696/2722 3234/3699/2722 3235/3702/2722
f 3227/3659/2723 3226/3656/2723 3242/3700/2723 3243/3677/2723
f 3220/3664/2724 3219/3701/2724 3235/3702/2724 3236/3679/2724
f 3239/3689/2725 3238/3686/2725 3254/3703/2725 3255/3704/2725
f 3232/3690/2726 3231/3687/2726 3247/3705/2726 3248/3706/2726
f 3240/3692/2727 3239/3689/2727 3255/3704/2727 3256/3707/2727
f 3233/3698/2728 3232/3708/2728 3248/3709/2728 3249/3710/2728
f 3241/3711/2729 3240/3692/2729 3256/3707/2729 3257/3712/2729
f 3234/3699/2730 3233/3698/2730 3249/3710/2730 3250/3713/2730
f 3242/3700/2731 3241/3695/2731 3257/3714/2731 3258/3715/2731
f 3235/3702/2732 3234/3699/2732 3250/3713/2732 3251/3716/2732
f 3243/3677/2733 3242/3700/2733 3258/3715/2733 3259/3717/2733
f 3236/3679/2734 3235/3702/2734 3251/3716/2734 3252/3718/2734
f 3244/3678/2735 3243/3677/2735 3259/3717/2735 3260/3719/2735
f 3417/3680/2736 3236/3679/2736 3252/3718/2736 3418/3720/2736
f 3230/3682/2737 3229/3681/2737 3245/3721/2737 3246/3722/2737
f 3238/3686/2738 3237/3685/2738 3253/3723/2738 3254/3703/2738
f 3231/3687/2739 3230/3682/2739 3246/3722/2739 3247/3705/2739
f 3257/3712/2740 3256/3707/2740 3272/3724/2740 3273/3725/2740
f 3250/3713/2741 3249/3710/2741 3265/3726/2741 3266/3727/2741
f 3258/3715/2742 3257/3714/2742 3273/3728/2742 3274/3729/2742
f 3251/3716/2743 3250/3713/2743 3266/3727/2743 3267/3730/2743
f 3259/3717/2744 3258/3715/2744 3274/3729/2744 3275/3731/2744
f 3252/3718/2745 3251/3716/2745 3267/3730/2745 3268/3732/2745
f 3260/3719/2746 3259/3717/2746 3275/3731/2746 3276/3733/2746
f 3418/3720/2747 3252/3718/2747 3268/3732/2747 3419/3734/2747
f 3246/3722/2748 3245/3721/2748 3261/3735/2748 3262/3736/2748
f 3254/3703/2749 3253/3723/2749 3269/3737/2749 3270/3738/2749
f 3247/3705/2750 3246/3722/2750 3262/3736/2750 3263/3739/2750
f 3255/3704/2751 3254/3703/2751 3270/3738/2751 3271/3740/2751
f 3248/3706/2752 3247/3705/2752 3263/3739/2752 3264/3741/2752
f 3256/3707/2753 3255/3704/2753 3271/3740/2753 3272/3724/2753
f 3249/3710/2754 3248/3709/2754 3264/3742/2754 3265/3726/2754
f 3428/3743/2755 3429/3744/2755 3290/3745/2755 3291/3746/2755
f 3430/3747/2756 3431/3748/2756 3283/3749/2756 3284/3750/2756
f 3433/3751/2757 3428/3743/2757 3291/3746/2757 3292/3752/2757
f 3452/3753/2758 3444/3754/2758 3446/3755/2758 3445/3756/2758
f 3430/3747/2758 3284/3750/2758 3420/3757/2758 3451/3758/2758 3449/3759/2758 3450/3760/2758 3448/3761/2758 3447/3762/2758
f 3435/3763/2759 3432/3764/2759 3277/3765/2760 3278/3766/2760
f 3436/3767/2761 3434/3768/2761 3285/3769/2761 3286/3770/2761
f 3437/3771/2762 3435/3763/2762 3278/3766/2762 3279/3772/2762
f 3438/3773/2763 3436/3767/2763 3286/3770/2763 3287/3774/2763
f 3439/3775/2764 3437/3771/2764 3279/3772/2764 3280/3776/2764
f 3440/3777/2765 3438/3773/2765 3287/3774/2765 3288/3778/2765
f 3441/3779/2766 3439/3780/2766 3280/3781/2766 3281/3782/2766
f 3442/3783/2767 3440/3777/2767 3288/3778/2768 3289/3784/2768
f 3443/3785/2769 3441/3779/2769 3281/3782/2769 3282/3786/2769
f 3429/3744/2770 3442/3787/2770 3289/3788/2770 3290/3745/2770
f 3431/3748/2771 3443/3785/2771 3282/3786/2771 3283/3749/2771
f 3278/3766/2772 3277/3765/2772 3293/3789/2772 3294/3790/2772
f 3286/3770/2773 3285/3769/2773 3301/3791/2773 3302/3792/2773
f 3279/3772/2774 3278/3766/2774 3294/3790/2774 3295/3793/2774
f 3287/3774/2775 3286/3770/2775 3302/3792/2775 3303/3794/2775
f 3280/3776/2776 3279/3772/2776 3295/3793/2776 3296/3795/2776
f 3288/3778/2777 3287/3774/2777 3303/3794/2777 3304/3796/2777
f 3281/3782/2778 3280/3781/2778 3296/3797/2778 3297/3798/2778
f 3289/3784/2779 3288/3778/2779 3304/3796/2779 3305/3799/2779
f 3282/3786/2780 3281/3782/2780 3297/3798/2780 3298/3800/2780
f 3290/3745/2781 3289/3788/2781 3305/3801/2781 3306/3802/2781
f 3283/3749/2782 3282/3786/2782 3298/3800/2782 3299/3803/2782
f 3291/3746/2783 3290/3745/2783 3306/3802/2783 3307/3804/2783
f 3284/3750/2784 3283/3749/2784 3299/3803/2784 3300/3805/2784
f 3292/3752/2785 3291/3746/2785 3307/3804/2785 3308/3806/2785
f 3420/3757/2786 3284/3750/2786 3300/3805/2786 3421/3807/2786
f 3296/3795/2787 3295/3793/2787 3311/3808/2787 3312/3809/2787
f 3304/3796/2788 3303/3794/2788 3319/3810/2788 3320/3811/2788
f 3297/3798/2789 3296/3797/2789 3312/3812/2789 3313/3813/2789
f 3305/3799/2790 3304/3796/2790 3320/3811/2790 3321/3814/2790
f 3298/3800/2791 3297/3798/2791 3313/3813/2791 3314/3815/2791
f 3306/3802/2792 3305/3801/2792 3321/3816/2792 3322/3817/2792
f 3299/3803/2793 3298/3800/2793 3314/3815/2793 3315/3818/2793
f 3307/3804/2794 3306/3802/2794 3322/3817/2794 3323/3819/2794
f 3300/3805/2795 3299/3803/2795 3315/3818/2795 3316/3820/2795
f 3308/3806/2796 3307/3804/2796 3323/3819/2796 3324/3821/2796
f 3421/3807/2797 3300/3805/2797 3316/3820/2797 3422/3822/2797
f 3294/3790/2798 3293/3789/2798 3309/3823/2798 3310/3824/2798
f 3302/3792/2799 3301/3791/2799 3317/3825/2799 3318/3826/2799
f 3295/3793/2800 3294/3790/2800 3310/3824/2800 3311/3808/2800
f 3303/3794/2801 3302/3792/2801 3318/3826/2801 3319/3810/2801
f 3314/3815/2802 3313/3813/2802 3329/3827/2802 3330/3828/2802
f 3322/3817/2803 3321/3816/2803 3337/3829/2803 3338/3830/2803
f 3315/3818/2804 3314/3815/2804 3330/3828/2804 3331/3831/2804
f 3323/3819/2805 3322/3817/2805 3338/3830/2805 3339/3832/2805
f 3316/3820/2806 3315/3818/2806 3331/3831/2806 3332/3833/2806
f 3324/3821/2807 3323/3819/2807 3339/3832/2807 3340/3834/2807
f 3422/3822/2808 3316/3820/2808 3332/3833/2808 3423/3835/2808
f 3310/3824/2809 3309/3823/2809 3325/3836/2809 3326/3837/2809
f 3318/3826/2810 3317/3825/2810 3333/3838/2810 3334/3839/2810
f 3311/3808/2811 3310/3824/2811 3326/3837/2811 3327/3840/2811
f 3319/3810/2812 3318/3826/2812 3334/3839/2812 3335/3841/2812
f 3312/3809/2813 3311/3808/2813 3327/3840/2813 3328/3842/2813
f 3320/3811/2814 3319/3810/2814 3335/3841/2814 3336/3843/2814
f 3313/3844/2815 3312/3809/2815 3328/3842/2815 3329/3845/2815
f 3321/3816/2816 3320/3846/2816 3336/3847/2816 3337/3829/2816
f 3332/3848/2817 3331/3849/2817 3347/3850/2817 3348/3851/2817
f 3340/3834/2818 3339/3832/2818 3355/3852/2818 3356/3853/2818
f 3423/3835/2819 3332/3833/2819 3348/3334/2819 3424/3339/2819
f 3326/3837/2820 3325/3836/2820 3341/3854/2820 3342/3855/2820
f 3334/3856/2821 3333/3857/2821 3349/3858/2821 3350/3859/2821
f 3327/3840/2822 3326/3837/2822 3342/3855/2822 3343/3860/2822
f 3335/3861/2823 3334/3856/2823 3350/3859/2823 3351/3862/2823
f 3328/3842/2824 3327/3840/2824 3343/3860/2824 3344/3863/2824
f 3336/3864/2825 3335/3861/2825 3351/3862/2825 3352/3865/2825
f 3329/3845/2826 3328/3842/2826 3344/3863/2826 3345/3866/2826
f 3337/3829/2827 3336/3847/2827 3352/3867/2827 3353/3868/2827
f 3330/3869/2828 3329/3870/2828 3345/3871/2828 3346/3872/2828
f 3338/3830/2829 3337/3829/2829 3353/3868/2829 3354/3873/2829
f 3331/3831/2830 3330/3828/2830 3346/3874/2830 3347/3875/2830
f 3339/3832/2831 3338/3830/2831 3354/3873/2831 3355/3852/2831
f 3350/3859/2832 3349/3858/2832 3365/3876/2832 3366/3877/2832
f 3343/3860/2833 3342/3855/2833 3358/3878/2833 3359/3879/2833
f 3351/3862/2834 3350/3859/2834 3366/3877/2834 3367/3880/2834
f 3344/3863/2835 3343/3860/2835 3359/3879/2835 3360/3881/2835
f 3352/3865/2836 3351/3862/2836 3367/3880/2836 3368/3882/2836
f 3345/3866/2837 3344/3863/2837 3360/3881/2837 3361/3883/2837
f 3353/3868/2838 3352/3867/2838 3368/3884/2838 3369/3885/2838
f 3346/3872/2839 3345/3871/2839 3361/3886/2839 3362/3887/2839
f 3354/3873/2840 3353/3868/2840 3369/3885/2840 3370/3888/2840
f 3347/3850/2841 3346/3872/2841 3362/3887/2841 3363/3889/2841
f 3355/3852/2842 3354/3873/2842 3370/3888/2842 3371/3890/2842
f 3348/3851/2843 3347/3850/2843 3363/3889/2843 3364/3891/2843
f 3181/3633/2844 3165/3601/2844 3149/3586/2844 3133/3573/2844 3117/3537/2844 3101/3518/2844 3085/3500/2844 3069/3487/2844 3053/3452/2844 3037/3438/2844 3021/3424/2844 3005/3410/2844 2989/3376/2844 2973/3358/2844 2957/3341/2844 2941/3322/2844 2925/3289/2844 2905/3275/2844 2881/3238/2844 2868/3237/2844 3373/3892/2844 3357/3893/2844 3341/3854/2844 3325/3836/2844 3309/3823/2844 3293/3789/2844 3277/3765/2844 3432/3764/2844 3261/3735/2844 3245/3721/2844 3229/3681/2844 3213/3666/2844 3197/3650/2844
f 3356/3853/2845 3355/3852/2845 3371/3890/2845 3372/3894/2845
f 3424/3895/2846 3348/3851/2846 3364/3891/2846 3425/3896/2846
f 3342/3855/2847 3341/3854/2847 3357/3893/2847 3358/3878/2847
f 3395/3230/2848 2904/3233/2848 2924/3273/2848 2940/3287/2848 2956/3320/2848 2972/3338/2848 2988/3356/2848 3004/3373/2848 3020/3408/2848 3036/3422/2848 3052/3436/2848 3068/3468/2848 3084/3485/2848 3100/3498/2848 3116/3515/2848 3132/3556/2848 3148/3571/2848 3164/3584/2848 3180/3599/2848 3196/3631/2848 3212/3648/2848 3228/3661/2848 3244/3678/2848 3260/3719/2848 3276/3733/2848 3433/3751/2848 3292/3752/2848 3308/3806/2848 3324/3821/2848 3340/3834/2848 3356/3853/2848 3372/3894/2848 3388/3897/2848
f 3368/3882/2849 3367/3880/2849 3383/3898/2849 3384/3899/2849
f 3361/3886/2850 3360/3900/2850 3376/3901/2850 3377/3902/2850
f 3369/3903/2851 3368/3882/2851 3384/3899/2851 3385/3904/2851
f 3362/3887/2852 3361/3886/2852 3377/3902/2852 3378/3905/2852
f 3370/3888/2853 3369/3885/2853 3385/3906/2853 3386/3907/2853
f 3363/3889/2854 3362/3887/2854 3378/3905/2854 3379/3908/2854
f 3371/3890/2855 3370/3888/2855 3386/3907/2855 3387/3909/2855
f 3364/3891/2856 3363/3889/2856 3379/3908/2856 3380/3910/2856
f 3372/3894/2857 3371/3890/2857 3387/3909/2857 3388/3897/2857
f 3425/3896/2858 3364/3891/2858 3380/3910/2858 3426/3911/2858
f 3358/3878/2859 3357/3893/2859 3373/3892/2859 3374/3912/2859
f 3366/3877/2860 3365/3876/2860 3381/3913/2860 3382/3914/2860
f 3359/3879/2861 3358/3878/2861 3374/3912/2861 3375/3915/2861
f 3367/3880/2862 3366/3877/2862 3382/3914/2862 3383/3898/2862
f 3360/3881/2863 3359/3879/2863 3375/3915/2863 3376/3916/2863
f 3386/3907/2864 3385/3906/2864 3392/3261/2864 3393/3260/2864
f 3379/3908/2865 3378/3905/2865 2874/3258/2865 2876/3227/2865
f 3387/3909/2866 3386/3907/2866 3393/3260/2866 3394/3231/2866
f 3380/3910/2867 3379/3908/2867 2876/3227/2867 3389/3226/2867
f 3388/3897/2868 3387/3909/2868 3394/3231/2868 3395/3230/2868
f 3426/3911/2869 3380/3910/2869 3389/3226/2869 3427/3234/2869
f 3374/3912/2870 3373/3892/2870 2868/3237/2870 2869/3236/2870
f 3382/3914/2871 3381/3913/2871 2878/3241/2871 3390/3240/2871
f 3375/3915/2872 3374/3912/2872 2869/3236/2872 2870/3244/2872
f 3383/3898/2873 3382/3914/2873 3390/3240/2873 3391/3246/2873
f 3376/3916/2874 3375/3915/2874 2870/3244/2874 2871/3248/2874
f 3384/3899/2875 3383/3898/2875 3391/3246/2875 2880/3250/2875
f 3377/3902/2876 3376/3901/2876 2871/3253/2876 2873/3252/2876
f 3385/3904/2877 3384/3899/2877 2880/3250/2877 3392/3256/2877
f 3378/3905/2878 3377/3902/2878 2873/3252/2878 2874/3258/2878
f 3381/3913/2869 3426/3911/2869 3427/3234/2869 2878/3241/2869
f 3365/3876/2858 3425/3896/2858 3426/3911/2858 3381/3913/2858
f 3349/3858/2846 3424/3895/2846 3425/3896/2846 3365/3876/2846
f 3333/3838/2819 3423/3835/2819 3424/3339/2819 3349/3344/2819
f 3317/3825/2808 3422/3822/2808 3423/3835/2808 3333/3838/2808
f 3301/3791/2797 3421/3807/2797 3422/3822/2797 3317/3825/2797
f 3285/3769/2786 3420/3757/2786 3421/3807/2786 3301/3791/2786
f 3451/3758/2758 3420/3757/2758 3285/3769/2758 3434/3768/2758 3453/3917/2758 3455/3918/2758 3457/3919/2758 3458/3920/2758
f 3456/3921/2758 3454/3922/2758 3444/3754/2758 3452/3753/2758
f 3253/3723/2747 3418/3720/2747 3419/3734/2747 3269/3737/2747
f 3237/3685/2736 3417/3680/2736 3418/3720/2736 3253/3723/2736
f 3221/3684/2711 3416/3665/2711 3417/3680/2711 3237/3685/2711
f 3205/3923/2700 3415/3662/2700 3416/3665/2700 3221/3684/2700
f 3189/3615/2689 3414/3632/2689 3415/3649/2689 3205/3652/2689
f 3173/3603/2678 3413/3600/2678 3414/3632/2678 3189/3615/2678
f 3157/3588/2652 3412/3585/2652 3413/3600/2652 3173/3603/2652
f 3141/3575/2641 3411/3572/2641 3412/3585/2641 3157/3588/2641
f 3125/3539/2630 3410/3557/2630 3411/3572/2630 3141/3575/2630
f 3109/3522/2619 3409/3517/2619 3410/3557/2619 3125/3539/2619
f 3093/3521/2593 3408/3516/2593 3409/3517/2593 3109/3522/2593
f 3077/3489/2582 3407/3486/2582 3408/3499/2582 3093/3502/2582
f 3061/3454/2571 3406/3451/2571 3407/3486/2571 3077/3489/2571
f 3045/3440/2545 3405/3437/2545 3406/3451/2545 3061/3454/2545
f 3029/3426/2534 3404/3423/2534 3405/3437/2534 3045/3440/2534
f 3013/3411/2523 3403/3409/2523 3404/3423/2523 3029/3426/2523
f 2997/3378/2512 3402/3375/2512 3403/3409/2512 3013/3411/2512
f 2981/3360/2486 3401/3357/2486 3402/3375/2486 2997/3378/2486
f 2965/3345/2475 3400/3340/2475 3401/3357/2475 2981/3360/2475
f 2949/3344/2464 3399/3339/2464 3400/3340/2464 2965/3345/2464
f 2933/3291/2453 3398/3288/2453 3399/3321/2453 2949/3302/2453
f 2917/3277/2428 3397/3274/2428 3398/3288/2428 2933/3291/2428
f 2894/3242/2417 3396/3235/2417 3397/3274/2417 2917/3277/2417
f 2878/3241/2397 3427/3234/2397 3396/3235/2397 2894/3242/2397
f 3459/3924/2758 3444/3754/2758 3454/3922/2758 3464/3925/2758
f 3434/3768/2758 3269/3737/2758 3419/3734/2758 3460/3926/2758 3463/3927/2758 3461/3928/2758 3462/3929/2758 3453/3917/2758
f 3267/3730/2771 3266/3727/2771 3443/3785/2771 3431/3748/2771
f 3274/3729/2770 3273/3728/2770 3442/3787/2770 3429/3744/2770
f 3266/3727/2769 3265/3726/2769 3441/3779/2769 3443/3785/2769
f 3273/3725/2767 3272/3724/2767 3440/3777/2767 3442/3783/2767
f 3265/3726/2766 3264/3742/2766 3439/3780/2766 3441/3779/2766
f 3272/3724/2879 3271/3740/2879 3438/3773/2765 3440/3777/2765
f 3264/3741/2764 3263/3739/2764 3437/3771/2764 3439/3775/2764
f 3271/3740/2763 3270/3738/2763 3436/3767/2763 3438/3773/2763
f 3263/3739/2762 3262/3736/2762 3435/3763/2762 3437/3771/2762
f 3270/3738/2761 3269/3737/2761 3434/3768/2761 3436/3767/2761
f 3262/3736/2759 3261/3735/2759 3432/3764/2759 3435/3763/2759
f 3467/3930/2758 3446/3755/2758 3444/3754/2758 3459/3924/2758
f 3419/3734/2758 3268/3732/2758 3430/3747/2758 3447/3762/2758 3468/3931/2758 3465/3932/2758 3466/3933/2758 3460/3926/2758
f 3276/3733/2880 3275/3731/2880 3428/3743/2757 3433/3751/2757
f 3268/3732/2756 3267/3730/2756 3431/3748/2756 3430/3747/2756
f 3275/3731/2755 3274/3729/2755 3429/3744/2755 3428/3743/2755
f 2877/3934/2641 2879/3935/2641 3450/3936/2641 3449/3937/2641
f 2877/3938/2758 2872/3939/2758 2875/3940/2758 2879/3941/2758
f 2872/3942/2397 2901/3943/2397 3456/3944/2397 3452/3945/2397 3445/3946/2397
f 3450/3947/2848 2879/3948/2848 2875/3949/2848 3448/3950/2848
f 3464/3951/2641 2893/3952/2641 2883/3953/2641 3467/3954/2641 3459/3955/2641
f 2883/3956/2844 2872/3957/2844 3445/3958/2844 3446/3959/2844 3467/3960/2844
f 2875/3949/2848 2884/3961/2848 3468/3962/2848 3447/3963/2848 3448/3950/2848
f 2872/3939/2758 2883/3964/2758 2884/3965/2758 2875/3940/2758
f 2891/3966/2397 2889/3967/2397 3466/3968/2397 3465/3969/2397
f 3468/3962/2848 2884/3961/2848 2891/3970/2848 3465/3971/2848
f 2883/3964/2758 2889/3972/2758 2891/3973/2758 2884/3965/2758
f 2893/3974/2758 2911/3975/2758 2915/3976/2758 2896/3977/2758
f 2883/3964/2758 2893/3974/2758 2896/3977/2758 2889/3972/2758
f 2889/3967/2397 2896/3978/2397 3463/3979/2397 3460/3980/2397 3466/3968/2397
f 2903/3981/2641 2877/3934/2641 3449/3937/2641 3451/3982/2641 3458/3983/2641
f 2877/3938/2758 2903/3984/2758 2901/3985/2758 2872/3939/2758
f 3455/3961/2844 2907/3986/2844 2909/3987/2844 3457/3970/2844
f 3457/3988/2641 2909/3989/2641 2903/3981/2641 3458/3983/2641
f 2903/3984/2758 2909/3990/2758 2907/3991/2758 2901/3985/2758
f 3461/3948/2844 2915/3992/2844 2911/3993/2844 3462/3949/2844
f 3463/3979/2397 2896/3978/2397 2915/3994/2397 3461/3995/2397
f 2911/3993/2844 2907/3986/2844 3455/3961/2844 3453/3996/2844 3462/3949/2844
f 2901/3997/2848 2893/3998/2848 3464/3960/2848 3454/3959/2848 3456/3958/2848
f 2893/3974/2758 2901/3985/2758 2907/3991/2758 2911/3975/2758
o Emergency.Button.001
v -0.239840 1.585350 0.003180
v -0.224185 1.585350 0.003180
v -0.239840 1.583166 0.003395
v -0.224185 1.583166 0.003395
v -0.239840 1.581066 0.004032
v -0.224185 1.581066 0.004032
v -0.239840 1.579131 0.005067
v -0.224185 1.579131 0.005067
v -0.239840 1.577435 0.006459
v -0.224185 1.577435 0.006459
v -0.239840 1.576043 0.008155
v -0.224185 1.576043 0.008155
v -0.239840 1.575009 0.010090
v -0.224185 1.575009 0.010090
v -0.239840 1.574372 0.012190
v -0.224185 1.574372 0.012190
v -0.239840 1.574157 0.014374
v -0.224185 1.574157 0.014374
v -0.239840 1.574372 0.016557
v -0.224185 1.574372 0.016557
v -0.239840 1.575009 0.018657
v -0.224185 1.575009 0.018657
v -0.239840 1.576043 0.020593
v -0.224185 1.576043 0.020593
v -0.239840 1.577435 0.022289
v -0.224185 1.577435 0.022289
v -0.239840 1.579131 0.023681
v -0.224185 1.579131 0.023681
v -0.239840 1.581066 0.024715
v -0.224185 1.581066 0.024715
v -0.239840 1.583166 0.025352
v -0.224185 1.583166 0.025352
v -0.239840 1.585350 0.025567
v -0.224185 1.585350 0.025567
v -0.239840 1.587534 0.025352
v -0.224185 1.587534 0.025352
v -0.239840 1.589634 0.024715
v -0.224185 1.589634 0.024715
v -0.239840 1.591569 0.023681
v -0.224185 1.591569 0.023681
v -0.239840 1.593265 0.022289
v -0.224185 1.593265 0.022289
v -0.239840 1.594657 0.020593
v -0.224185 1.594657 0.020593
v -0.239840 1.595692 0.018657
v -0.224185 1.595692 0.018657
v -0.239840 1.596328 0.016557
v -0.224185 1.596328 0.016557
v -0.239840 1.596544 0.014374
v -0.224185 1.596544 0.014374
v -0.239840 1.596328 0.012190
v -0.224185 1.596328 0.012190
v -0.239840 1.595692 0.010090
v -0.224185 1.595692 0.010090
v -0.239840 1.594657 0.008155
v -0.224185 1.594657 0.008155
v -0.239840 1.593265 0.006459
v -0.224185 1.593265 0.006459
v -0.239840 1.591569 0.005067
v -0.224185 1.591569 0.005067
v -0.239840 1.589634 0.004032
v -0.224185 1.589634 0.004032
v -0.239840 1.587534 0.003395
v -0.224185 1.587534 0.003395
v -0.240229 1.585350 -0.002268
v -0.240229 1.582103 -0.001949
v -0.240229 1.578981 -0.001002
v -0.240229 1.576104 0.000536
v -0.240229 1.573582 0.002606
v -0.240229 1.571513 0.005128
v -0.240229 1.569975 0.008005
v -0.240229 1.569028 0.011127
v -0.240229 1.568708 0.014374
v -0.240229 1.569028 0.017620
v -0.240229 1.569975 0.020742
v -0.240229 1.571513 0.023620
v -0.240229 1.573582 0.026142
v -0.240229 1.576104 0.028211
v -0.240229 1.578981 0.029749
v -0.240229 1.582103 0.030696
v -0.240229 1.585350 0.031016
v -0.240229 1.588597 0.030696
v -0.240229 1.591719 0.029749
v -0.240229 1.594596 0.028211
v -0.240229 1.597118 0.026142
v -0.240229 1.599187 0.023620
v -0.240229 1.600725 0.020742
v -0.240229 1.601672 0.017620
v -0.240229 1.601992 0.014374
v -0.240229 1.601672 0.011127
v -0.240229 1.600725 0.008005
v -0.240229 1.599187 0.005128
v -0.240229 1.597118 0.002606
v -0.240229 1.594596 0.000536
v -0.240229 1.591719 -0.001002
v -0.240229 1.588597 -0.001949
v -0.239189 1.585350 -0.003991
v -0.239189 1.581767 -0.003638
v -0.239189 1.578322 -0.002593
v -0.239189 1.575147 -0.000896
v -0.239189 1.572364 0.001388
v -0.239189 1.570080 0.004171
v -0.239189 1.568383 0.007346
v -0.239189 1.567338 0.010791
v -0.239189 1.566985 0.014374
v -0.239189 1.567338 0.017957
v -0.239189 1.568383 0.021402
v -0.239189 1.570080 0.024577
v -0.239189 1.572364 0.027359
v -0.239189 1.575147 0.029643
v -0.239189 1.578322 0.031340
v -0.239189 1.581767 0.032385
v -0.239189 1.585350 0.032738
v -0.239189 1.588933 0.032385
v -0.239189 1.592378 0.031340
v -0.239189 1.595553 0.029643
v -0.239189 1.598336 0.027359
v -0.239189 1.600620 0.024577
v -0.239189 1.602317 0.021402
v -0.239189 1.603362 0.017956
v -0.239189 1.603715 0.014374
v -0.239189 1.603362 0.010791
v -0.239189 1.602317 0.007346
v -0.239189 1.600620 0.004171
v -0.239189 1.598336 0.001388
v -0.239189 1.595553 -0.000896
v -0.239189 1.592378 -0.002593
v -0.239189 1.588933 -0.003638
v -0.242443 1.585350 -0.003991
v -0.242443 1.581767 -0.003638
v -0.242443 1.578322 -0.002593
v -0.242443 1.575147 -0.000896
v -0.242443 1.572364 0.001388
v -0.242443 1.570080 0.004171
v -0.242443 1.568383 0.007346
v -0.242443 1.567338 0.010791
v -0.242443 1.566985 0.014374
v -0.242443 1.567338 0.017957
v -0.242443 1.568383 0.021402
v -0.242443 1.570080 0.024577
v -0.242443 1.572364 0.027359
v -0.242443 1.575147 0.029643
v -0.242443 1.578322 0.031340
v -0.242443 1.581767 0.032385
v -0.242443 1.585350 0.032738
v -0.242443 1.588933 0.032385
v -0.242443 1.592378 0.031340
v -0.242443 1.595553 0.029643
v -0.242443 1.598336 0.027359
v -0.242443 1.600620 0.024577
v -0.242443 1.602317 0.021402
v -0.242443 1.603362 0.017956
v -0.242443 1.603715 0.014374
v -0.242443 1.603362 0.010791
v -0.242443 1.602317 0.007346
v -0.242443 1.600620 0.004171
v -0.242443 1.598336 0.001388
v -0.242443 1.595553 -0.000896
v -0.242443 1.592378 -0.002593
v -0.242443 1.588933 -0.003638
v -0.242821 1.585350 -0.003556
v -0.242821 1.581852 -0.003212
v -0.242821 1.578489 -0.002191
v -0.242821 1.575389 -0.000534
v -0.242821 1.572672 0.001695
v -0.242821 1.570442 0.004412
v -0.242821 1.568785 0.007512
v -0.242821 1.567765 0.010876
v -0.242821 1.567420 0.014374
v -0.242821 1.567765 0.017872
v -0.242821 1.568785 0.021235
v -0.242821 1.570442 0.024335
v -0.242821 1.572672 0.027052
v -0.242821 1.575389 0.029282
v -0.242821 1.578489 0.030939
v -0.242821 1.581852 0.031959
v -0.242821 1.585350 0.032304
v -0.242821 1.588848 0.031959
v -0.242821 1.592211 0.030939
v -0.242821 1.595311 0.029282
v -0.242821 1.598028 0.027052
v -0.242821 1.600258 0.024335
v -0.242821 1.601915 0.021235
v -0.242821 1.602935 0.017872
v -0.242821 1.603280 0.014374
v -0.242821 1.602935 0.010876
v -0.242821 1.601915 0.007512
v -0.242821 1.600258 0.004412
v -0.242821 1.598028 0.001695
v -0.242821 1.595311 -0.000534
v -0.242821 1.592211 -0.002191
v -0.242821 1.588848 -0.003212
v -0.243294 1.585350 -0.002165
v -0.243294 1.582124 -0.001847
v -0.243294 1.579021 -0.000906
v -0.243294 1.576162 0.000622
v -0.243294 1.573655 0.002679
v -0.243294 1.571599 0.005185
v -0.243294 1.570070 0.008045
v -0.243294 1.569129 0.011147
v -0.243294 1.568811 0.014374
v -0.243294 1.569129 0.017600
v -0.243294 1.570070 0.020703
v -0.243294 1.571599 0.023562
v -0.243294 1.573655 0.026068
v -0.243294 1.576162 0.028125
v -0.243294 1.579021 0.029654
v -0.243294 1.582124 0.030595
v -0.243294 1.585350 0.030913
v -0.243294 1.588577 0.030595
v -0.243294 1.591679 0.029654
v -0.243294 1.594539 0.028125
v -0.243294 1.597045 0.026068
v -0.243294 1.599102 0.023562
v -0.243294 1.600630 0.020703
v -0.243294 1.601571 0.017600
v -0.243294 1.601889 0.014374
v -0.243294 1.601571 0.011147
v -0.243294 1.600630 0.008045
v -0.243294 1.599102 0.005185
v -0.243294 1.597045 0.002679
v -0.243294 1.594539 0.000622
v -0.243294 1.591679 -0.000906
v -0.243294 1.588577 -0.001847
vn 0.7034 -0.0000 -0.7108
vn 0.6857 -0.0000 -0.7279
vn 0.6857 -0.1420 -0.7139
vn 0.7034 -0.1387 -0.6972
vn 0.6857 -0.2785 -0.6725
vn 0.7034 -0.2720 -0.6567
vn 0.6857 -0.4044 -0.6052
vn 0.7034 -0.3949 -0.5910
vn 0.6857 -0.5147 -0.5147
vn 0.7034 -0.5026 -0.5026
vn 0.6857 -0.6052 -0.4044
vn 0.7034 -0.5910 -0.3949
vn 0.6857 -0.6725 -0.2786
vn 0.7034 -0.6567 -0.2720
vn 0.6857 -0.7139 -0.1420
vn 0.7034 -0.6972 -0.1387
vn 0.6857 -0.7279 -0.0000
vn 0.7034 -0.7108 -0.0000
vn 0.6857 -0.7139 0.1420
vn 0.7034 -0.6972 0.1387
vn 0.6857 -0.6725 0.2785
vn 0.7034 -0.6567 0.2720
vn 0.6857 -0.6052 0.4044
vn 0.7034 -0.5910 0.3949
vn 0.6857 -0.5147 0.5147
vn 0.7034 -0.5026 0.5026
vn 0.6857 -0.4044 0.6052
vn 0.7034 -0.3949 0.5910
vn 0.6857 -0.2785 0.6725
vn 0.7034 -0.2720 0.6567
vn 0.6857 -0.1420 0.7139
vn 0.7034 -0.1387 0.6972
vn 0.6857 -0.0000 0.7279
vn 0.7034 -0.0000 0.7108
vn 0.6857 0.1420 0.7139
vn 0.7034 0.1387 0.6972
vn 0.6857 0.2785 0.6725
vn 0.7034 0.2720 0.6567
vn 0.6857 0.4044 0.6052
vn 0.7034 0.3949 0.5910
vn 0.6857 0.5147 0.5147
vn 0.7034 0.5026 0.5026
vn 0.6857 0.6052 0.4044
vn 0.7034 0.5910 0.3949
vn 0.6857 0.6725 0.2786
vn 0.7034 0.6567 0.2720
vn 0.6857 0.7139 0.1420
vn 0.7034 0.6972 0.1387
vn 0.6857 0.7279 -0.0000
vn 0.7034 0.7108 -0.0000
vn 0.6857 0.7139 -0.1420
vn 0.7034 0.6972 -0.1387
vn 0.6857 0.6725 -0.2786
vn 0.7034 0.6567 -0.2720
vn 0.6857 0.6052 -0.4044
vn 0.7034 0.5910 -0.3949
vn 0.6857 0.5147 -0.5147
vn 0.7034 0.5026 -0.5026
vn 0.6857 0.4044 -0.6052
vn 0.7034 0.3949 -0.5910
vn 0.6857 0.2785 -0.6725
vn 0.7034 0.2720 -0.6567
vn 0.6857 0.1420 -0.7139
vn 0.7034 0.1387 -0.6972
vn 0.9678 -0.2325 0.0963
vn 0.9678 -0.2468 0.0491
vn 0.9678 0.2467 0.0491
vn 0.9678 0.2516 -0.0000
vn 0.8477 -0.5305 -0.0000
vn 0.8477 -0.5203 -0.1035
vn 0.9678 0.1779 0.1779
vn 0.9678 0.1398 0.2092
vn 0.9678 0.1398 -0.2092
vn 0.9678 0.1779 -0.1779
vn 0.9678 -0.2324 -0.0963
vn 0.9678 -0.2092 -0.1398
vn 0.9678 -0.0491 0.2467
vn 0.9678 -0.0963 0.2324
vn 0.9678 0.2467 -0.0491
vn 0.9678 -0.0963 -0.2324
vn 0.9678 -0.0491 -0.2468
vn 0.9678 -0.2092 0.1398
vn 0.9678 0.2092 0.1398
vn 0.9678 0.0963 -0.2324
vn 0.9678 -0.2468 -0.0491
vn 0.9678 0.0491 0.2467
vn 0.9678 -0.0000 0.2516
vn 0.9678 0.2324 -0.0963
vn 0.9678 -0.1398 -0.2092
vn 0.9678 -0.1779 0.1779
vn 0.9678 0.2324 0.0963
vn 0.9678 0.0491 -0.2467
vn 0.9678 -0.2516 -0.0000
vn 0.9678 0.0963 0.2324
vn 0.9678 0.2092 -0.1398
vn 0.9678 -0.1779 -0.1779
vn 0.9678 -0.1398 0.2092
vn 0.9678 -0.0000 -0.2516
vn 0.8477 -0.4901 0.2030
vn 0.8477 -0.4411 0.2947
vn -0.4050 -0.7602 0.5080
vn -0.4050 -0.8447 0.3499
vn 0.8477 0.4901 0.2030
vn 0.8477 0.4411 0.2947
vn 0.8477 -0.5203 0.1035
vn 0.8477 0.5203 0.1035
vn 0.8477 0.5305 -0.0000
vn 0.8477 0.5203 -0.1035
vn 0.8477 -0.3751 0.3751
vn 0.8477 0.4901 -0.2030
vn 0.8477 -0.2947 0.4411
vn 0.8477 0.4411 -0.2947
vn 0.8477 -0.2030 0.4901
vn 0.8477 -0.1035 -0.5203
vn 0.8477 -0.0000 -0.5305
vn 0.8477 0.3751 -0.3751
vn 0.8477 -0.1035 0.5203
vn 0.8477 -0.2030 -0.4901
vn 0.8477 0.2947 -0.4411
vn 0.8477 -0.0000 0.5305
vn 0.8477 -0.2947 -0.4411
vn 0.8477 0.2030 -0.4901
vn 0.8477 0.1035 0.5203
vn 0.8477 -0.3751 -0.3751
vn 0.8477 0.1035 -0.5203
vn 0.8477 0.2030 0.4901
vn 0.8477 -0.4411 -0.2947
vn 0.8477 0.2947 0.4411
vn 0.8477 -0.4902 -0.2030
vn 0.8477 0.3751 0.3751
vn -0.4050 -0.5080 0.7602
vn -0.4050 -0.3499 0.8447
vn -0.8617 -0.1942 0.4689
vn -0.8617 -0.2819 0.4220
vn -0.4050 0.8968 -0.1784
vn -0.4050 0.9143 -0.0000
vn -0.4050 -0.6465 0.6465
vn -0.4050 0.8447 -0.3499
vn -0.4050 0.7602 -0.5080
vn -0.4050 -0.1784 -0.8967
vn -0.4050 -0.0000 -0.9143
vn -0.4050 0.6465 -0.6465
vn -0.4050 -0.1784 0.8967
vn -0.4050 -0.3499 -0.8447
vn -0.4050 0.5080 -0.7602
vn -0.4050 -0.0000 0.9143
vn -0.4050 -0.5080 -0.7602
vn -0.4050 0.3499 -0.8447
vn -0.4050 0.1784 0.8967
vn -0.4050 -0.6465 -0.6465
vn -0.4050 0.1784 -0.8967
vn -0.4050 0.3499 0.8447
vn -0.4050 -0.7602 -0.5080
vn -0.4050 0.5080 0.7602
vn -0.4050 -0.8447 -0.3499
vn -0.4050 0.6465 0.6465
vn -0.4050 -0.8967 -0.1784
vn -0.4050 0.7602 0.5080
vn -0.4050 -0.9143 -0.0000
vn -0.4050 0.8447 0.3499
vn -0.4050 -0.8967 0.1784
vn -0.4050 0.8968 0.1784
vn -0.8617 -0.0000 0.5075
vn -0.8617 0.0990 0.4977
vn -0.9849 0.0338 0.1697
vn -0.9849 -0.0000 0.1730
vn -0.8617 -0.0990 -0.4977
vn -0.8617 -0.0000 -0.5075
vn -0.8617 0.3588 -0.3588
vn -0.8616 0.4220 -0.2820
vn -0.8617 -0.0990 0.4977
vn -0.8616 -0.1942 -0.4689
vn -0.8617 0.2820 -0.4220
vn -0.8616 -0.2819 -0.4220
vn -0.8617 0.1942 -0.4689
vn -0.8616 -0.3589 -0.3589
vn -0.8617 0.0990 -0.4977
vn -0.8616 0.1942 0.4689
vn -0.8617 -0.4220 -0.2820
vn -0.8616 0.2820 0.4220
vn -0.8617 -0.4688 -0.1942
vn -0.8616 0.3589 0.3589
vn -0.8617 -0.4977 -0.0990
vn -0.8616 0.4220 0.2820
vn -0.8616 -0.5075 -0.0000
vn -0.8616 0.4689 0.1942
vn -0.8617 -0.4978 0.0990
vn -0.8616 0.4978 0.0990
vn -0.8617 -0.4689 0.1942
vn -0.8616 0.5075 -0.0000
vn -0.8616 -0.4220 0.2820
vn -0.8616 0.4978 -0.0990
vn -0.8617 -0.3589 0.3588
vn -0.8616 0.4689 -0.1942
vn -0.9849 -0.0000 -0.1730
vn -0.9849 -0.0338 -0.1697
vn -0.9849 -0.0662 -0.1598
vn -0.9849 -0.0961 -0.1439
vn -0.9849 -0.1223 -0.1223
vn -0.9849 -0.1439 -0.0961
vn -0.9849 -0.1598 -0.0662
vn -0.9849 -0.1697 -0.0338
vn -0.9849 -0.1730 -0.0000
vn -0.9849 -0.1697 0.0338
vn -0.9849 -0.1598 0.0662
vn -0.9849 -0.1439 0.0961
vn -0.9849 -0.1223 0.1223
vn -0.9849 -0.0961 0.1439
vn -0.9849 -0.0662 0.1598
vn -0.9849 -0.0338 0.1697
vn -0.9849 0.0662 0.1599
vn -0.9849 0.0961 0.1439
vn -0.9849 0.1223 0.1223
vn -0.9849 0.1439 0.0961
vn -0.9849 0.1599 0.0662
vn -0.9849 0.1697 0.0338
vn -0.9849 0.1730 -0.0000
vn -0.9849 0.1697 -0.0338
vn -0.9849 0.1599 -0.0662
vn -0.9849 0.1439 -0.0961
vn -0.9849 0.1223 -0.1223
vn -0.9849 0.0961 -0.1439
vn -0.9849 0.0662 -0.1599
vn -0.9849 0.0338 -0.1697
vt 1.000000 0.500000
vt 1.000000 1.000000
vt 0.968750 1.000000
vt 0.968750 0.500000
vt 0.937500 1.000000
vt 0.937500 0.500000
vt 0.906250 1.000000
vt 0.906250 0.500000
vt 0.875000 1.000000
vt 0.875000 0.500000
vt 0.843750 1.000000
vt 0.843750 0.500000
vt 0.812500 1.000000
vt 0.812500 0.500000
vt 0.781250 1.000000
vt 0.781250 0.500000
vt 0.750000 1.000000
vt 0.750000 0.500000
vt 0.718750 1.000000
vt 0.718750 0.500000
vt 0.687500 1.000000
vt 0.687500 0.500000
vt 0.656250 1.000000
vt 0.656250 0.500000
vt 0.625000 1.000000
vt 0.625000 0.500000
vt 0.593750 1.000000
vt 0.593750 0.500000
vt 0.562500 1.000000
vt 0.562500 0.500000
vt 0.531250 1.000000
vt 0.531250 0.500000
vt 0.500000 1.000000
vt 0.500000 0.500000
vt 0.468750 1.000000
vt 0.468750 0.500000
vt 0.437500 1.000000
vt 0.437500 0.500000
vt 0.406250 1.000000
vt 0.406250 0.500000
vt 0.375000 1.000000
vt 0.375000 0.500000
vt 0.343750 1.000000
vt 0.343750 0.500000
vt 0.312500 1.000000
vt 0.312500 0.500000
vt 0.281250 1.000000
vt 0.281250 0.500000
vt 0.250000 1.000000
vt 0.250000 0.500000
vt 0.218750 1.000000
vt 0.218750 0.500000
vt 0.187500 1.000000
vt 0.187500 0.500000
vt 0.156250 1.000000
vt 0.156250 0.500000
vt 0.125000 1.000000
vt 0.125000 0.500000
vt 0.093750 1.000000
vt 0.093750 0.500000
vt 0.062500 1.000000
vt 0.062500 0.500000
vt 0.296822 0.485388
vt 0.250000 0.490000
vt 0.203178 0.485388
vt 0.158156 0.471731
vt 0.116663 0.449553
vt 0.080294 0.419706
vt 0.050447 0.383337
vt 0.028269 0.341844
vt 0.014612 0.296822
vt 0.010000 0.250000
vt 0.014612 0.203178
vt 0.028269 0.158156
vt 0.050447 0.116663
vt 0.080294 0.080294
vt 0.116663 0.050447
vt 0.158156 0.028269
vt 0.203178 0.014612
vt 0.250000 0.010000
vt 0.296822 0.014612
vt 0.341844 0.028269
vt 0.383337 0.050447
vt 0.419706 0.080294
vt 0.449553 0.116663
vt 0.471731 0.158156
vt 0.485388 0.203178
vt 0.490000 0.250000
vt 0.485388 0.296822
vt 0.471731 0.341844
vt 0.449553 0.383337
vt 0.419706 0.419706
vt 0.383337 0.449553
vt 0.341844 0.471731
vt 0.031250 1.000000
vt 0.031250 0.500000
vt 0.000000 1.000000
vt 0.000000 0.500000
vt 0.750000 0.490000
vt 0.796822 0.485388
vt 0.841844 0.471731
vt 0.883337 0.449553
vt 0.919706 0.419706
vt 0.949553 0.383337
vt 0.971731 0.341844
vt 0.985388 0.296822
vt 0.990000 0.250000
vt 0.985388 0.203178
vt 0.971731 0.158156
vt 0.949553 0.116663
vt 0.919706 0.080294
vt 0.883337 0.050447
vt 0.841844 0.028269
vt 0.796822 0.014612
vt 0.750000 0.010000
vt 0.703178 0.014612
vt 0.658156 0.028269
vt 0.616663 0.050447
vt 0.580294 0.080294
vt 0.550447 0.116663
vt 0.528269 0.158156
vt 0.514612 0.203178
vt 0.510000 0.250000
vt 0.514612 0.296822
vt 0.528269 0.341844
vt 0.550447 0.383337
vt 0.580294 0.419706
vt 0.616663 0.449553
vt 0.658156 0.471731
vt 0.703178 0.485388
s 1
usemtl Emergency.Button
f 3469/3999/2881 3470/4000/2882 3472/4001/2883 3471/4002/2884
f 3471/4002/2884 3472/4001/2883 3474/4003/2885 3473/4004/2886
f 3473/4004/2886 3474/4003/2885 3476/4005/2887 3475/4006/2888
f 3475/4006/2888 3476/4005/2887 3478/4007/2889 3477/4008/2890
f 3477/4008/2890 3478/4007/2889 3480/4009/2891 3479/4010/2892
f 3479/4010/2892 3480/4009/2891 3482/4011/2893 3481/4012/2894
f 3481/4012/2894 3482/4011/2893 3484/4013/2895 3483/4014/2896
f 3483/4014/2896 3484/4013/2895 3486/4015/2897 3485/4016/2898
f 3485/4016/2898 3486/4015/2897 3488/4017/2899 3487/4018/2900
f 3487/4018/2900 3488/4017/2899 3490/4019/2901 3489/4020/2902
f 3489/4020/2902 3490/4019/2901 3492/4021/2903 3491/4022/2904
f 3491/4022/2904 3492/4021/2903 3494/4023/2905 3493/4024/2906
f 3493/4024/2906 3494/4023/2905 3496/4025/2907 3495/4026/2908
f 3495/4026/2908 3496/4025/2907 3498/4027/2909 3497/4028/2910
f 3497/4028/2910 3498/4027/2909 3500/4029/2911 3499/4030/2912
f 3499/4030/2912 3500/4029/2911 3502/4031/2913 3501/4032/2914
f 3501/4032/2914 3502/4031/2913 3504/4033/2915 3503/4034/2916
f 3503/4034/2916 3504/4033/2915 3506/4035/2917 3505/4036/2918
f 3505/4036/2918 3506/4035/2917 3508/4037/2919 3507/4038/2920
f 3507/4038/2920 3508/4037/2919 3510/4039/2921 3509/4040/2922
f 3509/4040/2922 3510/4039/2921 3512/4041/2923 3511/4042/2924
f 3511/4042/2924 3512/4041/2923 3514/4043/2925 3513/4044/2926
f 3513/4044/2926 3514/4043/2925 3516/4045/2927 3515/4046/2928
f 3515/4046/2928 3516/4045/2927 3518/4047/2929 3517/4048/2930
f 3517/4048/2930 3518/4047/2929 3520/4049/2931 3519/4050/2932
f 3519/4050/2932 3520/4049/2931 3522/4051/2933 3521/4052/2934
f 3521/4052/2934 3522/4051/2933 3524/4053/2935 3523/4054/2936
f 3523/4054/2936 3524/4053/2935 3526/4055/2937 3525/4056/2938
f 3525/4056/2938 3526/4055/2937 3528/4057/2939 3527/4058/2940
f 3527/4058/2940 3528/4057/2939 3530/4059/2941 3529/4060/2942
f 3472/4061/2883 3470/4062/2882 3532/4063/2943 3530/4064/2941 3528/4065/2939 3526/4066/2937 3524/4067/2935 3522/4068/2933 3520/4069/2931 3518/4070/2929 3516/4071/2927 3514/4072/2925 3512/4073/2923 3510/4074/2921 3508/4075/2919 3506/4076/2917 3504/4077/2915 3502/4078/2913 3500/4079/2911 3498/4080/2909 3496/4081/2907 3494/4082/2905 3492/4083/2903 3490/4084/2901 3488/4085/2899 3486/4086/2897 3484/4087/2895 3482/4088/2893 3480/4089/2891 3478/4090/2889 3476/4091/2887 3474/4092/2885
f 3529/4060/2942 3530/4059/2941 3532/4093/2943 3531/4094/2944
f 3531/4094/2944 3532/4093/2943 3470/4095/2882 3469/4096/2881
f 3519/4050/2932 3521/4052/2934 3559/4052/2945 3558/4050/2946
f 3540/4014/2947 3541/4016/2948 3573/4016/2949 3572/4014/2950
f 3475/4006/2888 3477/4008/2890 3537/4008/2951 3536/4006/2952
f 3493/4024/2906 3495/4026/2908 3546/4026/2953 3545/4024/2954
f 3511/4042/2924 3513/4044/2926 3555/4044/2955 3554/4042/2956
f 3529/4060/2942 3531/4094/2944 3564/4094/2957 3563/4060/2958
f 3485/4016/2898 3487/4018/2900 3542/4018/2959 3541/4016/2948
f 3503/4034/2916 3505/4036/2918 3551/4036/2960 3550/4034/2961
f 3521/4052/2934 3523/4054/2936 3560/4054/2962 3559/4052/2945
f 3477/4008/2890 3479/4010/2892 3538/4010/2963 3537/4008/2951
f 3495/4026/2908 3497/4028/2910 3547/4028/2964 3546/4026/2953
f 3513/4044/2926 3515/4046/2928 3556/4046/2965 3555/4044/2955
f 3469/3999/2881 3471/4002/2884 3534/4002/2966 3533/3999/2967
f 3531/4094/2944 3469/4096/2881 3533/4096/2967 3564/4094/2957
f 3487/4018/2900 3489/4020/2902 3543/4020/2968 3542/4018/2959
f 3505/4036/2918 3507/4038/2920 3552/4038/2969 3551/4036/2960
f 3523/4054/2936 3525/4056/2938 3561/4056/2970 3560/4054/2962
f 3479/4010/2892 3481/4012/2894 3539/4012/2971 3538/4010/2963
f 3497/4028/2910 3499/4030/2912 3548/4030/2972 3547/4028/2964
f 3515/4046/2928 3517/4048/2930 3557/4048/2973 3556/4046/2965
f 3471/4002/2884 3473/4004/2886 3535/4004/2974 3534/4002/2966
f 3489/4020/2902 3491/4022/2904 3544/4022/2975 3543/4020/2968
f 3507/4038/2920 3509/4040/2922 3553/4040/2976 3552/4038/2969
f 3525/4056/2938 3527/4058/2940 3562/4058/2977 3561/4056/2970
f 3481/4012/2894 3483/4014/2896 3540/4014/2947 3539/4012/2971
f 3499/4030/2912 3501/4032/2914 3549/4032/2978 3548/4030/2972
f 3517/4048/2930 3519/4050/2932 3558/4050/2946 3557/4048/2973
f 3473/4004/2886 3475/4006/2888 3536/4006/2952 3535/4004/2974
f 3491/4022/2904 3493/4024/2906 3545/4024/2954 3544/4022/2975
f 3509/4040/2922 3511/4042/2924 3554/4042/2956 3553/4040/2976
f 3527/4058/2940 3529/4060/2942 3563/4060/2958 3562/4058/2977
f 3483/4014/2896 3485/4016/2898 3541/4016/2948 3540/4014/2947
f 3501/4032/2914 3503/4034/2916 3550/4034/2961 3549/4032/2978
f 3575/4020/2979 3576/4022/2980 3608/4022/2981 3607/4020/2982
f 3554/4042/2956 3555/4044/2955 3587/4044/2983 3586/4042/2984
f 3541/4016/2948 3542/4018/2959 3574/4018/2985 3573/4016/2949
f 3555/4044/2955 3556/4046/2965 3588/4046/2986 3587/4044/2983
f 3542/4018/2959 3543/4020/2968 3575/4020/2979 3574/4018/2985
f 3556/4046/2965 3557/4048/2973 3589/4048/2987 3588/4046/2986
f 3543/4020/2968 3544/4022/2975 3576/4022/2980 3575/4020/2979
f 3557/4048/2973 3558/4050/2946 3590/4050/2988 3589/4048/2987
f 3544/4022/2975 3545/4024/2954 3577/4024/2989 3576/4022/2980
f 3558/4050/2946 3559/4052/2945 3591/4052/2990 3590/4050/2988
f 3545/4024/2954 3546/4026/2953 3578/4026/2991 3577/4024/2989
f 3559/4052/2945 3560/4054/2962 3592/4054/2992 3591/4052/2990
f 3546/4026/2953 3547/4028/2964 3579/4028/2993 3578/4026/2991
f 3533/3999/2967 3534/4002/2966 3566/4002/2994 3565/3999/2995
f 3560/4054/2962 3561/4056/2970 3593/4056/2996 3592/4054/2992
f 3547/4028/2964 3548/4030/2972 3580/4030/2997 3579/4028/2993
f 3534/4002/2966 3535/4004/2974 3567/4004/2998 3566/4002/2994
f 3561/4056/2970 3562/4058/2977 3594/4058/2999 3593/4056/2996
f 3548/4030/2972 3549/4032/2978 3581/4032/3000 3580/4030/2997
f 3535/4004/2974 3536/4006/2952 3568/4006/3001 3567/4004/2998
f 3562/4058/2977 3563/4060/2958 3595/4060/3002 3594/4058/2999
f 3549/4032/2978 3550/4034/2961 3582/4034/3003 3581/4032/3000
f 3536/4006/2952 3537/4008/2951 3569/4008/3004 3568/4006/3001
f 3563/4060/2958 3564/4094/2957 3596/4094/3005 3595/4060/3002
f 3550/4034/2961 3551/4036/2960 3583/4036/3006 3582/4034/3003
f 3537/4008/2951 3538/4010/2963 3570/4010/3007 3569/4008/3004
f 3564/4094/2957 3533/4096/2967 3565/4096/2995 3596/4094/3005
f 3551/4036/2960 3552/4038/2969 3584/4038/3008 3583/4036/3006
f 3538/4010/2963 3539/4012/2971 3571/4012/3009 3570/4010/3007
f 3552/4038/2969 3553/4040/2976 3585/4040/3010 3584/4038/3008
f 3539/4012/2971 3540/4014/2947 3572/4014/2950 3571/4012/3009
f 3553/4040/2976 3554/4042/2956 3586/4042/2984 3585/4040/3010
f 3610/4026/3011 3611/4028/3012 3643/4028/3013 3642/4026/3014
f 3589/4048/2987 3590/4050/2988 3622/4050/3015 3621/4048/3016
f 3576/4022/2980 3577/4024/2989 3609/4024/3017 3608/4022/2981
f 3590/4050/2988 3591/4052/2990 3623/4052/3018 3622/4050/3015
f 3577/4024/2989 3578/4026/2991 3610/4026/3011 3609/4024/3017
f 3591/4052/2990 3592/4054/2992 3624/4054/3019 3623/4052/3018
f 3578/4026/2991 3579/4028/2993 3611/4028/3012 3610/4026/3011
f 3565/3999/2995 3566/4002/2994 3598/4002/3020 3597/3999/3021
f 3592/4054/2992 3593/4056/2996 3625/4056/3022 3624/4054/3019
f 3579/4028/2993 3580/4030/2997 3612/4030/3023 3611/4028/3012
f 3566/4002/2994 3567/4004/2998 3599/4004/3024 3598/4002/3020
f 3593/4056/2996 3594/4058/2999 3626/4058/3025 3625/4056/3022
f 3580/4030/2997 3581/4032/3000 3613/4032/3026 3612/4030/3023
f 3567/4004/2998 3568/4006/3001 3600/4006/3027 3599/4004/3024
f 3594/4058/2999 3595/4060/3002 3627/4060/3028 3626/4058/3025
f 3581/4032/3000 3582/4034/3003 3614/4034/3029 3613/4032/3026
f 3568/4006/3001 3569/4008/3004 3601/4008/3030 3600/4006/3027
f 3595/4060/3002 3596/4094/3005 3628/4094/3031 3627/4060/3028
f 3582/4034/3003 3583/4036/3006 3615/4036/3032 3614/4034/3029
f 3569/4008/3004 3570/4010/3007 3602/4010/3033 3601/4008/3030
f 3596/4094/3005 3565/4096/2995 3597/4096/3021 3628/4094/3031
f 3583/4036/3006 3584/4038/3008 3616/4038/3034 3615/4036/3032
f 3570/4010/3007 3571/4012/3009 3603/4012/3035 3602/4010/3033
f 3584/4038/3008 3585/4040/3010 3617/4040/3036 3616/4038/3034
f 3571/4012/3009 3572/4014/2950 3604/4014/3037 3603/4012/3035
f 3585/4040/3010 3586/4042/2984 3618/4042/3038 3617/4040/3036
f 3572/4014/2950 3573/4016/2949 3605/4016/3039 3604/4014/3037
f 3586/4042/2984 3587/4044/2983 3619/4044/3040 3618/4042/3038
f 3573/4016/2949 3574/4018/2985 3606/4018/3041 3605/4016/3039
f 3587/4044/2983 3588/4046/2986 3620/4046/3042 3619/4044/3040
f 3574/4018/2985 3575/4020/2979 3607/4020/2982 3606/4018/3041
f 3588/4046/2986 3589/4048/2987 3621/4048/3016 3620/4046/3042
f 3645/4032/3043 3646/4034/3044 3678/4034/3045 3677/4032/3046
f 3597/3999/3021 3598/4002/3020 3630/4002/3047 3629/3999/3048
f 3624/4054/3019 3625/4056/3022 3657/4056/3049 3656/4054/3050
f 3611/4028/3012 3612/4030/3023 3644/4030/3051 3643/4028/3013
f 3598/4002/3020 3599/4004/3024 3631/4004/3052 3630/4002/3047
f 3625/4056/3022 3626/4058/3025 3658/4058/3053 3657/4056/3049
f 3612/4030/3023 3613/4032/3026 3645/4032/3043 3644/4030/3051
f 3599/4004/3024 3600/4006/3027 3632/4006/3054 3631/4004/3052
f 3626/4058/3025 3627/4060/3028 3659/4060/3055 3658/4058/3053
f 3613/4032/3026 3614/4034/3029 3646/4034/3044 3645/4032/3043
f 3600/4006/3027 3601/4008/3030 3633/4008/3056 3632/4006/3054
f 3627/4060/3028 3628/4094/3031 3660/4094/3057 3659/4060/3055
f 3614/4034/3029 3615/4036/3032 3647/4036/3058 3646/4034/3044
f 3601/4008/3030 3602/4010/3033 3634/4010/3059 3633/4008/3056
f 3628/4094/3031 3597/4096/3021 3629/4096/3048 3660/4094/3057
f 3615/4036/3032 3616/4038/3034 3648/4038/3060 3647/4036/3058
f 3602/4010/3033 3603/4012/3035 3635/4012/3061 3634/4010/3059
f 3616/4038/3034 3617/4040/3036 3649/4040/3062 3648/4038/3060
f 3603/4012/3035 3604/4014/3037 3636/4014/3063 3635/4012/3061
f 3617/4040/3036 3618/4042/3038 3650/4042/3064 3649/4040/3062
f 3604/4014/3037 3605/4016/3039 3637/4016/3065 3636/4014/3063
f 3618/4042/3038 3619/4044/3040 3651/4044/3066 3650/4042/3064
f 3605/4016/3039 3606/4018/3041 3638/4018/3067 3637/4016/3065
f 3619/4044/3040 3620/4046/3042 3652/4046/3068 3651/4044/3066
f 3606/4018/3041 3607/4020/2982 3639/4020/3069 3638/4018/3067
f 3620/4046/3042 3621/4048/3016 3653/4048/3070 3652/4046/3068
f 3607/4020/2982 3608/4022/2981 3640/4022/3071 3639/4020/3069
f 3621/4048/3016 3622/4050/3015 3654/4050/3072 3653/4048/3070
f 3608/4022/2981 3609/4024/3017 3641/4024/3073 3640/4022/3071
f 3622/4050/3015 3623/4052/3018 3655/4052/3074 3654/4050/3072
f 3609/4024/3017 3610/4026/3011 3642/4026/3014 3641/4024/3073
f 3623/4052/3018 3624/4054/3019 3656/4054/3050 3655/4052/3074
f 3661/4097/3075 3662/4098/3076 3663/4099/3077 3664/4100/3078 3665/4101/3079 3666/4102/3080 3667/4103/3081 3668/4104/3082 3669/4105/3083 3670/4106/3084 3671/4107/3085 3672/4108/3086 3673/4109/3087 3674/4110/3088 3675/4111/3089 3676/4112/3090 3677/4113/3046 3678/4114/3045 3679/4115/3091 3680/4116/3092 3681/4117/3093 3682/4118/3094 3683/4119/3095 3684/4120/3096 3685/4121/3097 3686/4122/3098 3687/4123/3099 3688/4124/3100 3689/4125/3101 3690/4126/3102 3691/4127/3103 3692/4128/3104
f 3632/4006/3054 3633/4008/3056 3665/4008/3079 3664/4006/3078
f 3659/4060/3055 3660/4094/3057 3692/4094/3104 3691/4060/3103
f 3646/4034/3044 3647/4036/3058 3679/4036/3091 3678/4034/3045
f 3633/4008/3056 3634/4010/3059 3666/4010/3080 3665/4008/3079
f 3660/4094/3057 3629/4096/3048 3661/4096/3075 3692/4094/3104
f 3647/4036/3058 3648/4038/3060 3680/4038/3092 3679/4036/3091
f 3634/4010/3059 3635/4012/3061 3667/4012/3081 3666/4010/3080
f 3648/4038/3060 3649/4040/3062 3681/4040/3093 3680/4038/3092
f 3635/4012/3061 3636/4014/3063 3668/4014/3082 3667/4012/3081
f 3649/4040/3062 3650/4042/3064 3682/4042/3094 3681/4040/3093
f 3636/4014/3063 3637/4016/3065 3669/4016/3083 3668/4014/3082
f 3650/4042/3064 3651/4044/3066 3683/4044/3095 3682/4042/3094
f 3637/4016/3065 3638/4018/3067 3670/4018/3084 3669/4016/3083
f 3651/4044/3066 3652/4046/3068 3684/4046/3096 3683/4044/3095
f 3638/4018/3067 3639/4020/3069 3671/4020/3085 3670/4018/3084
f 3652/4046/3068 3653/4048/3070 3685/4048/3097 3684/4046/3096
f 3639/4020/3069 3640/4022/3071 3672/4022/3086 3671/4020/3085
f 3653/4048/3070 3654/4050/3072 3686/4050/3098 3685/4048/3097
f 3640/4022/3071 3641/4024/3073 3673/4024/3087 3672/4022/3086
f 3654/4050/3072 3655/4052/3074 3687/4052/3099 3686/4050/3098
f 3641/4024/3073 3642/4026/3014 3674/4026/3088 3673/4024/3087
f 3655/4052/3074 3656/4054/3050 3688/4054/3100 3687/4052/3099
f 3642/4026/3014 3643/4028/3013 3675/4028/3089 3674/4026/3088
f 3629/3999/3048 3630/4002/3047 3662/4002/3076 3661/3999/3075
f 3656/4054/3050 3657/4056/3049 3689/4056/3101 3688/4054/3100
f 3643/4028/3013 3644/4030/3051 3676/4030/3090 3675/4028/3089
f 3630/4002/3047 3631/4004/3052 3663/4004/3077 3662/4002/3076
f 3657/4056/3049 3658/4058/3053 3690/4058/3102 3689/4056/3101
f 3644/4030/3051 3645/4032/3043 3677/4032/3046 3676/4030/3090
f 3631/4004/3052 3632/4006/3054 3664/4006/3078 3663/4004/3077
f 3658/4058/3053 3659/4060/3055 3691/4060/3103 3690/4058/3102
o Electric.Box
v 0.000000 1.562357 -0.103901
v 0.000000 1.656794 -0.103901
v 0.020270 1.562357 -0.101905
v 0.020270 1.656794 -0.101905
v 0.039761 1.562357 -0.095992
v 0.039761 1.656794 -0.095992
v 0.057724 1.562357 -0.086391
v 0.057724 1.656794 -0.086391
v 0.073469 1.562357 -0.073469
v 0.073469 1.656794 -0.073469
v 0.086390 1.562357 -0.057724
v 0.086390 1.656794 -0.057724
v 0.095992 1.562357 -0.039761
v 0.095992 1.656794 -0.039761
v 0.101904 1.562357 -0.020270
v 0.101904 1.656794 -0.020270
v 0.103901 1.562357 -0.000000
v 0.103901 1.656794 -0.000000
v 0.101904 1.562357 0.020270
v 0.101904 1.656794 0.020270
v 0.095992 1.562357 0.039761
v 0.095992 1.656794 0.039761
v 0.086390 1.562357 0.057724
v 0.086390 1.656794 0.057724
v 0.073469 1.562357 0.073469
v 0.073469 1.656794 0.073469
v 0.057724 1.562357 0.086390
v 0.057724 1.656794 0.086390
v 0.039761 1.562357 0.095992
v 0.039761 1.656794 0.095992
v 0.020270 1.562357 0.101904
v 0.020270 1.656794 0.101904
v -0.000000 1.562357 0.103901
v -0.000000 1.656794 0.103901
v -0.020270 1.562357 0.101904
v -0.020270 1.656794 0.101904
v -0.039761 1.562357 0.095992
v -0.039761 1.656794 0.095992
v -0.057724 1.562357 0.086390
v -0.057724 1.656794 0.086390
v -0.073469 1.562357 0.073469
v -0.073469 1.656794 0.073469
v -0.086390 1.562357 0.057724
v -0.086390 1.656794 0.057724
v -0.095992 1.562357 0.039761
v -0.095992 1.656794 0.039761
v -0.101904 1.562357 0.020270
v -0.101904 1.656794 0.020270
v -0.103901 1.562357 -0.000000
v -0.103901 1.656794 -0.000000
v -0.101904 1.562357 -0.020270
v -0.101904 1.656794 -0.020270
v -0.095992 1.562357 -0.039761
v -0.095992 1.656794 -0.039761
v -0.086390 1.562357 -0.057724
v -0.086390 1.656794 -0.057724
v -0.073469 1.562357 -0.073469
v -0.073469 1.656794 -0.073469
v -0.057724 1.562357 -0.086391
v -0.057724 1.656794 -0.086391
v -0.039761 1.562357 -0.095992
v -0.039761 1.656794 -0.095992
v -0.020270 1.562357 -0.101905
v -0.020270 1.656794 -0.101905
vn 0.0980 -0.0000 -0.9952
vn 0.2903 -0.0000 -0.9569
vn 0.4714 -0.0000 -0.8819
vn 0.6344 -0.0000 -0.7730
vn 0.7730 -0.0000 -0.6344
vn 0.8819 -0.0000 -0.4714
vn 0.9569 -0.0000 -0.2903
vn 0.9952 -0.0000 -0.0980
vn 0.9952 -0.0000 0.0980
vn 0.9569 -0.0000 0.2903
vn 0.8819 -0.0000 0.4714
vn 0.7730 -0.0000 0.6344
vn 0.6344 -0.0000 0.7730
vn 0.4714 -0.0000 0.8819
vn 0.2903 -0.0000 0.9569
vn 0.0980 -0.0000 0.9952
vn -0.0980 -0.0000 0.9952
vn -0.2903 -0.0000 0.9569
vn -0.4714 -0.0000 0.8819
vn -0.6344 -0.0000 0.7730
vn -0.7730 -0.0000 0.6344
vn -0.8819 -0.0000 0.4714
vn -0.9569 -0.0000 0.2903
vn -0.9952 -0.0000 0.0980
vn -0.9952 -0.0000 -0.0980
vn -0.9569 -0.0000 -0.2903
vn -0.8819 -0.0000 -0.4714
vn -0.7730 -0.0000 -0.6344
vn -0.6344 -0.0000 -0.7730
vn -0.4714 -0.0000 -0.8819
vn -0.0000 1.0000 -0.0000
vn -0.2903 -0.0000 -0.9569
vn -0.0980 -0.0000 -0.9952
vn -0.0000 -1.0000 -0.0000
vt 1.000000 0.500000
vt 1.000000 1.000000
vt 0.968750 1.000000
vt 0.968750 0.500000
vt 0.937500 1.000000
vt 0.937500 0.500000
vt 0.906250 1.000000
vt 0.906250 0.500000
vt 0.875000 1.000000
vt 0.875000 0.500000
vt 0.843750 1.000000
vt 0.843750 0.500000
vt 0.812500 1.000000
vt 0.812500 0.500000
vt 0.781250 1.000000
vt 0.781250 0.500000
vt 0.750000 1.000000
vt 0.750000 0.500000
vt 0.718750 1.000000
vt 0.718750 0.500000
vt 0.687500 1.000000
vt 0.687500 0.500000
vt 0.656250 1.000000
vt 0.656250 0.500000
vt 0.625000 1.000000
vt 0.625000 0.500000
vt 0.593750 1.000000
vt 0.593750 0.500000
vt 0.562500 1.000000
vt 0.562500 0.500000
vt 0.531250 1.000000
vt 0.531250 0.500000
vt 0.500000 1.000000
vt 0.500000 0.500000
vt 0.468750 1.000000
vt 0.468750 0.500000
vt 0.437500 1.000000
vt 0.437500 0.500000
vt 0.406250 1.000000
vt 0.406250 0.500000
vt 0.375000 1.000000
vt 0.375000 0.500000
vt 0.343750 1.000000
vt 0.343750 0.500000
vt 0.312500 1.000000
vt 0.312500 0.500000
vt 0.281250 1.000000
vt 0.281250 0.500000
vt 0.250000 1.000000
vt 0.250000 0.500000
vt 0.218750 1.000000
vt 0.218750 0.500000
vt 0.187500 1.000000
vt 0.187500 0.500000
vt 0.156250 1.000000
vt 0.156250 0.500000
vt 0.125000 1.000000
vt 0.125000 0.500000
vt 0.093750 1.000000
vt 0.093750 0.500000
vt 0.062500 1.000000
vt 0.062500 0.500000
vt 0.296822 0.485388
vt 0.250000 0.490000
vt 0.203178 0.485388
vt 0.158156 0.471731
vt 0.116663 0.449553
vt 0.080294 0.419706
vt 0.050447 0.383337
vt 0.028269 0.341844
vt 0.014612 0.296822
vt 0.010000 0.250000
vt 0.014612 0.203178
vt 0.028269 0.158156
vt 0.050447 0.116663
vt 0.080294 0.080294
vt 0.116663 0.050447
vt 0.158156 0.028269
vt 0.203178 0.014612
vt 0.250000 0.010000
vt 0.296822 0.014612
vt 0.341844 0.028269
vt 0.383337 0.050447
vt 0.419706 0.080294
vt 0.449553 0.116663
vt 0.471731 0.158156
vt 0.485388 0.203178
vt 0.490000 0.250000
vt 0.485388 0.296822
vt 0.471731 0.341844
vt 0.449553 0.383337
vt 0.419706 0.419706
vt 0.383337 0.449553
vt 0.341844 0.471731
vt 0.031250 1.000000
vt 0.031250 0.500000
vt 0.000000 1.000000
vt 0.000000 0.500000
vt 0.750000 0.490000
vt 0.796822 0.485388
vt 0.841844 0.471731
vt 0.883337 0.449553
vt 0.919706 0.419706
vt 0.949553 0.383337
vt 0.971731 0.341844
vt 0.985388 0.296822
vt 0.990000 0.250000
vt 0.985388 0.203178
vt 0.971731 0.158156
vt 0.949553 0.116663
vt 0.919706 0.080294
vt 0.883337 0.050447
vt 0.841844 0.028269
vt 0.796822 0.014612
vt 0.750000 0.010000
vt 0.703178 0.014612
vt 0.658156 0.028269
vt 0.616663 0.050447
vt 0.580294 0.080294
vt 0.550447 0.116663
vt 0.528269 0.158156
vt 0.514612 0.203178
vt 0.510000 0.250000
vt 0.514612 0.296822
vt 0.528269 0.341844
vt 0.550447 0.383337
vt 0.580294 0.419706
vt 0.616663 0.449553
vt 0.658156 0.471731
vt 0.703178 0.485388
s 1
usemtl Metal
f 3693/4129/3105 3694/4130/3105 3696/4131/3105 3695/4132/3105
f 3695/4132/3106 3696/4131/3106 3698/4133/3106 3697/4134/3106
f 3697/4134/3107 3698/4133/3107 3700/4135/3107 3699/4136/3107
f 3699/4136/3108 3700/4135/3108 3702/4137/3108 3701/4138/3108
f 3701/4138/3109 3702/4137/3109 3704/4139/3109 3703/4140/3109
f 3703/4140/3110 3704/4139/3110 3706/4141/3110 3705/4142/3110
f 3705/4142/3111 3706/4141/3111 3708/4143/3111 3707/4144/3111
f 3707/4144/3112 3708/4143/3112 3710/4145/3112 3709/4146/3112
f 3709/4146/3113 3710/4145/3113 3712/4147/3113 3711/4148/3113
f 3711/4148/3114 3712/4147/3114 3714/4149/3114 3713/4150/3114
f 3713/4150/3115 3714/4149/3115 3716/4151/3115 3715/4152/3115
f 3715/4152/3116 3716/4151/3116 3718/4153/3116 3717/4154/3116
f 3717/4154/3117 3718/4153/3117 3720/4155/3117 3719/4156/3117
f 3719/4156/3118 3720/4155/3118 3722/4157/3118 3721/4158/3118
f 3721/4158/3119 3722/4157/3119 3724/4159/3119 3723/4160/3119
f 3723/4160/3120 3724/4159/3120 3726/4161/3120 3725/4162/3120
f 3725/4162/3121 3726/4161/3121 3728/4163/3121 3727/4164/3121
f 3727/4164/3122 3728/4163/3122 3730/4165/3122 3729/4166/3122
f 3729/4166/3123 3730/4165/3123 3732/4167/3123 3731/4168/3123
f 3731/4168/3124 3732/4167/3124 3734/4169/3124 3733/4170/3124
f 3733/4170/3125 3734/4169/3125 3736/4171/3125 3735/4172/3125
f 3735/4172/3126 3736/4171/3126 3738/4173/3126 3737/4174/3126
f 3737/4174/3127 3738/4173/3127 3740/4175/3127 3739/4176/3127
f 3739/4176/3128 3740/4175/3128 3742/4177/3128 3741/4178/3128
f 3741/4178/3129 3742/4177/3129 3744/4179/3129 3743/4180/3129
f 3743/4180/3130 3744/4179/3130 3746/4181/3130 3745/4182/3130
f 3745/4182/3131 3746/4181/3131 3748/4183/3131 3747/4184/3131
f 3747/4184/3132 3748/4183/3132 3750/4185/3132 3749/4186/3132
f 3749/4186/3133 3750/4185/3133 3752/4187/3133 3751/4188/3133
f 3751/4188/3134 3752/4187/3134 3754/4189/3134 3753/4190/3134
f 3696/4191/3135 3694/4192/3135 3756/4193/3135 3754/4194/3135 3752/4195/3135 3750/4196/3135 3748/4197/3135 3746/4198/3135 3744/4199/3135 3742/4200/3135 3740/4201/3135 3738/4202/3135 3736/4203/3135 3734/4204/3135 3732/4205/3135 3730/4206/3135 3728/4207/3135 3726/4208/3135 3724/4209/3135 3722/4210/3135 3720/4211/3135 3718/4212/3135 3716/4213/3135 3714/4214/3135 3712/4215/3135 3710/4216/3135 3708/4217/3135 3706/4218/3135 3704/4219/3135 3702/4220/3135 3700/4221/3135 3698/4222/3135
f 3753/4190/3136 3754/4189/3136 3756/4223/3136 3755/4224/3136
f 3755/4224/3137 3756/4223/3137 3694/4225/3137 3693/4226/3137
f 3693/4227/3138 3695/4228/3138 3697/4229/3138 3699/4230/3138 3701/4231/3138 3703/4232/3138 3705/4233/3138 3707/4234/3138 3709/4235/3138 3711/4236/3138 3713/4237/3138 3715/4238/3138 3717/4239/3138 3719/4240/3138 3721/4241/3138 3723/4242/3138 3725/4243/3138 3727/4244/3138 3729/4245/3138 3731/4246/3138 3733/4247/3138 3735/4248/3138 3737/4249/3138 3739/4250/3138 3741/4251/3138 3743/4252/3138 3745/4253/3138 3747/4254/3138 3749/4255/3138 3751/4256/3138 3753/4257/3138 3755/4258/3138
o Siren.002
v 0.000000 6.411125 -0.573111
v 0.000000 6.434946 -0.492795
v 0.217607 6.410353 -0.572882
v 0.217607 6.434174 -0.492566
v 0.225464 6.408068 -0.572204
v 0.225464 6.431889 -0.491888
v 0.232706 6.404357 -0.571104
v 0.232706 6.428178 -0.490788
v 0.239053 6.399363 -0.569622
v 0.239053 6.423184 -0.489307
v 0.244263 6.393277 -0.567817
v 0.244263 6.417099 -0.487502
v 0.248133 6.386334 -0.565758
v 0.248133 6.410156 -0.485442
v 0.250517 6.378801 -0.563524
v 0.250517 6.402622 -0.483208
v 0.251322 6.250494 -0.525469
v 0.251322 6.274315 -0.445153
v 0.250517 6.122188 -0.487414
v 0.250517 6.146008 -0.407098
v 0.248133 6.114654 -0.485179
v 0.248133 6.138475 -0.404864
v 0.244263 6.107711 -0.483120
v 0.244263 6.131533 -0.402805
v 0.239053 6.101626 -0.481315
v 0.239053 6.125447 -0.401000
v 0.232706 6.096632 -0.479834
v 0.232706 6.120453 -0.399518
v 0.225464 6.092921 -0.478734
v 0.225464 6.116742 -0.398418
v 0.217607 6.090636 -0.478056
v 0.217607 6.114457 -0.397740
v -0.000000 6.089864 -0.477827
v -0.000000 6.113685 -0.397511
v -0.217607 6.090636 -0.478056
v -0.217607 6.114457 -0.397740
v -0.225464 6.092921 -0.478734
v -0.225464 6.116742 -0.398418
v -0.232706 6.096632 -0.479834
v -0.232706 6.120453 -0.399518
v -0.239053 6.101626 -0.481315
v -0.239053 6.125447 -0.401000
v -0.244263 6.107711 -0.483120
v -0.244263 6.131533 -0.402805
v -0.248133 6.114654 -0.485179
v -0.248133 6.138475 -0.404864
v -0.250517 6.122188 -0.487414
v -0.250517 6.146008 -0.407098
v -0.251322 6.250494 -0.525469
v -0.251322 6.274315 -0.445153
v -0.250517 6.378801 -0.563524
v -0.250517 6.402622 -0.483208
v -0.248133 6.386334 -0.565758
v -0.248133 6.410156 -0.485442
v -0.244263 6.393277 -0.567817
v -0.244263 6.417099 -0.487502
v -0.239053 6.399363 -0.569622
v -0.239053 6.423184 -0.489307
v -0.232706 6.404357 -0.571104
v -0.232706 6.428178 -0.490788
v -0.225464 6.408068 -0.572204
v -0.225464 6.431889 -0.491888
v -0.217607 6.410353 -0.572882
v -0.217607 6.434174 -0.492566
v 0.000000 6.445430 -0.431151
v 0.207895 6.444693 -0.430932
v 0.215402 6.442509 -0.430285
v 0.222321 6.438964 -0.429233
v 0.228385 6.434193 -0.427818
v 0.233362 6.428379 -0.426094
v 0.237060 6.421746 -0.424126
v 0.239337 6.414549 -0.421992
v 0.240106 6.291968 -0.385635
v 0.239337 6.169387 -0.349278
v 0.237060 6.162190 -0.347144
v 0.233362 6.155558 -0.345176
v 0.228385 6.149744 -0.343452
v 0.222321 6.144972 -0.342037
v 0.215402 6.141427 -0.340985
v 0.207895 6.139244 -0.340338
v -0.000000 6.138506 -0.340119
v -0.207895 6.139244 -0.340338
v -0.215402 6.141427 -0.340985
v -0.222321 6.144972 -0.342037
v -0.228385 6.149744 -0.343452
v -0.233362 6.155558 -0.345176
v -0.237060 6.162190 -0.347144
v -0.239337 6.169387 -0.349278
v -0.240106 6.291968 -0.385635
v -0.239337 6.414549 -0.421992
v -0.237060 6.421746 -0.424126
v -0.233362 6.428379 -0.426094
v -0.228385 6.434193 -0.427818
v -0.222321 6.438964 -0.429233
v -0.215402 6.442509 -0.430285
v -0.207895 6.444693 -0.430932
v 0.000000 6.449745 -0.384093
v 0.195890 6.449050 -0.383887
v 0.202963 6.446993 -0.383277
v 0.209482 6.443653 -0.382286
v 0.215196 6.439157 -0.380953
v 0.219885 6.433679 -0.379328
v 0.223370 6.427429 -0.377475
v 0.225516 6.420648 -0.375463
v 0.226240 6.305146 -0.341206
v 0.225516 6.189644 -0.306949
v 0.223370 6.182862 -0.304938
v 0.219885 6.176612 -0.303084
v 0.215196 6.171134 -0.301459
v 0.209482 6.166638 -0.300126
v 0.202963 6.163298 -0.299135
v 0.195890 6.161241 -0.298525
v -0.000000 6.160546 -0.298319
v -0.195890 6.161241 -0.298525
v -0.202963 6.163298 -0.299135
v -0.209482 6.166638 -0.300126
v -0.215196 6.171134 -0.301459
v -0.219885 6.176612 -0.303084
v -0.223370 6.182862 -0.304938
v -0.225516 6.189644 -0.306949
v -0.226240 6.305146 -0.341206
v -0.225516 6.420648 -0.375463
v -0.223370 6.427429 -0.377475
v -0.219885 6.433679 -0.379328
v -0.215196 6.439157 -0.380953
v -0.209482 6.443653 -0.382286
v -0.202963 6.446993 -0.383277
v -0.195890 6.449050 -0.383887
v -0.000000 6.451586 -0.339038
v 0.181542 6.450942 -0.338847
v 0.188098 6.449036 -0.338282
v 0.194139 6.445940 -0.337363
v 0.199435 6.441773 -0.336128
v 0.203781 6.436697 -0.334622
v 0.207010 6.430904 -0.332904
v 0.208999 6.424619 -0.331040
v 0.209670 6.317577 -0.299292
v 0.208999 6.210535 -0.267544
v 0.207010 6.204250 -0.265680
v 0.203781 6.198458 -0.263962
v 0.199435 6.193381 -0.262456
v 0.194139 6.189214 -0.261220
v 0.188098 6.186118 -0.260302
v 0.181542 6.184212 -0.259737
v -0.000000 6.183568 -0.259546
v -0.181542 6.184212 -0.259737
v -0.188098 6.186118 -0.260302
v -0.194139 6.189214 -0.261220
v -0.199435 6.193381 -0.262456
v -0.203781 6.198458 -0.263962
v -0.207010 6.204250 -0.265680
v -0.208999 6.210535 -0.267544
v -0.209670 6.317577 -0.299292
v -0.208999 6.424619 -0.331040
v -0.207010 6.430904 -0.332904
v -0.203781 6.436697 -0.334622
v -0.199435 6.441773 -0.336128
v -0.194139 6.445940 -0.337363
v -0.188098 6.449036 -0.338282
v -0.181542 6.450942 -0.338847
v 0.000000 6.447208 -0.318587
v 0.168539 6.446610 -0.318410
v 0.174625 6.444840 -0.317885
v 0.180234 6.441967 -0.317033
v 0.185150 6.438098 -0.315885
v 0.189184 6.433385 -0.314487
v 0.192182 6.428008 -0.312893
v 0.194028 6.422174 -0.311162
v 0.194652 6.322798 -0.281688
v 0.194028 6.223423 -0.252214
v 0.192182 6.217588 -0.250483
v 0.189184 6.212211 -0.248888
v 0.185150 6.207498 -0.247491
v 0.180234 6.203630 -0.246343
v 0.174625 6.200756 -0.245491
v 0.168539 6.198986 -0.244966
v -0.000000 6.198388 -0.244789
v -0.168539 6.198986 -0.244966
v -0.174625 6.200756 -0.245491
v -0.180234 6.203630 -0.246343
v -0.185150 6.207498 -0.247491
v -0.189184 6.212211 -0.248888
v -0.192182 6.217588 -0.250483
v -0.194028 6.223423 -0.252214
v -0.194652 6.322798 -0.281688
v -0.194028 6.422174 -0.311162
v -0.192182 6.428008 -0.312893
v -0.189184 6.433385 -0.314487
v -0.185150 6.438098 -0.315885
v -0.180234 6.441967 -0.317033
v -0.174625 6.444840 -0.317885
v -0.168539 6.446610 -0.318410
v 0.000000 6.437209 -0.297381
v 0.148256 6.436683 -0.297225
v 0.153609 6.435126 -0.296763
v 0.158543 6.432598 -0.296013
v 0.162868 6.429195 -0.295004
v 0.166417 6.425049 -0.293774
v 0.169054 6.420319 -0.292372
v 0.170678 6.415186 -0.290849
v 0.171226 6.327771 -0.264922
v 0.170678 6.240355 -0.238995
v 0.169054 6.235222 -0.237473
v 0.166417 6.230493 -0.236070
v 0.162868 6.226346 -0.234840
v 0.158543 6.222944 -0.233831
v 0.153609 6.220416 -0.233081
v 0.148256 6.218859 -0.232620
v -0.000000 6.218333 -0.232464
v -0.148256 6.218859 -0.232620
v -0.153609 6.220416 -0.233081
v -0.158543 6.222944 -0.233831
v -0.162868 6.226346 -0.234840
v -0.166417 6.230493 -0.236070
v -0.169054 6.235222 -0.237473
v -0.170678 6.240355 -0.238995
v -0.171226 6.327771 -0.264922
v -0.170678 6.415186 -0.290849
v -0.169054 6.420319 -0.292372
v -0.166417 6.425049 -0.293774
v -0.162868 6.429195 -0.295004
v -0.158543 6.432598 -0.296013
v -0.153609 6.435126 -0.296763
v -0.148256 6.436683 -0.297225
v 0.000000 6.428092 -0.281043
v 0.130871 6.427629 -0.280905
v 0.135597 6.426254 -0.280497
v 0.139952 6.424022 -0.279835
v 0.143770 6.421019 -0.278944
v 0.146903 6.417359 -0.277859
v 0.149231 6.413184 -0.276621
v 0.150664 6.408653 -0.275277
v 0.151148 6.331488 -0.252390
v 0.150664 6.254323 -0.229503
v 0.149231 6.249792 -0.228160
v 0.146903 6.245616 -0.226921
v 0.143770 6.241956 -0.225836
v 0.139952 6.238953 -0.224945
v 0.135597 6.236721 -0.224283
v 0.130871 6.235347 -0.223875
v 0.000000 6.234882 -0.223738
v -0.130871 6.235347 -0.223875
v -0.135597 6.236721 -0.224283
v -0.139952 6.238953 -0.224945
v -0.143770 6.241956 -0.225836
v -0.146903 6.245616 -0.226921
v -0.149230 6.249792 -0.228160
v -0.150664 6.254323 -0.229503
v -0.151148 6.331488 -0.252390
v -0.150664 6.408653 -0.275277
v -0.149230 6.413184 -0.276621
v -0.146903 6.417359 -0.277859
v -0.143770 6.421019 -0.278944
v -0.139952 6.424022 -0.279835
v -0.135597 6.426254 -0.280497
v -0.130871 6.427629 -0.280905
v 0.000000 6.416874 -0.261442
v 0.109663 6.416485 -0.261326
v 0.113623 6.415333 -0.260985
v 0.117273 6.413463 -0.260430
v 0.120471 6.410946 -0.259683
v 0.123097 6.407880 -0.258774
v 0.125047 6.404381 -0.257736
v 0.126248 6.400584 -0.256610
v 0.126654 6.335924 -0.237432
v 0.126248 6.271264 -0.218254
v 0.125047 6.267467 -0.217128
v 0.123097 6.263968 -0.216091
v 0.120471 6.260901 -0.215181
v 0.117273 6.258385 -0.214435
v 0.113623 6.256515 -0.213880
v 0.109663 6.255363 -0.213538
v 0.000000 6.254974 -0.213423
v -0.109663 6.255363 -0.213538
v -0.113623 6.256515 -0.213880
v -0.117273 6.258385 -0.214435
v -0.120471 6.260901 -0.215181
v -0.123097 6.263968 -0.216091
v -0.125047 6.267467 -0.217128
v -0.126248 6.271264 -0.218254
v -0.126654 6.335924 -0.237432
v -0.126248 6.400584 -0.256610
v -0.125047 6.404381 -0.257736
v -0.123097 6.407880 -0.258774
v -0.120471 6.410946 -0.259683
v -0.117273 6.413463 -0.260430
v -0.113623 6.415333 -0.260985
v -0.109663 6.416485 -0.261326
v 0.000000 6.400632 -0.242550
v 0.082462 6.400339 -0.242463
v 0.085440 6.399473 -0.242206
v 0.088184 6.398067 -0.241789
v 0.090590 6.396174 -0.241228
v 0.092564 6.393868 -0.240544
v 0.094031 6.391237 -0.239763
v 0.094934 6.388383 -0.238917
v 0.095239 6.339761 -0.224496
v 0.094934 6.291139 -0.210075
v 0.094031 6.288284 -0.209228
v 0.092564 6.285653 -0.208448
v 0.090590 6.283347 -0.207764
v 0.088184 6.281454 -0.207202
v 0.085440 6.280048 -0.206785
v 0.082462 6.279182 -0.206528
v 0.000000 6.278890 -0.206442
v -0.082462 6.279182 -0.206528
v -0.085440 6.280048 -0.206785
v -0.088184 6.281454 -0.207202
v -0.090590 6.283347 -0.207764
v -0.092564 6.285653 -0.208448
v -0.094031 6.288284 -0.209228
v -0.094934 6.291139 -0.210075
v -0.095239 6.339761 -0.224496
v -0.094934 6.388383 -0.238917
v -0.094031 6.391237 -0.239763
v -0.092564 6.393868 -0.240544
v -0.090590 6.396174 -0.241228
v -0.088184 6.398067 -0.241789
v -0.085440 6.399473 -0.242206
v -0.082462 6.400339 -0.242463
v 0.000000 6.386003 -0.229854
v 0.059558 6.385792 -0.229792
v 0.061709 6.385166 -0.229606
v 0.063691 6.384151 -0.229305
v 0.065428 6.382783 -0.228899
v 0.066854 6.381118 -0.228405
v 0.067913 6.379218 -0.227842
v 0.068566 6.377156 -0.227230
v 0.068786 6.342039 -0.216815
v 0.068566 6.306921 -0.206399
v 0.067913 6.304860 -0.205788
v 0.066854 6.302959 -0.205224
v 0.065428 6.301294 -0.204730
v 0.063691 6.299927 -0.204325
v 0.061709 6.298912 -0.204023
v 0.059558 6.298286 -0.203838
v 0.000000 6.298075 -0.203775
v -0.059558 6.298286 -0.203838
v -0.061709 6.298912 -0.204023
v -0.063691 6.299927 -0.204325
v -0.065428 6.301294 -0.204730
v -0.066854 6.302959 -0.205224
v -0.067913 6.304860 -0.205788
v -0.068566 6.306921 -0.206399
v -0.068786 6.342039 -0.216815
v -0.068566 6.377156 -0.227230
v -0.067913 6.379218 -0.227842
v -0.066854 6.381118 -0.228405
v -0.065428 6.382783 -0.228899
v -0.063691 6.384151 -0.229305
v -0.061709 6.385166 -0.229606
v -0.059558 6.385792 -0.229792
v -0.000000 6.393054 -0.671874
v 0.231580 6.392233 -0.671631
v 0.239942 6.389801 -0.670909
v 0.247649 6.385852 -0.669738
v 0.254404 6.380537 -0.668162
v 0.259948 6.374061 -0.666241
v 0.264067 6.366672 -0.664049
v 0.266604 6.358655 -0.661671
v 0.267460 6.222109 -0.621173
v 0.266604 6.085563 -0.580674
v 0.264067 6.077546 -0.578296
v 0.259948 6.070158 -0.576105
v 0.254404 6.063682 -0.574184
v 0.247649 6.058367 -0.572608
v 0.239942 6.054417 -0.571436
v 0.231580 6.051985 -0.570715
v -0.000000 6.051164 -0.570472
v -0.231580 6.051985 -0.570715
v -0.239942 6.054417 -0.571436
v -0.247649 6.058367 -0.572608
v -0.254404 6.063682 -0.574184
v -0.259948 6.070158 -0.576105
v -0.264067 6.077546 -0.578296
v -0.266604 6.085563 -0.580674
v -0.267460 6.222109 -0.621173
v -0.266604 6.358655 -0.661671
v -0.264067 6.366672 -0.664049
v -0.259948 6.374061 -0.666241
v -0.254404 6.380537 -0.668162
v -0.247649 6.385852 -0.669738
v -0.239942 6.389801 -0.670909
v -0.231580 6.392233 -0.671631
v -0.000000 6.390591 -0.747146
v 0.256311 6.389682 -0.746876
v 0.265567 6.386991 -0.746078
v 0.274097 6.382619 -0.744781
v 0.281573 6.376737 -0.743037
v 0.287709 6.369569 -0.740911
v 0.292268 6.361392 -0.738485
v 0.295076 6.352519 -0.735853
v 0.296024 6.201390 -0.691030
v 0.295076 6.050262 -0.646206
v 0.292268 6.041389 -0.643574
v 0.287709 6.033211 -0.641149
v 0.281573 6.026043 -0.639023
v 0.274097 6.020161 -0.637278
v 0.265567 6.015790 -0.635982
v 0.256311 6.013098 -0.635183
v -0.000000 6.012189 -0.634914
v -0.256311 6.013098 -0.635183
v -0.265567 6.015790 -0.635982
v -0.274097 6.020161 -0.637278
v -0.281573 6.026043 -0.639023
v -0.287709 6.033211 -0.641149
v -0.292268 6.041389 -0.643574
v -0.295076 6.050262 -0.646206
v -0.296024 6.201390 -0.691030
v -0.295076 6.352519 -0.735853
v -0.292268 6.361392 -0.738485
v -0.287709 6.369569 -0.740911
v -0.281573 6.376737 -0.743037
v -0.274097 6.382619 -0.744781
v -0.265567 6.386991 -0.746078
v -0.256311 6.389682 -0.746876
v -0.000000 6.392111 -0.803078
v 0.277914 6.391125 -0.802785
v 0.287949 6.388206 -0.801920
v 0.297198 6.383467 -0.800514
v 0.305304 6.377089 -0.798622
v 0.311957 6.369317 -0.796317
v 0.316901 6.360450 -0.793687
v 0.319945 6.350829 -0.790834
v 0.320973 6.186964 -0.742232
v 0.319945 6.023098 -0.693631
v 0.316901 6.013477 -0.690777
v 0.311957 6.004610 -0.688147
v 0.305304 5.996838 -0.685842
v 0.297198 5.990460 -0.683951
v 0.287949 5.985721 -0.682545
v 0.277914 5.982802 -0.681679
v -0.000000 5.981817 -0.681387
v -0.277914 5.982802 -0.681679
v -0.287949 5.985721 -0.682545
v -0.297198 5.990460 -0.683951
v -0.305304 5.996838 -0.685842
v -0.311957 6.004610 -0.688147
v -0.316901 6.013477 -0.690777
v -0.319945 6.023098 -0.693631
v -0.320973 6.186964 -0.742232
v -0.319945 6.350829 -0.790834
v -0.316901 6.360450 -0.793687
v -0.311957 6.369317 -0.796317
v -0.305304 6.377089 -0.798622
v -0.297198 6.383467 -0.800514
v -0.287949 6.388206 -0.801920
v -0.277914 6.391125 -0.802785
v -0.000000 6.402023 -0.850859
v 0.307902 6.400931 -0.850535
v 0.319021 6.397698 -0.849576
v 0.329267 6.392447 -0.848019
v 0.338249 6.385381 -0.845923
v 0.345619 6.376770 -0.843369
v 0.351096 6.366946 -0.840455
v 0.354469 6.356287 -0.837294
v 0.355608 6.174739 -0.783448
v 0.354469 5.993192 -0.729602
v 0.351096 5.982533 -0.726440
v 0.345619 5.972709 -0.723527
v 0.338249 5.964098 -0.720973
v 0.329267 5.957032 -0.718877
v 0.319021 5.951781 -0.717320
v 0.307902 5.948547 -0.716361
v -0.000000 5.947456 -0.716037
v -0.307902 5.948547 -0.716361
v -0.319021 5.951781 -0.717320
v -0.329267 5.957032 -0.718877
v -0.338249 5.964098 -0.720973
v -0.345619 5.972709 -0.723527
v -0.351096 5.982533 -0.726440
v -0.354469 5.993192 -0.729602
v -0.355608 6.174739 -0.783448
v -0.354469 6.356287 -0.837294
v -0.351096 6.366946 -0.840455
v -0.345619 6.376770 -0.843369
v -0.338249 6.385381 -0.845923
v -0.329267 6.392447 -0.848019
v -0.319021 6.397698 -0.849576
v -0.307902 6.400931 -0.850535
v -0.000000 6.414431 -0.903940
v 0.342956 6.413215 -0.903580
v 0.355340 6.409614 -0.902512
v 0.366753 6.403765 -0.900777
v 0.376757 6.395894 -0.898442
v 0.384967 6.386303 -0.895598
v 0.391067 6.375361 -0.892352
v 0.394824 6.363488 -0.888831
v 0.396092 6.161272 -0.828855
v 0.394824 5.959056 -0.768879
v 0.391067 5.947183 -0.765357
v 0.384967 5.936241 -0.762112
v 0.376757 5.926650 -0.759268
v 0.366753 5.918779 -0.756933
v 0.355340 5.912930 -0.755198
v 0.342956 5.909329 -0.754130
v -0.000000 5.908113 -0.753769
v -0.342956 5.909329 -0.754130
v -0.355340 5.912930 -0.755198
v -0.366753 5.918779 -0.756933
v -0.376757 5.926650 -0.759268
v -0.384967 5.936241 -0.762112
v -0.391067 5.947183 -0.765357
v -0.394824 5.959056 -0.768879
v -0.396092 6.161272 -0.828855
v -0.394824 6.363488 -0.888831
v -0.391067 6.375361 -0.892352
v -0.384967 6.386303 -0.895598
v -0.376757 6.395894 -0.898442
v -0.366753 6.403765 -0.900777
v -0.355340 6.409614 -0.902512
v -0.342956 6.413215 -0.903580
v -0.000000 6.434728 -0.954802
v 0.387012 6.433355 -0.954395
v 0.400987 6.429291 -0.953189
v 0.413866 6.422691 -0.951232
v 0.425155 6.413809 -0.948597
v 0.434419 6.402986 -0.945387
v 0.441303 6.390639 -0.941725
v 0.445543 6.377241 -0.937751
v 0.446974 6.149048 -0.870071
v 0.445543 5.920855 -0.802390
v 0.441303 5.907457 -0.798416
v 0.434419 5.895110 -0.794754
v 0.425155 5.884287 -0.791544
v 0.413866 5.875405 -0.788910
v 0.400987 5.868804 -0.786952
v 0.387012 5.864740 -0.785747
v -0.000000 5.863368 -0.785340
v -0.387012 5.864740 -0.785747
v -0.400987 5.868804 -0.786952
v -0.413866 5.875405 -0.788910
v -0.425155 5.884287 -0.791544
v -0.434419 5.895110 -0.794754
v -0.441304 5.907457 -0.798416
v -0.445543 5.920855 -0.802390
v -0.446974 6.149048 -0.870071
v -0.445543 6.377241 -0.937751
v -0.441304 6.390639 -0.941725
v -0.434419 6.402986 -0.945387
v -0.425155 6.413809 -0.948597
v -0.413866 6.422691 -0.951232
v -0.400987 6.429291 -0.953189
v -0.387012 6.433355 -0.954395
v -0.000000 6.458046 -0.991814
v 0.435361 6.456502 -0.991356
v 0.449957 6.452257 -0.990098
v 0.463616 6.445258 -0.988021
v 0.475588 6.435838 -0.985228
v 0.485414 6.424360 -0.981823
v 0.492715 6.411264 -0.977939
v 0.497144 6.397266 -0.973787
v 0.498752 6.140843 -0.897734
v 0.497144 5.884420 -0.821680
v 0.492715 5.870421 -0.817528
v 0.485414 5.857326 -0.813644
v 0.475588 5.845848 -0.810240
v 0.463616 5.836428 -0.807446
v 0.449957 5.829429 -0.805370
v 0.435361 5.825184 -0.804111
v -0.000000 5.823640 -0.803653
v -0.435361 5.825184 -0.804111
v -0.449957 5.829429 -0.805370
v -0.463616 5.836428 -0.807446
v -0.475588 5.845848 -0.810240
v -0.485414 5.857326 -0.813644
v -0.492715 5.870421 -0.817528
v -0.497144 5.884420 -0.821680
v -0.498752 6.140843 -0.897734
v -0.497144 6.397266 -0.973787
v -0.492715 6.411264 -0.977939
v -0.485414 6.424360 -0.981823
v -0.475588 6.435838 -0.985228
v -0.463616 6.445258 -0.988021
v -0.449957 6.452257 -0.990098
v -0.435361 6.456502 -0.991356
v -0.000000 6.462758 -0.993212
v 0.436099 6.461211 -0.992753
v 0.451847 6.456632 -0.991395
v 0.466360 6.449194 -0.989189
v 0.479080 6.439186 -0.986221
v 0.489520 6.426990 -0.982603
v 0.497277 6.413076 -0.978477
v 0.502054 6.397979 -0.973999
v 0.503667 6.140843 -0.897734
v 0.502054 5.883707 -0.821469
v 0.497277 5.868610 -0.816991
v 0.489520 5.854696 -0.812864
v 0.479080 5.842500 -0.809247
v 0.466360 5.832492 -0.806279
v 0.451847 5.825055 -0.804073
v 0.436099 5.820475 -0.802715
v -0.000000 5.818929 -0.802256
v -0.436099 5.820475 -0.802715
v -0.451847 5.825055 -0.804073
v -0.466359 5.832492 -0.806279
v -0.479080 5.842500 -0.809247
v -0.489520 5.854696 -0.812864
v -0.497277 5.868609 -0.816991
v -0.502054 5.883707 -0.821469
v -0.503667 6.140843 -0.897734
v -0.502054 6.397979 -0.973999
v -0.497277 6.413076 -0.978477
v -0.489520 6.426990 -0.982603
v -0.479080 6.439186 -0.986221
v -0.466359 6.449194 -0.989189
v -0.451847 6.456632 -0.991395
v -0.436099 6.461211 -0.992753
v -0.000000 6.431758 -0.952878
v 0.387630 6.430383 -0.952470
v 0.400625 6.426604 -0.951349
v 0.412787 6.420372 -0.949501
v 0.423446 6.411985 -0.947013
v 0.432195 6.401765 -0.943982
v 0.438695 6.390106 -0.940524
v 0.442639 6.377642 -0.936827
v 0.444071 6.149332 -0.869112
v 0.442639 5.921022 -0.801396
v 0.438695 5.908559 -0.797700
v 0.432195 5.896899 -0.794242
v 0.423446 5.886680 -0.791211
v 0.412787 5.878293 -0.788723
v 0.400625 5.872060 -0.786875
v 0.387630 5.868281 -0.785754
v -0.000000 5.866906 -0.785346
v -0.387630 5.868281 -0.785754
v -0.400625 5.872060 -0.786875
v -0.412787 5.878293 -0.788723
v -0.423446 5.886680 -0.791211
v -0.432195 5.896899 -0.794242
v -0.438695 5.908559 -0.797700
v -0.442639 5.921022 -0.801396
v -0.444071 6.149332 -0.869112
v -0.442639 6.377642 -0.936827
v -0.438695 6.390106 -0.940524
v -0.432195 6.401765 -0.943982
v -0.423446 6.411985 -0.947013
v -0.412787 6.420372 -0.949501
v -0.400625 6.426604 -0.951349
v -0.387630 6.430383 -0.952470
v -0.000000 6.412718 -0.902896
v 0.344909 6.411495 -0.902533
v 0.356472 6.408132 -0.901536
v 0.367294 6.402587 -0.899891
v 0.376779 6.395124 -0.897678
v 0.384563 6.386031 -0.894981
v 0.390347 6.375656 -0.891904
v 0.393856 6.364566 -0.888614
v 0.395130 6.161418 -0.828362
v 0.393856 5.958271 -0.768110
v 0.390347 5.947180 -0.764820
v 0.384563 5.936806 -0.761743
v 0.376779 5.927712 -0.759046
v 0.367294 5.920250 -0.756833
v 0.356472 5.914704 -0.755188
v 0.344909 5.911342 -0.754191
v -0.000000 5.910119 -0.753828
v -0.344909 5.911342 -0.754191
v -0.356472 5.914704 -0.755188
v -0.367294 5.920250 -0.756833
v -0.376779 5.927712 -0.759046
v -0.384563 5.936806 -0.761743
v -0.390347 5.947180 -0.764820
v -0.393856 5.958271 -0.768109
v -0.395130 6.161418 -0.828362
v -0.393856 6.364566 -0.888614
v -0.390347 6.375656 -0.891904
v -0.384563 6.386031 -0.894981
v -0.376779 6.395124 -0.897678
v -0.367294 6.402587 -0.899891
v -0.356472 6.408132 -0.901536
v -0.344909 6.411495 -0.902533
v -0.000000 6.400546 -0.851860
v 0.310459 6.399446 -0.851534
v 0.320867 6.396419 -0.850636
v 0.330607 6.391427 -0.849156
v 0.339145 6.384710 -0.847163
v 0.346151 6.376524 -0.844736
v 0.351358 6.367186 -0.841966
v 0.354516 6.357204 -0.839005
v 0.355663 6.174347 -0.784771
v 0.354516 5.991490 -0.730537
v 0.351358 5.981508 -0.727576
v 0.346151 5.972169 -0.724806
v 0.339145 5.963984 -0.722379
v 0.330607 5.957267 -0.720387
v 0.320867 5.952276 -0.718906
v 0.310459 5.949249 -0.718008
v -0.000000 5.948148 -0.717682
v -0.310459 5.949249 -0.718008
v -0.320867 5.952276 -0.718906
v -0.330607 5.957267 -0.720387
v -0.339145 5.963984 -0.722379
v -0.346151 5.972169 -0.724806
v -0.351358 5.981508 -0.727576
v -0.354516 5.991490 -0.730537
v -0.355663 6.174347 -0.784771
v -0.354516 6.357204 -0.839005
v -0.351358 6.367186 -0.841966
v -0.346151 6.376524 -0.844736
v -0.339145 6.384710 -0.847163
v -0.330607 6.391427 -0.849156
v -0.320867 6.396419 -0.850636
v -0.310459 6.399446 -0.851534
v -0.000000 6.390490 -0.804162
v 0.279925 6.389497 -0.803868
v 0.289310 6.386768 -0.803058
v 0.298092 6.382267 -0.801723
v 0.305790 6.376211 -0.799927
v 0.312107 6.368831 -0.797738
v 0.316802 6.360411 -0.795241
v 0.319650 6.351410 -0.792571
v 0.320684 6.186537 -0.743671
v 0.319650 6.021664 -0.694771
v 0.316802 6.012663 -0.692101
v 0.312107 6.004244 -0.689604
v 0.305790 5.996863 -0.687415
v 0.298092 5.990807 -0.685618
v 0.289310 5.986306 -0.684284
v 0.279925 5.983577 -0.683474
v -0.000000 5.982584 -0.683180
v -0.279925 5.983577 -0.683474
v -0.289310 5.986306 -0.684284
v -0.298092 5.990807 -0.685618
v -0.305790 5.996863 -0.687415
v -0.312107 6.004244 -0.689604
v -0.316802 6.012663 -0.692101
v -0.319650 6.021664 -0.694771
v -0.320684 6.186537 -0.743671
v -0.319650 6.351410 -0.792571
v -0.316802 6.360411 -0.795241
v -0.312108 6.368831 -0.797738
v -0.305790 6.376211 -0.799927
v -0.298092 6.382267 -0.801723
v -0.289310 6.386768 -0.803058
v -0.279925 6.389497 -0.803868
v -0.000000 6.388947 -0.747626
v 0.256825 6.388036 -0.747356
v 0.265435 6.385531 -0.746613
v 0.273492 6.381402 -0.745389
v 0.280555 6.375845 -0.743741
v 0.286351 6.369074 -0.741732
v 0.290658 6.361350 -0.739441
v 0.293271 6.353092 -0.736992
v 0.294220 6.201825 -0.692127
v 0.293271 6.050558 -0.647262
v 0.290658 6.042300 -0.644813
v 0.286351 6.034575 -0.642522
v 0.280555 6.027804 -0.640513
v 0.273492 6.022247 -0.638865
v 0.265435 6.018118 -0.637641
v 0.256825 6.015614 -0.636898
v -0.000000 6.014703 -0.636628
v -0.256825 6.015614 -0.636898
v -0.265435 6.018118 -0.637641
v -0.273492 6.022247 -0.638865
v -0.280555 6.027804 -0.640513
v -0.286351 6.034575 -0.642522
v -0.290658 6.042300 -0.644813
v -0.293271 6.050558 -0.647262
v -0.294220 6.201825 -0.692127
v -0.293271 6.353092 -0.736992
v -0.290658 6.361350 -0.739441
v -0.286351 6.369074 -0.741732
v -0.280555 6.375845 -0.743741
v -0.273492 6.381402 -0.745389
v -0.265435 6.385531 -0.746613
v -0.256825 6.388036 -0.747356
v -0.000000 6.390138 -0.670711
v 0.229549 6.389324 -0.670469
v 0.237245 6.387086 -0.669805
v 0.244447 6.383395 -0.668711
v 0.250759 6.378428 -0.667238
v 0.255940 6.372376 -0.665443
v 0.259789 6.365472 -0.663395
v 0.262124 6.358091 -0.661206
v 0.262973 6.222889 -0.621106
v 0.262124 6.087687 -0.581006
v 0.259789 6.080307 -0.578817
v 0.255940 6.073402 -0.576769
v 0.250759 6.067350 -0.574974
v 0.244447 6.062383 -0.573501
v 0.237245 6.058692 -0.572406
v 0.229549 6.056455 -0.571742
v -0.000000 6.055641 -0.571501
v -0.229549 6.056455 -0.571742
v -0.237245 6.058692 -0.572406
v -0.244447 6.062383 -0.573501
v -0.250759 6.067350 -0.574974
v -0.255940 6.073402 -0.576769
v -0.259789 6.080307 -0.578817
v -0.262124 6.087687 -0.581006
v -0.262973 6.222889 -0.621106
v -0.262124 6.358091 -0.661206
v -0.259789 6.365472 -0.663395
v -0.255940 6.372376 -0.665443
v -0.250759 6.378428 -0.667238
v -0.244447 6.383395 -0.668711
v -0.237245 6.387086 -0.669805
v -0.229549 6.389324 -0.670469
v -0.000000 6.406857 -0.573700
v 0.214342 6.406096 -0.573474
v 0.221528 6.404006 -0.572855
v 0.228253 6.400560 -0.571832
v 0.234147 6.395923 -0.570457
v 0.238984 6.390272 -0.568781
v 0.242579 6.383824 -0.566869
v 0.244760 6.376933 -0.564825
v 0.245552 6.250688 -0.527381
v 0.244760 6.124442 -0.489937
v 0.242579 6.117550 -0.487893
v 0.238984 6.111103 -0.485981
v 0.234147 6.105452 -0.484305
v 0.228253 6.100814 -0.482930
v 0.221528 6.097368 -0.481907
v 0.214342 6.095278 -0.481288
v -0.000000 6.094519 -0.481062
v -0.214342 6.095278 -0.481288
v -0.221528 6.097368 -0.481907
v -0.228253 6.100814 -0.482930
v -0.234147 6.105452 -0.484305
v -0.238984 6.111103 -0.485981
v -0.242579 6.117550 -0.487893
v -0.244760 6.124442 -0.489937
v -0.245552 6.250688 -0.527381
v -0.244760 6.376933 -0.564825
v -0.242579 6.383824 -0.566869
v -0.238984 6.390272 -0.568781
v -0.234147 6.395923 -0.570457
v -0.228253 6.400560 -0.571832
v -0.221528 6.404006 -0.572855
v -0.214342 6.406096 -0.573474
v -0.000000 6.408337 -0.485807
v 0.183323 6.407686 -0.485614
v 0.189469 6.405899 -0.485084
v 0.195221 6.402952 -0.484210
v 0.200262 6.398985 -0.483033
v 0.204399 6.394152 -0.481600
v 0.207474 6.388638 -0.479964
v 0.209339 6.382743 -0.478216
v 0.210016 6.274768 -0.446191
v 0.209339 6.166792 -0.414166
v 0.207474 6.160898 -0.412418
v 0.204399 6.155384 -0.410782
v 0.200262 6.150550 -0.409349
v 0.195221 6.146584 -0.408173
v 0.189469 6.143637 -0.407298
v 0.183323 6.141849 -0.406768
v -0.000000 6.141199 -0.406575
v -0.183323 6.141849 -0.406768
v -0.189469 6.143637 -0.407298
v -0.195221 6.146584 -0.408173
v -0.200262 6.150550 -0.409349
v -0.204399 6.155384 -0.410782
v -0.207474 6.160898 -0.412418
v -0.209339 6.166792 -0.414166
v -0.210016 6.274768 -0.446191
v -0.209339 6.382743 -0.478216
v -0.207474 6.388638 -0.479964
v -0.204399 6.394152 -0.481600
v -0.200262 6.398985 -0.483033
v -0.195221 6.402952 -0.484210
v -0.189469 6.405899 -0.485084
v -0.183323 6.407686 -0.485614
v -0.000428 6.173031 -0.704656
v -0.000428 6.154816 -0.686300
v -0.000428 6.140328 -0.660905
v -0.000428 6.130061 -0.629335
v -0.000428 6.124364 -0.592666
v -0.000428 6.123433 -0.552146
v -0.000428 6.127297 -0.509155
v -0.000428 6.148731 -0.421651
v 0.004153 6.173464 -0.704784
v 0.008578 6.155666 -0.686552
v 0.012697 6.141567 -0.661272
v 0.016368 6.131647 -0.629805
v 0.019468 6.126243 -0.593223
v 0.021890 6.125540 -0.552771
v 0.023552 6.129562 -0.509826
v 0.024398 6.138171 -0.465852
v 0.024398 6.151075 -0.422346
v 0.008558 6.174745 -0.705164
v 0.017239 6.158185 -0.687299
v 0.025318 6.145237 -0.662361
v 0.032520 6.136344 -0.631198
v 0.038600 6.131807 -0.594873
v 0.043351 6.131782 -0.554622
v 0.046611 6.136268 -0.511815
v 0.048269 6.145113 -0.467911
v 0.048269 6.158017 -0.424405
v 0.012618 6.176826 -0.705781
v 0.025220 6.162275 -0.688513
v 0.036949 6.151198 -0.664129
v 0.047405 6.143972 -0.633461
v 0.056232 6.140842 -0.597553
v 0.063129 6.141917 -0.557628
v 0.067862 6.147158 -0.515045
v 0.070270 6.156388 -0.471255
v 0.070270 6.169291 -0.427749
v 0.016177 6.179626 -0.706612
v 0.032216 6.167779 -0.690145
v 0.047144 6.159219 -0.666508
v 0.060452 6.154237 -0.636505
v 0.071686 6.153002 -0.601159
v 0.080465 6.155557 -0.561673
v 0.086489 6.161814 -0.519392
v 0.089553 6.171560 -0.475755
v 0.089553 6.184464 -0.432249
v 0.019097 6.183037 -0.707624
v 0.037957 6.174486 -0.692134
v 0.055511 6.168993 -0.669407
v 0.071159 6.166746 -0.640215
v 0.084369 6.167819 -0.605554
v 0.094692 6.172177 -0.566603
v 0.101776 6.179672 -0.524689
v 0.105379 6.190047 -0.481239
v 0.105379 6.202951 -0.437732
v 0.021267 6.186929 -0.708778
v 0.042224 6.182138 -0.694404
v 0.061728 6.180145 -0.672714
v 0.079115 6.181016 -0.644448
v 0.093794 6.184723 -0.610568
v 0.105264 6.191139 -0.572227
v 0.113135 6.200046 -0.530731
v 0.117138 6.211140 -0.487494
v 0.117138 6.224043 -0.443988
v 0.022603 6.191153 -0.710031
v 0.044851 6.190442 -0.696866
v 0.065556 6.192245 -0.676303
v 0.084015 6.196501 -0.649041
v 0.099597 6.203065 -0.616008
v 0.111774 6.211714 -0.578329
v 0.120130 6.222153 -0.537288
v 0.124380 6.234026 -0.494282
v 0.124380 6.246930 -0.450776
v 0.023055 6.195545 -0.711333
v 0.045738 6.199076 -0.699427
v 0.066849 6.204828 -0.680035
v 0.085669 6.212604 -0.653817
v 0.101557 6.222140 -0.621665
v 0.113972 6.233111 -0.584675
v 0.122492 6.245143 -0.544107
v 0.126825 6.257827 -0.501342
v 0.126825 6.270731 -0.457835
v 0.022603 6.199937 -0.712636
v 0.044851 6.207711 -0.701989
v 0.065556 6.217411 -0.683767
v 0.084015 6.228707 -0.658593
v 0.099597 6.241215 -0.627323
v 0.111774 6.254508 -0.591022
v 0.120130 6.268134 -0.550926
v 0.124380 6.281628 -0.508401
v 0.124380 6.294532 -0.464895
v 0.021267 6.204161 -0.713889
v 0.042224 6.216014 -0.704451
v 0.061728 6.229511 -0.687356
v 0.079115 6.244192 -0.663185
v 0.093794 6.259557 -0.632763
v 0.105264 6.275083 -0.597124
v 0.113135 6.290241 -0.557483
v 0.117138 6.304515 -0.515189
v 0.117138 6.317419 -0.471682
v 0.019097 6.208053 -0.715043
v 0.037957 6.223666 -0.706721
v 0.055511 6.240662 -0.690663
v 0.071159 6.258462 -0.667418
v 0.084369 6.276461 -0.637777
v 0.094692 6.294045 -0.602748
v 0.101776 6.310615 -0.563525
v 0.105379 6.325607 -0.521445
v 0.105379 6.338511 -0.477938
v 0.016177 6.211464 -0.716055
v 0.032216 6.230373 -0.708710
v 0.047144 6.250436 -0.693562
v 0.060452 6.270971 -0.671128
v 0.071686 6.291278 -0.642171
v 0.080465 6.310665 -0.607678
v 0.086489 6.328473 -0.568822
v 0.089553 6.344094 -0.526928
v 0.089553 6.356998 -0.483422
v 0.012618 6.214264 -0.716886
v 0.025220 6.235878 -0.710343
v 0.036949 6.258458 -0.695941
v 0.047405 6.281236 -0.674173
v 0.056232 6.303437 -0.645778
v 0.063129 6.324305 -0.611723
v 0.067862 6.343129 -0.573169
v 0.070270 6.359267 -0.531428
v 0.070270 6.372170 -0.487922
v 0.008558 6.216345 -0.717503
v 0.017239 6.239967 -0.711556
v 0.025318 6.264418 -0.697709
v 0.032520 6.288864 -0.676435
v 0.038600 6.312473 -0.648457
v 0.043351 6.334440 -0.614729
v 0.046611 6.354019 -0.576399
v 0.048269 6.370541 -0.534772
v 0.048269 6.383445 -0.491265
v 0.004153 6.217626 -0.717883
v 0.008578 6.242486 -0.712303
v 0.012697 6.268089 -0.698798
v 0.016368 6.293561 -0.677828
v 0.019468 6.318037 -0.650108
v 0.021890 6.340682 -0.616580
v 0.023552 6.360724 -0.578388
v 0.024398 6.377483 -0.536831
v 0.024398 6.390387 -0.493325
v -0.000428 6.218059 -0.718011
v -0.000428 6.243337 -0.712555
v -0.000428 6.269328 -0.699165
v -0.000428 6.295147 -0.678299
v -0.000428 6.319915 -0.650665
v -0.000428 6.342789 -0.617205
v -0.000428 6.362989 -0.579059
v -0.000428 6.379827 -0.537526
v -0.000428 6.392731 -0.494020
v -0.005010 6.217626 -0.717883
v -0.009435 6.242486 -0.712303
v -0.013553 6.268089 -0.698798
v -0.017225 6.293561 -0.677828
v -0.020325 6.318037 -0.650108
v -0.022747 6.340682 -0.616580
v -0.024409 6.360724 -0.578388
v -0.025254 6.377483 -0.536831
v -0.025254 6.390387 -0.493325
v -0.009415 6.216345 -0.717503
v -0.018095 6.239967 -0.711556
v -0.026174 6.264418 -0.697709
v -0.033376 6.288864 -0.676435
v -0.039456 6.312473 -0.648457
v -0.044207 6.334440 -0.614729
v -0.047468 6.354019 -0.576399
v -0.049126 6.370541 -0.534772
v -0.049126 6.383444 -0.491265
v -0.013475 6.214264 -0.716886
v -0.026077 6.235878 -0.710343
v -0.037806 6.258458 -0.695941
v -0.048261 6.281236 -0.674173
v -0.057088 6.303437 -0.645777
v -0.063986 6.324305 -0.611723
v -0.068719 6.343129 -0.573169
v -0.071126 6.359267 -0.531428
v -0.071126 6.372170 -0.487922
v -0.017033 6.211464 -0.716055
v -0.033073 6.230373 -0.708710
v -0.048000 6.250436 -0.693562
v -0.061308 6.270971 -0.671128
v -0.072543 6.291278 -0.642171
v -0.081322 6.310665 -0.607677
v -0.087346 6.328473 -0.568822
v -0.090410 6.344094 -0.526928
v -0.090410 6.356998 -0.483422
v -0.000428 6.194355 -0.715348
v -0.019954 6.208053 -0.715043
v -0.038814 6.223666 -0.706721
v -0.056367 6.240662 -0.690663
v -0.072016 6.258462 -0.667418
v -0.085226 6.276461 -0.637777
v -0.095549 6.294045 -0.602748
v -0.102632 6.310615 -0.563525
v -0.106236 6.325607 -0.521445
v -0.106236 6.338511 -0.477938
v -0.022124 6.204161 -0.713889
v -0.043080 6.216014 -0.704451
v -0.062584 6.229511 -0.687356
v -0.079972 6.244192 -0.663185
v -0.094651 6.259557 -0.632763
v -0.106121 6.275083 -0.597124
v -0.113991 6.290241 -0.557483
v -0.117995 6.304515 -0.515189
v -0.117995 6.317419 -0.471682
v -0.023460 6.199937 -0.712636
v -0.045707 6.207711 -0.701989
v -0.066413 6.217411 -0.683767
v -0.084871 6.228707 -0.658593
v -0.100454 6.241215 -0.627323
v -0.112631 6.254508 -0.591022
v -0.120986 6.268134 -0.550926
v -0.125236 6.281628 -0.508401
v -0.125236 6.294532 -0.464895
v -0.023911 6.195545 -0.711333
v -0.046594 6.199076 -0.699427
v -0.067706 6.204828 -0.680035
v -0.086526 6.212604 -0.653817
v -0.102414 6.222140 -0.621665
v -0.114829 6.233111 -0.584675
v -0.123348 6.245143 -0.544107
v -0.127682 6.257827 -0.501342
v -0.127682 6.270731 -0.457835
v -0.023460 6.191153 -0.710031
v -0.045707 6.190442 -0.696866
v -0.066413 6.192245 -0.676303
v -0.084871 6.196501 -0.649041
v -0.100454 6.203065 -0.616008
v -0.112631 6.211714 -0.578329
v -0.120986 6.222153 -0.537288
v -0.125236 6.234026 -0.494282
v -0.125236 6.246930 -0.450776
v -0.022124 6.186929 -0.708778
v -0.043080 6.182138 -0.694404
v -0.062584 6.180145 -0.672714
v -0.079972 6.181016 -0.644448
v -0.094650 6.184723 -0.610568
v -0.106121 6.191139 -0.572227
v -0.113991 6.200046 -0.530731
v -0.117995 6.211140 -0.487494
v -0.117995 6.224043 -0.443988
v -0.019954 6.183037 -0.707624
v -0.038814 6.174486 -0.692134
v -0.056367 6.168993 -0.669407
v -0.072016 6.166746 -0.640215
v -0.085226 6.167819 -0.605554
v -0.095549 6.172177 -0.566603
v -0.102632 6.179672 -0.524689
v -0.106236 6.190047 -0.481239
v -0.106236 6.202951 -0.437732
v -0.017033 6.179626 -0.706612
v -0.033073 6.167779 -0.690145
v -0.048000 6.159219 -0.666508
v -0.061308 6.154237 -0.636505
v -0.072543 6.153002 -0.601159
v -0.081322 6.155557 -0.561673
v -0.087346 6.161814 -0.519392
v -0.090410 6.171560 -0.475755
v -0.090410 6.184464 -0.432249
v -0.013475 6.176826 -0.705781
v -0.026077 6.162275 -0.688513
v -0.037805 6.151198 -0.664129
v -0.048261 6.143972 -0.633461
v -0.057088 6.140842 -0.597553
v -0.063986 6.141917 -0.557628
v -0.068719 6.147158 -0.515045
v -0.071126 6.156388 -0.471255
v -0.071126 6.169291 -0.427749
v -0.009415 6.174745 -0.705164
v -0.018095 6.158185 -0.687299
v -0.026174 6.145237 -0.662361
v -0.033376 6.136344 -0.631198
v -0.039456 6.131807 -0.594873
v -0.044207 6.131782 -0.554622
v -0.047468 6.136268 -0.511815
v -0.049126 6.145113 -0.467911
v -0.049126 6.158017 -0.424405
v -0.005010 6.173464 -0.704784
v -0.009435 6.155666 -0.686552
v -0.013553 6.141567 -0.661272
v -0.017225 6.131647 -0.629805
v -0.020325 6.126243 -0.593223
v -0.022747 6.125540 -0.552771
v -0.024409 6.129562 -0.509826
v -0.025254 6.138171 -0.465852
v -0.025254 6.151075 -0.422346
v -0.000428 6.135827 -0.465157
vn -0.0000 0.9726 -0.2325
vn -0.0000 0.9740 -0.2264
vn 0.1541 0.9649 -0.2124
vn 0.1426 0.9648 -0.2207
vn 0.3842 0.9055 -0.1804
vn 0.3789 0.9059 -0.1894
vn 0.5550 0.8189 -0.1461
vn 0.5519 0.8193 -0.1555
vn 0.7046 0.7017 -0.1057
vn 0.7035 0.7013 -0.1151
vn 0.8274 0.5583 -0.0607
vn 0.8279 0.5566 -0.0698
vn 0.9190 0.3941 -0.0128
vn 0.9204 0.3905 -0.0214
vn 0.9839 0.1725 0.0472
vn 0.9855 0.1647 0.0405
vn 0.9960 0.0254 0.0855
vn 0.9968 0.0228 0.0768
vn 0.9839 -0.1188 0.1336
vn 0.9855 -0.1160 0.1238
vn 0.9190 -0.3374 0.2041
vn 0.9204 -0.3390 0.1950
vn 0.8274 -0.5012 0.2535
vn 0.8279 -0.5046 0.2449
vn 0.7046 -0.6459 0.2940
vn 0.7035 -0.6507 0.2859
vn 0.5550 -0.7661 0.3241
vn 0.5519 -0.7716 0.3164
vn 0.3842 -0.8574 0.3425
vn 0.3789 -0.8626 0.3351
vn 0.1541 -0.9247 0.3480
vn 0.1427 -0.9292 0.3410
vn -0.0000 -0.9400 0.3413
vn -0.0000 -0.9421 0.3354
vn -0.1541 -0.9247 0.3480
vn -0.1427 -0.9292 0.3410
vn -0.3842 -0.8574 0.3425
vn -0.3789 -0.8626 0.3351
vn -0.5550 -0.7661 0.3241
vn -0.5519 -0.7716 0.3164
vn -0.7046 -0.6459 0.2940
vn -0.7035 -0.6507 0.2859
vn -0.8274 -0.5011 0.2535
vn -0.8279 -0.5046 0.2449
vn -0.9190 -0.3374 0.2041
vn -0.9204 -0.3390 0.1950
vn -0.9839 -0.1188 0.1336
vn -0.9855 -0.1160 0.1238
vn -0.9960 0.0254 0.0855
vn -0.9968 0.0228 0.0768
vn -0.9839 0.1725 0.0472
vn -0.9855 0.1647 0.0405
vn -0.9190 0.3941 -0.0128
vn -0.9204 0.3905 -0.0214
vn -0.8274 0.5583 -0.0607
vn -0.8279 0.5566 -0.0698
vn -0.7046 0.7017 -0.1057
vn -0.7035 0.7013 -0.1151
vn -0.5550 0.8189 -0.1461
vn -0.5519 0.8193 -0.1555
vn -0.3842 0.9055 -0.1804
vn -0.3789 0.9059 -0.1894
vn 0.1489 -0.8787 0.4536
vn -0.0000 -0.9019 0.4320
vn -0.1541 0.9649 -0.2124
vn -0.1426 0.9648 -0.2207
vn 0.5318 0.8460 0.0368
vn 0.3669 0.9301 -0.0135
vn -0.5399 -0.7042 0.4611
vn -0.3746 -0.8005 0.4677
vn -0.3649 -0.7565 0.5427
vn -0.5241 -0.6568 0.5422
vn -0.9726 0.0661 0.2229
vn -0.9582 0.2102 0.1940
vn 0.3746 0.9261 -0.0444
vn 0.5399 0.8417 0.0026
vn 0.8027 -0.4397 0.4029
vn 0.6841 -0.5824 0.4391
vn -0.6841 -0.5824 0.4391
vn -0.8027 -0.4398 0.4029
vn -0.5399 0.8417 0.0026
vn -0.3746 0.9261 -0.0444
vn 0.9582 0.2102 0.1940
vn 0.9726 0.0661 0.2229
vn -0.1489 -0.8787 0.4536
vn -0.8922 0.4284 0.1434
vn 0.6841 0.7277 0.0506
vn 0.5399 -0.7042 0.4611
vn -0.8922 -0.2809 0.3538
vn -0.1489 0.9839 -0.0988
vn 0.9582 -0.0704 0.2772
vn -0.8027 0.5883 0.0980
vn 0.8027 0.5883 0.0980
vn 0.3746 -0.8005 0.4677
vn -0.9582 -0.0704 0.2772
vn -0.0000 0.9916 -0.1296
vn 0.1489 0.9839 -0.0988
vn 0.8922 -0.2809 0.3538
vn -0.6841 0.7277 0.0506
vn 0.8922 0.4284 0.1434
vn -0.8634 -0.2417 0.4429
vn -0.7762 -0.3953 0.4911
vn -0.6990 -0.2936 0.6521
vn -0.7782 -0.1561 0.6082
vn 0.7762 0.5991 0.1962
vn 0.8634 0.4441 0.2395
vn -0.6623 -0.5349 0.5246
vn 0.9304 0.2314 0.2843
vn 0.9472 0.0912 0.3075
vn 0.9304 -0.0390 0.3644
vn -0.9304 -0.0390 0.3644
vn 0.8634 -0.2417 0.4429
vn -0.9472 0.0912 0.3075
vn 0.7762 -0.3953 0.4911
vn -0.9304 0.2314 0.2842
vn 0.6623 -0.5349 0.5246
vn -0.8634 0.4441 0.2395
vn 0.5241 -0.6568 0.5422
vn -0.7762 0.5991 0.1962
vn 0.3649 -0.7565 0.5427
vn -0.0000 0.9978 -0.0661
vn 0.1444 0.9892 -0.0253
vn -0.6623 0.7345 0.1481
vn 0.1444 -0.8430 0.5181
vn 0.3649 0.9301 0.0425
vn -0.5241 0.8462 0.0964
vn -0.0000 -0.8725 0.4886
vn 0.5241 0.8462 0.0964
vn -0.3649 0.9301 0.0425
vn -0.1444 -0.8430 0.5181
vn 0.6623 0.7345 0.1481
vn -0.1444 0.9892 -0.0253
vn -0.8463 0.2705 0.4589
vn -0.8660 0.1422 0.4794
vn -0.6915 0.2054 0.6925
vn -0.6680 0.3037 0.6793
vn 0.8660 0.1422 0.4794
vn 0.8463 0.0234 0.5322
vn -0.8463 0.0234 0.5322
vn 0.7782 -0.1561 0.6082
vn 0.6990 -0.2936 0.6521
vn 0.5986 -0.4217 0.6810
vn -0.7782 0.4625 0.4248
vn 0.4780 -0.5384 0.6940
vn -0.6990 0.6017 0.3865
vn 0.3376 -0.6410 0.6893
vn -0.0000 0.9964 0.0848
vn 0.1388 0.9798 0.1438
vn -0.5986 0.7248 0.3409
vn 0.1388 -0.7430 0.6548
vn 0.3376 0.9132 0.2284
vn -0.4780 0.8297 0.2882
vn -0.0000 -0.7890 0.6144
vn 0.4780 0.8297 0.2882
vn -0.3376 0.9132 0.2284
vn -0.1388 -0.7430 0.6548
vn 0.5986 0.7248 0.3409
vn -0.1388 0.9798 0.1438
vn -0.3376 -0.6410 0.6893
vn 0.6990 0.6017 0.3865
vn -0.4780 -0.5384 0.6940
vn 0.7783 0.4625 0.4247
vn -0.5986 -0.4217 0.6810
vn 0.8463 0.2705 0.4589
vn -0.4649 0.6611 0.5890
vn -0.5399 0.5623 0.6264
vn -0.4359 0.5216 0.7334
vn -0.3769 0.6030 0.7031
vn 0.5399 -0.1299 0.8316
vn 0.4649 -0.2330 0.8541
vn -0.6030 0.4543 0.6557
vn 0.3763 -0.3342 0.8641
vn 0.2711 -0.4337 0.8593
vn -0.0000 0.9475 0.3199
vn 0.1099 0.9153 0.3874
vn 0.1099 -0.5561 0.8238
vn 0.2711 0.8321 0.4838
vn -0.3763 0.7513 0.5422
vn -0.0000 -0.6198 0.7847
vn 0.3763 0.7513 0.5422
vn -0.2711 0.8321 0.4838
vn -0.1099 -0.5561 0.8238
vn 0.4649 0.6611 0.5890
vn -0.1099 0.9153 0.3874
vn -0.2711 -0.4337 0.8593
vn 0.5399 0.5623 0.6264
vn -0.3763 -0.3342 0.8641
vn 0.6031 0.4543 0.6557
vn -0.4649 -0.2330 0.8541
vn 0.6680 0.3037 0.6793
vn -0.5399 -0.1299 0.8317
vn 0.6915 0.2054 0.6925
vn -0.6031 -0.0234 0.7974
vn 0.6680 0.1158 0.7351
vn -0.6680 0.1158 0.7351
vn 0.6031 -0.0234 0.7974
vn -0.0915 0.8472 0.5233
vn -0.2253 0.7566 0.6138
vn -0.2134 0.7347 0.6439
vn -0.0871 0.8257 0.5573
vn 0.2253 -0.2996 0.9271
vn 0.0914 -0.4249 0.9006
vn 0.0915 0.8472 0.5233
vn 0.2253 0.7566 0.6138
vn -0.3080 0.6811 0.6643
vn -0.0000 -0.4964 0.8681
vn 0.3080 0.6811 0.6643
vn -0.0914 -0.4249 0.9006
vn 0.3769 0.6030 0.7031
vn -0.2253 -0.2996 0.9271
vn 0.4359 0.5216 0.7334
vn -0.0000 0.8894 0.4571
vn -0.3080 -0.2088 0.9282
vn 0.4876 0.4346 0.7572
vn -0.3769 -0.1222 0.9182
vn 0.5450 0.3133 0.7777
vn -0.4359 -0.0373 0.8992
vn 0.5723 0.2332 0.7862
vn -0.4877 0.0485 0.8717
vn 0.5450 0.1614 0.8228
vn -0.5450 0.1614 0.8228
vn 0.4877 0.0485 0.8717
vn -0.5723 0.2332 0.7862
vn 0.4359 -0.0373 0.8992
vn -0.5450 0.3133 0.7777
vn 0.3768 -0.1222 0.9182
vn -0.4876 0.4346 0.7572
vn 0.3080 -0.2088 0.9282
vn -0.4098 -0.0153 0.9121
vn -0.3546 -0.0952 0.9301
vn -0.3065 -0.0396 0.9511
vn -0.3540 0.0302 0.9347
vn -0.0871 -0.3884 0.9174
vn -0.2134 -0.2648 0.9404
vn 0.3547 0.5870 0.7278
vn 0.4098 0.5101 0.7562
vn -0.0000 0.8706 0.4920
vn -0.2905 -0.1774 0.9403
vn 0.4585 0.4285 0.7786
vn 0.5130 0.3148 0.7986
vn 0.5414 0.2391 0.8060
vn -0.4585 0.0653 0.8863
vn 0.5130 0.1715 0.8411
vn -0.5130 0.1715 0.8411
vn 0.4585 0.0653 0.8863
vn -0.5414 0.2391 0.8060
vn 0.4098 -0.0153 0.9121
vn -0.5130 0.3148 0.7986
vn 0.3546 -0.0952 0.9301
vn -0.4585 0.4285 0.7786
vn 0.2905 -0.1774 0.9403
vn -0.4098 0.5101 0.7562
vn 0.2134 -0.2648 0.9404
vn 0.0871 0.8257 0.5573
vn -0.3546 0.5870 0.7278
vn 0.0871 -0.3884 0.9174
vn 0.2134 0.7347 0.6439
vn -0.2905 0.6614 0.6915
vn -0.0000 -0.4616 0.8871
vn 0.2905 0.6614 0.6915
vn -0.4677 0.2513 0.8474
vn -0.4471 0.1928 0.8734
vn -0.3264 0.2245 0.9182
vn -0.3430 0.2671 0.9006
vn 0.4472 0.3146 0.8373
vn 0.4677 0.2513 0.8474
vn -0.3966 0.1002 0.9125
vn 0.4471 0.1928 0.8734
vn 0.3966 0.1002 0.9125
vn 0.3540 0.0302 0.9347
vn -0.4471 0.3146 0.8373
vn 0.3065 -0.0396 0.9511
vn -0.3966 0.4135 0.8196
vn 0.2513 -0.1119 0.9614
vn -0.3540 0.4844 0.8000
vn 0.1850 -0.1901 0.9642
vn -0.0000 0.8169 0.5768
vn 0.0737 0.7746 0.6281
vn -0.3064 0.5517 0.7757
vn 0.0738 -0.3069 0.9489
vn 0.1850 0.6850 0.7046
vn -0.2513 0.6180 0.7449
vn -0.0000 -0.3703 0.9289
vn 0.2513 0.6180 0.7449
vn -0.1849 0.6850 0.7046
vn -0.0737 -0.3069 0.9489
vn 0.3065 0.5517 0.7757
vn -0.0737 0.7746 0.6281
vn -0.1849 -0.1901 0.9642
vn 0.3540 0.4844 0.8000
vn -0.2513 -0.1119 0.9614
vn 0.3966 0.4135 0.8196
vn -0.2564 0.4350 0.8631
vn -0.2875 0.3837 0.8775
vn -0.1288 0.3316 0.9346
vn -0.1143 0.3553 0.9277
vn 0.2875 0.1568 0.9449
vn 0.2564 0.1059 0.9607
vn -0.3263 0.3125 0.8921
vn 0.2225 0.0550 0.9734
vn 0.1834 0.0012 0.9830
vn 0.1362 -0.0589 0.9889
vn -0.0000 0.7089 0.7054
vn 0.0539 0.6688 0.7415
vn -0.2224 0.4846 0.8460
vn 0.0539 -0.1564 0.9862
vn 0.1362 0.5886 0.7969
vn -0.1834 0.5350 0.8247
vn -0.0000 -0.2096 0.9778
vn 0.1834 0.5350 0.8247
vn -0.1362 0.5886 0.7969
vn -0.0539 -0.1564 0.9862
vn 0.2224 0.4846 0.8460
vn -0.0539 0.6688 0.7415
vn -0.1362 -0.0589 0.9889
vn 0.2564 0.4350 0.8631
vn -0.1834 0.0012 0.9830
vn 0.2875 0.3837 0.8775
vn -0.2225 0.0550 0.9734
vn 0.3263 0.3125 0.8921
vn -0.2564 0.1059 0.9607
vn 0.3430 0.2671 0.9006
vn -0.2875 0.1568 0.9449
vn 0.3264 0.2245 0.9182
vn 0.0155 0.4825 0.8758
vn -0.0000 0.4812 0.8766
vn -0.0155 0.4825 0.8758
vn -0.0583 0.4303 0.9008
vn -0.0805 0.4031 0.9116
vn -0.0986 0.3787 0.9203
vn -0.1512 0.2979 0.9425
vn -0.1471 0.2813 0.9483
vn -0.1513 0.2642 0.9525
vn -0.1288 0.2316 0.9642
vn -0.1143 0.2080 0.9714
vn -0.0986 0.1843 0.9779
vn -0.0805 0.1591 0.9840
vn -0.0583 0.1304 0.9897
vn -0.0155 0.0730 0.9972
vn -0.0000 0.0746 0.9972
vn 0.0155 0.0730 0.9972
vn 0.0583 0.1304 0.9897
vn 0.0805 0.1591 0.9840
vn 0.0986 0.1843 0.9779
vn 0.1143 0.2080 0.9714
vn 0.1288 0.2316 0.9642
vn 0.1513 0.2642 0.9525
vn 0.1471 0.2813 0.9483
vn 0.1512 0.2979 0.9425
vn 0.1288 0.3315 0.9346
vn 0.1143 0.3553 0.9277
vn 0.0986 0.3787 0.9203
vn 0.0805 0.4031 0.9116
vn 0.0583 0.4303 0.9008
vn 0.7935 0.5934 0.1350
vn 0.8828 0.4338 0.1800
vn 0.8304 0.4539 0.3233
vn 0.7456 0.6033 0.2829
vn 0.6754 -0.5666 0.4721
vn 0.7935 -0.4238 0.4368
vn -0.7935 -0.4238 0.4368
vn -0.6754 -0.5666 0.4721
vn -0.3669 0.9301 -0.0135
vn -0.5318 0.8460 0.0368
vn 0.9646 0.0750 0.2530
vn 0.9493 0.2143 0.2300
vn -0.1377 -0.8686 0.4760
vn -0.0000 -0.8916 0.4528
vn -0.8828 0.4338 0.1800
vn -0.9493 0.2143 0.2300
vn 0.6754 0.7323 0.0868
vn 0.5318 -0.6891 0.4922
vn -0.8828 -0.2655 0.3875
vn -0.1377 0.9877 -0.0745
vn 0.9493 -0.0542 0.3096
vn -0.3670 -0.7871 0.4958
vn -0.7935 0.5934 0.1350
vn 0.3670 -0.7871 0.4958
vn -0.9493 -0.0542 0.3096
vn 0.1377 0.9877 -0.0745
vn -0.0000 0.9943 -0.1066
vn 0.8828 -0.2655 0.3875
vn -0.5318 -0.6891 0.4922
vn -0.6754 0.7323 0.0868
vn 0.1377 -0.8686 0.4760
vn -0.9646 0.0750 0.2530
vn 0.9187 0.1123 0.3788
vn 0.8991 -0.0108 0.4377
vn 0.8219 0.0427 0.5681
vn 0.8480 0.1507 0.5081
vn -0.6385 -0.4918 0.5919
vn -0.5066 -0.6137 0.6056
vn 0.8986 0.2469 0.3626
vn -0.7475 -0.3550 0.5614
vn -0.8318 -0.2065 0.5152
vn -0.8991 -0.0108 0.4377
vn 0.8318 -0.2065 0.5152
vn -0.9187 0.1123 0.3788
vn 0.7475 -0.3550 0.5614
vn -0.8986 0.2469 0.3626
vn 0.6385 -0.4918 0.5919
vn -0.8304 0.4539 0.3233
vn 0.5066 -0.6137 0.6056
vn -0.7456 0.6033 0.2829
vn 0.3535 -0.7168 0.6010
vn 0.1370 0.9895 0.0453
vn -0.0000 1.0000 -0.0028
vn -0.6365 0.7344 0.2357
vn 0.1373 -0.8120 0.5672
vn 0.3523 0.9277 0.1239
vn -0.5048 0.8438 0.1824
vn -0.0000 -0.8465 0.5324
vn 0.5048 0.8438 0.1824
vn -0.3523 0.9277 0.1239
vn -0.1373 -0.8120 0.5672
vn 0.6365 0.7344 0.2357
vn -0.1370 0.9895 0.0453
vn -0.3535 -0.7168 0.6010
vn 0.6779 -0.2695 0.6839
vn 0.5809 -0.3964 0.7109
vn 0.5195 -0.3063 0.7977
vn 0.6042 -0.1919 0.7733
vn -0.8219 0.0427 0.5681
vn -0.7552 -0.1350 0.6414
vn 0.7552 -0.1350 0.6414
vn -0.8480 0.1507 0.5081
vn -0.8207 0.2750 0.5008
vn -0.7528 0.4635 0.4674
vn 0.4641 -0.5141 0.7213
vn -0.6749 0.5988 0.4312
vn 0.3271 -0.6203 0.7129
vn 0.1246 0.9767 0.1748
vn -0.0000 0.9933 0.1157
vn -0.5776 0.7191 0.3863
vn 0.1257 -0.7310 0.6707
vn 0.3247 0.9067 0.2690
vn -0.4611 0.8227 0.3325
vn -0.0000 -0.7775 0.6289
vn 0.4611 0.8227 0.3325
vn -0.3247 0.9067 0.2690
vn -0.1257 -0.7310 0.6707
vn 0.5776 0.7191 0.3863
vn -0.1246 0.9767 0.1748
vn -0.3271 -0.6203 0.7129
vn 0.6749 0.5988 0.4312
vn -0.4641 -0.5141 0.7213
vn 0.7528 0.4635 0.4674
vn -0.5809 -0.3964 0.7109
vn 0.8207 0.2750 0.5008
vn -0.6779 -0.2695 0.6839
vn 0.2992 -0.5214 0.7992
vn 0.1193 -0.6420 0.7574
vn 0.1098 -0.5695 0.8147
vn 0.2746 -0.4439 0.8530
vn -0.6743 0.4618 0.5763
vn -0.7410 0.2935 0.6040
vn 0.4185 -0.4163 0.8072
vn -0.6042 0.5825 0.5436
vn 0.1193 0.9511 0.2849
vn -0.0000 0.9765 0.2154
vn -0.5194 0.6917 0.5018
vn 0.2992 0.8728 0.3857
vn -0.4185 0.7891 0.4497
vn -0.0000 -0.7012 0.7130
vn 0.4185 0.7891 0.4497
vn -0.2992 0.8728 0.3857
vn -0.1193 -0.6420 0.7574
vn 0.5194 0.6917 0.5018
vn -0.1193 0.9511 0.2849
vn -0.2992 -0.5214 0.7992
vn 0.6042 0.5825 0.5436
vn -0.4185 -0.4163 0.8072
vn 0.6743 0.4618 0.5763
vn -0.5195 -0.3063 0.7977
vn 0.7410 0.2935 0.6040
vn -0.6042 -0.1919 0.7733
vn 0.7695 0.1816 0.6123
vn -0.6743 -0.0729 0.7349
vn 0.7410 0.0832 0.6664
vn -0.7410 0.0832 0.6664
vn 0.6743 -0.0729 0.7349
vn -0.7695 0.1816 0.6123
vn -0.1098 -0.5695 0.8147
vn -0.2746 -0.4439 0.8530
vn -0.2173 -0.2706 0.9379
vn -0.0903 -0.3910 0.9159
vn 0.2746 0.8372 0.4731
vn 0.1097 0.9215 0.3724
vn -0.3807 0.7550 0.5338
vn -0.4699 0.6637 0.5820
vn -0.0000 -0.6361 0.7716
vn 0.3807 0.7550 0.5338
vn -0.2746 0.8372 0.4731
vn 0.4699 0.6637 0.5820
vn -0.1097 0.9215 0.3724
vn 0.5453 0.5641 0.6200
vn -0.0000 0.9539 0.3001
vn -0.3808 -0.3419 0.8592
vn 0.6090 0.4553 0.6494
vn -0.4699 -0.2391 0.8497
vn 0.6720 0.3038 0.6753
vn -0.5453 -0.1349 0.8273
vn 0.7049 0.2017 0.6800
vn -0.6090 -0.0276 0.7927
vn 0.6720 0.1135 0.7318
vn -0.6720 0.1135 0.7318
vn 0.6090 -0.0276 0.7927
vn -0.7049 0.2017 0.6800
vn 0.5453 -0.1348 0.8273
vn -0.6720 0.3038 0.6753
vn 0.4699 -0.2391 0.8497
vn -0.6090 0.4553 0.6494
vn 0.3808 -0.3419 0.8592
vn -0.5453 0.5641 0.6200
vn -0.3602 -0.1008 0.9274
vn -0.4160 -0.0203 0.9091
vn -0.8163 -0.5766 -0.0348
vn -0.7002 -0.7140 0.0017
vn 0.4160 0.5127 0.7511
vn 0.3602 0.5901 0.7225
vn -0.0000 0.8750 0.4840
vn -0.0903 0.8272 0.5546
vn -0.2953 -0.1833 0.9377
vn 0.4651 0.4304 0.7736
vn 0.5169 0.3163 0.7954
vn 0.5529 0.2369 0.7989
vn -0.4651 0.0610 0.8832
vn 0.5169 0.1685 0.8393
vn -0.5169 0.1685 0.8393
vn 0.4651 0.0610 0.8832
vn -0.5529 0.2369 0.7989
vn 0.4160 -0.0203 0.9091
vn -0.5169 0.3163 0.7954
vn 0.3602 -0.1008 0.9274
vn -0.4651 0.4304 0.7736
vn 0.2953 -0.1833 0.9377
vn -0.4160 0.5127 0.7511
vn 0.2173 -0.2706 0.9379
vn 0.0903 0.8272 0.5546
vn -0.3602 0.5901 0.7225
vn 0.0903 -0.3911 0.9159
vn 0.2172 0.7382 0.6387
vn -0.2953 0.6649 0.6861
vn -0.0000 -0.4696 0.8829
vn 0.2953 0.6649 0.6861
vn -0.2172 0.7382 0.6387
vn -0.0000 -0.5907 -0.8069
vn -0.0538 -0.5216 -0.8515
vn -0.0926 -0.8410 -0.5331
vn -0.0000 -0.8874 -0.4610
vn 0.9726 -0.0661 -0.2228
vn 0.9642 0.1064 -0.2427
vn -0.9029 -0.4218 -0.0822
vn 0.9642 -0.2215 -0.1454
vn -0.9642 -0.2215 -0.1454
vn 0.9030 -0.4218 -0.0822
vn -0.9726 -0.0661 -0.2228
vn 0.8163 -0.5766 -0.0348
vn -0.9642 0.1064 -0.2427
vn 0.7002 -0.7140 0.0017
vn -0.9029 0.3088 -0.2989
vn 0.5590 -0.8287 0.0257
vn -0.8163 0.4643 -0.3435
vn 0.3982 -0.9166 0.0346
vn 0.1977 0.8369 -0.5104
vn -0.0000 0.8176 -0.5759
vn -0.7002 0.5994 -0.3878
vn 0.1978 -0.9798 0.0284
vn 0.3982 0.7873 -0.4708
vn -0.5590 0.7087 -0.4303
vn -0.0000 -0.9993 -0.0370
vn 0.5590 0.7087 -0.4303
vn -0.3982 0.7873 -0.4708
vn -0.1978 -0.9798 0.0284
vn 0.7002 0.5994 -0.3878
vn -0.1977 0.8369 -0.5104
vn -0.3982 -0.9166 0.0346
vn 0.8163 0.4643 -0.3436
vn -0.5590 -0.8287 0.0257
vn 0.9029 0.3088 -0.2989
vn -0.0981 -0.4860 -0.8684
vn -0.1273 -0.4523 -0.8827
vn -0.1519 -0.4204 -0.8945
vn -0.1735 -0.3888 -0.9048
vn -0.1933 -0.3562 -0.9142
vn -0.2091 -0.3134 -0.9263
vn -0.2464 -0.2756 -0.9292
vn -0.2091 -0.2423 -0.9474
vn -0.1933 -0.1998 -0.9606
vn -0.1735 -0.1675 -0.9705
vn -0.1519 -0.1353 -0.9791
vn -0.1273 -0.1021 -0.9866
vn -0.0981 -0.0661 -0.9930
vn -0.0538 -0.0270 -0.9982
vn -0.0000 0.0552 -0.9985
vn 0.0538 -0.0270 -0.9982
vn 0.0981 -0.0661 -0.9930
vn 0.1273 -0.1021 -0.9866
vn 0.1519 -0.1353 -0.9791
vn 0.1736 -0.1675 -0.9705
vn 0.1933 -0.1998 -0.9606
vn 0.2091 -0.2423 -0.9474
vn 0.2464 -0.2756 -0.9292
vn 0.2091 -0.3134 -0.9263
vn 0.1933 -0.3562 -0.9142
vn 0.1735 -0.3888 -0.9048
vn 0.1519 -0.4204 -0.8945
vn 0.1273 -0.4523 -0.8827
vn 0.0981 -0.4860 -0.8684
vn 0.0538 -0.5216 -0.8515
vn -0.3050 -0.6759 -0.6709
vn -0.3724 -0.5990 -0.7089
vn -0.4714 -0.6646 -0.5797
vn -0.3820 -0.7563 -0.5312
vn 0.3724 -0.5990 -0.7089
vn 0.4302 -0.5190 -0.7386
vn -0.0926 0.4143 -0.9054
vn -0.2241 0.2908 -0.9302
vn -0.2241 -0.7509 -0.6212
vn 0.3050 -0.6759 -0.6709
vn -0.0000 0.4926 -0.8703
vn 0.2241 -0.7509 -0.6212
vn 0.0926 0.4143 -0.9054
vn 0.0926 -0.8410 -0.5331
vn 0.2241 0.2908 -0.9302
vn -0.4302 -0.5190 -0.7386
vn 0.3050 0.2008 -0.9309
vn -0.4810 -0.4337 -0.7619
vn 0.3724 0.1156 -0.9208
vn -0.5347 -0.3155 -0.7839
vn 0.4302 0.0323 -0.9021
vn -0.5705 -0.2335 -0.7874
vn 0.4810 -0.0518 -0.8752
vn -0.5347 -0.1630 -0.8292
vn 0.5347 -0.1630 -0.8292
vn -0.4810 -0.0518 -0.8752
vn 0.5705 -0.2335 -0.7874
vn -0.4302 0.0323 -0.9021
vn 0.5347 -0.3155 -0.7839
vn -0.3724 0.1156 -0.9208
vn 0.4810 -0.4337 -0.7619
vn -0.3050 0.2008 -0.9309
vn -0.6110 -0.4556 -0.6475
vn -0.6745 -0.3035 -0.6730
vn -0.7362 -0.2943 -0.6094
vn -0.6695 -0.4614 -0.5821
vn 0.1102 -0.9234 -0.3678
vn 0.2755 -0.8387 -0.4697
vn 0.2755 0.4470 -0.8511
vn 0.1102 0.5735 -0.8117
vn -0.5470 -0.5647 -0.6180
vn -0.0000 -0.9556 -0.2947
vn 0.3820 0.3444 -0.8576
vn 0.4714 0.2411 -0.8483
vn 0.5470 0.1365 -0.8259
vn -0.7071 -0.2011 -0.6780
vn 0.6110 0.0289 -0.7911
vn -0.6745 -0.1126 -0.7297
vn 0.6745 -0.1126 -0.7297
vn -0.6110 0.0289 -0.7911
vn 0.7071 -0.2011 -0.6780
vn -0.5470 0.1364 -0.8259
vn 0.6745 -0.3035 -0.6730
vn -0.4714 0.2411 -0.8483
vn 0.6110 -0.4556 -0.6475
vn -0.3820 0.3444 -0.8576
vn 0.5470 -0.5647 -0.6180
vn -0.2755 0.4470 -0.8511
vn -0.1102 -0.9234 -0.3678
vn 0.4714 -0.6646 -0.5797
vn -0.1102 0.5735 -0.8117
vn -0.2755 -0.8387 -0.4697
vn 0.3820 -0.7563 -0.5312
vn -0.0000 0.6404 -0.7680
vn -0.7362 -0.0855 -0.6713
vn -0.6695 0.0694 -0.7396
vn -0.7467 0.1283 -0.6527
vn -0.8141 -0.0466 -0.5789
vn 0.5999 0.1876 -0.7778
vn 0.5158 0.3012 -0.8020
vn -0.7651 -0.1831 -0.6174
vn 0.6695 0.0694 -0.7396
vn 0.7362 -0.0855 -0.6713
vn 0.7651 -0.1831 -0.6174
vn -0.5999 0.1876 -0.7778
vn 0.7362 -0.2943 -0.6094
vn -0.5158 0.3012 -0.8020
vn 0.6695 -0.4614 -0.5821
vn -0.4159 0.4110 -0.8112
vn 0.5999 -0.5813 -0.5498
vn -0.2976 0.5163 -0.8030
vn -0.1188 -0.9497 -0.2897
vn -0.0000 -0.9757 -0.2192
vn 0.5158 -0.6898 -0.5080
vn -0.1188 0.6382 -0.7606
vn -0.2976 -0.8707 -0.3916
vn 0.4159 -0.7869 -0.4559
vn -0.0000 0.6984 -0.7157
vn -0.4159 -0.7869 -0.4559
vn 0.2976 -0.8707 -0.3916
vn 0.1188 0.6382 -0.7606
vn -0.5158 -0.6898 -0.5080
vn 0.1188 -0.9497 -0.2897
vn 0.2976 0.5163 -0.8030
vn -0.5999 -0.5813 -0.5498
vn 0.4159 0.4110 -0.8112
vn -0.5738 0.3858 -0.7224
vn -0.4587 0.5025 -0.7329
vn -0.5003 0.5971 -0.6270
vn -0.6300 0.4761 -0.6135
vn 0.8413 -0.1537 -0.5183
vn 0.8141 -0.0466 -0.5789
vn -0.6697 0.2608 -0.6953
vn 0.8141 -0.2766 -0.5107
vn 0.7467 -0.4634 -0.4772
vn 0.6697 -0.5977 -0.4407
vn -0.3236 0.6086 -0.7245
vn -0.1247 -0.9760 -0.1787
vn -0.0000 -0.9931 -0.1174
vn 0.5738 -0.7173 -0.3952
vn -0.1247 0.7207 -0.6819
vn -0.3237 -0.9052 -0.2755
vn 0.4587 -0.8208 -0.3404
vn -0.0000 0.7685 -0.6398
vn -0.4587 -0.8208 -0.3404
vn 0.3236 -0.9052 -0.2755
vn 0.1247 0.7207 -0.6819
vn -0.5738 -0.7173 -0.3952
vn 0.1247 -0.9760 -0.1787
vn 0.3236 0.6086 -0.7245
vn -0.6697 -0.5977 -0.4407
vn 0.4587 0.5025 -0.7329
vn -0.7467 -0.4634 -0.4772
vn 0.5738 0.3858 -0.7224
vn -0.8141 -0.2766 -0.5107
vn 0.6697 0.2608 -0.6953
vn -0.8413 -0.1537 -0.5183
vn 0.7467 0.1283 -0.6527
vn -0.1363 0.7983 -0.5867
vn -0.0000 0.8350 -0.5502
vn -0.0000 0.8853 -0.4650
vn -0.1368 0.8608 -0.4901
vn 0.7374 -0.6039 -0.3028
vn 0.8210 -0.4561 -0.3434
vn -0.3498 0.7007 -0.6219
vn -0.1363 -0.9891 -0.0566
vn -0.0000 -1.0000 -0.0059
vn 0.6300 -0.7336 -0.2548
vn -0.3498 -0.9264 -0.1393
vn 0.5003 -0.8424 -0.2000
vn -0.5003 -0.8424 -0.2000
vn 0.3498 -0.9264 -0.1393
vn 0.1363 0.7983 -0.5867
vn -0.6300 -0.7336 -0.2548
vn 0.1363 -0.9891 -0.0566
vn 0.3498 0.7007 -0.6219
vn -0.7374 -0.6039 -0.3028
vn 0.5003 0.5971 -0.6270
vn -0.8210 -0.4561 -0.3434
vn 0.6300 0.4761 -0.6135
vn -0.8890 -0.2518 -0.3824
vn 0.7374 0.3411 -0.5830
vn -0.9097 -0.1181 -0.3982
vn 0.8210 0.1952 -0.5365
vn -0.8890 0.0026 -0.4579
vn 0.8890 0.0026 -0.4579
vn -0.8210 0.1952 -0.5365
vn 0.9097 -0.1181 -0.3982
vn -0.7374 0.3411 -0.5830
vn 0.8890 -0.2518 -0.3824
vn 0.3648 0.7771 -0.5128
vn 0.5283 0.6783 -0.5108
vn 0.5328 0.6778 -0.5066
vn 0.3713 0.7757 -0.5103
vn -0.5283 -0.8471 -0.0584
vn -0.3648 -0.9310 -0.0062
vn 0.3648 -0.9310 -0.0062
vn 0.5283 -0.8471 -0.0584
vn 0.1368 0.8608 -0.4901
vn -0.6704 -0.7339 -0.1093
vn 0.1368 -0.9889 0.0585
vn -0.7874 -0.5959 -0.1577
vn -0.0000 -0.9957 0.0929
vn -0.8762 -0.4375 -0.2022
vn 0.6704 0.5556 -0.4918
vn -0.9429 -0.2193 -0.2507
vn 0.7874 0.4136 -0.4571
vn -0.9588 -0.0807 -0.2722
vn 0.8762 0.2565 -0.4080
vn -0.9429 0.0471 -0.3298
vn 0.9429 0.0471 -0.3298
vn -0.8762 0.2565 -0.4080
vn 0.9588 -0.0807 -0.2722
vn -0.7874 0.4136 -0.4571
vn 0.9429 -0.2193 -0.2507
vn -0.6704 0.5556 -0.4918
vn 0.8762 -0.4375 -0.2022
vn -0.5283 0.6783 -0.5108
vn 0.7874 -0.5959 -0.1577
vn -0.3648 0.7771 -0.5128
vn -0.1368 -0.9889 0.0585
vn 0.6704 -0.7339 -0.1093
vn 0.7892 0.4157 -0.4520
vn 0.8772 0.2601 -0.4035
vn 0.5161 -0.0331 -0.8559
vn 0.4622 0.0606 -0.8847
vn -0.8772 -0.4380 -0.1964
vn -0.7892 -0.5949 -0.1522
vn 0.6734 0.5564 -0.4868
vn -0.9437 -0.2238 -0.2434
vn -0.9592 -0.0804 -0.2711
vn -0.9437 0.0549 -0.3261
vn 0.9437 0.0549 -0.3261
vn -0.8772 0.2601 -0.4035
vn 0.9592 -0.0804 -0.2711
vn -0.7892 0.4157 -0.4520
vn 0.9437 -0.2238 -0.2434
vn -0.6734 0.5564 -0.4868
vn 0.8772 -0.4380 -0.1964
vn -0.5329 0.6778 -0.5066
vn 0.7892 -0.5949 -0.1522
vn -0.3713 0.7757 -0.5103
vn -0.1504 -0.9870 0.0561
vn -0.0000 -0.9956 0.0936
vn 0.6734 -0.7318 -0.1047
vn -0.1504 0.8580 -0.4911
vn -0.3713 -0.9285 -0.0048
vn 0.5329 -0.8444 -0.0551
vn -0.0000 0.8857 -0.4643
vn -0.5329 -0.8444 -0.0551
vn 0.3713 -0.9285 -0.0048
vn 0.1504 0.8580 -0.4911
vn -0.6734 -0.7318 -0.1047
vn 0.1504 -0.9870 0.0561
vn -0.0000 -0.8070 -0.5905
vn -0.0750 -0.8156 -0.5737
vn -0.2164 -0.7525 -0.6220
vn -0.3121 -0.6915 -0.6515
vn -0.3941 -0.6178 -0.6805
vn -0.4622 -0.5331 -0.7086
vn -0.5161 -0.4389 -0.7355
vn -0.5727 -0.3073 -0.7600
vn -0.5551 -0.2365 -0.7974
vn -0.5727 -0.1568 -0.8046
vn -0.5161 -0.0331 -0.8559
vn -0.4622 0.0606 -0.8847
vn -0.3941 0.1468 -0.9072
vn -0.3121 0.2245 -0.9232
vn -0.2164 0.2916 -0.9317
vn -0.0750 0.3710 -0.9256
vn -0.0000 0.3546 -0.9350
vn 0.0750 0.3710 -0.9256
vn 0.2164 0.2916 -0.9317
vn 0.3121 0.2245 -0.9232
vn 0.3941 0.1468 -0.9073
vn 0.5727 -0.1568 -0.8046
vn 0.5551 -0.2365 -0.7974
vn 0.5727 -0.3073 -0.7600
vn 0.5161 -0.4389 -0.7355
vn 0.4622 -0.5331 -0.7086
vn 0.3941 -0.6177 -0.6805
vn 0.3121 -0.6915 -0.6515
vn 0.2164 -0.7525 -0.6220
vn 0.0750 -0.8156 -0.5737
vn -0.0000 -0.9962 -0.0869
vn -0.0000 -0.9733 -0.2297
vn 0.1693 -0.9573 -0.2345
vn 0.1815 -0.9791 -0.0920
vn -0.0000 -0.9994 0.0342
vn 0.1888 -0.9816 0.0289
vn -0.0000 -0.9901 0.1406
vn 0.1930 -0.9718 0.1352
vn -0.0000 -0.9713 0.2378
vn 0.1949 -0.9529 0.2323
vn -0.0000 -0.5944 -0.8042
vn -0.0000 -0.2844 -0.9587
vn 0.0666 -0.5881 -0.8061
vn -0.0000 -0.9587 0.2844
vn 0.1951 -0.9403 0.2789
vn -0.0000 -0.8000 -0.5999
vn 0.1163 -0.7891 -0.6032
vn -0.0000 -0.9162 -0.4008
vn 0.1491 -0.9021 -0.4049
vn 0.2282 -0.7565 -0.6129
vn 0.2925 -0.8604 -0.4173
vn 0.3321 -0.9099 -0.2485
vn 0.3560 -0.9283 -0.1071
vn 0.3704 -0.9288 0.0133
vn 0.3785 -0.9179 0.1192
vn 0.3823 -0.8984 0.2161
vn 0.1305 -0.5695 -0.8116
vn 0.3827 -0.8857 0.2627
vn 0.4821 -0.8331 -0.2713
vn 0.5169 -0.8459 -0.1315
vn 0.5377 -0.8430 -0.0122
vn 0.5496 -0.8302 0.0932
vn 0.5549 -0.8099 0.1899
vn 0.1896 -0.5392 -0.8205
vn 0.5556 -0.7971 0.2364
vn 0.3314 -0.7037 -0.6285
vn 0.4247 -0.7927 -0.4374
vn 0.6844 -0.7276 -0.0464
vn 0.6995 -0.7123 0.0582
vn 0.7063 -0.6909 0.1546
vn 0.2413 -0.4986 -0.8326
vn 0.7071 -0.6779 0.2011
vn 0.4217 -0.6326 -0.6496
vn 0.5405 -0.7015 -0.4644
vn 0.6136 -0.7296 -0.3020
vn 0.6579 -0.7350 -0.1644
vn 0.2837 -0.4490 -0.8473
vn 0.8305 -0.5457 0.1115
vn 0.8315 -0.5326 0.1580
vn 0.4959 -0.5459 -0.6753
vn 0.6356 -0.5905 -0.4974
vn 0.7215 -0.6035 -0.3394
vn 0.7736 -0.5998 -0.2045
vn 0.8048 -0.5870 -0.0881
vn 0.8225 -0.5686 0.0156
vn 0.5510 -0.4471 -0.7046
vn 0.7062 -0.4638 -0.5349
vn 0.8017 -0.4597 -0.3820
vn 0.8595 -0.4456 -0.2503
vn 0.8942 -0.4266 -0.1357
vn 0.9139 -0.4046 -0.0331
vn 0.9228 -0.3802 0.0624
vn 0.3152 -0.3925 -0.8641
vn 0.9239 -0.3669 0.1088
vn 0.8511 -0.3036 -0.4283
vn 0.9125 -0.2783 -0.2999
vn 0.9493 -0.2525 -0.1873
vn 0.9702 -0.2267 -0.0858
vn 0.9796 -0.2005 0.0091
vn 0.3346 -0.3311 -0.8823
vn 0.9808 -0.1870 0.0555
vn 0.5849 -0.3398 -0.7365
vn 0.7497 -0.3263 -0.5757
vn 0.9679 -0.0715 -0.2410
vn 0.9892 -0.0417 -0.1407
vn 0.9988 -0.0137 -0.0463
vn 0.3411 -0.2673 -0.9012
vn 1.0000 -0.0000 -0.0000
vn 0.5964 -0.2282 -0.7695
vn 0.7644 -0.1833 -0.6181
vn 0.8678 -0.1413 -0.4765
vn 0.9304 -0.1043 -0.3515
vn 0.9796 0.1731 -0.1017
vn 0.9808 0.1870 -0.0555
vn 0.3346 -0.2035 -0.9201
vn 0.5849 -0.1167 -0.8026
vn 0.7497 -0.0404 -0.6605
vn 0.8511 0.0210 -0.5246
vn 0.9125 0.0698 -0.4031
vn 0.9493 0.1095 -0.2947
vn 0.9702 0.1433 -0.1956
vn 0.7062 0.0971 -0.7013
vn 0.8017 0.1771 -0.5709
vn 0.8595 0.2371 -0.4527
vn 0.8942 0.2836 -0.3463
vn 0.9139 0.3212 -0.2483
vn 0.9228 0.3527 -0.1550
vn 0.3152 -0.1421 -0.9383
vn 0.9239 0.3669 -0.1088
vn 0.5510 -0.0094 -0.8344
vn 0.7736 0.3913 -0.4985
vn 0.8048 0.4440 -0.3939
vn 0.8225 0.4851 -0.2970
vn 0.8305 0.5183 -0.2041
vn 0.2837 -0.0856 -0.9551
vn 0.8315 0.5326 -0.1580
vn 0.4959 0.0894 -0.8638
vn 0.6356 0.2238 -0.7389
vn 0.7215 0.3209 -0.6136
vn 0.6994 0.6288 -0.3396
vn 0.7063 0.6634 -0.2471
vn 0.2412 -0.0360 -0.9698
vn 0.7071 0.6779 -0.2011
vn 0.4217 0.1761 -0.8895
vn 0.5405 0.3349 -0.7718
vn 0.6136 0.4469 -0.6509
vn 0.6579 0.5265 -0.5386
vn 0.6844 0.5847 -0.4356
vn 0.1895 0.0047 -0.9819
vn 0.3313 0.2472 -0.9106
vn 0.4247 0.4260 -0.7988
vn 0.4821 0.5504 -0.6816
vn 0.5169 0.6374 -0.5715
vn 0.5377 0.7001 -0.4698
vn 0.5496 0.7468 -0.3746
vn 0.5549 0.7825 -0.2824
vn 0.5556 0.7971 -0.2364
vn 0.2925 0.4937 -0.8189
vn 0.3321 0.6273 -0.7044
vn 0.3560 0.7198 -0.5959
vn 0.3704 0.7858 -0.4953
vn 0.3785 0.8344 -0.4006
vn 0.3822 0.8710 -0.3087
vn 0.1306 0.0349 -0.9908
vn 0.3827 0.8857 -0.2627
vn 0.2282 0.3000 -0.9262
vn 0.1815 0.7706 -0.6110
vn 0.1888 0.8386 -0.5109
vn 0.1930 0.8884 -0.4166
vn 0.1949 0.9255 -0.3248
vn 0.0666 0.0535 -0.9963
vn 0.1951 0.9403 -0.2789
vn 0.1164 0.3326 -0.9359
vn 0.1491 0.5354 -0.8313
vn 0.1693 0.6746 -0.7185
vn -0.0000 0.9066 -0.4220
vn -0.0000 0.9439 -0.3303
vn -0.0000 0.0598 -0.9982
vn -0.0000 0.9587 -0.2844
vn -0.0000 0.3436 -0.9391
vn -0.0000 0.5495 -0.8355
vn -0.0000 0.6906 -0.7232
vn -0.0000 0.7877 -0.6160
vn -0.0000 0.8564 -0.5162
vn -0.1164 0.3326 -0.9359
vn -0.1491 0.5354 -0.8313
vn -0.1693 0.6746 -0.7185
vn -0.1815 0.7706 -0.6110
vn -0.1888 0.8386 -0.5109
vn -0.1930 0.8884 -0.4166
vn -0.1949 0.9255 -0.3248
vn -0.0666 0.0535 -0.9963
vn -0.1951 0.9403 -0.2789
vn -0.3321 0.6273 -0.7044
vn -0.3560 0.7198 -0.5959
vn -0.3704 0.7858 -0.4953
vn -0.3785 0.8344 -0.4006
vn -0.3822 0.8710 -0.3087
vn -0.1305 0.0349 -0.9908
vn -0.3827 0.8857 -0.2627
vn -0.2282 0.3000 -0.9262
vn -0.2925 0.4937 -0.8189
vn -0.5377 0.7001 -0.4698
vn -0.5496 0.7468 -0.3746
vn -0.5549 0.7825 -0.2824
vn -0.1895 0.0047 -0.9819
vn -0.5556 0.7971 -0.2364
vn -0.3314 0.2472 -0.9105
vn -0.4247 0.4260 -0.7988
vn -0.4821 0.5504 -0.6816
vn -0.5169 0.6374 -0.5715
vn -0.7063 0.6634 -0.2471
vn -0.7071 0.6779 -0.2011
vn -0.2412 -0.0360 -0.9698
vn -0.4217 0.1761 -0.8895
vn -0.5405 0.3349 -0.7718
vn -0.6136 0.4470 -0.6509
vn -0.6579 0.5265 -0.5386
vn -0.6844 0.5847 -0.4356
vn -0.6995 0.6288 -0.3396
vn -0.6356 0.2238 -0.7389
vn -0.7215 0.3209 -0.6136
vn -0.7736 0.3913 -0.4985
vn -0.8048 0.4440 -0.3939
vn -0.8225 0.4851 -0.2970
vn -0.8305 0.5183 -0.2041
vn -0.2837 -0.0856 -0.9551
vn -0.8315 0.5326 -0.1580
vn -0.4959 0.0894 -0.8638
vn -0.8595 0.2371 -0.4527
vn -0.8942 0.2836 -0.3463
vn -0.9139 0.3212 -0.2483
vn -0.9228 0.3527 -0.1550
vn -0.3152 -0.1421 -0.9383
vn -0.9239 0.3669 -0.1088
vn -0.5510 -0.0094 -0.8344
vn -0.7062 0.0971 -0.7013
vn -0.8017 0.1771 -0.5709
vn -0.9702 0.1433 -0.1956
vn -0.9796 0.1731 -0.1017
vn -0.3346 -0.2035 -0.9201
vn -0.9808 0.1870 -0.0555
vn -0.5849 -0.1167 -0.8026
vn -0.7497 -0.0404 -0.6605
vn -0.8511 0.0210 -0.5246
vn -0.9125 0.0698 -0.4031
vn -0.9493 0.1095 -0.2947
vn -0.3412 -0.2673 -0.9012
vn -0.5964 -0.2282 -0.7695
vn -0.7644 -0.1833 -0.6181
vn -0.8678 -0.1413 -0.4765
vn -0.9304 -0.1043 -0.3515
vn -0.9679 -0.0715 -0.2410
vn -0.9892 -0.0417 -0.1407
vn -0.9988 -0.0137 -0.0463
vn -1.0000 -0.0000 -0.0000
vn -0.7497 -0.3263 -0.5757
vn -0.8511 -0.3036 -0.4283
vn -0.9125 -0.2783 -0.2999
vn -0.9493 -0.2525 -0.1873
vn -0.9702 -0.2267 -0.0858
vn -0.9796 -0.2005 0.0091
vn -0.3346 -0.3311 -0.8823
vn -0.9808 -0.1870 0.0555
vn -0.5850 -0.3398 -0.7365
vn -0.8595 -0.4456 -0.2503
vn -0.8942 -0.4266 -0.1357
vn -0.9139 -0.4047 -0.0331
vn -0.9228 -0.3802 0.0624
vn -0.3152 -0.3925 -0.8641
vn -0.9239 -0.3669 0.1088
vn -0.5510 -0.4470 -0.7046
vn -0.7062 -0.4638 -0.5349
vn -0.8017 -0.4597 -0.3820
vn -0.8225 -0.5686 0.0156
vn -0.8305 -0.5457 0.1115
vn -0.2837 -0.4490 -0.8473
vn -0.8315 -0.5326 0.1580
vn -0.4959 -0.5459 -0.6753
vn -0.6356 -0.5905 -0.4974
vn -0.7215 -0.6035 -0.3394
vn -0.7736 -0.5998 -0.2045
vn -0.8048 -0.5870 -0.0881
vn -0.4217 -0.6326 -0.6496
vn -0.5405 -0.7015 -0.4644
vn -0.6136 -0.7296 -0.3020
vn -0.6579 -0.7350 -0.1644
vn -0.6844 -0.7276 -0.0464
vn -0.6995 -0.7123 0.0582
vn -0.7063 -0.6909 0.1546
vn -0.2413 -0.4986 -0.8326
vn -0.7071 -0.6779 0.2011
vn -0.4821 -0.8331 -0.2713
vn -0.5169 -0.8459 -0.1315
vn -0.5377 -0.8430 -0.0122
vn -0.5496 -0.8302 0.0932
vn -0.5549 -0.8099 0.1899
vn -0.1896 -0.5392 -0.8205
vn -0.5556 -0.7971 0.2364
vn -0.3314 -0.7037 -0.6285
vn -0.4247 -0.7927 -0.4374
vn -0.3704 -0.9288 0.0133
vn -0.3785 -0.9179 0.1192
vn -0.3822 -0.8984 0.2161
vn -0.1305 -0.5695 -0.8116
vn -0.3827 -0.8857 0.2627
vn -0.2282 -0.7565 -0.6129
vn -0.2925 -0.8604 -0.4173
vn -0.3321 -0.9099 -0.2485
vn -0.3560 -0.9283 -0.1071
vn -0.0666 -0.5881 -0.8061
vn -0.1949 -0.9529 0.2323
vn -0.1951 -0.9403 0.2789
vn -0.1163 -0.7890 -0.6032
vn -0.1491 -0.9021 -0.4049
vn -0.1693 -0.9573 -0.2345
vn -0.1815 -0.9791 -0.0920
vn -0.1888 -0.9816 0.0289
vn -0.1930 -0.9719 0.1352
vt 0.409277 0.613016
vt 0.371116 0.612795
vt 0.371124 0.516940
vt 0.409285 0.517161
vt 0.371148 0.513201
vt 0.409309 0.513421
vt 0.371188 0.509557
vt 0.409348 0.509778
vt 0.371241 0.506149
vt 0.409401 0.506369
vt 0.371305 0.503107
vt 0.409466 0.503327
vt 0.820643 0.833562
vt 0.820853 0.795401
vt 0.823555 0.795363
vt 0.823345 0.833525
vt 0.826710 0.795340
vt 0.826500 0.833501
vt 0.885333 0.795321
vt 0.885124 0.833483
vt 0.944154 0.795317
vt 0.943945 0.833479
vt 0.947895 0.795340
vt 0.947685 0.833501
vt 0.951547 0.795376
vt 0.951338 0.833538
vt 0.954972 0.795426
vt 0.954762 0.833587
vt 0.958037 0.795486
vt 0.957827 0.833648
vt 0.123442 0.735093
vt 0.085277 0.735039
vt 0.085247 0.731895
vt 0.123411 0.731949
vt 0.085228 0.728416
vt 0.123392 0.728470
vt 0.085222 0.629632
vt 0.123386 0.629686
vt 0.085228 0.530787
vt 0.123392 0.530841
vt 0.085247 0.527130
vt 0.123411 0.527184
vt 0.085277 0.523697
vt 0.123442 0.523751
vt 0.085318 0.520620
vt 0.123483 0.520674
vt 0.805767 0.574670
vt 0.805794 0.536501
vt 0.808441 0.536482
vt 0.808414 0.574651
vt 0.811553 0.536468
vt 0.811526 0.574637
vt 0.815011 0.536459
vt 0.814984 0.574628
vt 0.875663 0.536452
vt 0.875636 0.574621
vt 0.936386 0.536451
vt 0.936359 0.574620
vt 0.940055 0.536459
vt 0.940028 0.574628
vt 0.943511 0.536473
vt 0.943484 0.574642
vt 0.946620 0.536492
vt 0.946594 0.574661
vt 0.949264 0.536515
vt 0.949238 0.574683
vt 0.409348 0.714587
vt 0.371188 0.714366
vt 0.371148 0.711637
vt 0.409309 0.711857
vt 0.057005 0.723688
vt 0.056999 0.629312
vt 0.371124 0.708460
vt 0.409285 0.708681
vt 0.454716 0.504682
vt 0.454674 0.508559
vt 0.057052 0.528105
vt 0.057023 0.531385
vt 0.035982 0.536665
vt 0.036010 0.533574
vt 0.876181 0.508208
vt 0.934194 0.508206
vt 0.342944 0.516599
vt 0.342982 0.513118
vt 0.950125 0.767201
vt 0.953396 0.767249
vt 0.809430 0.508255
vt 0.811959 0.508236
vt 0.342982 0.708787
vt 0.342944 0.706179
vt 0.830859 0.767166
vt 0.886866 0.767149
vt 0.057005 0.534879
vt 0.937699 0.508214
vt 0.343032 0.509862
vt 0.956325 0.767306
vt 0.814932 0.508223
vt 0.342921 0.703144
vt 0.943062 0.767145
vt 0.941001 0.508228
vt 0.343094 0.506956
vt 0.057052 0.730015
vt 0.057023 0.727012
vt 0.818235 0.508214
vt 0.342913 0.611749
vt 0.342921 0.520171
vt 0.946635 0.767167
vt 0.943972 0.508245
vt 0.825263 0.767225
vt 0.827844 0.767189
vt 0.057091 0.525165
vt 0.946498 0.508267
vt 0.819100 0.487158
vt 0.816298 0.487171
vt 0.821480 0.467309
vt 0.824076 0.467297
vt 0.830638 0.746243
vt 0.833071 0.746209
vt 0.036047 0.530804
vt 0.835911 0.746188
vt 0.813915 0.487188
vt 0.888684 0.746171
vt 0.941635 0.746168
vt 0.822212 0.487150
vt 0.945002 0.746188
vt 0.876811 0.487143
vt 0.948290 0.746221
vt 0.931474 0.487142
vt 0.951373 0.746266
vt 0.934777 0.487150
vt 0.954132 0.746320
vt 0.937888 0.487162
vt 0.036010 0.723824
vt 0.035982 0.720994
vt 0.321897 0.610535
vt 0.321905 0.524246
vt 0.940687 0.487179
vt 0.035965 0.717862
vt 0.321927 0.520880
vt 0.943067 0.487199
vt 0.035960 0.628937
vt 0.321962 0.517600
vt 0.321962 0.701970
vt 0.321927 0.699512
vt 0.035965 0.539957
vt 0.322010 0.514532
vt 0.321905 0.696653
vt 0.322068 0.511794
vt 0.928220 0.467283
vt 0.877561 0.467284
vt 0.878233 0.458972
vt 0.925264 0.458971
vt 0.890827 0.726415
vt 0.939900 0.726412
vt 0.826961 0.467290
vt 0.943020 0.726430
vt 0.946068 0.726461
vt 0.948925 0.726502
vt 0.931281 0.467290
vt 0.951482 0.726553
vt 0.934164 0.467301
vt 0.016176 0.716434
vt 0.016151 0.713811
vt 0.302095 0.609116
vt 0.302102 0.529147
vt 0.936759 0.467317
vt 0.016135 0.710908
vt 0.302122 0.526027
vt 0.938964 0.467336
vt 0.016130 0.628496
vt 0.302155 0.522987
vt 0.302155 0.693853
vt 0.302122 0.691576
vt 0.016135 0.546033
vt 0.302199 0.520144
vt 0.302102 0.688926
vt 0.016151 0.542982
vt 0.302253 0.517606
vt 0.016176 0.540117
vt 0.837033 0.726481
vt 0.839288 0.726450
vt 0.016211 0.537550
vt 0.841920 0.726430
vt 0.819272 0.467325
vt 0.115801 0.990040
vt 0.113561 0.991878
vt 0.107236 0.981504
vt 0.109206 0.979887
vt 0.001980 0.814811
vt 0.004393 0.812830
vt 0.008448 0.819481
vt 0.006208 0.821319
vt 0.928106 0.458978
vt 0.000000 0.817223
vt 0.004370 0.823559
vt 0.117616 0.998529
vt 0.114863 1.000000
vt 0.111006 0.993244
vt 0.007887 0.709749
vt 0.007863 0.707314
vt 0.293832 0.607885
vt 0.293839 0.533644
vt 0.120029 0.996549
vt 0.007849 0.704619
vt 0.293858 0.530748
vt 0.122009 0.994136
vt 0.117639 0.987800
vt 0.007844 0.628110
vt 0.293888 0.527926
vt 0.123480 0.991383
vt 0.119005 0.985244
vt 0.007849 0.551553
vt 0.293929 0.525286
vt 0.293858 0.684439
vt 0.293839 0.681979
vt 0.007863 0.548721
vt 0.117616 0.812830
vt 0.120029 0.814811
vt 0.115801 0.821319
vt 0.113561 0.819481
vt 0.007887 0.546062
vt 0.114863 0.811359
vt 0.111006 0.818115
vt 0.001980 0.996549
vt 0.000000 0.994136
vt 0.004370 0.987800
vt 0.006208 0.990040
vt 0.111876 0.810453
vt 0.108233 0.817274
vt 0.004393 0.998529
vt 0.008448 0.991878
vt 0.847313 0.718209
vt 0.892717 0.718194
vt 0.007146 1.000000
vt 0.011003 0.993244
vt 0.938275 0.718192
vt 0.828580 0.458985
vt 0.831258 0.458978
vt 0.941172 0.718209
vt 0.944001 0.718237
vt 0.112765 0.973230
vt 0.112025 0.975669
vt 0.106042 0.967462
vt 0.106696 0.965309
vt 0.002162 0.828888
vt 0.003004 0.826115
vt 0.009984 0.835690
vt 0.009244 0.838129
vt 0.119005 0.826115
vt 0.119846 0.828888
vt 0.112765 0.838129
vt 0.112025 0.835690
vt 0.110824 0.977917
vt 0.000004 0.694817
vt 0.000000 0.627515
vt 0.117639 0.823559
vt 0.110824 0.833442
vt 0.000004 0.560172
vt 0.109206 0.831472
vt 0.119846 0.982471
vt 0.003004 0.985244
vt 0.002162 0.982471
vt 0.009244 0.973230
vt 0.009984 0.975669
vt 0.107236 0.829855
vt 0.286031 0.671172
vt 0.286025 0.605995
vt 0.011185 0.977917
vt 0.104988 0.828653
vt 0.012802 0.979887
vt 0.102549 0.827913
vt 0.014773 0.981504
vt 0.061004 0.816990
vt 0.061004 0.827663
vt 0.017021 0.982706
vt 0.013776 0.817274
vt 0.019460 0.827913
vt 0.013776 0.994085
vt 0.019460 0.983446
vt 0.011003 0.818115
vt 0.017021 0.828653
vt 0.061004 0.994369
vt 0.061004 0.983696
vt 0.014773 0.829855
vt 0.108233 0.994085
vt 0.102549 0.983446
vt 0.012802 0.831472
vt 0.104988 0.982706
vt 0.011185 0.833442
vt 0.286031 0.540689
vt 0.020194 0.972613
vt 0.018455 0.971186
vt 0.025350 0.960570
vt 0.026807 0.961766
vt 0.015313 0.965309
vt 0.015967 0.967462
vt 0.103554 0.840173
vt 0.101815 0.838746
vt 0.113015 0.905680
vt 0.106916 0.905680
vt 0.017027 0.969446
vt 0.099831 0.837685
vt 0.097677 0.837032
vt 0.061004 0.836812
vt 0.022178 0.973674
vt 0.024332 0.837032
vt 0.024332 0.974327
vt 0.022178 0.837685
vt 0.061004 0.974548
vt 0.020194 0.838746
vt 0.097677 0.974327
vt 0.018455 0.840173
vt 0.099831 0.973674
vt 0.017027 0.841913
vt 0.101815 0.972613
vt 0.015967 0.843897
vt 0.106696 0.846050
vt 0.103554 0.971186
vt 0.015313 0.846050
vt 0.106042 0.843897
vt 0.104982 0.969446
vt 0.008994 0.905680
vt 0.015093 0.905680
vt 0.104982 0.841913
vt 0.061004 0.963387
vt 0.030274 0.963202
vt 0.037897 0.948935
vt 0.061004 0.949073
vt 0.091734 0.848157
vt 0.061004 0.847972
vt 0.028470 0.962655
vt 0.030274 0.848157
vt 0.028470 0.848704
vt 0.026807 0.849593
vt 0.091734 0.963202
vt 0.025350 0.850789
vt 0.093539 0.962655
vt 0.024154 0.852246
vt 0.095201 0.961766
vt 0.023265 0.853909
vt 0.099476 0.905680
vt 0.099291 0.855713
vt 0.096659 0.960570
vt 0.022718 0.855713
vt 0.098744 0.853909
vt 0.097855 0.959113
vt 0.022533 0.905680
vt 0.097855 0.852246
vt 0.098744 0.957450
vt 0.022718 0.955646
vt 0.096659 0.850789
vt 0.099291 0.955646
vt 0.023265 0.957450
vt 0.095201 0.849593
vt 0.024154 0.959113
vt 0.093539 0.848704
vt 0.086719 0.947855
vt 0.085469 0.948523
vt 0.078674 0.936623
vt 0.079577 0.936140
vt 0.036540 0.862836
vt 0.035290 0.863504
vt 0.084112 0.948935
vt 0.034194 0.864404
vt 0.033294 0.865500
vt 0.032626 0.866750
vt 0.089933 0.905680
vt 0.089794 0.868107
vt 0.087815 0.946955
vt 0.032214 0.868107
vt 0.089383 0.866750
vt 0.088715 0.945859
vt 0.032075 0.905680
vt 0.088715 0.865500
vt 0.089383 0.944609
vt 0.032214 0.943252
vt 0.087815 0.864404
vt 0.089794 0.943252
vt 0.032626 0.944609
vt 0.086719 0.863504
vt 0.033294 0.945859
vt 0.085469 0.862836
vt 0.034194 0.946955
vt 0.084112 0.862425
vt 0.035290 0.947855
vt 0.061004 0.862286
vt 0.036540 0.948523
vt 0.037897 0.862425
vt 0.081798 0.878543
vt 0.081898 0.905680
vt 0.081798 0.932816
vt 0.081501 0.933796
vt 0.081018 0.934699
vt 0.080368 0.935491
vt 0.077694 0.936920
vt 0.061004 0.937021
vt 0.044315 0.936920
vt 0.043335 0.936623
vt 0.042432 0.936140
vt 0.041640 0.935491
vt 0.040991 0.934699
vt 0.040508 0.933796
vt 0.040211 0.932816
vt 0.040110 0.905680
vt 0.040211 0.878543
vt 0.040508 0.877563
vt 0.040991 0.876660
vt 0.041640 0.875868
vt 0.042432 0.875219
vt 0.043335 0.874736
vt 0.044315 0.874439
vt 0.061004 0.874338
vt 0.077694 0.874439
vt 0.078674 0.874736
vt 0.079577 0.875219
vt 0.080368 0.875868
vt 0.081018 0.876660
vt 0.081501 0.877563
vt 0.814271 0.878886
vt 0.817147 0.878846
vt 0.806437 0.911769
vt 0.803254 0.911814
vt 0.957003 0.878913
vt 0.953358 0.878860
vt 0.803349 0.620077
vt 0.800532 0.620097
vt 0.454674 0.719738
vt 0.454716 0.722643
vt 0.882893 0.878801
vt 0.820505 0.878821
vt 0.168785 0.524961
vt 0.168778 0.630152
vt 0.943415 0.620053
vt 0.939510 0.620044
vt 0.454772 0.501054
vt 0.960265 0.878977
vt 0.806661 0.620062
vt 0.454648 0.716357
vt 0.945491 0.878798
vt 0.168805 0.521069
vt 0.947092 0.620067
vt 0.454841 0.497817
vt 0.168805 0.738983
vt 0.168837 0.742328
vt 0.810341 0.620053
vt 0.454648 0.512539
vt 0.454639 0.614549
vt 0.949471 0.878821
vt 0.168837 0.517415
vt 0.950402 0.620087
vt 0.168785 0.735280
vt 0.874887 0.620045
vt 0.168881 0.514140
vt 0.953215 0.620111
vt 0.879204 0.911719
vt 0.948487 0.911716
vt 0.950811 0.935706
vt 0.875688 0.935711
vt 0.201936 0.502510
vt 0.201888 0.506134
vt 0.810153 0.911742
vt 0.794418 0.653176
vt 0.791300 0.653198
vt 0.798084 0.653159
vt 0.802156 0.653149
vt 0.952893 0.911742
vt 0.873596 0.653140
vt 0.957195 0.911785
vt 0.945120 0.653139
vt 0.961229 0.911843
vt 0.949442 0.653149
vt 0.964839 0.911914
vt 0.953512 0.653165
vt 0.201852 0.751364
vt 0.201888 0.755067
vt 0.487647 0.504085
vt 0.487637 0.616989
vt 0.957175 0.653187
vt 0.201830 0.747266
vt 0.487675 0.499681
vt 0.960289 0.653214
vt 0.201823 0.630911
vt 0.487722 0.495389
vt 0.487675 0.733412
vt 0.487722 0.736627
vt 0.201830 0.514486
vt 0.487784 0.491374
vt 0.487647 0.729670
vt 0.201852 0.510178
vt 0.487860 0.487791
vt 0.372830 0.087028
vt 0.369125 0.090046
vt 0.359431 0.074999
vt 0.363535 0.071656
vt 0.795341 0.677294
vt 0.790925 0.677306
vt 0.955588 0.935735
vt 0.872802 0.677285
vt 0.960253 0.935781
vt 0.950354 0.677284
vt 0.964626 0.935844
vt 0.955040 0.677294
vt 0.968540 0.935922
vt 0.959453 0.677312
vt 0.225961 0.762145
vt 0.226000 0.766160
vt 0.511701 0.496759
vt 0.511690 0.619180
vt 0.963425 0.677336
vt 0.225937 0.757701
vt 0.511732 0.491984
vt 0.966801 0.677365
vt 0.225929 0.631540
vt 0.511782 0.487330
vt 0.511732 0.745414
vt 0.511782 0.748900
vt 0.225937 0.505302
vt 0.511850 0.482977
vt 0.511701 0.741357
vt 0.225961 0.500631
vt 0.511932 0.479092
vt 0.226000 0.496246
vt 0.796789 0.935765
vt 0.793337 0.935813
vt 0.226053 0.492317
vt 0.800818 0.935735
vt 0.786951 0.677324
vt 0.783570 0.677348
vt 0.245368 0.777128
vt 0.245341 0.772206
vt 0.266706 0.789158
vt 0.266736 0.794641
vt 0.962362 0.696758
vt 0.957171 0.696746
vt 0.366081 0.093728
vt 0.356057 0.079079
vt 0.967252 0.696777
vt 0.245411 0.781577
vt 0.531050 0.486389
vt 0.531038 0.622019
vt 0.545105 0.371943
vt 0.548810 0.368926
vt 0.558504 0.383972
vt 0.554400 0.387315
vt 0.531084 0.481098
vt 0.551855 0.365243
vt 0.561878 0.379892
vt 0.245332 0.632431
vt 0.531140 0.475942
vt 0.554123 0.361038
vt 0.564390 0.375233
vt 0.245341 0.492571
vt 0.531215 0.471120
vt 0.531050 0.757380
vt 0.531084 0.761875
vt 0.245368 0.487396
vt 0.549839 0.090714
vt 0.546156 0.087669
vt 0.555565 0.072366
vt 0.559644 0.075740
vt 0.245411 0.482538
vt 0.541951 0.085401
vt 0.550905 0.069854
vt 0.365079 0.364552
vt 0.368096 0.368257
vt 0.358291 0.383231
vt 0.354948 0.379127
vt 0.537383 0.083997
vt 0.545845 0.068298
vt 0.371779 0.371302
vt 0.362371 0.386605
vt 0.871329 0.954962
vt 0.788380 0.954989
vt 0.375984 0.373570
vt 0.367030 0.389118
vt 0.954557 0.954957
vt 0.785431 0.696758
vt 0.780539 0.696770
vt 0.959850 0.954989
vt 0.871250 0.696748
vt 0.965018 0.955040
vt 0.338654 0.385304
vt 0.340345 0.390952
vt 0.325107 0.411694
vt 0.323199 0.405320
vt 0.552390 0.468366
vt 0.552351 0.474259
vt 0.573594 0.397015
vt 0.569836 0.401560
vt 0.266696 0.633470
vt 0.552452 0.462623
vt 0.576392 0.391826
vt 0.266706 0.477687
vt 0.562988 0.079844
vt 0.571106 0.058236
vt 0.574830 0.062808
vt 0.552351 0.776102
vt 0.552390 0.781108
vt 0.266736 0.471924
vt 0.566562 0.054479
vt 0.552338 0.625331
vt 0.266784 0.466513
vt 0.561372 0.051680
vt 0.346829 0.400735
vt 0.343105 0.396163
vt 0.555736 0.049948
vt 0.351373 0.404492
vt 0.866240 0.976149
vt 0.773848 0.976178
vt 0.356563 0.407291
vt 0.958944 0.976144
vt 0.372090 0.390673
vt 0.362199 0.409024
vt 0.964839 0.976179
vt 0.869438 0.718181
vt 0.773848 0.718192
vt 0.368213 0.069178
vt 0.352671 0.053688
vt 0.357881 0.050928
vt 0.965140 0.718179
vt 0.348099 0.057412
vt 0.970922 0.718192
vt 0.344342 0.061956
vt 0.549722 0.389793
vt 0.565264 0.405283
vt 0.560054 0.408044
vt 0.353545 0.083738
vt 0.341543 0.067146
vt 0.332424 0.422733
vt 0.337552 0.426974
vt 0.322152 0.452022
vt 0.316374 0.447244
vt 0.580383 0.031998
vt 0.585511 0.036238
vt 0.571577 0.629449
vt 0.571591 0.799589
vt 0.328222 0.417574
vt 0.574527 0.028839
vt 0.568167 0.026884
vt 0.459635 0.049014
vt 0.459721 0.025831
vt 0.343408 0.430132
vt 0.363530 0.049237
vt 0.351270 0.026082
vt 0.349769 0.432087
vt 0.344896 0.027990
vt 0.458300 0.409957
vt 0.458214 0.433140
vt 0.339016 0.031105
vt 0.554405 0.409735
vt 0.566665 0.432889
vt 0.333857 0.035307
vt 0.573039 0.430981
vt 0.329617 0.040435
vt 0.578919 0.427866
vt 0.326458 0.046292
vt 0.571591 0.458971
vt 0.584078 0.423664
vt 0.339810 0.072782
vt 0.324503 0.052652
vt 0.579281 0.073668
vt 0.577590 0.068019
vt 0.592828 0.047277
vt 0.594736 0.053651
vt 0.588319 0.418536
vt 0.286014 0.634766
vt 0.286025 0.810453
vt 0.589713 0.041397
vt 0.591477 0.412680
vt 0.286025 0.458971
vt 0.578125 0.386189
vt 0.593432 0.406319
vt 0.002239 0.228928
vt 0.003707 0.030567
vt 0.020073 0.052376
vt 0.018767 0.228989
vt 0.459816 0.000000
vt 0.582017 0.001187
vt 0.328751 0.455581
vt 0.337610 0.000283
vt 0.335918 0.457784
vt 0.330427 0.002433
vt 0.458119 0.458971
vt 0.323802 0.005943
vt 0.580325 0.458688
vt 0.317988 0.010678
vt 0.587508 0.456538
vt 0.313210 0.016456
vt 0.594133 0.453028
vt 0.309651 0.023056
vt 0.594736 0.229988
vt 0.611957 0.031349
vt 0.611957 0.230051
vt 0.599947 0.448293
vt 0.307448 0.030223
vt 0.609807 0.024166
vt 0.604725 0.442515
vt 0.323199 0.228983
vt 0.305978 0.228920
vt 0.606297 0.017540
vt 0.608284 0.435915
vt 0.305978 0.427622
vt 0.601562 0.011727
vt 0.610487 0.428749
vt 0.308128 0.434805
vt 0.595783 0.006949
vt 0.311638 0.441431
vt 0.589184 0.003390
vt 0.000000 0.228920
vt 0.001470 0.030223
vt 0.005749 0.023925
vt 0.003673 0.023056
vt 0.009098 0.017713
vt 0.007232 0.016456
vt 0.013595 0.012275
vt 0.012010 0.010678
vt 0.019067 0.007818
vt 0.017823 0.005943
vt 0.025302 0.004515
vt 0.024449 0.002433
vt 0.031962 0.002521
vt 0.031632 0.000283
vt 0.153830 0.002239
vt 0.153838 0.000000
vt 0.275692 0.003423
vt 0.276039 0.001187
vt 0.282337 0.005466
vt 0.283206 0.003390
vt 0.288548 0.008815
vt 0.289805 0.006949
vt 0.293986 0.013312
vt 0.295583 0.011727
vt 0.298443 0.018784
vt 0.300318 0.017540
vt 0.301746 0.025019
vt 0.303828 0.024166
vt 0.303739 0.031677
vt 0.305978 0.031349
vt 0.303739 0.230043
vt 0.305978 0.230051
vt 0.302272 0.428404
vt 0.304508 0.428749
vt 0.300230 0.435047
vt 0.302305 0.435915
vt 0.296880 0.441258
vt 0.298747 0.442515
vt 0.292383 0.446696
vt 0.293969 0.448293
vt 0.286912 0.451153
vt 0.288155 0.453028
vt 0.280676 0.454456
vt 0.281529 0.456538
vt 0.274016 0.456450
vt 0.274346 0.458688
vt 0.152149 0.456732
vt 0.152140 0.458971
vt 0.030287 0.455548
vt 0.029940 0.457784
vt 0.023642 0.453506
vt 0.022773 0.455581
vt 0.017430 0.450156
vt 0.016173 0.452022
vt 0.011992 0.445659
vt 0.010395 0.447244
vt 0.007535 0.440188
vt 0.005660 0.441431
vt 0.004232 0.433952
vt 0.002150 0.434805
vt 0.002239 0.427294
vt 0.000000 0.427622
vt 0.024874 0.040931
vt 0.028878 0.036089
vt 0.042556 0.057403
vt 0.038993 0.061712
vt 0.027451 0.421959
vt 0.032293 0.425963
vt 0.287211 0.053364
vt 0.285437 0.047436
vt 0.021892 0.046462
vt 0.023483 0.417087
vt 0.287211 0.229982
vt 0.020541 0.411535
vt 0.285905 0.406595
vt 0.018767 0.405607
vt 0.284087 0.412510
vt 0.033749 0.032121
vt 0.281105 0.418040
vt 0.039301 0.029180
vt 0.277101 0.422882
vt 0.045231 0.027405
vt 0.272229 0.426850
vt 0.153738 0.027154
vt 0.266677 0.429791
vt 0.262239 0.028208
vt 0.260747 0.431566
vt 0.268156 0.030026
vt 0.152241 0.431818
vt 0.273686 0.033009
vt 0.043740 0.430764
vt 0.278528 0.037013
vt 0.037823 0.428945
vt 0.282496 0.041884
vt 0.051831 0.051255
vt 0.057107 0.049676
vt 0.066684 0.067636
vt 0.061935 0.069058
vt 0.033560 0.386197
vt 0.035138 0.391471
vt 0.814620 0.341161
vt 0.814580 0.347345
vt 0.794893 0.331569
vt 0.794928 0.326066
vt 0.046891 0.053873
vt 0.773825 0.458971
vt 0.773848 0.634939
vt 0.754229 0.636126
vt 0.754209 0.479552
vt 0.266985 0.397259
vt 0.269639 0.392339
vt 0.263422 0.401568
vt 0.259088 0.405099
vt 0.153655 0.049453
vt 0.254147 0.407716
vt 0.250199 0.050390
vt 0.248871 0.409295
vt 0.255463 0.052009
vt 0.152323 0.409519
vt 0.260384 0.054662
vt 0.055780 0.408581
vt 0.264692 0.058225
vt 0.050515 0.406963
vt 0.268223 0.062560
vt 0.045595 0.404309
vt 0.270840 0.067500
vt 0.773848 0.811014
vt 0.754229 0.792796
vt 0.041286 0.400746
vt 0.272419 0.072774
vt 0.036340 0.066633
vt 0.034722 0.071895
vt 0.037755 0.396412
vt 0.814591 0.000000
vt 0.814620 0.170411
vt 0.794928 0.174134
vt 0.794902 0.022504
vt 0.976101 0.184308
vt 0.976090 0.189170
vt 0.956433 0.181719
vt 0.956443 0.177335
vt 0.248490 0.387558
vt 0.252392 0.384380
vt 0.996950 0.000000
vt 0.996960 0.096030
vt 0.976101 0.097767
vt 0.976093 0.011329
vt 0.244044 0.389914
vt 0.996960 0.192174
vt 0.239294 0.391335
vt 0.996947 0.197575
vt 0.469498 0.799589
vt 0.469522 0.892407
vt 0.448432 0.897137
vt 0.448410 0.813589
vt 0.249657 0.072124
vt 0.245228 0.069736
vt 0.469522 0.985538
vt 0.448432 0.980965
vt 0.253535 0.075331
vt 0.469489 0.991044
vt 0.448402 0.985922
vt 0.256713 0.079233
vt 0.469434 0.996502
vt 0.448353 0.990835
vt 0.259069 0.083679
vt 0.733309 0.778098
vt 0.733309 0.637077
vt 0.052443 0.383640
vt 0.056321 0.386847
vt 0.794866 0.017830
vt 0.773928 0.040623
vt 0.773895 0.036415
vt 0.754201 0.798178
vt 0.733285 0.782942
vt 0.049265 0.379739
vt 0.773951 0.177108
vt 0.754156 0.803308
vt 0.733244 0.787560
vt 0.046910 0.375292
vt 0.773951 0.313864
vt 0.053586 0.074591
vt 0.050380 0.078470
vt 0.754181 0.474432
vt 0.733291 0.496141
vt 0.733266 0.491533
vt 0.773919 0.318817
vt 0.057488 0.071413
vt 0.794835 0.337014
vt 0.773867 0.323718
vt 0.255599 0.380502
vt 0.956393 0.189681
vt 0.956366 0.192888
vt 0.931781 0.186322
vt 0.931806 0.183380
vt 0.428567 0.901322
vt 0.428548 0.825992
vt 0.976071 0.193818
vt 0.956416 0.185910
vt 0.428567 0.976906
vt 0.243646 0.090492
vt 0.240150 0.087601
vt 0.428541 0.981375
vt 0.246512 0.094010
vt 0.428496 0.985805
vt 0.248636 0.098019
vt 0.713596 0.765069
vt 0.713596 0.637918
vt 0.448286 0.995441
vt 0.428436 0.989958
vt 0.754166 0.056674
vt 0.754137 0.052881
vt 0.713574 0.769437
vt 0.059467 0.364961
vt 0.062332 0.368479
vt 0.754187 0.179736
vt 0.713538 0.773601
vt 0.733225 0.487305
vt 0.713557 0.506688
vt 0.713520 0.502876
vt 0.754187 0.303043
vt 0.063363 0.089825
vt 0.060471 0.093322
vt 0.713580 0.510843
vt 0.754159 0.307508
vt 0.066881 0.086960
vt 0.754111 0.311927
vt 0.070890 0.084836
vt 0.773796 0.328302
vt 0.754048 0.316061
vt 0.976081 0.006748
vt 0.956435 0.021369
vt 0.956425 0.017238
vt 0.239098 0.372011
vt 0.242616 0.369146
vt 0.956443 0.099306
vt 0.235088 0.374136
vt 0.230806 0.375417
vt 0.729500 0.068763
vt 0.729519 0.181669
vt 0.695564 0.183925
vt 0.695547 0.083009
vt 0.403757 0.981946
vt 0.403798 0.977882
vt 0.754089 0.049570
vt 0.729473 0.065283
vt 0.729429 0.062245
vt 0.688966 0.755199
vt 0.688966 0.638541
vt 0.403702 0.985756
vt 0.688945 0.759207
vt 0.428362 0.993675
vt 0.403635 0.989167
vt 0.688912 0.763027
vt 0.688930 0.518141
vt 0.688896 0.514643
vt 0.729519 0.294800
vt 0.713488 0.777333
vt 0.688866 0.766451
vt 0.688951 0.521953
vt 0.729493 0.298897
vt 0.956385 0.010254
vt 0.956408 0.013464
vt 0.931819 0.021705
vt 0.931798 0.018760
vt 0.729449 0.302952
vt 0.931835 0.025168
vt 0.729391 0.306744
vt 0.931845 0.028958
vt 0.753970 0.319750
vt 0.729319 0.310129
vt 0.931852 0.100463
vt 0.428474 0.818945
vt 0.428520 0.822222
vt 0.403779 0.831862
vt 0.403737 0.828856
vt 0.931852 0.172053
vt 0.403805 0.835321
vt 0.931842 0.176075
vt 0.403823 0.904435
vt 0.931827 0.179920
vt 0.403823 0.973782
vt 0.695540 0.288703
vt 0.695502 0.292326
vt 0.650857 0.286256
vt 0.650893 0.282872
vt 0.655006 0.750535
vt 0.655036 0.747121
vt 0.655023 0.531657
vt 0.654992 0.528530
vt 0.695564 0.285040
vt 0.654966 0.753595
vt 0.655041 0.535064
vt 0.897958 0.031433
vt 0.897939 0.028800
vt 0.655055 0.639270
vt 0.897972 0.034528
vt 0.695449 0.295716
vt 0.897981 0.037915
vt 0.695385 0.298741
vt 0.897987 0.101826
vt 0.369738 0.843218
vt 0.369701 0.840531
vt 0.897987 0.165813
vt 0.369761 0.846310
vt 0.897979 0.169408
vt 0.369778 0.908083
vt 0.897965 0.172845
vt 0.369778 0.970065
vt 0.897946 0.175937
vt 0.369756 0.973730
vt 0.897924 0.178566
vt 0.369719 0.977362
vt 0.695523 0.079898
vt 0.695483 0.077184
vt 0.655055 0.743539
vt 0.369670 0.980768
vt 0.369609 0.983816
vt 0.325006 0.846897
vt 0.325041 0.849407
vt 0.286128 0.862320
vt 0.286098 0.860174
vt 0.853369 0.039727
vt 0.853356 0.036837
vt 0.650808 0.289421
vt 0.853377 0.042890
vt 0.650748 0.292246
vt 0.853383 0.102568
vt 0.853383 0.162315
vt 0.325062 0.852293
vt 0.853375 0.165672
vt 0.325077 0.909975
vt 0.853362 0.168881
vt 0.325077 0.967850
vt 0.853345 0.171769
vt 0.325057 0.971272
vt 0.853324 0.174224
vt 0.325023 0.974664
vt 0.650876 0.087901
vt 0.650839 0.085366
vt 0.610427 0.737003
vt 0.610427 0.639641
vt 0.324977 0.977844
vt 0.650899 0.090805
vt 0.610411 0.740348
vt 0.324921 0.980690
vt 0.650915 0.185035
vt 0.610382 0.743536
vt 0.610398 0.539157
vt 0.610369 0.536238
vt 0.650915 0.279453
vt 0.610344 0.746393
vt 0.610415 0.542339
vt 0.853338 0.034379
vt 0.941576 0.293499
vt 0.940958 0.377025
vt 0.940098 0.379823
vt 0.938688 0.382438
vt 0.936794 0.384728
vt 0.934490 0.386605
vt 0.931865 0.387996
vt 0.929060 0.388835
vt 0.877744 0.388954
vt 0.826430 0.388456
vt 0.823632 0.387595
vt 0.821016 0.386185
vt 0.818726 0.384291
vt 0.816850 0.381987
vt 0.815459 0.379362
vt 0.814620 0.376558
vt 0.814620 0.293030
vt 0.815238 0.209503
vt 0.816097 0.206706
vt 0.817508 0.204091
vt 0.819401 0.201801
vt 0.821705 0.199924
vt 0.824331 0.198533
vt 0.827136 0.197694
vt 0.878452 0.197575
vt 0.929766 0.198073
vt 0.932564 0.198933
vt 0.935179 0.200344
vt 0.937469 0.202237
vt 0.939346 0.204541
vt 0.940737 0.207167
vt 0.941576 0.209971
vt 0.814670 0.155219
vt 0.814670 0.104117
vt 0.286147 0.864789
vt 0.814664 0.158089
vt 0.286160 0.914123
vt 0.814653 0.160834
vt 0.286160 0.963623
vt 0.814638 0.163304
vt 0.286142 0.966549
vt 0.814620 0.165404
vt 0.286113 0.969450
vt 0.612066 0.104521
vt 0.612035 0.102353
vt 0.571662 0.723742
vt 0.571662 0.640470
vt 0.286073 0.972170
vt 0.612086 0.107006
vt 0.571648 0.726602
vt 0.286025 0.974605
vt 0.612099 0.187599
vt 0.571624 0.729329
vt 0.571636 0.554528
vt 0.571612 0.552031
vt 0.612099 0.268352
vt 0.571591 0.731773
vt 0.571651 0.557249
vt 0.612081 0.271277
vt 0.814647 0.047899
vt 0.814632 0.045797
vt 0.612050 0.274171
vt 0.814658 0.050371
vt 0.612008 0.276878
vt 0.814665 0.053076
vt 0.611957 0.279294
vt 0.164789 0.838584
vt 0.164195 0.823182
vt 0.171761 0.823158
vt 0.173751 0.838556
vt 0.165254 0.856258
vt 0.175306 0.856226
vt 0.165572 0.875602
vt 0.176373 0.875568
vt 0.165734 0.895957
vt 0.176916 0.895922
vt 0.804485 0.418183
vt 0.813922 0.423227
vt 0.803683 0.420121
vt 0.165734 0.916630
vt 0.176916 0.916595
vt 0.795370 0.413311
vt 0.793792 0.417121
vt 0.786887 0.408777
vt 0.784588 0.414328
vt 0.163492 0.810576
vt 0.169404 0.810558
vt 0.792988 0.421165
vt 0.783415 0.420222
vt 0.174992 0.810520
vt 0.178912 0.823110
vt 0.182222 0.838498
vt 0.184808 0.856162
vt 0.186583 0.875498
vt 0.187485 0.895850
vt 0.803273 0.422178
vt 0.187485 0.916523
vt 0.185374 0.823038
vt 0.189876 0.838413
vt 0.193394 0.856066
vt 0.195808 0.875396
vt 0.197036 0.895744
vt 0.803273 0.424275
vt 0.197036 0.916417
vt 0.792988 0.425288
vt 0.783415 0.426231
vt 0.180041 0.810464
vt 0.470807 0.864633
vt 0.473334 0.845297
vt 0.481706 0.845416
vt 0.479802 0.864761
vt 0.469522 0.884984
vt 0.478834 0.885116
vt 0.803683 0.426333
vt 0.469522 0.905656
vt 0.478834 0.905788
vt 0.793792 0.429333
vt 0.784588 0.432125
vt 0.481729 0.812246
vt 0.487311 0.799656
vt 0.492234 0.799726
vt 0.488029 0.812335
vt 0.477017 0.827634
vt 0.484480 0.827740
vt 0.804485 0.428270
vt 0.489239 0.885209
vt 0.489239 0.905881
vt 0.795370 0.433142
vt 0.786887 0.437677
vt 0.497735 0.799775
vt 0.495069 0.812398
vt 0.492818 0.827815
vt 0.491059 0.845500
vt 0.489853 0.864851
vt 0.797661 0.436571
vt 0.790226 0.442673
vt 0.503602 0.799801
vt 0.502577 0.812432
vt 0.501712 0.827855
vt 0.501036 0.845545
vt 0.500572 0.864899
vt 0.500336 0.885259
vt 0.805651 0.430014
vt 0.500336 0.905931
vt 0.510265 0.812435
vt 0.510819 0.827859
vt 0.511252 0.845549
vt 0.511549 0.864904
vt 0.511700 0.885264
vt 0.807134 0.431498
vt 0.511700 0.905936
vt 0.800577 0.439487
vt 0.794475 0.446922
vt 0.509610 0.799804
vt 0.521314 0.845513
vt 0.522361 0.864865
vt 0.522893 0.885224
vt 0.808878 0.432663
vt 0.522893 0.905896
vt 0.804006 0.441778
vt 0.799471 0.450261
vt 0.515527 0.799783
vt 0.517838 0.812408
vt 0.519790 0.827827
vt 0.533485 0.885140
vt 0.533485 0.905812
vt 0.810816 0.433466
vt 0.807815 0.443356
vt 0.805023 0.452561
vt 0.521127 0.799739
vt 0.525005 0.812352
vt 0.528279 0.827760
vt 0.530837 0.845438
vt 0.532592 0.864784
vt 0.526195 0.799673
vt 0.531490 0.812268
vt 0.535961 0.827660
vt 0.539454 0.845326
vt 0.541851 0.864665
vt 0.543070 0.885016
vt 0.812873 0.433875
vt 0.543070 0.905688
vt 0.811860 0.444160
vt 0.810917 0.453733
vt 0.542540 0.827532
vt 0.546834 0.845183
vt 0.549780 0.864510
vt 0.551279 0.884857
vt 0.814970 0.433875
vt 0.551279 0.905529
vt 0.815983 0.444160
vt 0.816926 0.453733
vt 0.530535 0.799589
vt 0.537044 0.812160
vt 0.701596 0.432754
vt 0.702897 0.412403
vt 0.711825 0.412540
vt 0.710838 0.432897
vt 0.817027 0.433466
vt 0.701596 0.453426
vt 0.710838 0.453568
vt 0.820028 0.443356
vt 0.822820 0.452560
vt 0.713954 0.360003
vt 0.719605 0.347407
vt 0.724491 0.347482
vt 0.720207 0.360100
vt 0.709183 0.375397
vt 0.716590 0.375511
vt 0.705455 0.393064
vt 0.713764 0.393192
vt 0.818965 0.432663
vt 0.823837 0.441778
vt 0.828372 0.450261
vt 0.729966 0.347536
vt 0.727213 0.360168
vt 0.724889 0.375592
vt 0.723073 0.393283
vt 0.721827 0.412638
vt 0.721193 0.432998
vt 0.721193 0.453669
vt 0.735818 0.347565
vt 0.734703 0.360206
vt 0.733761 0.375637
vt 0.733026 0.393333
vt 0.732521 0.412692
vt 0.732264 0.433053
vt 0.820709 0.431498
vt 0.732264 0.453725
vt 0.827266 0.439487
vt 0.833368 0.446922
vt 0.742866 0.375643
vt 0.743239 0.393340
vt 0.743494 0.412699
vt 0.743624 0.433061
vt 0.822192 0.430014
vt 0.743624 0.453733
vt 0.830182 0.436571
vt 0.837617 0.442673
vt 0.741825 0.347569
vt 0.742389 0.360211
vt 0.754326 0.412661
vt 0.754838 0.433021
vt 0.823358 0.428270
vt 0.754838 0.453693
vt 0.832473 0.433142
vt 0.840956 0.437677
vt 0.747753 0.347548
vt 0.749976 0.360184
vt 0.751853 0.375611
vt 0.753320 0.393304
vt 0.834051 0.429333
vt 0.843255 0.432125
vt 0.753376 0.347502
vt 0.757172 0.360125
vt 0.760377 0.375542
vt 0.762881 0.393226
vt 0.764600 0.412577
vt 0.765474 0.432935
vt 0.824160 0.426333
vt 0.765474 0.453606
vt 0.763701 0.360038
vt 0.768110 0.375438
vt 0.771556 0.393110
vt 0.773920 0.412452
vt 0.775123 0.432805
vt 0.824570 0.424275
vt 0.775123 0.453477
vt 0.834855 0.425288
vt 0.844428 0.426231
vt 0.758478 0.347434
vt 0.779011 0.392960
vt 0.781930 0.412290
vt 0.783415 0.432638
vt 0.824570 0.422178
vt 0.783415 0.453310
vt 0.834855 0.421165
vt 0.844428 0.420222
vt 0.762862 0.347345
vt 0.769311 0.359925
vt 0.774756 0.375304
vt 0.701596 0.347511
vt 0.701596 0.368186
vt 0.693564 0.368123
vt 0.693564 0.347447
vt 0.824160 0.420121
vt 0.834051 0.417121
vt 0.843255 0.414328
vt 0.687094 0.440742
vt 0.680462 0.453245
vt 0.676216 0.453211
vt 0.681659 0.440699
vt 0.692692 0.425426
vt 0.686255 0.425375
vt 0.697067 0.407819
vt 0.689846 0.407762
vt 0.700069 0.388520
vt 0.692310 0.388459
vt 0.671221 0.453185
vt 0.675268 0.440665
vt 0.678684 0.425335
vt 0.681353 0.407717
vt 0.683185 0.388411
vt 0.684117 0.368073
vt 0.823358 0.418183
vt 0.684117 0.347397
vt 0.832473 0.413311
vt 0.840956 0.408777
vt 0.670270 0.425308
vt 0.671915 0.407686
vt 0.673044 0.388377
vt 0.673618 0.368039
vt 0.822192 0.416439
vt 0.673618 0.347363
vt 0.830182 0.409882
vt 0.837617 0.403780
vt 0.665671 0.453167
vt 0.668164 0.440642
vt 0.662277 0.388360
vt 0.662472 0.368021
vt 0.820709 0.414956
vt 0.662472 0.347345
vt 0.827266 0.406967
vt 0.833368 0.399531
vt 0.659778 0.453157
vt 0.660623 0.440630
vt 0.661337 0.425294
vt 0.661894 0.407670
vt 0.818965 0.413790
vt 0.823837 0.404676
vt 0.828372 0.396192
vt 0.653768 0.453157
vt 0.652933 0.440630
vt 0.652227 0.425294
vt 0.651676 0.407670
vt 0.651298 0.388360
vt 0.651105 0.368021
vt 0.651105 0.347345
vt 0.647874 0.453166
vt 0.645389 0.440642
vt 0.643292 0.425308
vt 0.641653 0.407686
vt 0.640528 0.388377
vt 0.639956 0.368039
vt 0.817027 0.412988
vt 0.639956 0.347363
vt 0.820028 0.403098
vt 0.822820 0.393893
vt 0.634874 0.425335
vt 0.632210 0.407717
vt 0.630383 0.388410
vt 0.629453 0.368073
vt 0.814970 0.412579
vt 0.629453 0.347397
vt 0.815983 0.402293
vt 0.816926 0.392721
vt 0.642321 0.453185
vt 0.638283 0.440665
vt 0.621250 0.388458
vt 0.619999 0.368123
vt 0.812873 0.412579
vt 0.619999 0.347447
vt 0.811860 0.402293
vt 0.810917 0.392721
vt 0.637322 0.453211
vt 0.631886 0.440699
vt 0.627297 0.425375
vt 0.623711 0.407762
vt 0.807815 0.403098
vt 0.805023 0.393893
vt 0.633071 0.453244
vt 0.626445 0.440742
vt 0.620852 0.425426
vt 0.616482 0.407819
vt 0.613482 0.388520
vt 0.611957 0.368186
vt 0.810816 0.412988
vt 0.611957 0.347510
vt 0.130926 0.838397
vt 0.135607 0.823024
vt 0.141932 0.823099
vt 0.138418 0.838486
vt 0.127267 0.856048
vt 0.135672 0.856148
vt 0.124757 0.875376
vt 0.133787 0.875484
vt 0.123480 0.895724
vt 0.132829 0.895835
vt 0.808878 0.413791
vt 0.123480 0.916397
vt 0.132829 0.916508
vt 0.804006 0.404676
vt 0.799471 0.396193
vt 0.141153 0.810453
vt 0.146095 0.810512
vt 0.145048 0.856218
vt 0.143862 0.875559
vt 0.143259 0.895913
vt 0.807134 0.414956
vt 0.143259 0.916586
vt 0.800577 0.406967
vt 0.794475 0.399531
vt 0.151609 0.810553
vt 0.148989 0.823152
vt 0.146777 0.838548
vt 0.805651 0.416439
vt 0.154369 0.895954
vt 0.154369 0.916627
vt 0.797661 0.409882
vt 0.790226 0.403780
vt 0.157483 0.810575
vt 0.156506 0.823180
vt 0.155681 0.838582
vt 0.155037 0.856255
vt 0.154594 0.875599
s 1
usemtl Siren
f 3757/4259/3139 3758/4260/3140 3760/4261/3141 3759/4262/3142
f 3759/4262/3142 3760/4261/3141 3762/4263/3143 3761/4264/3144
f 3761/4264/3144 3762/4263/3143 3764/4265/3145 3763/4266/3146
f 3763/4266/3146 3764/4265/3145 3766/4267/3147 3765/4268/3148
f 3765/4268/3148 3766/4267/3147 3768/4269/3149 3767/4270/3150
f 3767/4271/3150 3768/4272/3149 3770/4273/3151 3769/4274/3152
f 3769/4274/3152 3770/4273/3151 3772/4275/3153 3771/4276/3154
f 3771/4276/3154 3772/4275/3153 3774/4277/3155 3773/4278/3156
f 3773/4278/3156 3774/4277/3155 3776/4279/3157 3775/4280/3158
f 3775/4280/3158 3776/4279/3157 3778/4281/3159 3777/4282/3160
f 3777/4282/3160 3778/4281/3159 3780/4283/3161 3779/4284/3162
f 3779/4284/3162 3780/4283/3161 3782/4285/3163 3781/4286/3164
f 3781/4286/3164 3782/4285/3163 3784/4287/3165 3783/4288/3166
f 3783/4289/3166 3784/4290/3165 3786/4291/3167 3785/4292/3168
f 3785/4292/3168 3786/4291/3167 3788/4293/3169 3787/4294/3170
f 3787/4294/3170 3788/4293/3169 3790/4295/3171 3789/4296/3172
f 3789/4296/3172 3790/4295/3171 3792/4297/3173 3791/4298/3174
f 3791/4298/3174 3792/4297/3173 3794/4299/3175 3793/4300/3176
f 3793/4300/3176 3794/4299/3175 3796/4301/3177 3795/4302/3178
f 3795/4302/3178 3796/4301/3177 3798/4303/3179 3797/4304/3180
f 3797/4305/3180 3798/4306/3179 3800/4307/3181 3799/4308/3182
f 3799/4308/3182 3800/4307/3181 3802/4309/3183 3801/4310/3184
f 3801/4310/3184 3802/4309/3183 3804/4311/3185 3803/4312/3186
f 3803/4312/3186 3804/4311/3185 3806/4313/3187 3805/4314/3188
f 3805/4314/3188 3806/4313/3187 3808/4315/3189 3807/4316/3190
f 3807/4316/3190 3808/4315/3189 3810/4317/3191 3809/4318/3192
f 3809/4318/3192 3810/4317/3191 3812/4319/3193 3811/4320/3194
f 3811/4320/3194 3812/4319/3193 3814/4321/3195 3813/4322/3196
f 3813/4322/3196 3814/4321/3195 3816/4323/3197 3815/4324/3198
f 3815/4325/3198 3816/4326/3197 3818/4327/3199 3817/4328/3200
f 3790/4295/3171 3788/4293/3169 3836/4329/3201 3837/4330/3202
f 3817/4328/3200 3818/4327/3199 3820/4331/3203 3819/4332/3204
f 3819/4332/3204 3820/4331/3203 3758/4260/3140 3757/4259/3139
f 3761/4264/3144 3763/4266/3146 4112/4333/3205 4111/4334/3206
f 3840/4335/3207 3839/4336/3208 3871/4337/3209 3872/4338/3210
f 3808/4315/3189 3806/4313/3187 3845/4339/3211 3846/4340/3212
f 3764/4265/3145 3762/4263/3143 3823/4341/3213 3824/4342/3214
f 3782/4285/3163 3780/4283/3161 3832/4343/3215 3833/4344/3216
f 3800/4307/3181 3798/4306/3179 3841/4345/3217 3842/4346/3218
f 3818/4327/3199 3816/4326/3197 3850/4347/3219 3851/4348/3220
f 3774/4277/3155 3772/4275/3153 3828/4349/3221 3829/4350/3222
f 3792/4297/3173 3790/4295/3171 3837/4330/3202 3838/4351/3223
f 3810/4317/3191 3808/4315/3189 3846/4340/3212 3847/4352/3224
f 3766/4267/3147 3764/4265/3145 3824/4342/3214 3825/4353/3225
f 3784/4287/3165 3782/4285/3163 3833/4344/3216 3834/4354/3226
f 3802/4309/3183 3800/4307/3181 3842/4346/3218 3843/4355/3227
f 3820/4331/3203 3818/4327/3199 3851/4348/3220 3852/4356/3228
f 3776/4279/3157 3774/4277/3155 3829/4350/3222 3830/4357/3229
f 3794/4299/3175 3792/4297/3173 3838/4351/3223 3839/4336/3208
f 3812/4319/3193 3810/4317/3191 3847/4352/3224 3848/4358/3230
f 3768/4269/3149 3766/4267/3147 3825/4353/3225 3826/4359/3231
f 3786/4291/3167 3784/4290/3165 3834/4360/3226 3835/4361/3232
f 3804/4311/3185 3802/4309/3183 3843/4355/3227 3844/4362/3233
f 3760/4261/3141 3758/4260/3140 3821/4363/3234 3822/4364/3235
f 3758/4260/3140 3820/4331/3203 3852/4356/3228 3821/4363/3234
f 3778/4281/3159 3776/4279/3157 3830/4357/3229 3831/4365/3236
f 3796/4301/3177 3794/4299/3175 3839/4336/3208 3840/4335/3207
f 3814/4321/3195 3812/4319/3193 3848/4358/3230 3849/4366/3237
f 3770/4273/3151 3768/4272/3149 3826/4367/3231 3827/4368/3238
f 3788/4293/3169 3786/4291/3167 3835/4361/3232 3836/4329/3201
f 3806/4313/3187 3804/4311/3185 3844/4362/3233 3845/4339/3211
f 3762/4263/3143 3760/4261/3141 3822/4364/3235 3823/4341/3213
f 3780/4283/3161 3778/4281/3159 3831/4365/3236 3832/4343/3215
f 3798/4303/3179 3796/4301/3177 3840/4335/3207 3841/4369/3217
f 3816/4323/3197 3814/4321/3195 3849/4366/3237 3850/4370/3219
f 3772/4275/3153 3770/4273/3151 3827/4368/3238 3828/4349/3221
f 3875/4371/3239 3874/4372/3240 3906/4373/3241 3907/4374/3242
f 3827/4368/3238 3826/4367/3231 3858/4375/3243 3859/4376/3244
f 3841/4369/3217 3840/4335/3207 3872/4338/3210 3873/4377/3245
f 3828/4349/3221 3827/4368/3238 3859/4376/3244 3860/4378/3246
f 3842/4346/3218 3841/4345/3217 3873/4379/3245 3874/4372/3240
f 3829/4350/3222 3828/4349/3221 3860/4378/3246 3861/4380/3247
f 3843/4355/3227 3842/4346/3218 3874/4372/3240 3875/4371/3239
f 3830/4357/3229 3829/4350/3222 3861/4380/3247 3862/4381/3248
f 3844/4362/3233 3843/4355/3227 3875/4371/3239 3876/4382/3249
f 3831/4365/3236 3830/4357/3229 3862/4381/3248 3863/4383/3250
f 3845/4339/3211 3844/4362/3233 3876/4382/3249 3877/4384/3251
f 3832/4343/3215 3831/4365/3236 3863/4383/3250 3864/4385/3252
f 3846/4340/3212 3845/4339/3211 3877/4384/3251 3878/4386/3253
f 3833/4344/3216 3832/4343/3215 3864/4385/3252 3865/4387/3254
f 3847/4352/3224 3846/4340/3212 3878/4386/3253 3879/4388/3255
f 3834/4354/3226 3833/4344/3216 3865/4387/3254 3866/4389/3256
f 3848/4358/3230 3847/4352/3224 3879/4388/3255 3880/4390/3257
f 3835/4361/3232 3834/4360/3226 3866/4391/3256 3867/4392/3258
f 3822/4364/3235 3821/4363/3234 3853/4393/3259 3854/4394/3260
f 3849/4366/3237 3848/4358/3230 3880/4390/3257 3881/4395/3261
f 3836/4329/3201 3835/4361/3232 3867/4392/3258 3868/4396/3262
f 3823/4341/3213 3822/4364/3235 3854/4394/3260 3855/4397/3263
f 3850/4370/3219 3849/4366/3237 3881/4395/3261 3882/4398/3264
f 3837/4330/3202 3836/4329/3201 3868/4396/3262 3869/4399/3265
f 3824/4342/3214 3823/4341/3213 3855/4397/3263 3856/4400/3266
f 3851/4348/3220 3850/4347/3219 3882/4401/3264 3883/4402/3267
f 3838/4351/3223 3837/4330/3202 3869/4399/3265 3870/4403/3268
f 3825/4353/3225 3824/4342/3214 3856/4400/3266 3857/4404/3269
f 3852/4356/3228 3851/4348/3220 3883/4402/3267 3884/4405/3270
f 3839/4336/3208 3838/4351/3223 3870/4403/3268 3871/4337/3209
f 3826/4359/3231 3825/4353/3225 3857/4404/3269 3858/4406/3243
f 3821/4363/3234 3852/4356/3228 3884/4405/3270 3853/4393/3259
f 3910/4407/3271 3909/4408/3272 3941/4409/3273 3942/4410/3274
f 3862/4381/3248 3861/4380/3247 3893/4411/3275 3894/4412/3276
f 3876/4382/3249 3875/4371/3239 3907/4374/3242 3908/4413/3277
f 3863/4383/3250 3862/4381/3248 3894/4412/3276 3895/4414/3278
f 3877/4384/3251 3876/4382/3249 3908/4413/3277 3909/4408/3272
f 3864/4385/3252 3863/4383/3250 3895/4414/3278 3896/4415/3279
f 3878/4386/3253 3877/4384/3251 3909/4408/3272 3910/4407/3271
f 3865/4387/3254 3864/4385/3252 3896/4415/3279 3897/4416/3280
f 3879/4388/3255 3878/4386/3253 3910/4407/3271 3911/4417/3281
f 3866/4389/3256 3865/4387/3254 3897/4416/3280 3898/4418/3282
f 3880/4390/3257 3879/4388/3255 3911/4417/3281 3912/4419/3283
f 3867/4392/3258 3866/4391/3256 3898/4420/3282 3899/4421/3284
f 3854/4394/3260 3853/4393/3259 3885/4422/3285 3886/4423/3286
f 3881/4395/3261 3880/4390/3257 3912/4419/3283 3913/4424/3287
f 3868/4396/3262 3867/4392/3258 3899/4421/3284 3900/4425/3288
f 3855/4397/3263 3854/4394/3260 3886/4423/3286 3887/4426/3289
f 3882/4398/3264 3881/4395/3261 3913/4424/3287 3914/4427/3290
f 3869/4399/3265 3868/4396/3262 3900/4425/3288 3901/4428/3291
f 3856/4400/3266 3855/4397/3263 3887/4426/3289 3888/4429/3292
f 3883/4402/3267 3882/4401/3264 3914/4430/3290 3915/4431/3293
f 3870/4403/3268 3869/4399/3265 3901/4428/3291 3902/4432/3294
f 3857/4404/3269 3856/4400/3266 3888/4429/3292 3889/4433/3295
f 3884/4405/3270 3883/4402/3267 3915/4431/3293 3916/4434/3296
f 3871/4337/3209 3870/4403/3268 3902/4432/3294 3903/4435/3297
f 3858/4406/3243 3857/4404/3269 3889/4433/3295 3890/4436/3298
f 3853/4393/3259 3884/4405/3270 3916/4434/3296 3885/4422/3285
f 3872/4338/3210 3871/4337/3209 3903/4435/3297 3904/4437/3299
f 3859/4376/3244 3858/4375/3243 3890/4438/3298 3891/4439/3300
f 3873/4377/3245 3872/4338/3210 3904/4437/3299 3905/4440/3301
f 3860/4378/3246 3859/4376/3244 3891/4439/3300 3892/4441/3302
f 3874/4372/3240 3873/4379/3245 3905/4442/3301 3906/4373/3241
f 3861/4380/3247 3860/4378/3246 3892/4441/3302 3893/4411/3275
f 3945/4443/3303 3944/4444/3304 3976/4445/3305 3977/4446/3306
f 3897/4447/3280 3896/4448/3279 3928/4449/3307 3929/4450/3308
f 3911/4417/3281 3910/4407/3271 3942/4410/3274 3943/4451/3309
f 3898/4452/3282 3897/4447/3280 3929/4450/3308 3930/4453/3310
f 3912/4454/3283 3911/4455/3281 3943/4456/3309 3944/4444/3304
f 3899/4421/3284 3898/4420/3282 3930/4457/3310 3931/4458/3311
f 3886/4423/3286 3885/4422/3285 3917/4459/3312 3918/4460/3313
f 3913/4461/3287 3912/4454/3283 3944/4444/3304 3945/4443/3303
f 3900/4425/3288 3899/4421/3284 3931/4458/3311 3932/4462/3314
f 3887/4426/3289 3886/4423/3286 3918/4460/3313 3919/4463/3315
f 3914/4464/3290 3913/4461/3287 3945/4443/3303 3946/4465/3316
f 3901/4428/3291 3900/4425/3288 3932/4462/3314 3933/4466/3317
f 3888/4429/3292 3887/4426/3289 3919/4463/3315 3920/4467/3318
f 3915/4468/3293 3914/4464/3290 3946/4465/3316 3947/4469/3319
f 3902/4432/3294 3901/4428/3291 3933/4466/3317 3934/4470/3320
f 3889/4433/3295 3888/4429/3292 3920/4467/3318 3921/4471/3321
f 3916/4434/3296 3915/4431/3293 3947/4472/3319 3948/4473/3322
f 3903/4435/3297 3902/4432/3294 3934/4470/3320 3935/4474/3323
f 3890/4475/3298 3889/4476/3295 3921/4477/3321 3922/4478/3324
f 3885/4422/3285 3916/4434/3296 3948/4473/3322 3917/4459/3312
f 3904/4437/3299 3903/4435/3297 3935/4474/3323 3936/4479/3325
f 3891/4480/3300 3890/4475/3298 3922/4478/3324 3923/4481/3326
f 3905/4482/3301 3904/4483/3299 3936/4484/3325 3937/4485/3327
f 3892/4486/3302 3891/4480/3300 3923/4481/3326 3924/4487/3328
f 3906/4488/3241 3905/4482/3301 3937/4485/3327 3938/4489/3329
f 3893/4411/3275 3892/4441/3302 3924/4490/3328 3925/4491/3330
f 3907/4492/3242 3906/4488/3241 3938/4489/3329 3939/4493/3331
f 3894/4412/3276 3893/4411/3275 3925/4491/3330 3926/4494/3332
f 3908/4413/3277 3907/4374/3242 3939/4495/3331 3940/4496/3333
f 3895/4414/3278 3894/4412/3276 3926/4494/3332 3927/4497/3334
f 3909/4408/3272 3908/4413/3277 3940/4496/3333 3941/4409/3273
f 3896/4415/3279 3895/4414/3278 3927/4497/3334 3928/4498/3307
f 3980/4499/3335 3979/4500/3336 4011/4501/3337 4012/4502/3338
f 3932/4503/3314 3931/4504/3311 3963/4505/3339 3964/4506/3340
f 3919/4507/3315 3918/4508/3313 3950/4509/3341 3951/4510/3342
f 3946/4465/3316 3945/4443/3303 3977/4446/3306 3978/4511/3343
f 3933/4466/3317 3932/4462/3314 3964/4512/3340 3965/4513/3344
f 3920/4514/3318 3919/4507/3315 3951/4510/3342 3952/4515/3345
f 3947/4469/3319 3946/4465/3316 3978/4511/3343 3979/4500/3336
f 3934/4470/3320 3933/4466/3317 3965/4513/3344 3966/4516/3346
f 3921/4477/3321 3920/4514/3318 3952/4515/3345 3953/4517/3347
f 3948/4518/3322 3947/4469/3319 3979/4500/3336 3980/4499/3335
f 3935/4519/3323 3934/4520/3320 3966/4521/3346 3967/4522/3348
f 3922/4478/3324 3921/4477/3321 3953/4517/3347 3954/4523/3349
f 3917/4459/3312 3948/4473/3322 3980/4524/3335 3949/4525/3350
f 3936/4484/3325 3935/4519/3323 3967/4522/3348 3968/4526/3351
f 3923/4481/3326 3922/4478/3324 3954/4523/3349 3955/4527/3352
f 3937/4485/3327 3936/4484/3325 3968/4526/3351 3969/4528/3353
f 3924/4487/3328 3923/4481/3326 3955/4527/3352 3956/4529/3354
f 3938/4489/3329 3937/4485/3327 3969/4528/3353 3970/4530/3355
f 3925/4531/3330 3924/4487/3328 3956/4529/3354 3957/4532/3356
f 3939/4493/3331 3938/4489/3329 3970/4530/3355 3971/4533/3357
f 3926/4534/3332 3925/4531/3330 3957/4532/3356 3958/4535/3358
f 3940/4536/3333 3939/4493/3331 3971/4533/3357 3972/4537/3359
f 3927/4538/3334 3926/4534/3332 3958/4535/3358 3959/4539/3360
f 3941/4540/3273 3940/4536/3333 3972/4537/3359 3973/4541/3361
f 3928/4449/3307 3927/4538/3334 3959/4539/3360 3960/4542/3362
f 3942/4543/3274 3941/4540/3273 3973/4541/3361 3974/4544/3363
f 3929/4450/3308 3928/4449/3307 3960/4542/3362 3961/4545/3364
f 3943/4456/3309 3942/4543/3274 3974/4544/3363 3975/4546/3365
f 3930/4453/3310 3929/4450/3308 3961/4545/3364 3962/4547/3366
f 3944/4444/3304 3943/4456/3309 3975/4546/3365 3976/4445/3305
f 3931/4504/3311 3930/4453/3310 3962/4547/3366 3963/4505/3339
f 3918/4460/3313 3917/4459/3312 3949/4525/3350 3950/4548/3341
f 4002/4549/3367 4001/4550/3368 4033/4551/3369 4034/4552/3370
f 3967/4522/3348 3966/4521/3346 3998/4553/3371 3999/4554/3372
f 3954/4523/3349 3953/4517/3347 3985/4555/3373 3986/4556/3374
f 3949/4557/3350 3980/4499/3335 4012/4502/3338 3981/4558/3375
f 3968/4526/3351 3967/4522/3348 3999/4554/3372 4000/4559/3376
f 3955/4527/3352 3954/4523/3349 3986/4556/3374 3987/4560/3377
f 3969/4528/3353 3968/4526/3351 4000/4559/3376 4001/4550/3368
f 3956/4529/3354 3955/4527/3352 3987/4560/3377 3988/4561/3378
f 3970/4530/3355 3969/4528/3353 4001/4550/3368 4002/4549/3367
f 3957/4532/3356 3956/4529/3354 3988/4561/3378 3989/4562/3379
f 3971/4533/3357 3970/4530/3355 4002/4549/3367 4003/4563/3380
f 3958/4535/3358 3957/4532/3356 3989/4562/3379 3990/4564/3381
f 3972/4537/3359 3971/4533/3357 4003/4563/3380 4004/4565/3382
f 3959/4539/3360 3958/4535/3358 3990/4564/3381 3991/4566/3383
f 3973/4541/3361 3972/4537/3359 4004/4565/3382 4005/4567/3384
f 3960/4542/3362 3959/4539/3360 3991/4566/3383 3992/4568/3385
f 3974/4544/3363 3973/4541/3361 4005/4567/3384 4006/4569/3386
f 3961/4545/3364 3960/4542/3362 3992/4568/3385 3993/4570/3387
f 3975/4546/3365 3974/4544/3363 4006/4569/3386 4007/4571/3388
f 3962/4547/3366 3961/4545/3364 3993/4570/3387 3994/4572/3389
f 3976/4445/3305 3975/4546/3365 4007/4571/3388 4008/4573/3390
f 3963/4505/3339 3962/4547/3366 3994/4572/3389 3995/4574/3391
f 3950/4509/3341 3949/4557/3350 3981/4558/3375 3982/4575/3392
f 3977/4446/3306 3976/4445/3305 4008/4573/3390 4009/4576/3393
f 3964/4506/3340 3963/4505/3339 3995/4574/3391 3996/4577/3394
f 3951/4510/3342 3950/4509/3341 3982/4575/3392 3983/4578/3395
f 3978/4511/3343 3977/4446/3306 4009/4576/3393 4010/4579/3396
f 3965/4580/3344 3964/4506/3340 3996/4577/3394 3997/4581/3397
f 3952/4515/3345 3951/4510/3342 3983/4578/3395 3984/4582/3398
f 3979/4500/3336 3978/4511/3343 4010/4579/3396 4011/4501/3337
f 3966/4521/3346 3965/4580/3344 3997/4581/3397 3998/4553/3371
f 3953/4517/3347 3952/4515/3345 3984/4582/3398 3985/4555/3373
f 4037/4583/3399 4036/4584/3400 4068/4585/3401 4069/4586/3402
f 3989/4562/3379 3988/4561/3378 4020/4587/3403 4021/4588/3404
f 4003/4563/3380 4002/4549/3367 4034/4552/3370 4035/4589/3405
f 3990/4564/3381 3989/4562/3379 4021/4588/3404 4022/4590/3406
f 4004/4565/3382 4003/4563/3380 4035/4589/3405 4036/4584/3400
f 3991/4566/3383 3990/4564/3381 4022/4590/3406 4023/4591/3407
f 4005/4567/3384 4004/4565/3382 4036/4584/3400 4037/4583/3399
f 3992/4568/3385 3991/4566/3383 4023/4591/3407 4024/4592/3408
f 4006/4569/3386 4005/4567/3384 4037/4583/3399 4038/4593/3409
f 3993/4570/3387 3992/4568/3385 4024/4592/3408 4025/4594/3410
f 4007/4571/3388 4006/4569/3386 4038/4593/3409 4039/4595/3411
f 3994/4572/3389 3993/4570/3387 4025/4594/3410 4026/4596/3412
f 4008/4573/3390 4007/4571/3388 4039/4595/3411 4040/4597/3413
f 3995/4574/3391 3994/4572/3389 4026/4596/3412 4027/4598/3414
f 3982/4575/3392 3981/4558/3375 4013/4599/3415 4014/4600/3416
f 4009/4576/3393 4008/4573/3390 4040/4597/3413 4041/4601/3417
f 3996/4577/3394 3995/4574/3391 4027/4598/3414 4028/4602/3418
f 3983/4578/3395 3982/4575/3392 4014/4600/3416 4015/4603/3419
f 4010/4579/3396 4009/4576/3393 4041/4601/3417 4042/4604/3420
f 3997/4581/3397 3996/4577/3394 4028/4602/3418 4029/4605/3421
f 3984/4582/3398 3983/4578/3395 4015/4603/3419 4016/4606/3422
f 4011/4501/3337 4010/4579/3396 4042/4604/3420 4043/4607/3423
f 3998/4553/3371 3997/4581/3397 4029/4605/3421 4030/4608/3424
f 3985/4555/3373 3984/4582/3398 4016/4606/3422 4017/4609/3425
f 4012/4502/3338 4011/4501/3337 4043/4607/3423 4044/4610/3426
f 3999/4554/3372 3998/4553/3371 4030/4608/3424 4031/4611/3427
f 3986/4556/3374 3985/4555/3373 4017/4609/3425 4018/4612/3428
f 3981/4558/3375 4012/4502/3338 4044/4610/3426 4013/4599/3415
f 4000/4559/3376 3999/4554/3372 4031/4611/3427 4032/4613/3429
f 3987/4560/3377 3986/4556/3374 4018/4612/3428 4019/4614/3430
f 4001/4550/3368 4000/4559/3376 4032/4613/3429 4033/4551/3369
f 3988/4561/3378 3987/4560/3377 4019/4614/3430 4020/4587/3403
f 4072/4615/3431 4071/4616/3432 4103/4617/3433 4104/4618/3434
f 4024/4592/3408 4023/4591/3407 4055/4619/3435 4056/4620/3436
f 4038/4593/3409 4037/4583/3399 4069/4586/3402 4070/4621/3437
f 4025/4594/3410 4024/4592/3408 4056/4620/3436 4057/4622/3438
f 4039/4595/3411 4038/4593/3409 4070/4621/3437 4071/4616/3432
f 4026/4596/3412 4025/4594/3410 4057/4622/3438 4058/4623/3439
f 4040/4597/3413 4039/4595/3411 4071/4616/3432 4072/4615/3431
f 4027/4598/3414 4026/4596/3412 4058/4623/3439 4059/4624/3440
f 4014/4600/3416 4013/4599/3415 4045/4625/3441 4046/4626/3442
f 4041/4601/3417 4040/4597/3413 4072/4615/3431 4073/4627/3443
f 4028/4602/3418 4027/4598/3414 4059/4624/3440 4060/4628/3444
f 4015/4603/3419 4014/4600/3416 4046/4626/3442 4047/4629/3445
f 4042/4604/3420 4041/4601/3417 4073/4627/3443 4074/4630/3446
f 4029/4605/3421 4028/4602/3418 4060/4628/3444 4061/4631/3447
f 4016/4606/3422 4015/4603/3419 4047/4629/3445 4048/4632/3448
f 4043/4607/3423 4042/4604/3420 4074/4630/3446 4075/4633/3449
f 4030/4608/3424 4029/4605/3421 4061/4631/3447 4062/4634/3450
f 4017/4609/3425 4016/4606/3422 4048/4632/3448 4049/4635/3451
f 4044/4610/3426 4043/4607/3423 4075/4633/3449 4076/4636/3452
f 4031/4611/3427 4030/4608/3424 4062/4634/3450 4063/4637/3453
f 4018/4612/3428 4017/4609/3425 4049/4635/3451 4050/4638/3454
f 4013/4599/3415 4044/4610/3426 4076/4636/3452 4045/4625/3441
f 4032/4613/3429 4031/4611/3427 4063/4637/3453 4064/4639/3455
f 4019/4614/3430 4018/4612/3428 4050/4638/3454 4051/4640/3456
f 4033/4551/3369 4032/4613/3429 4064/4639/3455 4065/4641/3457
f 4020/4587/3403 4019/4614/3430 4051/4640/3456 4052/4642/3458
f 4034/4552/3370 4033/4551/3369 4065/4641/3457 4066/4643/3459
f 4021/4588/3404 4020/4587/3403 4052/4642/3458 4053/4644/3460
f 4035/4589/3405 4034/4552/3370 4066/4643/3459 4067/4645/3461
f 4022/4590/3406 4021/4588/3404 4053/4644/3460 4054/4646/3462
f 4036/4584/3400 4035/4589/3405 4067/4645/3461 4068/4585/3401
f 4023/4591/3407 4022/4590/3406 4054/4646/3462 4055/4619/3435
f 4078/4647/3463 4077/4648/3464 4108/4649/3465 4107/4650/3466 4106/4651/3467 4105/4652/3468 4104/4618/3434 4103/4617/3433 4102/4653/3469 4101/4654/3470 4100/4655/3471 4099/4656/3472 4098/4657/3473 4097/4658/3474 4096/4659/3475 4095/4660/3476 4094/4661/3477 4093/4662/3478 4092/4663/3479 4091/4664/3480 4090/4665/3481 4089/4666/3482 4088/4667/3483 4087/4668/3484 4086/4669/3485 4085/4670/3486 4084/4671/3487 4083/4672/3488 4082/4673/3489 4081/4674/3490 4080/4675/3491 4079/4676/3492
f 4059/4624/3440 4058/4623/3439 4090/4665/3481 4091/4664/3480
f 4046/4626/3442 4045/4625/3441 4077/4648/3464 4078/4647/3463
f 4073/4627/3443 4072/4615/3431 4104/4618/3434 4105/4652/3468
f 4060/4628/3444 4059/4624/3440 4091/4664/3480 4092/4663/3479
f 4047/4629/3445 4046/4626/3442 4078/4647/3463 4079/4676/3492
f 4074/4630/3446 4073/4627/3443 4105/4652/3468 4106/4651/3467
f 4061/4631/3447 4060/4628/3444 4092/4663/3479 4093/4662/3478
f 4048/4632/3448 4047/4629/3445 4079/4676/3492 4080/4675/3491
f 4075/4633/3449 4074/4630/3446 4106/4651/3467 4107/4650/3466
f 4062/4634/3450 4061/4631/3447 4093/4662/3478 4094/4661/3477
f 4049/4635/3451 4048/4632/3448 4080/4675/3491 4081/4674/3490
f 4076/4636/3452 4075/4633/3449 4107/4650/3466 4108/4649/3465
f 4063/4637/3453 4062/4634/3450 4094/4661/3477 4095/4660/3476
f 4050/4638/3454 4049/4635/3451 4081/4674/3490 4082/4673/3489
f 4045/4625/3441 4076/4636/3452 4108/4649/3465 4077/4648/3464
f 4064/4639/3455 4063/4637/3453 4095/4660/3476 4096/4659/3475
f 4051/4640/3456 4050/4638/3454 4082/4673/3489 4083/4672/3488
f 4065/4641/3457 4064/4639/3455 4096/4659/3475 4097/4658/3474
f 4052/4642/3458 4051/4640/3456 4083/4672/3488 4084/4671/3487
f 4066/4643/3459 4065/4641/3457 4097/4658/3474 4098/4657/3473
f 4053/4644/3460 4052/4642/3458 4084/4671/3487 4085/4670/3486
f 4067/4645/3461 4066/4643/3459 4098/4657/3473 4099/4656/3472
f 4054/4646/3462 4053/4644/3460 4085/4670/3486 4086/4669/3485
f 4068/4585/3401 4067/4645/3461 4099/4656/3472 4100/4655/3471
f 4055/4619/3435 4054/4646/3462 4086/4669/3485 4087/4668/3484
f 4069/4586/3402 4068/4585/3401 4100/4655/3471 4101/4654/3470
f 4056/4620/3436 4055/4619/3435 4087/4668/3484 4088/4667/3483
f 4070/4621/3437 4069/4586/3402 4101/4654/3470 4102/4653/3469
f 4057/4622/3438 4056/4620/3436 4088/4667/3483 4089/4666/3482
f 4071/4616/3432 4070/4621/3437 4102/4653/3469 4103/4617/3433
f 4058/4623/3439 4057/4622/3438 4089/4666/3482 4090/4665/3481
f 4114/4677/3493 4115/4678/3494 4147/4679/3495 4146/4680/3496
f 3779/4284/3162 3781/4286/3164 4121/4681/3497 4120/4682/3498
f 3797/4305/3180 3799/4308/3182 4130/4683/3499 4129/4684/3500
f 3815/4325/3198 3817/4328/3200 4139/4685/3501 4138/4686/3502
f 3771/4276/3154 3773/4278/3156 4117/4687/3503 4116/4688/3504
f 3789/4296/3172 3791/4298/3174 4126/4689/3505 4125/4690/3506
f 3807/4316/3190 3809/4318/3192 4135/4691/3507 4134/4692/3508
f 3763/4266/3146 3765/4268/3148 4113/4693/3509 4112/4333/3205
f 3781/4286/3164 3783/4288/3166 4122/4694/3510 4121/4681/3497
f 3799/4308/3182 3801/4310/3184 4131/4695/3511 4130/4683/3499
f 3817/4328/3200 3819/4332/3204 4140/4696/3512 4139/4685/3501
f 3773/4278/3156 3775/4280/3158 4118/4697/3513 4117/4687/3503
f 3791/4298/3174 3793/4300/3176 4127/4698/3514 4126/4689/3505
f 3809/4318/3192 3811/4320/3194 4136/4699/3515 4135/4691/3507
f 3765/4268/3148 3767/4270/3150 4114/4700/3493 4113/4693/3509
f 3783/4289/3166 3785/4292/3168 4123/4701/3516 4122/4702/3510
f 3801/4310/3184 3803/4312/3186 4132/4703/3517 4131/4695/3511
f 3757/4259/3139 3759/4262/3142 4110/4704/3518 4109/4705/3519
f 3819/4332/3204 3757/4259/3139 4109/4705/3519 4140/4696/3512
f 3775/4280/3158 3777/4282/3160 4119/4706/3520 4118/4697/3513
f 3793/4300/3176 3795/4302/3178 4128/4707/3521 4127/4698/3514
f 3811/4320/3194 3813/4322/3196 4137/4708/3522 4136/4699/3515
f 3767/4271/3150 3769/4274/3152 4115/4678/3494 4114/4677/3493
f 3785/4292/3168 3787/4294/3170 4124/4709/3523 4123/4701/3516
f 3803/4312/3186 3805/4314/3188 4133/4710/3524 4132/4703/3517
f 3759/4262/3142 3761/4264/3144 4111/4334/3206 4110/4704/3518
f 3777/4282/3160 3779/4284/3162 4120/4682/3498 4119/4706/3520
f 3795/4302/3178 3797/4304/3180 4129/4711/3500 4128/4707/3521
f 3813/4322/3196 3815/4324/3198 4138/4712/3502 4137/4708/3522
f 3769/4274/3152 3771/4276/3154 4116/4688/3504 4115/4678/3494
f 3787/4294/3170 3789/4296/3172 4125/4690/3506 4124/4709/3523
f 3805/4314/3188 3807/4316/3190 4134/4692/3508 4133/4710/3524
f 4149/4713/3525 4150/4714/3526 4182/4715/3527 4181/4716/3528
f 4128/4707/3521 4129/4711/3500 4161/4717/3529 4160/4718/3530
f 4115/4678/3494 4116/4688/3504 4148/4719/3531 4147/4679/3495
f 4129/4684/3500 4130/4683/3499 4162/4720/3532 4161/4721/3529
f 4116/4688/3504 4117/4687/3503 4149/4713/3525 4148/4719/3531
f 4130/4683/3499 4131/4695/3511 4163/4722/3533 4162/4720/3532
f 4117/4687/3503 4118/4697/3513 4150/4714/3526 4149/4713/3525
f 4131/4695/3511 4132/4703/3517 4164/4723/3534 4163/4722/3533
f 4118/4697/3513 4119/4706/3520 4151/4724/3535 4150/4714/3526
f 4132/4703/3517 4133/4710/3524 4165/4725/3536 4164/4723/3534
f 4119/4706/3520 4120/4682/3498 4152/4726/3537 4151/4724/3535
f 4133/4710/3524 4134/4692/3508 4166/4727/3538 4165/4725/3536
f 4120/4682/3498 4121/4681/3497 4153/4728/3539 4152/4726/3537
f 4134/4692/3508 4135/4691/3507 4167/4729/3540 4166/4727/3538
f 4121/4681/3497 4122/4694/3510 4154/4730/3541 4153/4728/3539
f 4135/4691/3507 4136/4699/3515 4168/4731/3542 4167/4729/3540
f 4122/4702/3510 4123/4701/3516 4155/4732/3543 4154/4733/3541
f 4109/4705/3519 4110/4704/3518 4142/4734/3544 4141/4735/3545
f 4136/4699/3515 4137/4708/3522 4169/4736/3546 4168/4731/3542
f 4123/4701/3516 4124/4709/3523 4156/4737/3547 4155/4732/3543
f 4110/4704/3518 4111/4334/3206 4143/4738/3548 4142/4734/3544
f 4137/4708/3522 4138/4712/3502 4170/4739/3549 4169/4736/3546
f 4124/4709/3523 4125/4690/3506 4157/4740/3550 4156/4737/3547
f 4111/4334/3206 4112/4333/3205 4144/4741/3551 4143/4738/3548
f 4138/4686/3502 4139/4685/3501 4171/4742/3552 4170/4743/3549
f 4125/4690/3506 4126/4689/3505 4158/4744/3553 4157/4740/3550
f 4112/4333/3205 4113/4693/3509 4145/4745/3554 4144/4741/3551
f 4139/4685/3501 4140/4696/3512 4172/4746/3555 4171/4742/3552
f 4126/4689/3505 4127/4698/3514 4159/4747/3556 4158/4744/3553
f 4113/4693/3509 4114/4700/3493 4146/4748/3496 4145/4745/3554
f 4140/4696/3512 4109/4705/3519 4141/4735/3545 4172/4746/3555
f 4127/4698/3514 4128/4707/3521 4160/4718/3530 4159/4747/3556
f 4184/4749/3557 4185/4750/3558 4217/4751/3559 4216/4752/3560
f 4163/4722/3533 4164/4723/3534 4196/4753/3561 4195/4754/3562
f 4150/4714/3526 4151/4724/3535 4183/4755/3563 4182/4715/3527
f 4164/4723/3534 4165/4725/3536 4197/4756/3564 4196/4753/3561
f 4151/4724/3535 4152/4726/3537 4184/4757/3557 4183/4755/3563
f 4165/4725/3536 4166/4727/3538 4198/4758/3565 4197/4756/3564
f 4152/4726/3537 4153/4728/3539 4185/4759/3558 4184/4757/3557
f 4166/4727/3538 4167/4729/3540 4199/4760/3566 4198/4758/3565
f 4153/4728/3539 4154/4730/3541 4186/4761/3567 4185/4759/3558
f 4167/4729/3540 4168/4731/3542 4200/4762/3568 4199/4760/3566
f 4154/4733/3541 4155/4732/3543 4187/4763/3569 4186/4764/3567
f 4141/4735/3545 4142/4734/3544 4174/4765/3570 4173/4766/3571
f 4168/4731/3542 4169/4736/3546 4201/4767/3572 4200/4762/3568
f 4155/4732/3543 4156/4737/3547 4188/4768/3573 4187/4763/3569
f 4142/4734/3544 4143/4738/3548 4175/4769/3574 4174/4765/3570
f 4169/4736/3546 4170/4739/3549 4202/4770/3575 4201/4767/3572
f 4156/4737/3547 4157/4740/3550 4189/4771/3576 4188/4768/3573
f 4143/4738/3548 4144/4741/3551 4176/4772/3577 4175/4769/3574
f 4170/4743/3549 4171/4742/3552 4203/4773/3578 4202/4774/3575
f 4157/4740/3550 4158/4744/3553 4190/4775/3579 4189/4771/3576
f 4144/4741/3551 4145/4745/3554 4177/4776/3580 4176/4772/3577
f 4171/4742/3552 4172/4746/3555 4204/4777/3581 4203/4773/3578
f 4158/4744/3553 4159/4747/3556 4191/4778/3582 4190/4775/3579
f 4145/4745/3554 4146/4748/3496 4178/4779/3583 4177/4776/3580
f 4172/4746/3555 4141/4735/3545 4173/4766/3571 4204/4777/3581
f 4159/4747/3556 4160/4718/3530 4192/4780/3584 4191/4778/3582
f 4146/4680/3496 4147/4679/3495 4179/4781/3585 4178/4782/3583
f 4160/4718/3530 4161/4717/3529 4193/4783/3586 4192/4780/3584
f 4147/4679/3495 4148/4719/3531 4180/4784/3587 4179/4781/3585
f 4161/4721/3529 4162/4720/3532 4194/4785/3588 4193/4786/3586
f 4148/4719/3531 4149/4713/3525 4181/4716/3528 4180/4784/3587
f 4162/4720/3532 4163/4722/3533 4195/4754/3562 4194/4785/3588
f 4219/4787/3589 4220/4788/3590 4252/4789/3591 4251/4790/3592
f 4198/4758/3565 4199/4760/3566 4231/4791/3593 4230/4792/3594
f 4185/4750/3558 4186/4793/3567 4218/4794/3595 4217/4751/3559
f 4199/4760/3566 4200/4762/3568 4232/4795/3596 4231/4791/3593
f 4186/4764/3567 4187/4763/3569 4219/4787/3589 4218/4796/3595
f 4173/4766/3571 4174/4765/3570 4206/4797/3597 4205/4798/3598
f 4200/4799/3568 4201/4800/3572 4233/4801/3599 4232/4802/3596
f 4187/4763/3569 4188/4768/3573 4220/4788/3590 4219/4787/3589
f 4174/4765/3570 4175/4769/3574 4207/4803/3600 4206/4797/3597
f 4201/4800/3572 4202/4804/3575 4234/4805/3601 4233/4801/3599
f 4188/4768/3573 4189/4771/3576 4221/4806/3602 4220/4788/3590
f 4175/4769/3574 4176/4772/3577 4208/4807/3603 4207/4803/3600
f 4202/4804/3575 4203/4808/3578 4235/4809/3604 4234/4805/3601
f 4189/4771/3576 4190/4775/3579 4222/4810/3605 4221/4806/3602
f 4176/4772/3577 4177/4776/3580 4209/4811/3606 4208/4807/3603
f 4203/4773/3578 4204/4777/3581 4236/4812/3607 4235/4813/3604
f 4190/4775/3579 4191/4778/3582 4223/4814/3608 4222/4810/3605
f 4177/4815/3580 4178/4816/3583 4210/4817/3609 4209/4818/3606
f 4204/4777/3581 4173/4766/3571 4205/4798/3598 4236/4812/3607
f 4191/4778/3582 4192/4780/3584 4224/4819/3610 4223/4814/3608
f 4178/4816/3583 4179/4820/3585 4211/4821/3611 4210/4817/3609
f 4192/4822/3584 4193/4823/3586 4225/4824/3612 4224/4825/3610
f 4179/4820/3585 4180/4826/3587 4212/4827/3613 4211/4821/3611
f 4193/4823/3586 4194/4828/3588 4226/4829/3614 4225/4824/3612
f 4180/4784/3587 4181/4716/3528 4213/4830/3615 4212/4831/3613
f 4194/4828/3588 4195/4832/3562 4227/4833/3616 4226/4829/3614
f 4181/4716/3528 4182/4715/3527 4214/4834/3617 4213/4830/3615
f 4195/4754/3562 4196/4753/3561 4228/4835/3618 4227/4836/3616
f 4182/4715/3527 4183/4755/3563 4215/4837/3619 4214/4834/3617
f 4196/4753/3561 4197/4756/3564 4229/4838/3620 4228/4835/3618
f 4183/4755/3563 4184/4757/3557 4216/4839/3560 4215/4837/3619
f 4197/4756/3564 4198/4758/3565 4230/4792/3594 4229/4838/3620
f 4254/4840/3621 4255/4841/3622 4287/4842/3623 4286/4843/3624
f 4206/4797/3597 4207/4803/3600 4239/4844/3625 4238/4845/3626
f 4233/4801/3599 4234/4805/3601 4266/4846/3627 4265/4847/3628
f 4220/4788/3590 4221/4806/3602 4253/4848/3629 4252/4789/3591
f 4207/4803/3600 4208/4807/3603 4240/4849/3630 4239/4844/3625
f 4234/4805/3601 4235/4809/3604 4267/4850/3631 4266/4846/3627
f 4221/4806/3602 4222/4810/3605 4254/4851/3621 4253/4848/3629
f 4208/4852/3603 4209/4818/3606 4241/4853/3632 4240/4854/3630
f 4235/4813/3604 4236/4812/3607 4268/4855/3633 4267/4856/3631
f 4222/4810/3605 4223/4814/3608 4255/4857/3622 4254/4851/3621
f 4209/4818/3606 4210/4817/3609 4242/4858/3634 4241/4853/3632
f 4236/4812/3607 4205/4798/3598 4237/4859/3635 4268/4855/3633
f 4223/4814/3608 4224/4819/3610 4256/4860/3636 4255/4857/3622
f 4210/4817/3609 4211/4821/3611 4243/4861/3637 4242/4858/3634
f 4224/4825/3610 4225/4824/3612 4257/4862/3638 4256/4863/3636
f 4211/4821/3611 4212/4827/3613 4244/4864/3639 4243/4861/3637
f 4225/4824/3612 4226/4829/3614 4258/4865/3640 4257/4862/3638
f 4212/4831/3613 4213/4830/3615 4245/4866/3641 4244/4867/3639
f 4226/4829/3614 4227/4833/3616 4259/4868/3642 4258/4865/3640
f 4213/4830/3615 4214/4834/3617 4246/4869/3643 4245/4866/3641
f 4227/4833/3616 4228/4870/3618 4260/4871/3644 4259/4868/3642
f 4214/4834/3617 4215/4837/3619 4247/4872/3645 4246/4869/3643
f 4228/4835/3618 4229/4838/3620 4261/4873/3646 4260/4874/3644
f 4215/4875/3619 4216/4752/3560 4248/4876/3647 4247/4877/3645
f 4229/4838/3620 4230/4792/3594 4262/4878/3648 4261/4873/3646
f 4216/4752/3560 4217/4751/3559 4249/4879/3649 4248/4876/3647
f 4230/4792/3594 4231/4791/3593 4263/4880/3650 4262/4878/3648
f 4217/4751/3559 4218/4794/3595 4250/4881/3651 4249/4879/3649
f 4231/4882/3593 4232/4802/3596 4264/4883/3652 4263/4884/3650
f 4218/4794/3595 4219/4885/3589 4251/4886/3592 4250/4881/3651
f 4205/4798/3598 4206/4797/3597 4238/4845/3626 4237/4859/3635
f 4232/4802/3596 4233/4801/3599 4265/4847/3628 4264/4883/3652
f 4289/4887/3653 4290/4888/3654 4354/4889/3655 4353/4890/3656
f 4241/4853/3632 4242/4858/3634 4274/4891/3657 4273/4892/3658
f 4268/4855/3633 4237/4859/3635 4269/4893/3659 4300/4894/3660
f 4255/4841/3622 4256/4863/3636 4288/4895/3661 4287/4842/3623
f 4242/4858/3634 4243/4861/3637 4275/4896/3662 4274/4891/3657
f 4256/4863/3636 4257/4862/3638 4289/4887/3653 4288/4895/3661
f 4243/4861/3637 4244/4864/3639 4276/4897/3663 4275/4896/3662
f 4257/4862/3638 4258/4865/3640 4290/4888/3654 4289/4887/3653
f 4244/4864/3639 4245/4898/3641 4277/4899/3664 4276/4897/3663
f 4258/4865/3640 4259/4868/3642 4291/4900/3665 4290/4888/3654
f 4245/4898/3641 4246/4901/3643 4278/4902/3666 4277/4899/3664
f 4259/4868/3642 4260/4871/3644 4292/4903/3667 4291/4900/3665
f 4246/4901/3643 4247/4877/3645 4279/4904/3668 4278/4902/3666
f 4260/4871/3644 4261/4905/3646 4293/4906/3669 4292/4903/3667
f 4247/4877/3645 4248/4876/3647 4280/4907/3670 4279/4904/3668
f 4261/4905/3646 4262/4908/3648 4294/4909/3671 4293/4906/3669
f 4248/4876/3647 4249/4879/3649 4281/4910/3672 4280/4907/3670
f 4262/4908/3648 4263/4884/3650 4295/4911/3673 4294/4909/3671
f 4249/4879/3649 4250/4881/3651 4282/4912/3674 4281/4910/3672
f 4263/4884/3650 4264/4883/3652 4296/4913/3675 4295/4911/3673
f 4250/4881/3651 4251/4886/3592 4283/4914/3676 4282/4912/3674
f 4237/4859/3635 4238/4845/3626 4270/4915/3677 4269/4893/3659
f 4264/4883/3652 4265/4847/3628 4297/4916/3678 4296/4913/3675
f 4251/4886/3592 4252/4917/3591 4284/4918/3679 4283/4914/3676
f 4238/4919/3626 4239/4920/3625 4271/4921/3680 4270/4922/3677
f 4265/4847/3628 4266/4846/3627 4298/4923/3681 4297/4916/3678
f 4252/4789/3591 4253/4848/3629 4285/4924/3682 4284/4925/3679
f 4239/4920/3625 4240/4854/3630 4272/4926/3683 4271/4921/3680
f 4266/4846/3627 4267/4850/3631 4299/4927/3684 4298/4923/3681
f 4253/4848/3629 4254/4851/3621 4286/4928/3624 4285/4924/3682
f 4240/4854/3630 4241/4853/3632 4273/4892/3658 4272/4926/3683
f 4267/4850/3631 4268/4929/3633 4300/4930/3660 4299/4927/3684
f 4301/4931/3685 4302/4932/3686 4366/4933/3687 4365/4934/3688
f 4276/4897/3663 4277/4899/3664 4341/4935/3689 4340/4936/3690
f 4290/4888/3654 4291/4900/3665 4355/4937/3691 4354/4889/3655
f 4277/4899/3664 4278/4902/3666 4342/4938/3692 4341/4935/3689
f 4291/4900/3665 4292/4903/3667 4356/4939/3693 4355/4937/3691
f 4278/4902/3666 4279/4904/3668 4343/4940/3694 4342/4938/3692
f 4292/4903/3667 4293/4906/3669 4357/4941/3695 4356/4939/3693
f 4279/4904/3668 4280/4907/3670 4344/4942/3696 4343/4940/3694
f 4293/4906/3669 4294/4909/3671 4358/4943/3697 4357/4941/3695
f 4280/4907/3670 4281/4910/3672 4345/4944/3698 4344/4942/3696
f 4294/4909/3671 4295/4911/3673 4359/4945/3699 4358/4943/3697
f 4281/4910/3672 4282/4912/3674 4346/4946/3700 4345/4944/3698
f 4295/4911/3673 4296/4913/3675 4360/4947/3701 4359/4945/3699
f 4282/4912/3674 4283/4914/3676 4347/4948/3702 4346/4946/3700
f 4269/4949/3659 4270/4922/3677 4334/4950/3703 4333/4951/3704
f 4296/4913/3675 4297/4916/3678 4361/4952/3705 4360/4947/3701
f 4283/4914/3676 4284/4918/3679 4348/4953/3706 4347/4948/3702
f 4270/4922/3677 4271/4921/3680 4335/4954/3707 4334/4950/3703
f 4297/4916/3678 4298/4923/3681 4362/4955/3708 4361/4952/3705
f 4284/4918/3679 4285/4956/3682 4349/4957/3709 4348/4953/3706
f 4271/4921/3680 4272/4926/3683 4336/4958/3710 4335/4954/3707
f 4298/4923/3681 4299/4927/3684 4363/4959/3711 4362/4955/3708
f 4285/4956/3682 4286/4843/3624 4350/4960/3712 4349/4957/3709
f 4272/4926/3683 4273/4892/3658 4337/4961/3713 4336/4958/3710
f 4299/4927/3684 4300/4930/3660 4364/4962/3714 4363/4959/3711
f 4286/4843/3624 4287/4842/3623 4351/4963/3715 4350/4960/3712
f 4273/4892/3658 4274/4891/3657 4338/4964/3716 4337/4961/3713
f 4300/4930/3660 4269/4949/3659 4333/4951/3704 4364/4962/3714
f 4287/4842/3623 4288/4895/3661 4352/4965/3717 4351/4963/3715
f 4274/4891/3657 4275/4896/3662 4339/4966/3718 4338/4964/3716
f 4288/4895/3661 4289/4887/3653 4353/4890/3656 4352/4965/3717
f 4275/4896/3662 4276/4897/3663 4340/4936/3690 4339/4966/3718
f 4302/4932/3686 4301/4931/3685 4333/4967/3704 4334/4968/3703
f 4303/4969/3719 4302/4932/3686 4334/4968/3703 4335/4970/3707
f 4304/4971/3720 4303/4969/3719 4335/4970/3707 4336/4972/3710
f 4305/4973/3721 4304/4971/3720 4336/4972/3710 4337/4974/3713
f 4306/4975/3722 4305/4973/3721 4337/4974/3713 4338/4976/3716
f 4307/4977/3723 4306/4975/3722 4338/4976/3716 4339/4978/3718
f 4308/4979/3724 4307/4977/3723 4339/4978/3718 4340/4980/3690
f 4309/4981/3725 4308/4979/3724 4340/4980/3690 4341/4982/3689
f 4310/4983/3726 4309/4981/3725 4341/4982/3689 4342/4984/3692
f 4311/4985/3727 4310/4983/3726 4342/4984/3692 4343/4986/3694
f 4312/4987/3728 4311/4985/3727 4343/4986/3694 4344/4988/3696
f 4313/4989/3729 4312/4987/3728 4344/4988/3696 4345/4990/3698
f 4314/4991/3730 4313/4989/3729 4345/4990/3698 4346/4992/3700
f 4315/4993/3731 4314/4991/3730 4346/4992/3700 4347/4994/3702
f 4316/4995/3732 4315/4993/3731 4347/4994/3702 4348/4996/3706
f 4317/4997/3733 4316/4995/3732 4348/4996/3706 4349/4998/3709
f 4318/4999/3734 4317/4997/3733 4349/4998/3709 4350/5000/3712
f 4319/5001/3735 4318/4999/3734 4350/5000/3712 4351/5002/3715
f 4320/5003/3736 4319/5001/3735 4351/5002/3715 4352/5004/3717
f 4321/5005/3737 4320/5003/3736 4352/5004/3717 4353/5006/3656
f 4322/5007/3738 4321/5005/3737 4353/5006/3656 4354/5008/3655
f 4323/5009/3739 4322/5007/3738 4354/5008/3655 4355/5010/3691
f 4324/5011/3740 4323/5009/3739 4355/5010/3691 4356/5012/3693
f 4325/5013/3741 4324/5011/3740 4356/5012/3693 4357/5014/3695
f 4326/5015/3742 4325/5013/3741 4357/5014/3695 4358/5016/3697
f 4327/5017/3743 4326/5015/3742 4358/5016/3697 4359/5018/3699
f 4328/5019/3744 4327/5017/3743 4359/5018/3699 4360/5020/3701
f 4329/5021/3745 4328/5019/3744 4360/5020/3701 4361/5022/3705
f 4330/5023/3746 4329/5021/3745 4361/5022/3705 4362/5024/3708
f 4331/5025/3747 4330/5023/3746 4362/5024/3708 4363/5026/3711
f 4332/5027/3748 4331/5025/3747 4363/5026/3711 4364/5028/3714
f 4301/4931/3685 4332/5027/3748 4364/5028/3714 4333/4967/3704
f 4368/5029/3749 4369/5030/3750 4401/5031/3751 4400/5032/3752
f 4328/5019/3744 4329/5021/3745 4393/5033/3753 4392/5034/3754
f 4315/4993/3731 4316/4995/3732 4380/5035/3755 4379/5036/3756
f 4302/4932/3686 4303/4969/3719 4367/5037/3757 4366/4933/3687
f 4329/5021/3745 4330/5023/3746 4394/5038/3758 4393/5033/3753
f 4316/4995/3732 4317/4997/3733 4381/5039/3759 4380/5035/3755
f 4303/4969/3719 4304/4971/3720 4368/5029/3749 4367/5037/3757
f 4330/5023/3746 4331/5025/3747 4395/5040/3760 4394/5038/3758
f 4317/4997/3733 4318/4999/3734 4382/5041/3761 4381/5039/3759
f 4304/4971/3720 4305/4973/3721 4369/5030/3750 4368/5029/3749
f 4331/5025/3747 4332/5027/3748 4396/5042/3762 4395/5040/3760
f 4318/4999/3734 4319/5001/3735 4383/5043/3763 4382/5041/3761
f 4305/4973/3721 4306/4975/3722 4370/5044/3764 4369/5030/3750
f 4332/5027/3748 4301/4931/3685 4365/4934/3688 4396/5042/3762
f 4319/5001/3735 4320/5003/3736 4384/5045/3765 4383/5043/3763
f 4306/4975/3722 4307/4977/3723 4371/5046/3766 4370/5044/3764
f 4320/5003/3736 4321/5005/3737 4385/5047/3767 4384/5045/3765
f 4307/4977/3723 4308/4979/3724 4372/5048/3768 4371/5046/3766
f 4321/5005/3737 4322/5007/3738 4386/5049/3769 4385/5047/3767
f 4308/4979/3724 4309/4981/3725 4373/5050/3770 4372/5048/3768
f 4322/5007/3738 4323/5009/3739 4387/5051/3771 4386/5049/3769
f 4309/4981/3725 4310/4983/3726 4374/5052/3772 4373/5050/3770
f 4323/5009/3739 4324/5011/3740 4388/5053/3773 4387/5051/3771
f 4310/4983/3726 4311/4985/3727 4375/5054/3774 4374/5052/3772
f 4324/5011/3740 4325/5013/3741 4389/5055/3775 4388/5053/3773
f 4311/4985/3727 4312/4987/3728 4376/5056/3776 4375/5054/3774
f 4325/5013/3741 4326/5015/3742 4390/5057/3777 4389/5055/3775
f 4312/4987/3728 4313/4989/3729 4377/5058/3778 4376/5056/3776
f 4326/5015/3742 4327/5017/3743 4391/5059/3779 4390/5057/3777
f 4313/4989/3729 4314/4991/3730 4378/5060/3780 4377/5058/3778
f 4327/5017/3743 4328/5019/3744 4392/5034/3754 4391/5059/3779
f 4314/4991/3730 4315/4993/3731 4379/5036/3756 4378/5060/3780
f 4403/5061/3781 4404/5062/3782 4436/5063/3783 4435/5064/3784
f 4395/5040/3760 4396/5042/3762 4428/5065/3785 4427/5066/3786
f 4382/5067/3761 4383/5068/3763 4415/5069/3787 4414/5070/3788
f 4369/5030/3750 4370/5044/3764 4402/5071/3789 4401/5031/3751
f 4396/5072/3762 4365/5073/3688 4397/5074/3790 4428/5075/3785
f 4383/5043/3763 4384/5045/3765 4416/5076/3791 4415/5077/3787
f 4370/5044/3764 4371/5046/3766 4403/5061/3781 4402/5071/3789
f 4384/5045/3765 4385/5047/3767 4417/5078/3792 4416/5076/3791
f 4371/5046/3766 4372/5048/3768 4404/5062/3782 4403/5061/3781
f 4385/5047/3767 4386/5049/3769 4418/5079/3793 4417/5078/3792
f 4372/5048/3768 4373/5050/3770 4405/5080/3794 4404/5062/3782
f 4386/5049/3769 4387/5051/3771 4419/5081/3795 4418/5079/3793
f 4373/5050/3770 4374/5052/3772 4406/5082/3796 4405/5080/3794
f 4387/5051/3771 4388/5053/3773 4420/5083/3797 4419/5081/3795
f 4374/5052/3772 4375/5054/3774 4407/5084/3798 4406/5082/3796
f 4388/5053/3773 4389/5055/3775 4421/5085/3799 4420/5083/3797
f 4375/5054/3774 4376/5056/3776 4408/5086/3800 4407/5084/3798
f 4389/5055/3775 4390/5057/3777 4422/5087/3801 4421/5085/3799
f 4376/5056/3776 4377/5058/3778 4409/5088/3802 4408/5086/3800
f 4390/5057/3777 4391/5059/3779 4423/5089/3803 4422/5087/3801
f 4377/5058/3778 4378/5060/3780 4410/5090/3804 4409/5088/3802
f 4391/5059/3779 4392/5034/3754 4424/5091/3805 4423/5089/3803
f 4378/5060/3780 4379/5036/3756 4411/5092/3806 4410/5090/3804
f 4365/5073/3688 4366/5093/3687 4398/5094/3807 4397/5074/3790
f 4392/5034/3754 4393/5033/3753 4425/5095/3808 4424/5091/3805
f 4379/5036/3756 4380/5035/3755 4412/5096/3809 4411/5092/3806
f 4366/4933/3687 4367/5037/3757 4399/5097/3810 4398/5098/3807
f 4393/5033/3753 4394/5038/3758 4426/5099/3811 4425/5095/3808
f 4380/5100/3755 4381/5101/3759 4413/5102/3812 4412/5103/3809
f 4367/5037/3757 4368/5029/3749 4400/5032/3752 4399/5097/3810
f 4394/5038/3758 4395/5040/3760 4427/5066/3786 4426/5099/3811
f 4381/5101/3759 4382/5067/3761 4414/5070/3788 4413/5102/3812
f 4438/5104/3813 4439/5105/3814 4471/5106/3815 4470/5107/3816
f 4417/5078/3792 4418/5079/3793 4450/5108/3817 4449/5109/3818
f 4404/5110/3782 4405/5111/3794 4437/5112/3819 4436/5113/3783
f 4418/5079/3793 4419/5081/3795 4451/5114/3820 4450/5108/3817
f 4405/5111/3794 4406/5115/3796 4438/5104/3813 4437/5112/3819
f 4419/5081/3795 4420/5083/3797 4452/5116/3821 4451/5114/3820
f 4406/5115/3796 4407/5117/3798 4439/5105/3814 4438/5104/3813
f 4420/5118/3797 4421/5119/3799 4453/5120/3822 4452/5121/3821
f 4407/5084/3798 4408/5086/3800 4440/5122/3823 4439/5123/3814
f 4421/5119/3799 4422/5124/3801 4454/5125/3824 4453/5120/3822
f 4408/5086/3800 4409/5088/3802 4441/5126/3825 4440/5122/3823
f 4422/5124/3801 4423/5127/3803 4455/5128/3826 4454/5125/3824
f 4409/5088/3802 4410/5090/3804 4442/5129/3827 4441/5126/3825
f 4423/5127/3803 4424/5130/3805 4456/5131/3828 4455/5128/3826
f 4410/5090/3804 4411/5092/3806 4443/5132/3829 4442/5129/3827
f 4397/5074/3790 4398/5094/3807 4430/5133/3830 4429/5134/3831
f 4424/5091/3805 4425/5095/3808 4457/5135/3832 4456/5136/3828
f 4411/5137/3806 4412/5103/3809 4444/5138/3833 4443/5139/3829
f 4398/5094/3807 4399/5140/3810 4431/5141/3834 4430/5133/3830
f 4425/5095/3808 4426/5099/3811 4458/5142/3835 4457/5135/3832
f 4412/5103/3809 4413/5102/3812 4445/5143/3836 4444/5138/3833
f 4399/5140/3810 4400/5144/3752 4432/5145/3837 4431/5141/3834
f 4426/5099/3811 4427/5066/3786 4459/5146/3838 4458/5142/3835
f 4413/5102/3812 4414/5070/3788 4446/5147/3839 4445/5143/3836
f 4400/5032/3752 4401/5031/3751 4433/5148/3840 4432/5149/3837
f 4427/5150/3786 4428/5075/3785 4460/5151/3841 4459/5152/3838
f 4414/5070/3788 4415/5069/3787 4447/5153/3842 4446/5147/3839
f 4401/5031/3751 4402/5071/3789 4434/5154/3843 4433/5148/3840
f 4428/5075/3785 4397/5074/3790 4429/5134/3831 4460/5151/3841
f 4415/5069/3787 4416/5155/3791 4448/5156/3844 4447/5153/3842
f 4402/5071/3789 4403/5061/3781 4435/5064/3784 4434/5154/3843
f 4416/5076/3791 4417/5078/3792 4449/5109/3818 4448/5157/3844
f 4473/5158/3845 4474/5159/3846 4506/5160/3847 4505/5161/3848
f 4452/5121/3821 4453/5120/3822 4485/5162/3849 4484/5163/3850
f 4439/5105/3814 4440/5164/3823 4472/5165/3851 4471/5106/3815
f 4453/5120/3822 4454/5125/3824 4486/5166/3852 4485/5162/3849
f 4440/5122/3823 4441/5126/3825 4473/5167/3845 4472/5168/3851
f 4454/5125/3824 4455/5128/3826 4487/5169/3853 4486/5166/3852
f 4441/5126/3825 4442/5129/3827 4474/5170/3846 4473/5167/3845
f 4455/5128/3826 4456/5131/3828 4488/5171/3854 4487/5169/3853
f 4442/5129/3827 4443/5132/3829 4475/5172/3855 4474/5170/3846
f 4429/5134/3831 4430/5133/3830 4462/5173/3856 4461/5174/3857
f 4456/5131/3828 4457/5175/3832 4489/5176/3858 4488/5171/3854
f 4443/5139/3829 4444/5138/3833 4476/5177/3859 4475/5178/3855
f 4430/5133/3830 4431/5141/3834 4463/5179/3860 4462/5173/3856
f 4457/5135/3832 4458/5142/3835 4490/5180/3861 4489/5181/3858
f 4444/5138/3833 4445/5143/3836 4477/5182/3862 4476/5177/3859
f 4431/5141/3834 4432/5145/3837 4464/5183/3863 4463/5179/3860
f 4458/5184/3835 4459/5152/3838 4491/5185/3864 4490/5186/3861
f 4445/5143/3836 4446/5147/3839 4478/5187/3865 4477/5182/3862
f 4432/5149/3837 4433/5148/3840 4465/5188/3866 4464/5189/3863
f 4459/5152/3838 4460/5151/3841 4492/5190/3867 4491/5185/3864
f 4446/5147/3839 4447/5153/3842 4479/5191/3868 4478/5187/3865
f 4433/5148/3840 4434/5154/3843 4466/5192/3869 4465/5188/3866
f 4460/5151/3841 4429/5134/3831 4461/5174/3857 4492/5190/3867
f 4447/5153/3842 4448/5156/3844 4480/5193/3870 4479/5191/3868
f 4434/5154/3843 4435/5064/3784 4467/5194/3871 4466/5192/3869
f 4448/5156/3844 4449/5195/3818 4481/5196/3872 4480/5193/3870
f 4435/5197/3784 4436/5113/3783 4468/5198/3873 4467/5199/3871
f 4449/5109/3818 4450/5108/3817 4482/5200/3874 4481/5201/3872
f 4436/5113/3783 4437/5112/3819 4469/5202/3875 4468/5198/3873
f 4450/5108/3817 4451/5114/3820 4483/5203/3876 4482/5200/3874
f 4437/5112/3819 4438/5104/3813 4470/5107/3816 4469/5202/3875
f 4451/5114/3820 4452/5116/3821 4484/5204/3850 4483/5203/3876
f 4508/5205/3877 4509/5206/3878 4541/5207/3879 4540/5208/3880
f 4487/5169/3853 4488/5171/3854 4520/5209/3881 4519/5210/3882
f 4474/5211/3846 4475/5178/3855 4507/5212/3883 4506/5213/3847
f 4461/5174/3857 4462/5173/3856 4494/5214/3884 4493/5215/3885
f 4488/5171/3854 4489/5176/3858 4521/5216/3886 4520/5209/3881
f 4475/5178/3855 4476/5177/3859 4508/5205/3877 4507/5212/3883
f 4462/5173/3856 4463/5179/3860 4495/5217/3887 4494/5214/3884
f 4489/5176/3858 4490/5218/3861 4522/5219/3888 4521/5216/3886
f 4476/5177/3859 4477/5182/3862 4509/5206/3878 4508/5205/3877
f 4463/5179/3860 4464/5183/3863 4496/5220/3889 4495/5217/3887
f 4490/5186/3861 4491/5185/3864 4523/5221/3890 4522/5222/3888
f 4477/5182/3862 4478/5187/3865 4510/5223/3891 4509/5206/3878
f 4464/5183/3863 4465/5224/3866 4497/5225/3892 4496/5220/3889
f 4491/5185/3864 4492/5190/3867 4524/5226/3893 4523/5221/3890
f 4478/5187/3865 4479/5191/3868 4511/5227/3894 4510/5223/3891
f 4465/5228/3866 4466/5229/3869 4498/5230/3895 4497/5231/3892
f 4492/5190/3867 4461/5174/3857 4493/5215/3885 4524/5226/3893
f 4479/5191/3868 4480/5193/3870 4512/5232/3896 4511/5227/3894
f 4466/5229/3869 4467/5199/3871 4499/5233/3897 4498/5230/3895
f 4480/5193/3870 4481/5196/3872 4513/5234/3898 4512/5232/3896
f 4467/5199/3871 4468/5198/3873 4500/5235/3899 4499/5233/3897
f 4481/5196/3872 4482/5236/3874 4514/5237/3900 4513/5234/3898
f 4468/5198/3873 4469/5202/3875 4501/5238/3901 4500/5235/3899
f 4482/5239/3874 4483/5240/3876 4515/5241/3902 4514/5242/3900
f 4469/5202/3875 4470/5107/3816 4502/5243/3903 4501/5238/3901
f 4483/5240/3876 4484/5163/3850 4516/5244/3904 4515/5241/3902
f 4470/5107/3816 4471/5106/3815 4503/5245/3905 4502/5243/3903
f 4484/5163/3850 4485/5162/3849 4517/5246/3906 4516/5244/3904
f 4471/5106/3815 4472/5165/3851 4504/5247/3907 4503/5245/3905
f 4485/5162/3849 4486/5166/3852 4518/5248/3908 4517/5246/3906
f 4472/5165/3851 4473/5158/3845 4505/5161/3848 4504/5247/3907
f 4486/5166/3852 4487/5169/3853 4519/5210/3882 4518/5248/3908
f 4543/5249/3909 4544/5250/3910 4576/5251/3911 4575/5252/3912
f 4495/5217/3887 4496/5220/3889 4528/5253/3913 4527/5254/3914
f 4522/5222/3888 4523/5221/3890 4555/5255/3915 4554/5256/3916
f 4509/5206/3878 4510/5223/3891 4542/5257/3917 4541/5207/3879
f 4496/5220/3889 4497/5225/3892 4529/5258/3918 4528/5253/3913
f 4523/5221/3890 4524/5226/3893 4556/5259/3919 4555/5255/3915
f 4510/5223/3891 4511/5227/3894 4543/5249/3909 4542/5257/3917
f 4497/5231/3892 4498/5230/3895 4530/5260/3920 4529/5261/3918
f 4524/5226/3893 4493/5215/3885 4525/5262/3921 4556/5259/3919
f 4511/5227/3894 4512/5232/3896 4544/5250/3910 4543/5249/3909
f 4498/5230/3895 4499/5233/3897 4531/5263/3922 4530/5260/3920
f 4512/5232/3896 4513/5234/3898 4545/5264/3923 4544/5250/3910
f 4499/5233/3897 4500/5235/3899 4532/5265/3924 4531/5263/3922
f 4513/5234/3898 4514/5237/3900 4546/5266/3925 4545/5264/3923
f 4500/5235/3899 4501/5238/3901 4533/5267/3926 4532/5265/3924
f 4514/5242/3900 4515/5241/3902 4547/5268/3927 4546/5269/3925
f 4501/5238/3901 4502/5243/3903 4534/5270/3928 4533/5267/3926
f 4515/5241/3902 4516/5244/3904 4548/5271/3929 4547/5268/3927
f 4502/5243/3903 4503/5245/3905 4535/5272/3930 4534/5270/3928
f 4516/5244/3904 4517/5246/3906 4549/5273/3931 4548/5271/3929
f 4503/5245/3905 4504/5247/3907 4536/5274/3932 4535/5272/3930
f 4517/5246/3906 4518/5248/3908 4550/5275/3933 4549/5273/3931
f 4504/5247/3907 4505/5161/3848 4537/5276/3934 4536/5274/3932
f 4518/5248/3908 4519/5210/3882 4551/5277/3935 4550/5275/3933
f 4505/5161/3848 4506/5160/3847 4538/5278/3936 4537/5276/3934
f 4519/5210/3882 4520/5209/3881 4552/5279/3937 4551/5277/3935
f 4506/5213/3847 4507/5212/3883 4539/5280/3938 4538/5281/3936
f 4493/5215/3885 4494/5214/3884 4526/5282/3939 4525/5262/3921
f 4520/5209/3881 4521/5216/3886 4553/5283/3940 4552/5279/3937
f 4507/5212/3883 4508/5205/3877 4540/5208/3880 4539/5280/3938
f 4494/5214/3884 4495/5217/3887 4527/5254/3914 4526/5282/3939
f 4521/5216/3886 4522/5219/3888 4554/5284/3916 4553/5283/3940
f 4578/5285/3941 4579/5286/3942 4611/5287/3943 4610/5288/3944
f 4530/5260/3920 4531/5263/3922 4563/5289/3945 4562/5290/3946
f 4544/5250/3910 4545/5264/3923 4577/5291/3947 4576/5251/3911
f 4531/5263/3922 4532/5265/3924 4564/5292/3948 4563/5289/3945
f 4545/5264/3923 4546/5266/3925 4578/5293/3941 4577/5291/3947
f 4532/5265/3924 4533/5267/3926 4565/5294/3949 4564/5292/3948
f 4546/5269/3925 4547/5268/3927 4579/5286/3942 4578/5285/3941
f 4533/5267/3926 4534/5270/3928 4566/5295/3950 4565/5294/3949
f 4547/5268/3927 4548/5271/3929 4580/5296/3951 4579/5286/3942
f 4534/5270/3928 4535/5272/3930 4567/5297/3952 4566/5295/3950
f 4548/5271/3929 4549/5273/3931 4581/5298/3953 4580/5296/3951
f 4535/5272/3930 4536/5274/3932 4568/5299/3954 4567/5297/3952
f 4549/5273/3931 4550/5275/3933 4582/5300/3955 4581/5298/3953
f 4536/5274/3932 4537/5276/3934 4569/5301/3956 4568/5299/3954
f 4550/5275/3933 4551/5277/3935 4583/5302/3957 4582/5300/3955
f 4537/5276/3934 4538/5278/3936 4570/5303/3958 4569/5301/3956
f 4551/5277/3935 4552/5279/3937 4584/5304/3959 4583/5302/3957
f 4538/5281/3936 4539/5280/3938 4571/5305/3960 4570/5306/3958
f 4525/5262/3921 4526/5282/3939 4558/5307/3961 4557/5308/3962
f 4552/5279/3937 4553/5283/3940 4585/5309/3963 4584/5304/3959
f 4539/5280/3938 4540/5208/3880 4572/5310/3964 4571/5305/3960
f 4526/5282/3939 4527/5254/3914 4559/5311/3965 4558/5307/3961
f 4553/5283/3940 4554/5284/3916 4586/5312/3966 4585/5309/3963
f 4540/5208/3880 4541/5207/3879 4573/5313/3967 4572/5310/3964
f 4527/5254/3914 4528/5253/3913 4560/5314/3968 4559/5311/3965
f 4554/5256/3916 4555/5255/3915 4587/5315/3969 4586/5316/3966
f 4541/5207/3879 4542/5257/3917 4574/5317/3970 4573/5313/3967
f 4528/5253/3913 4529/5258/3918 4561/5318/3971 4560/5314/3968
f 4555/5255/3915 4556/5259/3919 4588/5319/3972 4587/5315/3969
f 4542/5257/3917 4543/5249/3909 4575/5252/3912 4574/5317/3970
f 4529/5261/3918 4530/5260/3920 4562/5290/3946 4561/5320/3971
f 4556/5259/3919 4525/5262/3921 4557/5308/3962 4588/5319/3972
f 4589/5321/3973 4590/5322/3974 4591/5323/3975 4592/5324/3976 4593/5325/3977 4594/5326/3978 4595/5327/3979 4596/5328/3980 4597/5329/3981 4598/5330/3982 4599/5331/3983 4600/5332/3984 4601/5333/3985 4602/5334/3986 4603/5335/3987 4604/5336/3988 4605/5337/3989 4606/5338/3990 4607/5339/3991 4608/5340/3992 4609/5341/3993 4610/5342/3944 4611/5343/3943 4612/5344/3994 4613/5345/3995 4614/5346/3996 4615/5347/3997 4616/5348/3998 4617/5349/3999 4618/5350/4000 4619/5351/4001 4620/5352/4002
f 4565/5294/3949 4566/5295/3950 4598/5353/3982 4597/5354/3981
f 4579/5286/3942 4580/5296/3951 4612/5355/3994 4611/5287/3943
f 4566/5295/3950 4567/5297/3952 4599/5356/3983 4598/5353/3982
f 4580/5296/3951 4581/5298/3953 4613/5357/3995 4612/5355/3994
f 4567/5297/3952 4568/5299/3954 4600/5358/3984 4599/5356/3983
f 4581/5298/3953 4582/5300/3955 4614/5359/3996 4613/5357/3995
f 4568/5299/3954 4569/5301/3956 4601/5360/3985 4600/5358/3984
f 4582/5300/3955 4583/5302/3957 4615/5361/3997 4614/5359/3996
f 4569/5301/3956 4570/5303/3958 4602/5362/3986 4601/5360/3985
f 4583/5302/3957 4584/5304/3959 4616/5363/3998 4615/5361/3997
f 4570/5306/3958 4571/5305/3960 4603/5364/3987 4602/5365/3986
f 4557/5308/3962 4558/5307/3961 4590/5366/3974 4589/5367/3973
f 4584/5304/3959 4585/5309/3963 4617/5368/3999 4616/5363/3998
f 4571/5305/3960 4572/5310/3964 4604/5369/3988 4603/5364/3987
f 4558/5307/3961 4559/5311/3965 4591/5370/3975 4590/5366/3974
f 4585/5309/3963 4586/5312/3966 4618/5371/4000 4617/5368/3999
f 4572/5310/3964 4573/5313/3967 4605/5372/3989 4604/5369/3988
f 4559/5311/3965 4560/5314/3968 4592/5373/3976 4591/5370/3975
f 4586/5316/3966 4587/5315/3969 4619/5374/4001 4618/5375/4000
f 4573/5313/3967 4574/5317/3970 4606/5376/3990 4605/5372/3989
f 4560/5314/3968 4561/5318/3971 4593/5377/3977 4592/5373/3976
f 4587/5315/3969 4588/5319/3972 4620/5378/4002 4619/5374/4001
f 4574/5317/3970 4575/5252/3912 4607/5379/3991 4606/5376/3990
f 4561/5320/3971 4562/5290/3946 4594/5380/3978 4593/5381/3977
f 4588/5319/3972 4557/5308/3962 4589/5367/3973 4620/5378/4002
f 4575/5252/3912 4576/5251/3911 4608/5382/3992 4607/5379/3991
f 4562/5290/3946 4563/5289/3945 4595/5383/3979 4594/5380/3978
f 4576/5251/3911 4577/5291/3947 4609/5384/3993 4608/5382/3992
f 4563/5289/3945 4564/5292/3948 4596/5385/3980 4595/5383/3979
f 4577/5291/3947 4578/5293/3941 4610/5386/3944 4609/5384/3993
f 4564/5292/3948 4565/5294/3949 4597/5354/3981 4596/5385/3980
f 4625/5387/4003 4624/5388/4004 4632/5389/4005 4633/5390/4006
f 4626/5391/4007 4625/5387/4003 4633/5390/4006 4634/5392/4008
f 4627/5393/4009 4626/5391/4007 4634/5392/4008 4635/5394/4010
f 4909/5395/4011 4627/5393/4009 4635/5394/4010 4636/5396/4012
f 4621/5397/4013 4809/5398/4014 4629/5399/4015
f 4628/5400/4016 4909/5395/4011 4636/5396/4012 4637/5401/4017
f 4622/5402/4018 4621/5397/4013 4629/5399/4015 4630/5403/4019
f 4623/5404/4020 4622/5402/4018 4630/5403/4019 4631/5405/4021
f 4624/5388/4004 4623/5406/4020 4631/5407/4021 4632/5389/4005
f 4631/5405/4021 4630/5403/4019 4639/5408/4022 4640/5409/4023
f 4632/5389/4005 4631/5407/4021 4640/5410/4023 4641/5411/4024
f 4633/5390/4006 4632/5389/4005 4641/5411/4024 4642/5412/4025
f 4634/5392/4008 4633/5390/4006 4642/5412/4025 4643/5413/4026
f 4635/5394/4010 4634/5392/4008 4643/5413/4026 4644/5414/4027
f 4636/5396/4012 4635/5394/4010 4644/5414/4027 4645/5415/4028
f 4629/5399/4015 4809/5398/4014 4638/5416/4029
f 4637/5401/4017 4636/5396/4012 4645/5415/4028 4646/5417/4030
f 4630/5403/4019 4629/5399/4015 4638/5416/4029 4639/5408/4022
f 4642/5412/4025 4641/5411/4024 4650/5418/4031 4651/5419/4032
f 4643/5413/4026 4642/5412/4025 4651/5419/4032 4652/5420/4033
f 4644/5414/4027 4643/5413/4026 4652/5420/4033 4653/5421/4034
f 4645/5415/4028 4644/5414/4027 4653/5421/4034 4654/5422/4035
f 4638/5416/4029 4809/5398/4014 4647/5423/4036
f 4646/5417/4030 4645/5415/4028 4654/5422/4035 4655/5424/4037
f 4639/5408/4022 4638/5416/4029 4647/5423/4036 4648/5425/4038
f 4640/5409/4023 4639/5408/4022 4648/5425/4038 4649/5426/4039
f 4641/5411/4024 4640/5410/4023 4649/5427/4039 4650/5418/4031
f 4653/5428/4034 4652/5429/4033 4661/5430/4040 4662/5431/4041
f 4654/5432/4035 4653/5428/4034 4662/5431/4041 4663/5433/4042
f 4647/5423/4036 4809/5398/4014 4656/5434/4043
f 4655/5435/4037 4654/5432/4035 4663/5433/4042 4664/5436/4044
f 4648/5425/4038 4647/5423/4036 4656/5434/4043 4657/5437/4045
f 4649/5426/4039 4648/5425/4038 4657/5437/4045 4658/5438/4046
f 4650/5439/4031 4649/5440/4039 4658/5441/4046 4659/5442/4047
f 4651/5443/4032 4650/5439/4031 4659/5442/4047 4660/5444/4048
f 4652/5429/4033 4651/5443/4032 4660/5444/4048 4661/5430/4040
f 4656/5434/4043 4809/5398/4014 4665/5445/4049
f 4664/5436/4044 4663/5433/4042 4672/5446/4050 4673/5447/4051
f 4657/5437/4045 4656/5434/4043 4665/5445/4049 4666/5448/4052
f 4658/5438/4046 4657/5437/4045 4666/5448/4052 4667/5449/4053
f 4659/5442/4047 4658/5441/4046 4667/5450/4053 4668/5451/4054
f 4660/5444/4048 4659/5442/4047 4668/5451/4054 4669/5452/4055
f 4661/5430/4040 4660/5444/4048 4669/5452/4055 4670/5453/4056
f 4662/5431/4041 4661/5430/4040 4670/5453/4056 4671/5454/4057
f 4663/5433/4042 4662/5431/4041 4671/5454/4057 4672/5446/4050
f 4667/5449/4053 4666/5448/4052 4675/5455/4058 4676/5456/4059
f 4668/5451/4054 4667/5450/4053 4676/5457/4059 4677/5458/4060
f 4669/5452/4055 4668/5451/4054 4677/5458/4060 4678/5459/4061
f 4670/5453/4056 4669/5452/4055 4678/5459/4061 4679/5460/4062
f 4671/5454/4057 4670/5453/4056 4679/5460/4062 4680/5461/4063
f 4672/5446/4050 4671/5454/4057 4680/5461/4063 4681/5462/4064
f 4665/5445/4049 4809/5398/4014 4674/5463/4065
f 4673/5447/4051 4672/5446/4050 4681/5462/4064 4682/5464/4066
f 4666/5448/4052 4665/5445/4049 4674/5463/4065 4675/5455/4058
f 4678/5459/4061 4677/5458/4060 4686/5465/4067 4687/5466/4068
f 4679/5460/4062 4678/5459/4061 4687/5466/4068 4688/5467/4069
f 4680/5461/4063 4679/5460/4062 4688/5467/4069 4689/5468/4070
f 4681/5462/4064 4680/5461/4063 4689/5468/4070 4690/5469/4071
f 4674/5463/4065 4809/5398/4014 4683/5470/4072
f 4682/5464/4066 4681/5462/4064 4690/5469/4071 4691/5471/4073
f 4675/5455/4058 4674/5463/4065 4683/5470/4072 4684/5472/4074
f 4676/5456/4059 4675/5455/4058 4684/5472/4074 4685/5473/4075
f 4677/5458/4060 4676/5457/4059 4685/5474/4075 4686/5465/4067
f 4689/5468/4070 4688/5467/4069 4697/5475/4076 4698/5476/4077
f 4690/5469/4071 4689/5468/4070 4698/5476/4077 4699/5477/4078
f 4683/5470/4072 4809/5398/4014 4692/5478/4079
f 4691/5471/4073 4690/5469/4071 4699/5477/4078 4700/5479/4080
f 4684/5472/4074 4683/5470/4072 4692/5478/4079 4693/5480/4081
f 4685/5473/4075 4684/5472/4074 4693/5480/4081 4694/5481/4082
f 4686/5465/4067 4685/5474/4075 4694/5482/4082 4695/5483/4083
f 4687/5466/4068 4686/5465/4067 4695/5483/4083 4696/5484/4084
f 4688/5467/4069 4687/5466/4068 4696/5484/4084 4697/5475/4076
f 4700/5479/4080 4699/5477/4078 4708/5485/4085 4709/5486/4086
f 4693/5480/4081 4692/5478/4079 4701/5487/4087 4702/5488/4088
f 4694/5481/4082 4693/5480/4081 4702/5488/4088 4703/5489/4089
f 4695/5483/4083 4694/5482/4082 4703/5490/4089 4704/5491/4090
f 4696/5484/4084 4695/5483/4083 4704/5491/4090 4705/5492/4091
f 4697/5475/4076 4696/5484/4084 4705/5492/4091 4706/5493/4092
f 4698/5476/4077 4697/5475/4076 4706/5493/4092 4707/5494/4093
f 4699/5477/4078 4698/5476/4077 4707/5494/4093 4708/5485/4085
f 4692/5478/4079 4809/5398/4014 4701/5487/4087
f 4704/5491/4090 4703/5490/4089 4712/5495/4094 4713/5496/4095
f 4705/5492/4091 4704/5491/4090 4713/5496/4095 4714/5497/4096
f 4706/5493/4092 4705/5492/4091 4714/5497/4096 4715/5498/4097
f 4707/5494/4093 4706/5493/4092 4715/5498/4097 4716/5499/4098
f 4708/5485/4085 4707/5494/4093 4716/5499/4098 4717/5500/4099
f 4701/5487/4087 4809/5398/4014 4710/5501/4100
f 4709/5486/4086 4708/5485/4085 4717/5500/4099 4718/5502/4101
f 4702/5488/4088 4701/5487/4087 4710/5501/4100 4711/5503/4102
f 4703/5489/4089 4702/5488/4088 4711/5503/4102 4712/5504/4094
f 4715/5498/4097 4714/5497/4096 4723/5505/4103 4724/5506/4104
f 4716/5499/4098 4715/5498/4097 4724/5506/4104 4725/5507/4105
f 4717/5500/4099 4716/5499/4098 4725/5507/4105 4726/5508/4106
f 4710/5501/4100 4809/5398/4014 4719/5509/4107
f 4718/5502/4101 4717/5500/4099 4726/5508/4106 4727/5510/4108
f 4711/5503/4102 4710/5501/4100 4719/5509/4107 4720/5511/4109
f 4712/5504/4094 4711/5503/4102 4720/5511/4109 4721/5512/4110
f 4713/5496/4095 4712/5495/4094 4721/5513/4110 4722/5514/4111
f 4714/5497/4096 4713/5496/4095 4722/5514/4111 4723/5505/4103
f 4726/5515/4106 4725/5516/4105 4734/5517/4112 4735/5518/4113
f 4719/5509/4107 4809/5398/4014 4728/5519/4114
f 4727/5520/4108 4726/5515/4106 4735/5518/4113 4736/5521/4115
f 4720/5511/4109 4719/5509/4107 4728/5519/4114 4729/5522/4116
f 4721/5512/4110 4720/5511/4109 4729/5522/4116 4730/5523/4117
f 4722/5524/4111 4721/5525/4110 4730/5526/4117 4731/5527/4118
f 4723/5528/4103 4722/5524/4111 4731/5527/4118 4732/5529/4119
f 4724/5530/4104 4723/5528/4103 4732/5529/4119 4733/5531/4120
f 4725/5516/4105 4724/5530/4104 4733/5531/4120 4734/5517/4112
f 4729/5522/4116 4728/5519/4114 4737/5532/4121 4738/5533/4122
f 4730/5523/4117 4729/5522/4116 4738/5533/4122 4739/5534/4123
f 4731/5527/4118 4730/5526/4117 4739/5535/4123 4740/5536/4124
f 4732/5529/4119 4731/5527/4118 4740/5536/4124 4741/5537/4125
f 4733/5531/4120 4732/5529/4119 4741/5537/4125 4742/5538/4126
f 4734/5517/4112 4733/5531/4120 4742/5538/4126 4743/5539/4127
f 4735/5518/4113 4734/5517/4112 4743/5539/4127 4744/5540/4128
f 4728/5519/4114 4809/5398/4014 4737/5532/4121
f 4736/5521/4115 4735/5518/4113 4744/5540/4128 4745/5541/4129
f 4740/5536/4124 4739/5535/4123 4748/5542/4130 4749/5543/4131
f 4741/5537/4125 4740/5536/4124 4749/5543/4131 4750/5544/4132
f 4742/5538/4126 4741/5537/4125 4750/5544/4132 4751/5545/4133
f 4743/5539/4127 4742/5538/4126 4751/5545/4133 4752/5546/4134
f 4744/5540/4128 4743/5539/4127 4752/5546/4134 4753/5547/4135
f 4737/5532/4121 4809/5398/4014 4746/5548/4136
f 4745/5541/4129 4744/5540/4128 4753/5547/4135 4754/5549/4137
f 4738/5533/4122 4737/5532/4121 4746/5548/4136 4747/5550/4138
f 4739/5534/4123 4738/5533/4122 4747/5550/4138 4748/5551/4130
f 4751/5545/4133 4750/5544/4132 4759/5552/4139 4760/5553/4140
f 4752/5546/4134 4751/5545/4133 4760/5553/4140 4761/5554/4141
f 4753/5547/4135 4752/5546/4134 4761/5554/4141 4762/5555/4142
f 4746/5548/4136 4809/5398/4014 4755/5556/4143
f 4754/5549/4137 4753/5547/4135 4762/5555/4142 4763/5557/4144
f 4747/5550/4138 4746/5548/4136 4755/5556/4143 4756/5558/4145
f 4748/5551/4130 4747/5550/4138 4756/5558/4145 4757/5559/4146
f 4749/5543/4131 4748/5542/4130 4757/5560/4146 4758/5561/4147
f 4750/5544/4132 4749/5543/4131 4758/5561/4147 4759/5552/4139
f 4762/5555/4142 4761/5554/4141 4770/5562/4148 4771/5563/4149
f 4755/5556/4143 4809/5398/4014 4764/5564/4150
f 4763/5557/4144 4762/5555/4142 4771/5563/4149 4772/5565/4151
f 4756/5558/4145 4755/5556/4143 4764/5564/4150 4765/5566/4152
f 4757/5559/4146 4756/5558/4145 4765/5566/4152 4766/5567/4153
f 4758/5561/4147 4757/5560/4146 4766/5568/4153 4767/5569/4154
f 4759/5552/4139 4758/5561/4147 4767/5569/4154 4768/5570/4155
f 4760/5553/4140 4759/5552/4139 4768/5570/4155 4769/5571/4156
f 4761/5554/4141 4760/5553/4140 4769/5571/4156 4770/5562/4148
f 4766/5567/4153 4765/5566/4152 4774/5572/4157 4775/5573/4158
f 4767/5569/4154 4766/5568/4153 4775/5574/4158 4776/5575/4159
f 4768/5570/4155 4767/5569/4154 4776/5575/4159 4777/5576/4160
f 4769/5571/4156 4768/5570/4155 4777/5576/4160 4778/5577/4161
f 4770/5562/4148 4769/5571/4156 4778/5577/4161 4779/5578/4162
f 4771/5563/4149 4770/5562/4148 4779/5578/4162 4780/5579/4163
f 4764/5564/4150 4809/5398/4014 4773/5580/4164
f 4772/5565/4151 4771/5563/4149 4780/5579/4163 4781/5581/4165
f 4765/5566/4152 4764/5564/4150 4773/5580/4164 4774/5572/4157
f 4777/5576/4160 4776/5575/4159 4785/5582/4166 4786/5583/4167
f 4778/5577/4161 4777/5576/4160 4786/5583/4167 4787/5584/4168
f 4779/5578/4162 4778/5577/4161 4787/5584/4168 4788/5585/4169
f 4780/5579/4163 4779/5578/4162 4788/5585/4169 4789/5586/4170
f 4773/5580/4164 4809/5398/4014 4782/5587/4171
f 4781/5581/4165 4780/5579/4163 4789/5586/4170 4790/5588/4172
f 4774/5572/4157 4773/5580/4164 4782/5587/4171 4783/5589/4173
f 4775/5573/4158 4774/5572/4157 4783/5589/4173 4784/5590/4174
f 4776/5575/4159 4775/5574/4158 4784/5591/4174 4785/5582/4166
f 4788/5585/4169 4787/5584/4168 4796/5592/4175 4797/5593/4176
f 4789/5586/4170 4788/5585/4169 4797/5593/4176 4798/5594/4177
f 4782/5587/4171 4809/5398/4014 4791/5595/4178
f 4790/5588/4172 4789/5586/4170 4798/5594/4177 4799/5596/4179
f 4783/5589/4173 4782/5587/4171 4791/5595/4178 4792/5597/4180
f 4784/5590/4174 4783/5589/4173 4792/5597/4180 4793/5598/4181
f 4785/5582/4166 4784/5591/4174 4793/5599/4181 4794/5600/4182
f 4786/5583/4167 4785/5582/4166 4794/5600/4182 4795/5601/4183
f 4787/5584/4168 4786/5583/4167 4795/5601/4183 4796/5592/4175
f 4799/5602/4179 4798/5603/4177 4807/5604/4184 4808/5605/4185
f 4792/5597/4180 4791/5595/4178 4800/5606/4186 4801/5607/4187
f 4793/5598/4181 4792/5597/4180 4801/5607/4187 4802/5608/4188
f 4794/5609/4182 4793/5610/4181 4802/5611/4188 4803/5612/4189
f 4795/5613/4183 4794/5609/4182 4803/5612/4189 4804/5614/4190
f 4796/5615/4175 4795/5613/4183 4804/5614/4190 4805/5616/4191
f 4797/5617/4176 4796/5615/4175 4805/5616/4191 4806/5618/4192
f 4798/5603/4177 4797/5617/4176 4806/5618/4192 4807/5604/4184
f 4791/5595/4178 4809/5398/4014 4800/5606/4186
f 4803/5612/4189 4802/5611/4188 4812/5619/4193 4813/5620/4194
f 4804/5614/4190 4803/5612/4189 4813/5620/4194 4814/5621/4195
f 4805/5616/4191 4804/5614/4190 4814/5621/4195 4815/5622/4196
f 4806/5618/4192 4805/5616/4191 4815/5622/4196 4816/5623/4197
f 4807/5604/4184 4806/5618/4192 4816/5623/4197 4817/5624/4198
f 4800/5606/4186 4809/5398/4014 4810/5625/4199
f 4808/5605/4185 4807/5604/4184 4817/5624/4198 4818/5626/4200
f 4801/5607/4187 4800/5606/4186 4810/5625/4199 4811/5627/4201
f 4802/5608/4188 4801/5607/4187 4811/5627/4201 4812/5628/4193
f 4815/5622/4196 4814/5621/4195 4823/5629/4202 4824/5630/4203
f 4816/5623/4197 4815/5622/4196 4824/5630/4203 4825/5631/4204
f 4817/5624/4198 4816/5623/4197 4825/5631/4204 4826/5632/4205
f 4810/5625/4199 4809/5398/4014 4819/5633/4206
f 4818/5626/4200 4817/5624/4198 4826/5632/4205 4827/5634/4207
f 4811/5627/4201 4810/5625/4199 4819/5633/4206 4820/5635/4208
f 4812/5628/4193 4811/5627/4201 4820/5635/4208 4821/5636/4209
f 4813/5620/4194 4812/5619/4193 4821/5637/4209 4822/5638/4210
f 4814/5621/4195 4813/5620/4194 4822/5638/4210 4823/5629/4202
f 4826/5632/4205 4825/5631/4204 4834/5639/4211 4835/5640/4212
f 4819/5633/4206 4809/5398/4014 4828/5641/4213
f 4827/5634/4207 4826/5632/4205 4835/5640/4212 4836/5642/4214
f 4820/5635/4208 4819/5633/4206 4828/5641/4213 4829/5643/4215
f 4821/5636/4209 4820/5635/4208 4829/5643/4215 4830/5644/4216
f 4822/5638/4210 4821/5637/4209 4830/5645/4216 4831/5646/4217
f 4823/5629/4202 4822/5638/4210 4831/5646/4217 4832/5647/4218
f 4824/5630/4203 4823/5629/4202 4832/5647/4218 4833/5648/4219
f 4825/5631/4204 4824/5630/4203 4833/5648/4219 4834/5639/4211
f 4829/5643/4215 4828/5641/4213 4837/5649/4220 4838/5650/4221
f 4830/5644/4216 4829/5643/4215 4838/5650/4221 4839/5651/4222
f 4831/5646/4217 4830/5645/4216 4839/5652/4222 4840/5653/4223
f 4832/5647/4218 4831/5646/4217 4840/5653/4223 4841/5654/4224
f 4833/5648/4219 4832/5647/4218 4841/5654/4224 4842/5655/4225
f 4834/5639/4211 4833/5648/4219 4842/5655/4225 4843/5656/4226
f 4835/5640/4212 4834/5639/4211 4843/5656/4226 4844/5657/4227
f 4828/5641/4213 4809/5398/4014 4837/5649/4220
f 4836/5642/4214 4835/5640/4212 4844/5657/4227 4845/5658/4228
f 4840/5653/4223 4839/5652/4222 4848/5659/4229 4849/5660/4230
f 4841/5654/4224 4840/5653/4223 4849/5660/4230 4850/5661/4231
f 4842/5655/4225 4841/5654/4224 4850/5661/4231 4851/5662/4232
f 4843/5656/4226 4842/5655/4225 4851/5662/4232 4852/5663/4233
f 4844/5657/4227 4843/5656/4226 4852/5663/4233 4853/5664/4234
f 4837/5649/4220 4809/5398/4014 4846/5665/4235
f 4845/5658/4228 4844/5657/4227 4853/5664/4234 4854/5666/4236
f 4838/5650/4221 4837/5649/4220 4846/5665/4235 4847/5667/4237
f 4839/5651/4222 4838/5650/4221 4847/5667/4237 4848/5668/4229
f 4851/5662/4232 4850/5661/4231 4859/5669/4238 4860/5670/4239
f 4852/5663/4233 4851/5662/4232 4860/5670/4239 4861/5671/4240
f 4853/5664/4234 4852/5663/4233 4861/5671/4240 4862/5672/4241
f 4846/5665/4235 4809/5398/4014 4855/5673/4242
f 4854/5666/4236 4853/5664/4234 4862/5672/4241 4863/5674/4243
f 4847/5667/4237 4846/5665/4235 4855/5673/4242 4856/5675/4244
f 4848/5668/4229 4847/5667/4237 4856/5675/4244 4857/5676/4245
f 4849/5660/4230 4848/5659/4229 4857/5677/4245 4858/5678/4246
f 4850/5661/4231 4849/5660/4230 4858/5678/4246 4859/5669/4238
f 4862/5672/4241 4861/5671/4240 4870/5679/4247 4871/5680/4248
f 4855/5673/4242 4809/5398/4014 4864/5681/4249
f 4863/5674/4243 4862/5672/4241 4871/5680/4248 4872/5682/4250
f 4856/5675/4244 4855/5673/4242 4864/5681/4249 4865/5683/4251
f 4857/5676/4245 4856/5675/4244 4865/5683/4251 4866/5684/4252
f 4858/5678/4246 4857/5677/4245 4866/5685/4252 4867/5686/4253
f 4859/5669/4238 4858/5678/4246 4867/5686/4253 4868/5687/4254
f 4860/5670/4239 4859/5669/4238 4868/5687/4254 4869/5688/4255
f 4861/5671/4240 4860/5670/4239 4869/5688/4255 4870/5679/4247
f 4866/5684/4252 4865/5683/4251 4874/5689/4256 4875/5690/4257
f 4867/5686/4253 4866/5685/4252 4875/5691/4257 4876/5692/4258
f 4868/5687/4254 4867/5686/4253 4876/5692/4258 4877/5693/4259
f 4869/5688/4255 4868/5687/4254 4877/5693/4259 4878/5694/4260
f 4870/5679/4247 4869/5688/4255 4878/5694/4260 4879/5695/4261
f 4871/5680/4248 4870/5679/4247 4879/5695/4261 4880/5696/4262
f 4864/5681/4249 4809/5398/4014 4873/5697/4263
f 4872/5682/4250 4871/5680/4248 4880/5696/4262 4881/5698/4264
f 4865/5683/4251 4864/5681/4249 4873/5697/4263 4874/5689/4256
f 4877/5699/4259 4876/5700/4258 4885/5701/4265 4886/5702/4266
f 4878/5703/4260 4877/5699/4259 4886/5702/4266 4887/5704/4267
f 4879/5705/4261 4878/5703/4260 4887/5704/4267 4888/5706/4268
f 4880/5707/4262 4879/5705/4261 4888/5706/4268 4889/5708/4269
f 4873/5697/4263 4809/5398/4014 4882/5709/4270
f 4881/5710/4264 4880/5707/4262 4889/5708/4269 4890/5711/4271
f 4874/5689/4256 4873/5697/4263 4882/5709/4270 4883/5712/4272
f 4875/5690/4257 4874/5689/4256 4883/5712/4272 4884/5713/4273
f 4876/5700/4258 4875/5714/4257 4884/5715/4273 4885/5701/4265
f 4888/5706/4268 4887/5704/4267 4896/5716/4274 4897/5717/4275
f 4889/5708/4269 4888/5706/4268 4897/5717/4275 4898/5718/4276
f 4882/5709/4270 4809/5398/4014 4891/5719/4277
f 4890/5711/4271 4889/5708/4269 4898/5718/4276 4899/5720/4278
f 4883/5712/4272 4882/5709/4270 4891/5719/4277 4892/5721/4279
f 4884/5713/4273 4883/5712/4272 4892/5721/4279 4893/5722/4280
f 4885/5701/4265 4884/5715/4273 4893/5723/4280 4894/5724/4281
f 4886/5702/4266 4885/5701/4265 4894/5724/4281 4895/5725/4282
f 4887/5704/4267 4886/5702/4266 4895/5725/4282 4896/5716/4274
f 4891/5719/4277 4809/5398/4014 4900/5726/4283
f 4899/5720/4278 4898/5718/4276 4907/5727/4284 4908/5728/4285
f 4892/5721/4279 4891/5719/4277 4900/5726/4283 4901/5729/4286
f 4893/5722/4280 4892/5721/4279 4901/5729/4286 4902/5730/4287
f 4894/5724/4281 4893/5723/4280 4902/5731/4287 4903/5732/4288
f 4895/5725/4282 4894/5724/4281 4903/5732/4288 4904/5733/4289
f 4896/5716/4274 4895/5725/4282 4904/5733/4289 4905/5734/4290
f 4897/5717/4275 4896/5716/4274 4905/5734/4290 4906/5735/4291
f 4898/5718/4276 4897/5717/4275 4906/5735/4291 4907/5727/4284
f 4902/5730/4287 4901/5729/4286 4622/5402/4018 4623/5404/4020
f 4903/5732/4288 4902/5731/4287 4623/5406/4020 4624/5388/4004
f 4904/5733/4289 4903/5732/4288 4624/5388/4004 4625/5387/4003
f 4905/5734/4290 4904/5733/4289 4625/5387/4003 4626/5391/4007
f 4906/5735/4291 4905/5734/4290 4626/5391/4007 4627/5393/4009
f 4907/5727/4284 4906/5735/4291 4627/5393/4009 4909/5395/4011
f 4900/5726/4283 4809/5398/4014 4621/5397/4013
f 4908/5728/4285 4907/5727/4284 4909/5395/4011 4628/5400/4016
f 4901/5729/4286 4900/5726/4283 4621/5397/4013 4622/5402/4018
o Emergency.Button
v -0.217448 1.610217 -0.008816
v -0.217559 1.610383 -0.009883
v -0.217740 1.610537 -0.010877
v -0.217985 1.610675 -0.011763
v -0.218285 1.610791 -0.012511
v -0.218630 1.610882 -0.013095
v -0.219008 1.610944 -0.013496
v -0.223977 1.610976 -0.013700
v -0.225099 1.610791 -0.012511
v -0.217448 1.563214 -0.011443
v -0.217559 1.563169 -0.012523
v -0.217740 1.563126 -0.013528
v -0.217985 1.563088 -0.014423
v -0.218285 1.563056 -0.015179
v -0.218630 1.563031 -0.015770
v -0.219008 1.563014 -0.016176
v -0.219407 1.563005 -0.016382
v -0.223977 1.563005 -0.016382
v -0.224376 1.563014 -0.016176
v -0.224754 1.563031 -0.015770
v -0.225099 1.563056 -0.015179
v -0.225399 1.563088 -0.014423
v -0.225644 1.563126 -0.013528
v -0.225825 1.563169 -0.012523
v -0.225936 1.563214 -0.011443
v -0.217448 1.562997 -0.011413
v -0.217559 1.562742 -0.012463
v -0.217740 1.562504 -0.013440
v -0.217985 1.562292 -0.014311
v -0.218285 1.562113 -0.015046
v -0.218630 1.561973 -0.015621
v -0.219008 1.561877 -0.016015
v -0.219407 1.561829 -0.016215
v -0.223977 1.561829 -0.016215
v -0.224376 1.561877 -0.016015
v -0.224754 1.561973 -0.015621
v -0.225099 1.562113 -0.015046
v -0.225399 1.562292 -0.014311
v -0.225644 1.562504 -0.013440
v -0.225825 1.562742 -0.012463
v -0.225936 1.562997 -0.011413
v -0.217448 1.562790 -0.011340
v -0.217559 1.562335 -0.012320
v -0.217740 1.561911 -0.013232
v -0.217985 1.561533 -0.014045
v -0.218285 1.561214 -0.014731
v -0.218630 1.560965 -0.015268
v -0.219008 1.560794 -0.015636
v -0.219407 1.560707 -0.015823
v -0.223977 1.560707 -0.015823
v -0.224376 1.560794 -0.015636
v -0.224754 1.560965 -0.015268
v -0.225099 1.561214 -0.014731
v -0.225399 1.561533 -0.014045
v -0.225644 1.561911 -0.013232
v -0.225825 1.562335 -0.012320
v -0.225936 1.562790 -0.011340
v -0.217448 1.562601 -0.011229
v -0.217559 1.561964 -0.012101
v -0.217740 1.561370 -0.012913
v -0.217985 1.560841 -0.013636
v -0.218285 1.560394 -0.014247
v -0.218630 1.560045 -0.014725
v -0.219008 1.559806 -0.015052
v -0.219407 1.559684 -0.015219
v -0.223977 1.559684 -0.015219
v -0.224376 1.559806 -0.015052
v -0.224754 1.560045 -0.014725
v -0.225099 1.560394 -0.014247
v -0.225399 1.560841 -0.013636
v -0.225644 1.561370 -0.012913
v -0.225825 1.561964 -0.012101
v -0.225936 1.562601 -0.011229
v -0.217448 1.562438 -0.011083
v -0.217559 1.561642 -0.011814
v -0.217740 1.560902 -0.012494
v -0.217985 1.560242 -0.013100
v -0.218285 1.559684 -0.013612
v -0.218630 1.559249 -0.014013
v -0.219008 1.558950 -0.014287
v -0.219407 1.558798 -0.014427
v -0.223977 1.558798 -0.014427
v -0.224376 1.558950 -0.014287
v -0.224754 1.559249 -0.014013
v -0.225099 1.559684 -0.013612
v -0.225399 1.560242 -0.013100
v -0.225644 1.560902 -0.012494
v -0.225825 1.561642 -0.011814
v -0.225936 1.562438 -0.011083
v -0.217448 1.562306 -0.010907
v -0.217559 1.561383 -0.011469
v -0.217740 1.560524 -0.011992
v -0.217985 1.559758 -0.012458
v -0.218285 1.559112 -0.012851
v -0.218630 1.558607 -0.013159
v -0.219008 1.558260 -0.013370
v -0.219407 1.558084 -0.013477
v -0.223977 1.558084 -0.013477
v -0.224376 1.558260 -0.013370
v -0.224754 1.558607 -0.013159
v -0.225099 1.559112 -0.012851
v -0.225399 1.559758 -0.012458
v -0.225644 1.560524 -0.011992
v -0.225825 1.561383 -0.011469
v -0.225936 1.562306 -0.010907
v -0.217448 1.562211 -0.010710
v -0.217559 1.561196 -0.011081
v -0.217740 1.560252 -0.011426
v -0.217985 1.559410 -0.011734
v -0.218285 1.558699 -0.011993
v -0.218630 1.558143 -0.012196
v -0.219008 1.557762 -0.012336
v -0.219407 1.557568 -0.012406
v -0.223977 1.557568 -0.012406
v -0.224376 1.557762 -0.012336
v -0.224754 1.558143 -0.012196
v -0.225099 1.558699 -0.011993
v -0.225399 1.559410 -0.011734
v -0.225644 1.560252 -0.011426
v -0.225825 1.561196 -0.011081
v -0.225936 1.562211 -0.010710
v -0.217448 1.562156 -0.010497
v -0.217559 1.561089 -0.010663
v -0.217740 1.560095 -0.010817
v -0.217985 1.559209 -0.010955
v -0.218285 1.558461 -0.011071
v -0.218630 1.557877 -0.011162
v -0.219008 1.557476 -0.011224
v -0.219407 1.557272 -0.011256
v -0.223977 1.557272 -0.011256
v -0.224376 1.557476 -0.011224
v -0.224754 1.557877 -0.011162
v -0.225099 1.558461 -0.011071
v -0.225399 1.559209 -0.010955
v -0.225644 1.560095 -0.010817
v -0.225825 1.561089 -0.010663
v -0.225936 1.562156 -0.010497
v -0.217448 1.559528 0.036505
v -0.217559 1.558449 0.036551
v -0.217740 1.557444 0.036593
v -0.217985 1.556549 0.036631
v -0.218285 1.555793 0.036663
v -0.218630 1.555202 0.036688
v -0.219008 1.554796 0.036705
v -0.219407 1.554590 0.036714
v -0.223977 1.554590 0.036714
v -0.224376 1.554796 0.036705
v -0.224754 1.555202 0.036688
v -0.225099 1.555793 0.036663
v -0.225399 1.556549 0.036631
v -0.225644 1.557444 0.036593
v -0.225825 1.558449 0.036551
v -0.225936 1.559528 0.036505
v -0.217448 1.559559 0.036722
v -0.217559 1.558509 0.036977
v -0.217740 1.557532 0.037215
v -0.217985 1.556661 0.037427
v -0.218285 1.555926 0.037606
v -0.218630 1.555351 0.037746
v -0.219008 1.554957 0.037842
v -0.219407 1.554756 0.037890
v -0.223977 1.554756 0.037890
v -0.224376 1.554957 0.037842
v -0.224754 1.555351 0.037746
v -0.225099 1.555926 0.037606
v -0.225399 1.556661 0.037427
v -0.225644 1.557532 0.037215
v -0.225825 1.558509 0.036977
v -0.225936 1.559559 0.036722
v -0.217448 1.559632 0.036929
v -0.217559 1.558652 0.037384
v -0.217740 1.557740 0.037808
v -0.217985 1.556927 0.038186
v -0.218285 1.556241 0.038505
v -0.218630 1.555704 0.038754
v -0.219008 1.555336 0.038925
v -0.219407 1.555149 0.039012
v -0.223977 1.555149 0.039012
v -0.224376 1.555336 0.038925
v -0.224754 1.555704 0.038754
v -0.225099 1.556241 0.038505
v -0.225399 1.556927 0.038186
v -0.225644 1.557740 0.037808
v -0.225825 1.558652 0.037384
v -0.225936 1.559632 0.036929
v -0.217448 1.559743 0.037118
v -0.217559 1.558871 0.037755
v -0.217740 1.558059 0.038349
v -0.217985 1.557336 0.038878
v -0.218285 1.556725 0.039325
v -0.218630 1.556247 0.039674
v -0.219008 1.555920 0.039913
v -0.219407 1.555753 0.040035
v -0.223977 1.555753 0.040035
v -0.224376 1.555920 0.039913
v -0.224754 1.556247 0.039674
v -0.225099 1.556725 0.039325
v -0.225399 1.557336 0.038878
v -0.225644 1.558059 0.038349
v -0.225825 1.558871 0.037755
v -0.225936 1.559743 0.037118
v -0.217448 1.559889 0.037281
v -0.217559 1.559158 0.038077
v -0.217740 1.558478 0.038817
v -0.217985 1.557871 0.039477
v -0.218285 1.557359 0.040035
v -0.218630 1.556959 0.040470
v -0.219008 1.556685 0.040769
v -0.219407 1.556545 0.040921
v -0.223977 1.556545 0.040921
v -0.224376 1.556685 0.040769
v -0.224754 1.556959 0.040470
v -0.225099 1.557359 0.040035
v -0.225399 1.557871 0.039477
v -0.225644 1.558478 0.038817
v -0.225825 1.559158 0.038077
v -0.225936 1.559889 0.037281
v -0.217448 1.560065 0.037413
v -0.217559 1.559503 0.038336
v -0.217740 1.558980 0.039195
v -0.217985 1.558514 0.039961
v -0.218285 1.558120 0.040607
v -0.218630 1.557813 0.041112
v -0.219008 1.557602 0.041459
v -0.219407 1.557495 0.041635
v -0.223977 1.557495 0.041635
v -0.224376 1.557602 0.041459
v -0.224754 1.557813 0.041112
v -0.225099 1.558120 0.040607
v -0.225399 1.558514 0.039961
v -0.225644 1.558980 0.039195
v -0.225825 1.559503 0.038336
v -0.225936 1.560065 0.037413
v -0.217448 1.560262 0.037508
v -0.217559 1.559891 0.038523
v -0.217740 1.559546 0.039467
v -0.217985 1.559238 0.040309
v -0.218285 1.558979 0.041020
v -0.218630 1.558776 0.041576
v -0.219008 1.558636 0.041957
v -0.219407 1.558565 0.042151
v -0.223977 1.558565 0.042151
v -0.224376 1.558636 0.041957
v -0.224754 1.558776 0.041576
v -0.225099 1.558979 0.041020
v -0.225399 1.559238 0.040309
v -0.225644 1.559546 0.039467
v -0.225825 1.559891 0.038523
v -0.225936 1.560262 0.037508
v -0.217448 1.560474 0.037563
v -0.217559 1.560309 0.038630
v -0.217740 1.560154 0.039624
v -0.217985 1.560017 0.040510
v -0.218285 1.559901 0.041258
v -0.218630 1.559810 0.041842
v -0.219008 1.559748 0.042243
v -0.219407 1.559716 0.042447
v -0.223977 1.559716 0.042447
v -0.224376 1.559748 0.042243
v -0.224754 1.559810 0.041842
v -0.225099 1.559901 0.041258
v -0.225399 1.560017 0.040510
v -0.225644 1.560154 0.039624
v -0.225825 1.560309 0.038630
v -0.225936 1.560474 0.037563
v -0.217448 1.607477 0.040191
v -0.217559 1.607523 0.041270
v -0.217740 1.607566 0.042275
v -0.217985 1.607604 0.043171
v -0.218285 1.607636 0.043927
v -0.218630 1.607661 0.044517
v -0.219008 1.607678 0.044923
v -0.219407 1.607687 0.045129
v -0.223977 1.607687 0.045129
v -0.224376 1.607678 0.044923
v -0.224754 1.607661 0.044517
v -0.225099 1.607636 0.043927
v -0.225399 1.607604 0.043171
v -0.225644 1.607566 0.042275
v -0.225825 1.607523 0.041270
v -0.225936 1.607477 0.040191
v -0.217448 1.607695 0.040160
v -0.217559 1.607950 0.041210
v -0.217740 1.608188 0.042187
v -0.217985 1.608400 0.043058
v -0.218285 1.608579 0.043793
v -0.218630 1.608718 0.044368
v -0.219008 1.608814 0.044762
v -0.219407 1.608863 0.044963
v -0.223977 1.608863 0.044963
v -0.224376 1.608814 0.044762
v -0.224754 1.608718 0.044368
v -0.225099 1.608579 0.043793
v -0.225399 1.608400 0.043058
v -0.225644 1.608188 0.042187
v -0.225825 1.607950 0.041210
v -0.225936 1.607695 0.040160
v -0.217448 1.607901 0.040087
v -0.217559 1.608357 0.041067
v -0.217740 1.608781 0.041979
v -0.217985 1.609158 0.042792
v -0.218285 1.609477 0.043479
v -0.218630 1.609727 0.044015
v -0.219008 1.609898 0.044383
v -0.219407 1.609985 0.044570
v -0.223977 1.609985 0.044570
v -0.224376 1.609898 0.044383
v -0.224754 1.609727 0.044015
v -0.225099 1.609477 0.043479
v -0.225399 1.609158 0.042792
v -0.225644 1.608781 0.041979
v -0.225825 1.608357 0.041067
v -0.225936 1.607901 0.040087
v -0.217448 1.608090 0.039976
v -0.217559 1.608728 0.040848
v -0.217740 1.609322 0.041660
v -0.217985 1.609851 0.042384
v -0.218285 1.610297 0.042994
v -0.218630 1.610646 0.043472
v -0.219008 1.610886 0.043799
v -0.219407 1.611008 0.043966
v -0.223977 1.611008 0.043966
v -0.224376 1.610886 0.043799
v -0.224754 1.610646 0.043472
v -0.225099 1.610297 0.042994
v -0.225399 1.609851 0.042384
v -0.225644 1.609322 0.041660
v -0.225825 1.608728 0.040848
v -0.225936 1.608090 0.039976
v -0.217448 1.608254 0.039830
v -0.217559 1.609049 0.040561
v -0.217740 1.609790 0.041241
v -0.217985 1.610450 0.041848
v -0.218285 1.611007 0.042360
v -0.218630 1.611443 0.042760
v -0.219008 1.611742 0.043034
v -0.219407 1.611894 0.043174
v -0.223977 1.611894 0.043174
v -0.224376 1.611742 0.043034
v -0.224754 1.611443 0.042760
v -0.225099 1.611007 0.042360
v -0.225399 1.610450 0.041848
v -0.225644 1.609790 0.041241
v -0.225825 1.609049 0.040561
v -0.225936 1.608254 0.039830
v -0.217448 1.608386 0.039655
v -0.217559 1.609309 0.040216
v -0.217740 1.610168 0.040739
v -0.217985 1.610933 0.041205
v -0.218285 1.611580 0.041599
v -0.218630 1.612085 0.041906
v -0.219008 1.612432 0.042117
v -0.219407 1.612608 0.042224
v -0.223977 1.612608 0.042224
v -0.224376 1.612432 0.042117
v -0.224754 1.612085 0.041906
v -0.225099 1.611580 0.041599
v -0.225399 1.610933 0.041205
v -0.225644 1.610168 0.040739
v -0.225825 1.609309 0.040216
v -0.225936 1.608386 0.039655
v -0.217448 1.608481 0.039457
v -0.217559 1.609496 0.039828
v -0.217740 1.610440 0.040173
v -0.217985 1.611282 0.040481
v -0.218285 1.611993 0.040741
v -0.218630 1.612548 0.040944
v -0.219008 1.612929 0.041083
v -0.219407 1.613123 0.041154
v -0.223977 1.613123 0.041154
v -0.224376 1.612929 0.041083
v -0.224754 1.612548 0.040944
v -0.225099 1.611993 0.040741
v -0.225399 1.611282 0.040481
v -0.225644 1.610440 0.040173
v -0.225825 1.609496 0.039828
v -0.225936 1.608481 0.039457
v -0.217448 1.608535 0.039245
v -0.217559 1.609603 0.039410
v -0.217740 1.610597 0.039565
v -0.217985 1.611483 0.039702
v -0.218285 1.612230 0.039818
v -0.218630 1.612815 0.039909
v -0.219008 1.613216 0.039971
v -0.219407 1.613420 0.040003
v -0.223977 1.613420 0.040003
v -0.224376 1.613216 0.039971
v -0.224754 1.612815 0.039909
v -0.225099 1.612230 0.039818
v -0.225399 1.611483 0.039702
v -0.225644 1.610597 0.039565
v -0.225825 1.609603 0.039410
v -0.225936 1.608535 0.039245
v -0.217448 1.611163 -0.007758
v -0.217559 1.612243 -0.007803
v -0.217740 1.613247 -0.007846
v -0.217985 1.614143 -0.007884
v -0.218285 1.614899 -0.007916
v -0.218630 1.615490 -0.007941
v -0.219008 1.615896 -0.007958
v -0.219407 1.616102 -0.007967
v -0.223977 1.616102 -0.007967
v -0.224376 1.615896 -0.007958
v -0.224754 1.615490 -0.007941
v -0.225099 1.614899 -0.007916
v -0.225399 1.614143 -0.007884
v -0.225644 1.613247 -0.007846
v -0.225825 1.612243 -0.007803
v -0.225936 1.611163 -0.007758
v -0.217448 1.611133 -0.007975
v -0.217559 1.612182 -0.008230
v -0.217740 1.613159 -0.008468
v -0.217985 1.614030 -0.008680
v -0.218285 1.614766 -0.008859
v -0.218630 1.615340 -0.008998
v -0.219008 1.615735 -0.009094
v -0.219407 1.615935 -0.009143
v -0.223977 1.615935 -0.009143
v -0.224376 1.615735 -0.009094
v -0.224754 1.615340 -0.008998
v -0.225099 1.614766 -0.008859
v -0.225399 1.614030 -0.008680
v -0.225644 1.613159 -0.008468
v -0.225825 1.612182 -0.008230
v -0.225936 1.611133 -0.007975
v -0.217448 1.611060 -0.008182
v -0.217559 1.612040 -0.008637
v -0.217740 1.612952 -0.009061
v -0.217985 1.613765 -0.009439
v -0.218285 1.614451 -0.009757
v -0.218630 1.614987 -0.010007
v -0.219008 1.615355 -0.010178
v -0.219407 1.615543 -0.010265
v -0.223977 1.615543 -0.010265
v -0.224376 1.615355 -0.010178
v -0.224754 1.614987 -0.010007
v -0.225099 1.614451 -0.009757
v -0.225399 1.613765 -0.009439
v -0.225644 1.612952 -0.009061
v -0.225825 1.612040 -0.008637
v -0.225936 1.611060 -0.008182
v -0.217448 1.610949 -0.008370
v -0.217559 1.611821 -0.009008
v -0.217740 1.612633 -0.009602
v -0.217985 1.613356 -0.010131
v -0.218285 1.613967 -0.010578
v -0.218630 1.614444 -0.010927
v -0.219008 1.614772 -0.011166
v -0.219407 1.614939 -0.011288
v -0.223977 1.614939 -0.011288
v -0.224376 1.614772 -0.011166
v -0.224754 1.614444 -0.010927
v -0.225099 1.613967 -0.010578
v -0.225399 1.613356 -0.010131
v -0.225644 1.612633 -0.009602
v -0.225825 1.611821 -0.009008
v -0.225936 1.610949 -0.008370
v -0.217448 1.610802 -0.008534
v -0.217559 1.611533 -0.009330
v -0.217740 1.612214 -0.010070
v -0.217985 1.612820 -0.010730
v -0.218285 1.613332 -0.011288
v -0.218630 1.613732 -0.011723
v -0.219008 1.614007 -0.012022
v -0.219407 1.614147 -0.012174
v -0.223977 1.614147 -0.012174
v -0.224376 1.614007 -0.012022
v -0.224754 1.613732 -0.011723
v -0.225099 1.613332 -0.011288
v -0.225399 1.612820 -0.010730
v -0.225644 1.612214 -0.010070
v -0.225825 1.611533 -0.009330
v -0.225936 1.610802 -0.008534
v -0.217448 1.610627 -0.008666
v -0.217559 1.611189 -0.009589
v -0.217740 1.611712 -0.010448
v -0.217985 1.612178 -0.011213
v -0.218285 1.612571 -0.011860
v -0.218630 1.612879 -0.012365
v -0.219008 1.613090 -0.012712
v -0.219407 1.613197 -0.012888
v -0.223977 1.613197 -0.012888
v -0.224376 1.613090 -0.012712
v -0.224754 1.612879 -0.012365
v -0.225099 1.612571 -0.011860
v -0.225399 1.612178 -0.011213
v -0.225644 1.611712 -0.010448
v -0.225825 1.611189 -0.009589
v -0.225936 1.610627 -0.008666
v -0.217448 1.610430 -0.008761
v -0.217559 1.610801 -0.009776
v -0.217740 1.611146 -0.010720
v -0.217985 1.611453 -0.011562
v -0.218285 1.611713 -0.012273
v -0.218630 1.611916 -0.012828
v -0.219008 1.612055 -0.013210
v -0.219407 1.612126 -0.013403
v -0.223977 1.612126 -0.013403
v -0.224376 1.612055 -0.013210
v -0.224754 1.611916 -0.012828
v -0.225099 1.611713 -0.012273
v -0.225399 1.611453 -0.011562
v -0.225644 1.611146 -0.010720
v -0.225825 1.610801 -0.009776
v -0.225936 1.610430 -0.008761
v -0.219407 1.610976 -0.013700
v -0.224376 1.610944 -0.013496
v -0.224754 1.610882 -0.013095
v -0.225399 1.610675 -0.011763
v -0.225644 1.610537 -0.010877
v -0.225825 1.610383 -0.009883
v -0.225936 1.610217 -0.008816
vn -0.9748 0.0342 -0.2203
vn -0.9476 0.0490 -0.3156
vn -0.9476 -0.0135 -0.3191
vn -0.9748 -0.0094 -0.2228
vn 0.5992 0.1228 -0.7911
vn 0.7992 0.0922 -0.5940
vn 0.7992 -0.0254 -0.6006
vn 0.5992 -0.0339 -0.7999
vn -0.9899 0.0218 -0.1404
vn -0.9899 -0.0060 -0.1420
vn 0.2331 0.1492 -0.9609
vn 0.2332 -0.0411 -0.9716
vn -0.9985 0.0083 -0.0538
vn -0.9985 -0.0023 -0.0544
vn -0.2332 0.1492 -0.9609
vn -0.2332 -0.0411 -0.9716
vn 0.9899 0.0218 -0.1404
vn 0.9985 0.0083 -0.0538
vn 0.9985 -0.0023 -0.0544
vn 0.9899 -0.0060 -0.1420
vn -0.5992 0.1228 -0.7911
vn -0.5992 -0.0339 -0.7999
vn 0.9748 0.0342 -0.2203
vn 0.9748 -0.0094 -0.2228
vn -0.7992 0.0922 -0.5940
vn -0.7992 -0.0254 -0.6006
vn 0.9476 0.0490 -0.3156
vn 0.9476 -0.0135 -0.3191
vn -0.8974 0.0677 -0.4360
vn -0.8974 -0.0187 -0.4408
vn 0.8974 0.0677 -0.4360
vn 0.8974 -0.0187 -0.4408
vn 0.9748 -0.0527 -0.2167
vn 0.9476 -0.0755 -0.3104
vn -0.7992 -0.1421 -0.5841
vn -0.8974 -0.1043 -0.4287
vn 0.8974 -0.1043 -0.4287
vn -0.9476 -0.0755 -0.3103
vn 0.7992 -0.1421 -0.5841
vn -0.9748 -0.0527 -0.2167
vn 0.5992 -0.1893 -0.7779
vn -0.9899 -0.0336 -0.1381
vn 0.2331 -0.2299 -0.9449
vn -0.9985 -0.0129 -0.0529
vn -0.2331 -0.2299 -0.9449
vn 0.9985 -0.0129 -0.0529
vn 0.9899 -0.0336 -0.1381
vn -0.5992 -0.1893 -0.7779
vn 0.8974 -0.1860 -0.4002
vn 0.7992 -0.2533 -0.5451
vn -0.9476 -0.1346 -0.2897
vn -0.9748 -0.0940 -0.2022
vn 0.5992 -0.3374 -0.7260
vn -0.9899 -0.0599 -0.1288
vn 0.2331 -0.4098 -0.8819
vn -0.9985 -0.0229 -0.0493
vn -0.2331 -0.4098 -0.8819
vn 0.9985 -0.0229 -0.0493
vn 0.9899 -0.0599 -0.1288
vn -0.5992 -0.3374 -0.7260
vn 0.9748 -0.0940 -0.2022
vn -0.7992 -0.2533 -0.5451
vn 0.9476 -0.1346 -0.2897
vn -0.8974 -0.1860 -0.4002
vn 0.5992 -0.4725 -0.6462
vn 0.2332 -0.5740 -0.7849
vn -0.9899 -0.0839 -0.1147
vn -0.9985 -0.0321 -0.0439
vn -0.2332 -0.5740 -0.7850
vn 0.9985 -0.0321 -0.0439
vn 0.9899 -0.0839 -0.1147
vn -0.5992 -0.4726 -0.6462
vn 0.9748 -0.1316 -0.1800
vn -0.7992 -0.3548 -0.4852
vn 0.9476 -0.1885 -0.2578
vn -0.8974 -0.2604 -0.3562
vn 0.8974 -0.2604 -0.3562
vn -0.9476 -0.1885 -0.2578
vn 0.7992 -0.3548 -0.4852
vn -0.9748 -0.1316 -0.1800
vn -0.2332 -0.7161 -0.6579
vn -0.5992 -0.5895 -0.5416
vn 0.9899 -0.1046 -0.0961
vn 0.9748 -0.1642 -0.1508
vn -0.7991 -0.4427 -0.4067
vn 0.9476 -0.2352 -0.2161
vn -0.8974 -0.3249 -0.2985
vn 0.8974 -0.3249 -0.2985
vn -0.9476 -0.2352 -0.2161
vn 0.7991 -0.4427 -0.4067
vn -0.9748 -0.1642 -0.1508
vn 0.5992 -0.5896 -0.5416
vn -0.9899 -0.1046 -0.0961
vn 0.2332 -0.7161 -0.6579
vn -0.9985 -0.0401 -0.0368
vn 0.9985 -0.0401 -0.0368
vn -0.7991 -0.5135 -0.3125
vn -0.8974 -0.3769 -0.2294
vn 0.9476 -0.2729 -0.1661
vn 0.8974 -0.3769 -0.2294
vn -0.9476 -0.2729 -0.1660
vn 0.7991 -0.5135 -0.3125
vn -0.9748 -0.1905 -0.1159
vn 0.5992 -0.6839 -0.4162
vn -0.9899 -0.1214 -0.0738
vn 0.2332 -0.8307 -0.5056
vn -0.9985 -0.0465 -0.0283
vn -0.2332 -0.8307 -0.5056
vn 0.9985 -0.0465 -0.0283
vn 0.9899 -0.1214 -0.0739
vn -0.5992 -0.6839 -0.4162
vn 0.9748 -0.1905 -0.1159
vn -0.9476 -0.3000 -0.1096
vn -0.9748 -0.2094 -0.0765
vn 0.7992 -0.5646 -0.2063
vn 0.5992 -0.7520 -0.2748
vn -0.9899 -0.1334 -0.0488
vn 0.2331 -0.9134 -0.3338
vn -0.9985 -0.0511 -0.0187
vn -0.2331 -0.9134 -0.3338
vn 0.9985 -0.0511 -0.0187
vn 0.9899 -0.1334 -0.0488
vn -0.5992 -0.7520 -0.2748
vn 0.9748 -0.2094 -0.0765
vn -0.7992 -0.5646 -0.2063
vn 0.9476 -0.3000 -0.1096
vn -0.8974 -0.4144 -0.1515
vn 0.8974 -0.4144 -0.1514
vn -0.9899 -0.1404 -0.0218
vn -0.9985 -0.0537 -0.0083
vn 0.2331 -0.9610 -0.1492
vn -0.2331 -0.9610 -0.1492
vn 0.9985 -0.0537 -0.0084
vn 0.9899 -0.1404 -0.0218
vn -0.5991 -0.7912 -0.1228
vn 0.9748 -0.2203 -0.0342
vn -0.7992 -0.5939 -0.0922
vn 0.9476 -0.3157 -0.0490
vn -0.8974 -0.4360 -0.0677
vn 0.8974 -0.4360 -0.0677
vn -0.9476 -0.3157 -0.0490
vn 0.7992 -0.5939 -0.0922
vn -0.9748 -0.2203 -0.0342
vn 0.5991 -0.7912 -0.1228
vn -0.5992 -0.7999 0.0339
vn -0.7992 -0.6006 0.0254
vn 0.9748 -0.2228 0.0094
vn 0.9476 -0.3191 0.0135
vn -0.8974 -0.4408 0.0187
vn 0.8974 -0.4408 0.0187
vn -0.9476 -0.3191 0.0135
vn 0.7992 -0.6006 0.0254
vn -0.9748 -0.2228 0.0094
vn 0.5992 -0.7999 0.0339
vn -0.9899 -0.1419 0.0060
vn 0.2331 -0.9716 0.0411
vn -0.9985 -0.0543 0.0023
vn -0.2331 -0.9716 0.0411
vn 0.9985 -0.0543 0.0023
vn 0.9899 -0.1419 0.0060
vn -0.8974 -0.4287 0.1043
vn -0.9476 -0.3104 0.0755
vn 0.8974 -0.4287 0.1043
vn 0.7992 -0.5841 0.1421
vn -0.9748 -0.2166 0.0527
vn 0.5992 -0.7779 0.1893
vn -0.9899 -0.1380 0.0336
vn 0.2332 -0.9449 0.2299
vn -0.9985 -0.0528 0.0128
vn -0.2332 -0.9449 0.2299
vn 0.9985 -0.0528 0.0129
vn 0.9899 -0.1380 0.0336
vn -0.5992 -0.7779 0.1893
vn 0.9748 -0.2166 0.0527
vn -0.7992 -0.5841 0.1421
vn 0.9476 -0.3103 0.0755
vn -0.9748 -0.2022 0.0940
vn -0.9899 -0.1288 0.0599
vn 0.5993 -0.7260 0.3374
vn 0.2332 -0.8818 0.4098
vn -0.9985 -0.0493 0.0229
vn -0.2332 -0.8818 0.4098
vn 0.9985 -0.0493 0.0229
vn 0.9899 -0.1288 0.0599
vn -0.5993 -0.7260 0.3374
vn 0.9748 -0.2022 0.0940
vn -0.7992 -0.5451 0.2534
vn 0.9476 -0.2897 0.1346
vn -0.8974 -0.4001 0.1860
vn 0.8974 -0.4001 0.1860
vn -0.9476 -0.2897 0.1346
vn 0.7992 -0.5451 0.2533
vn 0.9985 -0.0439 0.0321
vn 0.9899 -0.1147 0.0839
vn -0.2332 -0.7849 0.5740
vn -0.5993 -0.6462 0.4725
vn 0.9748 -0.1800 0.1316
vn -0.7992 -0.4852 0.3548
vn 0.9476 -0.2578 0.1885
vn -0.8974 -0.3562 0.2605
vn 0.8974 -0.3562 0.2605
vn -0.9476 -0.2578 0.1886
vn 0.7992 -0.4852 0.3548
vn -0.9748 -0.1800 0.1316
vn 0.5993 -0.6462 0.4725
vn -0.9899 -0.1147 0.0838
vn 0.2332 -0.7850 0.5740
vn -0.9985 -0.0439 0.0321
vn 0.9748 -0.1508 0.1642
vn 0.9476 -0.2161 0.2352
vn -0.7992 -0.4067 0.4426
vn -0.8974 -0.2985 0.3249
vn 0.8974 -0.2985 0.3249
vn -0.9476 -0.2161 0.2352
vn 0.7992 -0.4067 0.4426
vn -0.9748 -0.1508 0.1642
vn 0.5993 -0.5416 0.5895
vn -0.9899 -0.0961 0.1046
vn 0.2332 -0.6579 0.7161
vn -0.9985 -0.0368 0.0401
vn -0.2332 -0.6579 0.7161
vn 0.9985 -0.0368 0.0400
vn 0.9899 -0.0961 0.1046
vn -0.5993 -0.5416 0.5895
vn 0.8974 -0.2294 0.3769
vn 0.7992 -0.3125 0.5134
vn -0.9476 -0.1661 0.2728
vn -0.9748 -0.1159 0.1905
vn 0.5993 -0.4162 0.6839
vn -0.9899 -0.0739 0.1214
vn 0.2332 -0.5056 0.8307
vn -0.9985 -0.0283 0.0465
vn -0.2332 -0.5056 0.8307
vn 0.9985 -0.0283 0.0465
vn 0.9899 -0.0739 0.1214
vn -0.5992 -0.4162 0.6839
vn 0.9748 -0.1159 0.1905
vn -0.7992 -0.3125 0.5135
vn 0.9476 -0.1661 0.2728
vn -0.8974 -0.2294 0.3769
vn 0.5992 -0.2748 0.7519
vn 0.2332 -0.3338 0.9134
vn -0.9899 -0.0488 0.1335
vn -0.9985 -0.0187 0.0511
vn -0.2332 -0.3338 0.9134
vn 0.9985 -0.0187 0.0511
vn 0.9899 -0.0488 0.1334
vn -0.5992 -0.2748 0.7519
vn 0.9748 -0.0765 0.2094
vn -0.7992 -0.2063 0.5646
vn 0.9476 -0.1096 0.3000
vn -0.8974 -0.1515 0.4144
vn 0.8974 -0.1515 0.4144
vn -0.9476 -0.1096 0.3000
vn 0.7992 -0.2063 0.5646
vn -0.9748 -0.0765 0.2094
vn -0.2332 -0.1492 0.9609
vn -0.5992 -0.1228 0.7911
vn 0.9899 -0.0218 0.1404
vn 0.9748 -0.0342 0.2203
vn -0.7992 -0.0922 0.5940
vn 0.9476 -0.0490 0.3156
vn -0.8974 -0.0677 0.4360
vn 0.8974 -0.0677 0.4360
vn -0.9476 -0.0490 0.3156
vn 0.7992 -0.0922 0.5940
vn -0.9748 -0.0342 0.2203
vn 0.5992 -0.1228 0.7911
vn -0.9899 -0.0218 0.1404
vn 0.2332 -0.1492 0.9609
vn -0.9985 -0.0083 0.0537
vn 0.9985 -0.0083 0.0537
vn -0.7992 0.0254 0.6006
vn -0.8974 0.0187 0.4409
vn 0.9476 0.0135 0.3191
vn 0.8974 0.0187 0.4408
vn -0.9476 0.0135 0.3191
vn 0.7992 0.0254 0.6006
vn -0.9748 0.0094 0.2228
vn 0.5992 0.0339 0.7999
vn -0.9899 0.0060 0.1420
vn 0.2332 0.0411 0.9716
vn -0.9985 0.0023 0.0544
vn -0.2332 0.0411 0.9716
vn 0.9985 0.0023 0.0544
vn 0.9899 0.0060 0.1419
vn -0.5992 0.0339 0.7999
vn 0.9748 0.0094 0.2228
vn -0.9476 0.0755 0.3104
vn -0.9748 0.0527 0.2167
vn 0.7992 0.1421 0.5841
vn 0.5992 0.1893 0.7779
vn -0.9899 0.0336 0.1381
vn 0.2332 0.2299 0.9449
vn -0.9985 0.0129 0.0529
vn -0.2332 0.2299 0.9449
vn 0.9985 0.0129 0.0529
vn 0.9899 0.0336 0.1381
vn -0.5992 0.1893 0.7779
vn 0.9748 0.0527 0.2166
vn -0.7992 0.1421 0.5841
vn 0.9476 0.0755 0.3104
vn -0.8974 0.1043 0.4288
vn 0.8974 0.1043 0.4287
vn -0.9899 0.0599 0.1288
vn -0.9985 0.0229 0.0493
vn 0.2332 0.4098 0.8819
vn -0.2332 0.4098 0.8819
vn 0.9985 0.0229 0.0493
vn 0.9899 0.0599 0.1288
vn -0.5992 0.3374 0.7260
vn 0.9748 0.0940 0.2022
vn -0.7992 0.2533 0.5451
vn 0.9476 0.1346 0.2896
vn -0.8974 0.1860 0.4001
vn 0.8974 0.1860 0.4001
vn -0.9476 0.1346 0.2896
vn 0.7992 0.2533 0.5451
vn -0.9748 0.0940 0.2022
vn 0.5993 0.3374 0.7260
vn 0.9899 0.0838 0.1147
vn 0.9748 0.1316 0.1800
vn -0.5992 0.4726 0.6462
vn -0.7992 0.3548 0.4852
vn 0.9476 0.1885 0.2578
vn -0.8974 0.2604 0.3562
vn 0.8974 0.2604 0.3562
vn -0.9476 0.1885 0.2578
vn 0.7992 0.3548 0.4852
vn -0.9748 0.1316 0.1800
vn 0.5992 0.4725 0.6462
vn -0.9899 0.0839 0.1147
vn 0.2332 0.5740 0.7849
vn -0.9985 0.0321 0.0439
vn -0.2332 0.5740 0.7849
vn 0.9985 0.0321 0.0439
vn 0.9476 0.2352 0.2161
vn 0.8974 0.3249 0.2985
vn -0.8974 0.3249 0.2985
vn -0.9476 0.2352 0.2161
vn 0.7991 0.4427 0.4067
vn -0.9748 0.1642 0.1509
vn 0.5992 0.5895 0.5416
vn -0.9899 0.1046 0.0961
vn 0.2332 0.7161 0.6579
vn -0.9985 0.0401 0.0368
vn -0.2332 0.7161 0.6579
vn 0.9985 0.0401 0.0368
vn 0.9899 0.1046 0.0961
vn -0.5992 0.5896 0.5416
vn 0.9748 0.1642 0.1508
vn -0.7991 0.4427 0.4067
vn 0.7992 0.5135 0.3125
vn 0.5993 0.6839 0.4162
vn -0.9748 0.1905 0.1159
vn -0.9899 0.1214 0.0738
vn 0.2332 0.8307 0.5056
vn -0.9985 0.0465 0.0283
vn -0.2332 0.8307 0.5056
vn 0.9985 0.0465 0.0283
vn 0.9899 0.1214 0.0739
vn -0.5993 0.6839 0.4162
vn 0.9748 0.1905 0.1159
vn -0.7991 0.5135 0.3125
vn 0.9476 0.2729 0.1660
vn -0.8974 0.3769 0.2294
vn 0.8974 0.3769 0.2294
vn -0.9476 0.2728 0.1660
vn 0.2332 0.9134 0.3338
vn -0.2332 0.9134 0.3338
vn 0.9985 0.0511 0.0187
vn 0.9899 0.1334 0.0488
vn -0.5992 0.7519 0.2748
vn 0.9748 0.2094 0.0765
vn -0.7992 0.5646 0.2063
vn 0.9476 0.3000 0.1096
vn -0.8974 0.4144 0.1515
vn 0.8974 0.4144 0.1514
vn -0.9476 0.3000 0.1096
vn 0.7992 0.5645 0.2063
vn -0.9748 0.2094 0.0765
vn 0.5992 0.7519 0.2748
vn -0.9899 0.1334 0.0488
vn -0.9985 0.0511 0.0187
vn -0.5993 0.7911 0.1228
vn -0.7992 0.5939 0.0922
vn 0.9748 0.2203 0.0342
vn 0.9476 0.3157 0.0490
vn -0.8974 0.4360 0.0677
vn 0.8974 0.4360 0.0677
vn -0.9476 0.3157 0.0490
vn 0.7992 0.5939 0.0922
vn -0.9748 0.2203 0.0342
vn 0.5993 0.7911 0.1228
vn -0.9899 0.1404 0.0218
vn 0.2332 0.9609 0.1492
vn -0.9985 0.0537 0.0083
vn -0.2332 0.9609 0.1492
vn 0.9985 0.0537 0.0084
vn 0.9899 0.1404 0.0218
vn -0.8974 0.4408 -0.0187
vn -0.9476 0.3192 -0.0135
vn 0.8974 0.4408 -0.0187
vn 0.7992 0.6005 -0.0254
vn -0.9748 0.2227 -0.0094
vn 0.5992 0.7999 -0.0339
vn -0.9899 0.1419 -0.0060
vn 0.2332 0.9716 -0.0411
vn -0.9985 0.0543 -0.0023
vn -0.2332 0.9716 -0.0412
vn 0.9985 0.0543 -0.0023
vn 0.9899 0.1419 -0.0060
vn -0.5992 0.7999 -0.0339
vn 0.9748 0.2227 -0.0094
vn -0.7992 0.6005 -0.0254
vn 0.9476 0.3192 -0.0135
vn -0.9748 0.2166 -0.0527
vn -0.9899 0.1380 -0.0336
vn 0.5992 0.7779 -0.1893
vn 0.2332 0.9449 -0.2299
vn -0.9985 0.0528 -0.0128
vn -0.2332 0.9449 -0.2299
vn 0.9985 0.0528 -0.0129
vn 0.9899 0.1380 -0.0336
vn -0.5992 0.7779 -0.1893
vn 0.9748 0.2166 -0.0527
vn -0.7992 0.5841 -0.1421
vn 0.9476 0.3103 -0.0755
vn -0.8974 0.4287 -0.1043
vn 0.8974 0.4287 -0.1043
vn -0.9476 0.3104 -0.0755
vn 0.7992 0.5841 -0.1421
vn -0.2332 0.8819 -0.4098
vn -0.5993 0.7260 -0.3374
vn 0.9899 0.1288 -0.0599
vn 0.9748 0.2022 -0.0940
vn -0.7992 0.5451 -0.2533
vn 0.9476 0.2897 -0.1346
vn -0.8974 0.4001 -0.1860
vn 0.8974 0.4001 -0.1859
vn -0.9476 0.2897 -0.1346
vn 0.7992 0.5451 -0.2533
vn -0.9748 0.2022 -0.0940
vn 0.5993 0.7260 -0.3374
vn -0.9899 0.1288 -0.0599
vn 0.2332 0.8819 -0.4098
vn -0.9985 0.0493 -0.0229
vn 0.9985 0.0493 -0.0229
vn -0.7992 0.4852 -0.3548
vn -0.8974 0.3562 -0.2605
vn 0.9476 0.2579 -0.1885
vn 0.8974 0.3562 -0.2604
vn -0.9476 0.2579 -0.1886
vn 0.7992 0.4852 -0.3548
vn -0.9748 0.1800 -0.1316
vn 0.5993 0.6462 -0.4725
vn -0.9899 0.1147 -0.0838
vn 0.2332 0.7850 -0.5740
vn -0.9985 0.0439 -0.0321
vn -0.2332 0.7850 -0.5740
vn 0.9985 0.0439 -0.0321
vn 0.9899 0.1147 -0.0839
vn -0.5993 0.6462 -0.4725
vn 0.9748 0.1800 -0.1316
vn -0.9476 0.2161 -0.2352
vn -0.9748 0.1508 -0.1642
vn 0.7992 0.4067 -0.4426
vn 0.5993 0.5416 -0.5895
vn -0.9899 0.0961 -0.1046
vn 0.2332 0.6579 -0.7161
vn -0.9985 0.0368 -0.0401
vn -0.2332 0.6579 -0.7161
vn 0.9985 0.0368 -0.0401
vn 0.9899 0.0961 -0.1046
vn -0.5993 0.5416 -0.5895
vn 0.9748 0.1509 -0.1642
vn -0.7992 0.4067 -0.4426
vn 0.9476 0.2161 -0.2352
vn -0.8974 0.2985 -0.3249
vn 0.8974 0.2985 -0.3249
vn 0.9985 0.0283 -0.0464
vn 0.9985 0.0187 -0.0511
vn -0.9899 0.0739 -0.1214
vn -0.9985 0.0283 -0.0464
vn 0.2332 0.5056 -0.8307
vn -0.2332 0.5056 -0.8307
vn 0.9899 0.0739 -0.1214
vn -0.9985 0.0187 -0.0511
vn -0.5992 0.4162 -0.6839
vn 0.9748 0.1159 -0.1905
vn -0.7992 0.3125 -0.5135
vn 0.9476 0.1661 -0.2728
vn -0.8974 0.2294 -0.3769
vn 0.8974 0.2294 -0.3769
vn -0.9476 0.1661 -0.2729
vn 0.7991 0.3125 -0.5135
vn -0.9748 0.1159 -0.1905
vn 0.5992 0.4162 -0.6839
vn 0.9899 0.0488 -0.1335
vn 0.9748 0.0765 -0.2094
vn -0.5992 0.2748 -0.7519
vn -0.7992 0.2063 -0.5646
vn 0.9476 0.1096 -0.3000
vn -0.8974 0.1515 -0.4144
vn 0.8974 0.1515 -0.4144
vn -0.9476 0.1096 -0.3000
vn 0.7992 0.2063 -0.5646
vn -0.9748 0.0765 -0.2094
vn 0.5992 0.2748 -0.7520
vn -0.9899 0.0488 -0.1334
vn 0.2331 0.3338 -0.9134
vn -0.2332 0.3338 -0.9134
vt 0.977460 0.047110
vt 0.985084 0.046359
vt 0.985083 0.453647
vt 0.977460 0.452897
vt 0.000000 0.044890
vt 0.003451 0.045230
vt 0.003451 0.454777
vt 0.000000 0.455116
vt 0.968908 0.047953
vt 0.968908 0.452054
vt 0.457540 0.848566
vt 0.454130 0.849398
vt 0.454130 0.508305
vt 0.457540 0.507187
vt 0.959719 0.048857
vt 0.959719 0.451150
vt 0.496591 0.848566
vt 0.496591 0.507187
vt 0.031092 0.047953
vt 0.040281 0.048857
vt 0.040281 0.451150
vt 0.031092 0.452054
vt 0.500000 0.849398
vt 0.500000 0.508305
vt 0.022540 0.047110
vt 0.022540 0.452897
vt 0.996549 0.045230
vt 1.000000 0.044890
vt 1.000000 0.455116
vt 0.996549 0.454777
vt 0.014916 0.046359
vt 0.014916 0.453647
vt 0.991520 0.045725
vt 0.991520 0.454282
vt 0.008480 0.045725
vt 0.008480 0.454282
vt 0.023588 0.458162
vt 0.016257 0.460386
vt 0.994768 0.463731
vt 0.989932 0.462263
vt 0.010068 0.462263
vt 0.983743 0.460386
vt 0.005232 0.463731
vt 0.976412 0.458162
vt 0.001914 0.464737
vt 0.968189 0.455669
vt 0.454130 0.501369
vt 0.457540 0.500007
vt 0.959353 0.452987
vt 0.496591 0.500007
vt 0.040647 0.452987
vt 0.031811 0.455669
vt 0.500000 0.501369
vt 0.998086 0.464737
vt 0.013182 0.469783
vt 0.008725 0.472163
vt 0.981114 0.466734
vt 0.974358 0.463122
vt 0.005667 0.473799
vt 0.966779 0.459071
vt 0.003409 0.950022
vt 0.000000 0.948658
vt 0.000000 0.941723
vt 0.003409 0.942842
vt 0.958636 0.454718
vt 0.042460 0.950022
vt 0.042460 0.942842
vt 0.041364 0.454718
vt 0.033221 0.459071
vt 0.045870 0.948658
vt 0.045870 0.941723
vt 0.025642 0.463122
vt 0.994333 0.473799
vt 0.991274 0.472163
vt 0.018886 0.466734
vt 0.986818 0.469783
vt 0.000000 0.933567
vt 0.003409 0.934399
vt 0.964733 0.462133
vt 0.957595 0.456277
vt 0.042460 0.934399
vt 0.042405 0.456277
vt 0.035267 0.462133
vt 0.045870 0.933567
vt 0.028625 0.467585
vt 0.988883 0.481954
vt 0.986203 0.479754
vt 0.022703 0.472446
vt 0.982296 0.476548
vt 0.017704 0.476548
vt 0.977297 0.472446
vt 0.013797 0.479754
vt 0.971375 0.467585
vt 0.011117 0.481954
vt 0.042460 0.925018
vt 0.045870 0.924505
vt 0.037872 0.464739
vt 0.032421 0.471382
vt 0.981948 0.488890
vt 0.979748 0.486209
vt 0.027561 0.477304
vt 0.976542 0.482304
vt 0.023458 0.482304
vt 0.972439 0.477304
vt 0.020252 0.486209
vt 0.967579 0.471382
vt 0.018052 0.488890
vt 0.962128 0.464739
vt 0.000000 0.924505
vt 0.003409 0.925018
vt 0.956270 0.457602
vt 0.043730 0.457602
vt 0.972158 0.491282
vt 0.969775 0.486825
vt 0.033273 0.481121
vt 0.030225 0.486825
vt 0.966727 0.481122
vt 0.027842 0.491282
vt 0.963115 0.474365
vt 0.026208 0.494340
vt 0.959065 0.466786
vt 0.000000 0.914886
vt 0.003409 0.915058
vt 0.954712 0.458642
vt 0.042460 0.915058
vt 0.045288 0.458642
vt 0.040935 0.466786
vt 0.045870 0.914886
vt 0.036885 0.474365
vt 0.973792 0.494340
vt 0.960379 0.483749
vt 0.958156 0.476418
vt 0.036276 0.494775
vt 0.035270 0.498094
vt 0.955661 0.468196
vt 0.000000 0.905077
vt 0.003409 0.904904
vt 0.952981 0.459360
vt 0.042460 0.904904
vt 0.047019 0.459360
vt 0.044339 0.468196
vt 0.045870 0.905077
vt 0.041844 0.476418
vt 0.964731 0.498094
vt 0.963724 0.494775
vt 0.039620 0.483749
vt 0.962257 0.489939
vt 0.037743 0.489939
vt 0.952048 0.468914
vt 0.951143 0.459725
vt 0.003409 0.894945
vt 0.042460 0.894945
vt 0.048857 0.459725
vt 0.047952 0.468914
vt 0.045870 0.895457
vt 0.047110 0.477466
vt 0.955110 0.500007
vt 0.954771 0.496555
vt 0.046359 0.485090
vt 0.954275 0.491526
vt 0.045725 0.491526
vt 0.953641 0.485090
vt 0.045229 0.496555
vt 0.952890 0.477466
vt 0.044890 0.500007
vt 0.000000 0.895457
vt 0.544889 0.500007
vt 0.545229 0.496555
vt 0.452890 0.477466
vt 0.453641 0.485091
vt 0.545725 0.491526
vt 0.454275 0.491526
vt 0.546359 0.485091
vt 0.454771 0.496555
vt 0.547110 0.477466
vt 0.455111 0.500007
vt 0.547952 0.468915
vt 0.000000 0.516462
vt 0.003409 0.515630
vt 0.548857 0.459726
vt 0.042460 0.515630
vt 0.451143 0.459726
vt 0.452048 0.468915
vt 0.045870 0.516462
vt 0.537743 0.489939
vt 0.539620 0.483749
vt 0.462257 0.489939
vt 0.463724 0.494775
vt 0.541844 0.476418
vt 0.464731 0.498094
vt 0.544339 0.468196
vt 0.000000 0.508306
vt 0.003409 0.507187
vt 0.547019 0.459359
vt 0.042460 0.507187
vt 0.452981 0.459359
vt 0.455661 0.468196
vt 0.045870 0.508306
vt 0.458156 0.476418
vt 0.535269 0.498094
vt 0.536276 0.494775
vt 0.460380 0.483749
vt 0.536884 0.474365
vt 0.540935 0.466786
vt 0.542460 0.500007
vt 0.545870 0.501369
vt 0.545870 0.508306
vt 0.542460 0.507187
vt 0.545288 0.458642
vt 0.003409 0.500007
vt 0.042460 0.500007
vt 0.454712 0.458642
vt 0.459065 0.466786
vt 0.500000 0.501369
vt 0.503409 0.500007
vt 0.503409 0.507187
vt 0.500000 0.508306
vt 0.463116 0.474365
vt 0.526208 0.494340
vt 0.527842 0.491282
vt 0.466727 0.481121
vt 0.530225 0.486824
vt 0.469775 0.486824
vt 0.533273 0.481121
vt 0.472158 0.491282
vt 0.473792 0.494340
vt 0.456270 0.457601
vt 0.462128 0.464739
vt 0.503409 0.515630
vt 0.500000 0.516461
vt 0.467579 0.471381
vt 0.518052 0.488890
vt 0.520252 0.486209
vt 0.472439 0.477304
vt 0.523458 0.482303
vt 0.476542 0.482303
vt 0.527561 0.477304
vt 0.479748 0.486209
vt 0.532421 0.471381
vt 0.481948 0.488890
vt 0.537872 0.464739
vt 0.545870 0.516461
vt 0.542460 0.515630
vt 0.543730 0.457601
vt 0.471375 0.467585
vt 0.477297 0.472446
vt 0.513797 0.479754
vt 0.517704 0.476548
vt 0.482296 0.476548
vt 0.522703 0.472446
vt 0.486203 0.479754
vt 0.528625 0.467585
vt 0.488884 0.481954
vt 0.535267 0.462134
vt 0.545870 0.525523
vt 0.542460 0.525011
vt 0.542405 0.456276
vt 0.503409 0.525011
vt 0.457595 0.456276
vt 0.464733 0.462134
vt 0.500000 0.525523
vt 0.511116 0.481954
vt 0.486818 0.469782
vt 0.491275 0.472163
vt 0.518886 0.466734
vt 0.525642 0.463121
vt 0.494333 0.473799
vt 0.533221 0.459070
vt 0.545870 0.535143
vt 0.542460 0.534970
vt 0.541364 0.454719
vt 0.503409 0.534970
vt 0.458636 0.454719
vt 0.466779 0.459070
vt 0.500000 0.535143
vt 0.474358 0.463121
vt 0.505667 0.473799
vt 0.508725 0.472163
vt 0.481114 0.466734
vt 0.513182 0.469782
vt 0.545870 0.544951
vt 0.542460 0.545125
vt 0.531811 0.455667
vt 0.540647 0.452987
vt 0.503409 0.545125
vt 0.459353 0.452987
vt 0.468189 0.455667
vt 0.500000 0.544951
vt 0.476412 0.458162
vt 0.501914 0.464737
vt 0.505232 0.463731
vt 0.483743 0.460386
vt 0.510068 0.462263
vt 0.489932 0.462264
vt 0.516257 0.460386
vt 0.494768 0.463731
vt 0.523588 0.458162
vt 0.498086 0.464737
vt 0.503409 0.555083
vt 0.500000 0.554572
vt 0.468908 0.452055
vt 0.477460 0.452897
vt 0.500000 0.455117
vt 0.503451 0.454777
vt 0.485083 0.453647
vt 0.508480 0.454282
vt 0.491520 0.454282
vt 0.514916 0.453647
vt 0.496549 0.454777
vt 0.522540 0.452897
vt 0.531092 0.452055
vt 0.545870 0.554572
vt 0.542460 0.555083
vt 0.540281 0.451150
vt 0.459719 0.451151
vt 0.503451 0.045230
vt 0.508480 0.045726
vt 0.485083 0.046359
vt 0.491520 0.045726
vt 0.514917 0.046359
vt 0.496549 0.045230
vt 0.522540 0.047110
vt 0.500000 0.044889
vt 0.531092 0.047952
vt 0.545870 0.933572
vt 0.542460 0.934405
vt 0.540281 0.048857
vt 0.503409 0.934405
vt 0.459719 0.048857
vt 0.468908 0.047952
vt 0.500000 0.933572
vt 0.477460 0.047110
vt 0.500000 0.044889
vt 0.516257 0.039621
vt 0.523588 0.041844
vt 0.494768 0.036276
vt 0.498086 0.035270
vt 0.531811 0.044339
vt 0.545870 0.941728
vt 0.542460 0.942847
vt 0.540647 0.047019
vt 0.503409 0.942847
vt 0.459353 0.047019
vt 0.468189 0.044339
vt 0.500000 0.941728
vt 0.476412 0.041844
vt 0.501914 0.035270
vt 0.505232 0.036276
vt 0.483743 0.039621
vt 0.510068 0.037743
vt 0.489932 0.037743
vt 0.533221 0.040935
vt 0.541364 0.045288
vt 0.542460 0.950029
vt 0.503409 0.950029
vt 0.458636 0.045288
vt 0.466779 0.040935
vt 0.500000 0.948664
vt 0.474358 0.036884
vt 0.505667 0.026207
vt 0.508726 0.027842
vt 0.481114 0.033274
vt 0.513182 0.030224
vt 0.486818 0.030224
vt 0.518886 0.033274
vt 0.491275 0.027842
vt 0.525642 0.036884
vt 0.494333 0.026207
vt 0.545870 0.948664
vt 0.464733 0.037872
vt 0.471375 0.032421
vt 0.511117 0.018052
vt 0.513797 0.020252
vt 0.477297 0.027561
vt 0.517704 0.023459
vt 0.482296 0.023459
vt 0.522703 0.027561
vt 0.486203 0.020253
vt 0.528625 0.032421
vt 0.488884 0.018052
vt 0.535267 0.037872
vt 0.088330 0.500007
vt 0.091739 0.501126
vt 0.091739 0.509282
vt 0.088330 0.508450
vt 0.542405 0.043730
vt 0.049279 0.500007
vt 0.049279 0.508450
vt 0.457595 0.043731
vt 0.045870 0.501126
vt 0.045870 0.509282
vt 0.472439 0.022703
vt 0.476542 0.017703
vt 0.523458 0.017703
vt 0.527561 0.022703
vt 0.479748 0.013797
vt 0.532421 0.028625
vt 0.481948 0.011117
vt 0.537872 0.035268
vt 0.091739 0.518343
vt 0.088330 0.517831
vt 0.543730 0.042405
vt 0.049279 0.517831
vt 0.456270 0.042405
vt 0.462128 0.035268
vt 0.045870 0.518343
vt 0.467579 0.028625
vt 0.518052 0.011117
vt 0.520252 0.013797
vt 0.472158 0.008726
vt 0.473792 0.005668
vt 0.536884 0.025642
vt 0.540935 0.033221
vt 0.091739 0.527963
vt 0.088330 0.527790
vt 0.545288 0.041365
vt 0.049279 0.527790
vt 0.454712 0.041365
vt 0.459065 0.033221
vt 0.045870 0.527963
vt 0.463116 0.025642
vt 0.526208 0.005668
vt 0.527842 0.008726
vt 0.466727 0.018886
vt 0.530225 0.013182
vt 0.469775 0.013182
vt 0.533273 0.018886
vt 0.088330 0.537945
vt 0.049279 0.537945
vt 0.452981 0.040647
vt 0.455661 0.031811
vt 0.045870 0.537772
vt 0.458156 0.023588
vt 0.535270 0.001913
vt 0.536276 0.005232
vt 0.460380 0.016258
vt 0.537743 0.010068
vt 0.462257 0.010068
vt 0.539621 0.016258
vt 0.463724 0.005232
vt 0.541844 0.023588
vt 0.464730 0.001913
vt 0.544339 0.031811
vt 0.091739 0.537772
vt 0.547019 0.040646
vt 0.544890 0.000001
vt 0.545229 0.003452
vt 0.452890 0.022541
vt 0.453641 0.014917
vt 0.545725 0.008481
vt 0.454275 0.008481
vt 0.546359 0.014917
vt 0.454771 0.003452
vt 0.547110 0.022541
vt 0.455110 0.000001
vt 0.547952 0.031093
vt 0.091739 0.547392
vt 0.088330 0.547904
vt 0.548857 0.040282
vt 0.049279 0.547904
vt 0.451143 0.040282
vt 0.452048 0.031093
vt 0.045870 0.547392
vt 0.954275 0.008482
vt 0.953641 0.014917
vt 0.045725 0.008482
vt 0.045229 0.003451
vt 0.952891 0.022541
vt 0.044890 0.000000
vt 0.952048 0.031093
vt 0.091739 0.926387
vt 0.088330 0.927219
vt 0.951143 0.040281
vt 0.049279 0.927219
vt 0.048857 0.040281
vt 0.047952 0.031093
vt 0.045870 0.926387
vt 0.047110 0.022541
vt 0.955111 0.000000
vt 0.954771 0.003451
vt 0.046359 0.014917
vt 0.958156 0.023588
vt 0.955661 0.031811
vt 0.091739 0.934543
vt 0.088330 0.935661
vt 0.952981 0.040647
vt 0.049279 0.935661
vt 0.047019 0.040647
vt 0.044339 0.031811
vt 0.045870 0.934543
vt 0.041844 0.023588
vt 0.964731 0.001913
vt 0.963724 0.005233
vt 0.039620 0.016258
vt 0.962257 0.010068
vt 0.037743 0.010068
vt 0.960380 0.016258
vt 0.036276 0.005233
vt 0.035269 0.001913
vt 0.500000 0.904727
vt 0.496591 0.905845
vt 0.496591 0.897402
vt 0.500000 0.896570
vt 0.040935 0.033220
vt 0.036884 0.025642
vt 0.973792 0.005668
vt 0.972158 0.008726
vt 0.033273 0.018887
vt 0.969775 0.013183
vt 0.030225 0.013183
vt 0.966727 0.018887
vt 0.027842 0.008726
vt 0.963116 0.025642
vt 0.026208 0.005668
vt 0.959065 0.033220
vt 0.457540 0.905845
vt 0.454130 0.904727
vt 0.454130 0.896570
vt 0.457540 0.897402
vt 0.954712 0.041365
vt 0.045288 0.041365
vt 0.979748 0.013797
vt 0.976542 0.017704
vt 0.027561 0.022704
vt 0.023458 0.017704
vt 0.972439 0.022704
vt 0.020252 0.013797
vt 0.967579 0.028625
vt 0.018052 0.011117
vt 0.962128 0.035268
vt 0.454130 0.887508
vt 0.457540 0.888021
vt 0.956270 0.042405
vt 0.496591 0.888021
vt 0.043730 0.042405
vt 0.037872 0.035268
vt 0.500000 0.887508
vt 0.032421 0.028625
vt 0.981948 0.011117
vt 0.977297 0.027561
vt 0.971375 0.032421
vt 0.013797 0.020253
vt 0.011116 0.018052
vt 0.964733 0.037874
vt 0.454130 0.877888
vt 0.457540 0.878061
vt 0.957595 0.043730
vt 0.496591 0.878061
vt 0.042405 0.043730
vt 0.035267 0.037874
vt 0.500000 0.877888
vt 0.028625 0.032421
vt 0.988884 0.018052
vt 0.986203 0.020253
vt 0.022703 0.027561
vt 0.982296 0.023458
vt 0.017704 0.023458
vt 0.041364 0.045289
vt 0.040647 0.047018
vt 0.966779 0.040936
vt 0.958636 0.045289
vt 0.457540 0.867907
vt 0.496591 0.867907
vt 0.033221 0.040936
vt 0.959353 0.047018
vt 0.500000 0.868080
vt 0.025642 0.036884
vt 0.994333 0.026207
vt 0.991275 0.027842
vt 0.018886 0.033273
vt 0.986818 0.030224
vt 0.013182 0.030224
vt 0.981114 0.033273
vt 0.008725 0.027842
vt 0.974358 0.036884
vt 0.005667 0.026207
vt 0.454130 0.868080
vt 0.031811 0.044338
vt 0.023588 0.041845
vt 0.998086 0.035270
vt 0.994768 0.036276
vt 0.016257 0.039621
vt 0.989932 0.037743
vt 0.010068 0.037743
vt 0.983743 0.039621
vt 0.005232 0.036276
vt 0.976412 0.041845
vt 0.001914 0.035270
vt 0.968189 0.044338
vt 0.454130 0.858459
vt 0.457540 0.857948
vt 0.496591 0.857948
vt 0.500000 0.858459
s 1
usemtl Emergency.Button.001
f 5419/5736/4292 5418/5737/4293 4931/5738/4294 4932/5739/4295
f 4916/5740/4296 4915/5741/4297 4924/5742/4298 4925/5743/4299
f 5420/5744/4300 5419/5736/4292 4932/5739/4295 4933/5745/4301
f 5415/5746/4302 4916/5747/4296 4925/5748/4299 4926/5749/4303
f 5421/5750/4304 5420/5744/4300 4933/5745/4301 4934/5751/4305
f 4917/5752/4306 5415/5746/4302 4926/5749/4303 4927/5753/4307
f 4911/5754/4308 4910/5755/4309 4919/5756/4310 4920/5757/4311
f 5416/5758/4312 4917/5752/4306 4927/5753/4307 4928/5759/4313
f 4912/5760/4314 4911/5754/4308 4920/5757/4311 4921/5761/4315
f 5417/5762/4316 5416/5763/4312 4928/5764/4313 4929/5765/4317
f 4913/5766/4318 4912/5760/4314 4921/5761/4315 4922/5767/4319
f 4918/5768/4320 5417/5762/4316 4929/5765/4317 4930/5769/4321
f 4914/5770/4322 4913/5766/4318 4922/5767/4319 4923/5771/4323
f 5418/5737/4293 4918/5768/4320 4930/5769/4321 4931/5738/4294
f 4915/5741/4297 4914/5770/4322 4923/5771/4323 4924/5742/4298
f 4922/5767/4319 4921/5761/4315 4937/5772/4324 4938/5773/4325
f 4930/5769/4321 4929/5765/4317 4945/5774/4326 4946/5775/4327
f 4923/5771/4323 4922/5767/4319 4938/5773/4325 4939/5776/4328
f 4931/5738/4294 4930/5769/4321 4946/5775/4327 4947/5777/4329
f 4924/5742/4298 4923/5771/4323 4939/5776/4328 4940/5778/4330
f 4932/5739/4295 4931/5738/4294 4947/5777/4329 4948/5779/4331
f 4925/5743/4299 4924/5742/4298 4940/5778/4330 4941/5780/4332
f 4933/5745/4301 4932/5739/4295 4948/5779/4331 4949/5781/4333
f 4926/5749/4303 4925/5748/4299 4941/5782/4332 4942/5783/4334
f 4934/5751/4305 4933/5745/4301 4949/5781/4333 4950/5784/4335
f 4927/5753/4307 4926/5749/4303 4942/5783/4334 4943/5785/4336
f 4920/5757/4311 4919/5756/4310 4935/5786/4337 4936/5787/4338
f 4928/5759/4313 4927/5753/4307 4943/5785/4336 4944/5788/4339
f 4921/5761/4315 4920/5757/4311 4936/5787/4338 4937/5772/4324
f 4929/5765/4317 4928/5764/4313 4944/5789/4339 4945/5774/4326
f 4940/5778/4330 4939/5776/4328 4955/5790/4340 4956/5791/4341
f 4948/5779/4331 4947/5777/4329 4963/5792/4342 4964/5793/4343
f 4941/5780/4332 4940/5778/4330 4956/5791/4341 4957/5794/4344
f 4949/5781/4333 4948/5779/4331 4964/5793/4343 4965/5795/4345
f 4942/5796/4334 4941/5797/4332 4957/5798/4344 4958/5799/4346
f 4950/5784/4335 4949/5781/4333 4965/5795/4345 4966/5800/4347
f 4943/5801/4336 4942/5796/4334 4958/5799/4346 4959/5802/4348
f 4936/5787/4338 4935/5786/4337 4951/5803/4349 4952/5804/4350
f 4944/5805/4339 4943/5801/4336 4959/5802/4348 4960/5806/4351
f 4937/5772/4324 4936/5787/4338 4952/5804/4350 4953/5807/4352
f 4945/5774/4326 4944/5789/4339 4960/5808/4351 4961/5809/4353
f 4938/5773/4325 4937/5772/4324 4953/5807/4352 4954/5810/4354
f 4946/5775/4327 4945/5774/4326 4961/5809/4353 4962/5811/4355
f 4939/5776/4328 4938/5773/4325 4954/5810/4354 4955/5790/4340
f 4947/5777/4329 4946/5775/4327 4962/5811/4355 4963/5792/4342
f 4958/5799/4346 4957/5798/4344 4973/5812/4356 4974/5813/4357
f 4966/5800/4347 4965/5795/4345 4981/5814/4358 4982/5815/4359
f 4959/5802/4348 4958/5799/4346 4974/5813/4357 4975/5816/4360
f 4952/5804/4350 4951/5803/4349 4967/5817/4361 4968/5818/4362
f 4960/5806/4351 4959/5802/4348 4975/5816/4360 4976/5819/4363
f 4953/5807/4352 4952/5804/4350 4968/5818/4362 4969/5820/4364
f 4961/5809/4353 4960/5808/4351 4976/5821/4363 4977/5822/4365
f 4954/5810/4354 4953/5807/4352 4969/5820/4364 4970/5823/4366
f 4962/5811/4355 4961/5809/4353 4977/5822/4365 4978/5824/4367
f 4955/5790/4340 4954/5810/4354 4970/5823/4366 4971/5825/4368
f 4963/5792/4342 4962/5811/4355 4978/5824/4367 4979/5826/4369
f 4956/5791/4341 4955/5790/4340 4971/5825/4368 4972/5827/4370
f 4964/5793/4343 4963/5792/4342 4979/5826/4369 4980/5828/4371
f 4957/5794/4344 4956/5791/4341 4972/5827/4370 4973/5829/4356
f 4965/5795/4345 4964/5793/4343 4980/5828/4371 4981/5814/4358
f 4976/5819/4363 4975/5816/4360 4991/5830/4372 4992/5831/4373
f 4969/5820/4364 4968/5818/4362 4984/5832/4374 4985/5833/4375
f 4977/5822/4365 4976/5821/4363 4992/5834/4373 4993/5835/4376
f 4970/5823/4366 4969/5820/4364 4985/5833/4375 4986/5836/4377
f 4978/5824/4367 4977/5822/4365 4993/5835/4376 4994/5837/4378
f 4971/5825/4368 4970/5823/4366 4986/5836/4377 4987/5838/4379
f 4979/5826/4369 4978/5824/4367 4994/5837/4378 4995/5839/4380
f 4972/5827/4370 4971/5825/4368 4987/5838/4379 4988/5840/4381
f 4980/5828/4371 4979/5826/4369 4995/5839/4380 4996/5841/4382
f 4973/5829/4356 4972/5827/4370 4988/5840/4381 4989/5842/4383
f 4981/5814/4358 4980/5828/4371 4996/5841/4382 4997/5843/4384
f 4974/5813/4357 4973/5812/4356 4989/5844/4383 4990/5845/4385
f 4982/5815/4359 4981/5814/4358 4997/5843/4384 4998/5846/4386
f 4975/5816/4360 4974/5813/4357 4990/5845/4385 4991/5830/4372
f 4968/5818/4362 4967/5817/4361 4983/5847/4387 4984/5832/4374
f 4994/5837/4378 4993/5835/4376 5009/5848/4388 5010/5849/4389
f 4987/5838/4379 4986/5836/4377 5002/5850/4390 5003/5851/4391
f 4995/5839/4380 4994/5837/4378 5010/5849/4389 5011/5852/4392
f 4988/5840/4381 4987/5838/4379 5003/5851/4391 5004/5853/4393
f 4996/5841/4382 4995/5839/4380 5011/5852/4392 5012/5854/4394
f 4989/5842/4383 4988/5840/4381 5004/5853/4393 5005/5855/4395
f 4997/5843/4384 4996/5841/4382 5012/5854/4394 5013/5856/4396
f 4990/5845/4385 4989/5844/4383 5005/5857/4395 5006/5858/4397
f 4998/5846/4386 4997/5843/4384 5013/5856/4396 5014/5859/4398
f 4991/5830/4372 4990/5845/4385 5006/5858/4397 5007/5860/4399
f 4984/5832/4374 4983/5847/4387 4999/5861/4400 5000/5862/4401
f 4992/5831/4373 4991/5830/4372 5007/5860/4399 5008/5863/4402
f 4985/5833/4375 4984/5832/4374 5000/5862/4401 5001/5864/4403
f 4993/5835/4376 4992/5834/4373 5008/5865/4402 5009/5848/4388
f 4986/5836/4377 4985/5833/4375 5001/5864/4403 5002/5850/4390
f 5012/5854/4394 5011/5852/4392 5027/5866/4404 5028/5867/4405
f 5005/5855/4395 5004/5853/4393 5020/5868/4406 5021/5869/4407
f 5013/5856/4396 5012/5854/4394 5028/5867/4405 5029/5870/4408
f 5006/5858/4397 5005/5857/4395 5021/5871/4407 5022/5872/4409
f 5014/5859/4398 5013/5856/4396 5029/5870/4408 5030/5873/4410
f 5007/5860/4399 5006/5858/4397 5022/5872/4409 5023/5874/4411
f 5000/5862/4401 4999/5861/4400 5015/5875/4412 5016/5876/4413
f 5008/5863/4402 5007/5860/4399 5023/5874/4411 5024/5877/4414
f 5001/5864/4403 5000/5862/4401 5016/5876/4413 5017/5878/4415
f 5009/5848/4388 5008/5865/4402 5024/5879/4414 5025/5880/4416
f 5002/5850/4390 5001/5864/4403 5017/5878/4415 5018/5881/4417
f 5010/5849/4389 5009/5848/4388 5025/5880/4416 5026/5882/4418
f 5003/5851/4391 5002/5850/4390 5018/5881/4417 5019/5883/4419
f 5011/5852/4392 5010/5849/4389 5026/5882/4418 5027/5866/4404
f 5004/5853/4393 5003/5851/4391 5019/5883/4419 5020/5868/4406
f 5030/5873/4410 5029/5870/4408 5045/5884/4420 5046/5885/4421
f 5023/5874/4411 5022/5872/4409 5038/5886/4422 5039/5887/4423
f 5016/5876/4413 5015/5875/4412 5031/5888/4424 5032/5889/4425
f 5024/5877/4414 5023/5874/4411 5039/5887/4423 5040/5890/4426
f 5017/5878/4415 5016/5876/4413 5032/5889/4425 5033/5891/4427
f 5025/5880/4416 5024/5879/4414 5040/5892/4426 5041/5893/4428
f 5018/5881/4417 5017/5878/4415 5033/5891/4427 5034/5894/4429
f 5026/5882/4418 5025/5880/4416 5041/5893/4428 5042/5895/4430
f 5019/5883/4419 5018/5881/4417 5034/5894/4429 5035/5896/4431
f 5027/5866/4404 5026/5882/4418 5042/5895/4430 5043/5897/4432
f 5020/5868/4406 5019/5883/4419 5035/5896/4431 5036/5898/4433
f 5028/5867/4405 5027/5866/4404 5043/5897/4432 5044/5899/4434
f 5021/5869/4407 5020/5868/4406 5036/5898/4433 5037/5900/4435
f 5029/5870/4408 5028/5867/4405 5044/5899/4434 5045/5884/4420
f 5022/5872/4409 5021/5871/4407 5037/5901/4435 5038/5886/4422
f 5041/5893/4428 5040/5892/4426 5056/5902/4436 5057/5903/4437
f 5034/5894/4429 5033/5891/4427 5049/5904/4438 5050/5905/4439
f 5042/5895/4430 5041/5893/4428 5057/5903/4437 5058/5906/4440
f 5035/5896/4431 5034/5894/4429 5050/5905/4439 5051/5907/4441
f 5043/5897/4432 5042/5895/4430 5058/5906/4440 5059/5908/4442
f 5036/5898/4433 5035/5896/4431 5051/5907/4441 5052/5909/4443
f 5044/5899/4434 5043/5897/4432 5059/5908/4442 5060/5910/4444
f 5037/5900/4435 5036/5898/4433 5052/5909/4443 5053/5911/4445
f 5045/5884/4420 5044/5899/4434 5060/5910/4444 5061/5912/4446
f 5038/5886/4422 5037/5901/4435 5053/5913/4445 5054/5914/4447
f 5046/5885/4421 5045/5884/4420 5061/5912/4446 5062/5915/4448
f 5039/5887/4423 5038/5886/4422 5054/5914/4447 5055/5916/4449
f 5032/5889/4425 5031/5888/4424 5047/5917/4450 5048/5918/4451
f 5040/5890/4426 5039/5887/4423 5055/5916/4449 5056/5919/4436
f 5033/5891/4427 5032/5889/4425 5048/5918/4451 5049/5904/4438
f 5059/5908/4442 5058/5906/4440 5074/5920/4452 5075/5921/4453
f 5052/5909/4443 5051/5907/4441 5067/5922/4454 5068/5923/4455
f 5060/5910/4444 5059/5908/4442 5075/5921/4453 5076/5924/4456
f 5053/5911/4445 5052/5909/4443 5068/5923/4455 5069/5925/4457
f 5061/5912/4446 5060/5910/4444 5076/5924/4456 5077/5926/4458
f 5054/5914/4447 5053/5913/4445 5069/5927/4457 5070/5928/4459
f 5062/5915/4448 5061/5912/4446 5077/5926/4458 5078/5929/4460
f 5055/5916/4449 5054/5914/4447 5070/5928/4459 5071/5930/4461
f 5048/5918/4451 5047/5917/4450 5063/5931/4462 5064/5932/4463
f 5056/5919/4436 5055/5916/4449 5071/5930/4461 5072/5933/4464
f 5049/5904/4438 5048/5918/4451 5064/5932/4463 5065/5934/4465
f 5057/5903/4437 5056/5902/4436 5072/5935/4464 5073/5936/4466
f 5050/5905/4439 5049/5904/4438 5065/5934/4465 5066/5937/4467
f 5058/5906/4440 5057/5903/4437 5073/5936/4466 5074/5920/4452
f 5051/5907/4441 5050/5905/4439 5066/5937/4467 5067/5922/4454
f 5077/5926/4458 5076/5924/4456 5092/5938/4468 5093/5939/4469
f 5070/5940/4459 5069/5941/4457 5085/5942/4470 5086/5943/4471
f 5078/5929/4460 5077/5926/4458 5093/5939/4469 5094/5944/4472
f 5071/5930/4461 5070/5928/4459 5086/5945/4471 5087/5946/4473
f 5064/5932/4463 5063/5931/4462 5079/5947/4474 5080/5948/4475
f 5072/5949/4464 5071/5950/4461 5087/5951/4473 5088/5952/4476
f 5065/5934/4465 5064/5932/4463 5080/5948/4475 5081/5953/4477
f 5073/5936/4466 5072/5935/4464 5088/5954/4476 5089/5955/4478
f 5066/5937/4467 5065/5934/4465 5081/5953/4477 5082/5956/4479
f 5074/5920/4452 5073/5936/4466 5089/5955/4478 5090/5957/4480
f 5067/5922/4454 5066/5937/4467 5082/5956/4479 5083/5958/4481
f 5075/5921/4453 5074/5920/4452 5090/5957/4480 5091/5959/4482
f 5068/5923/4455 5067/5922/4454 5083/5958/4481 5084/5960/4483
f 5076/5924/4456 5075/5921/4453 5091/5959/4482 5092/5938/4468
f 5069/5925/4457 5068/5923/4455 5084/5960/4483 5085/5961/4470
f 5080/5948/4475 5079/5947/4474 5095/5962/4484 5096/5963/4485
f 5088/5952/4476 5087/5951/4473 5103/5964/4486 5104/5965/4487
f 5081/5953/4477 5080/5948/4475 5096/5963/4485 5097/5966/4488
f 5089/5955/4478 5088/5954/4476 5104/5967/4487 5105/5968/4489
f 5082/5956/4479 5081/5953/4477 5097/5966/4488 5098/5969/4490
f 5090/5957/4480 5089/5955/4478 5105/5968/4489 5106/5970/4491
f 5083/5958/4481 5082/5956/4479 5098/5969/4490 5099/5971/4492
f 5091/5959/4482 5090/5957/4480 5106/5970/4491 5107/5972/4493
f 5084/5960/4483 5083/5958/4481 5099/5971/4492 5100/5973/4494
f 5092/5938/4468 5091/5959/4482 5107/5972/4493 5108/5974/4495
f 5085/5961/4470 5084/5960/4483 5100/5973/4494 5101/5975/4496
f 5093/5939/4469 5092/5938/4468 5108/5974/4495 5109/5976/4497
f 5086/5943/4471 5085/5942/4470 5101/5977/4496 5102/5978/4498
f 5094/5944/4472 5093/5939/4469 5109/5976/4497 5110/5979/4499
f 5087/5951/4473 5086/5943/4471 5102/5978/4498 5103/5964/4486
f 5098/5969/4490 5097/5966/4488 5113/5980/4500 5114/5981/4501
f 5106/5970/4491 5105/5968/4489 5121/5982/4502 5122/5983/4503
f 5099/5971/4492 5098/5969/4490 5114/5981/4501 5115/5984/4504
f 5107/5972/4493 5106/5970/4491 5122/5983/4503 5123/5985/4505
f 5100/5973/4494 5099/5971/4492 5115/5984/4504 5116/5986/4506
f 5108/5974/4495 5107/5972/4493 5123/5985/4505 5124/5987/4507
f 5101/5975/4496 5100/5973/4494 5116/5986/4506 5117/5988/4508
f 5109/5976/4497 5108/5974/4495 5124/5987/4507 5125/5989/4509
f 5102/5978/4498 5101/5977/4496 5117/5990/4508 5118/5991/4510
f 5110/5979/4499 5109/5976/4497 5125/5989/4509 5126/5992/4511
f 5103/5964/4486 5102/5978/4498 5118/5991/4510 5119/5993/4512
f 5096/5963/4485 5095/5962/4484 5111/5994/4513 5112/5995/4514
f 5104/5965/4487 5103/5964/4486 5119/5993/4512 5120/5996/4515
f 5097/5966/4488 5096/5963/4485 5112/5995/4514 5113/5980/4500
f 5105/5968/4489 5104/5967/4487 5120/5997/4515 5121/5982/4502
f 5116/5986/4506 5115/5984/4504 5131/5998/4516 5132/5999/4517
f 5124/5987/4507 5123/5985/4505 5139/6000/4518 5140/6001/4519
f 5117/5988/4508 5116/5986/4506 5132/5999/4517 5133/6002/4520
f 5125/5989/4509 5124/5987/4507 5140/6001/4519 5141/6003/4521
f 5118/5991/4510 5117/5990/4508 5133/6004/4520 5134/6005/4522
f 5126/5992/4511 5125/5989/4509 5141/6003/4521 5142/6006/4523
f 5119/5993/4512 5118/5991/4510 5134/6005/4522 5135/6007/4524
f 5112/5995/4514 5111/5994/4513 5127/6008/4525 5128/6009/4526
f 5120/5996/4515 5119/5993/4512 5135/6007/4524 5136/6010/4527
f 5113/5980/4500 5112/5995/4514 5128/6009/4526 5129/6011/4528
f 5121/5982/4502 5120/5997/4515 5136/6012/4527 5137/6013/4529
f 5114/5981/4501 5113/5980/4500 5129/6011/4528 5130/6014/4530
f 5122/5983/4503 5121/5982/4502 5137/6013/4529 5138/6015/4531
f 5115/5984/4504 5114/5981/4501 5130/6014/4530 5131/5998/4516
f 5123/5985/4505 5122/5983/4503 5138/6015/4531 5139/6000/4518
f 5134/6005/4522 5133/6004/4520 5149/6016/4532 5150/6017/4533
f 5142/6006/4523 5141/6003/4521 5157/6018/4534 5158/6019/4535
f 5135/6007/4524 5134/6005/4522 5150/6017/4533 5151/6020/4536
f 5128/6009/4526 5127/6008/4525 5143/6021/4537 5144/6022/4538
f 5136/6010/4527 5135/6007/4524 5151/6020/4536 5152/6023/4539
f 5129/6011/4528 5128/6009/4526 5144/6022/4538 5145/6024/4540
f 5137/6013/4529 5136/6012/4527 5152/6025/4539 5153/6026/4541
f 5130/6014/4530 5129/6011/4528 5145/6024/4540 5146/6027/4542
f 5138/6015/4531 5137/6013/4529 5153/6026/4541 5154/6028/4543
f 5131/5998/4516 5130/6014/4530 5146/6027/4542 5147/6029/4544
f 5139/6000/4518 5138/6015/4531 5154/6028/4543 5155/6030/4545
f 5132/5999/4517 5131/5998/4516 5147/6029/4544 5148/6031/4546
f 5140/6001/4519 5139/6000/4518 5155/6030/4545 5156/6032/4547
f 5133/6002/4520 5132/5999/4517 5148/6031/4546 5149/6033/4532
f 5141/6003/4521 5140/6001/4519 5156/6032/4547 5157/6018/4534
f 5152/6023/4539 5151/6020/4536 5167/6034/4548 5168/6035/4549
f 5145/6024/4540 5144/6022/4538 5160/6036/4550 5161/6037/4551
f 5153/6026/4541 5152/6025/4539 5168/6038/4549 5169/6039/4552
f 5146/6027/4542 5145/6024/4540 5161/6037/4551 5162/6040/4553
f 5154/6028/4543 5153/6026/4541 5169/6039/4552 5170/6041/4554
f 5147/6029/4544 5146/6027/4542 5162/6040/4553 5163/6042/4555
f 5155/6030/4545 5154/6028/4543 5170/6041/4554 5171/6043/4556
f 5148/6031/4546 5147/6029/4544 5163/6042/4555 5164/6044/4557
f 5156/6032/4547 5155/6030/4545 5171/6043/4556 5172/6045/4558
f 5149/6033/4532 5148/6031/4546 5164/6044/4557 5165/6038/4559
f 5157/6018/4534 5156/6032/4547 5172/6045/4558 5173/6046/4560
f 5150/6017/4533 5149/6016/4532 5165/6047/4559 5166/6048/4561
f 5158/6019/4535 5157/6018/4534 5173/6046/4560 5174/6049/4562
f 5151/6020/4536 5150/6017/4533 5166/6048/4561 5167/6034/4548
f 5144/6022/4538 5143/6021/4537 5159/6050/4563 5160/6036/4550
f 5170/6041/4554 5169/6039/4552 5185/6051/4564 5186/6052/4565
f 5163/6042/4555 5162/6040/4553 5178/6053/4566 5179/6054/4567
f 5171/6043/4556 5170/6041/4554 5186/6052/4565 5187/6055/4568
f 5164/6044/4557 5163/6042/4555 5179/6054/4567 5180/6056/4569
f 5172/6045/4558 5171/6043/4556 5187/6055/4568 5188/6057/4570
f 5165/6038/4559 5164/6044/4557 5180/6056/4569 5181/6058/4571
f 5173/6046/4560 5172/6045/4558 5188/6057/4570 5189/6059/4572
f 5166/6048/4561 5165/6047/4559 5181/6060/4571 5182/6061/4573
f 5174/6049/4562 5173/6046/4560 5189/6059/4572 5190/6062/4574
f 5167/6034/4548 5166/6048/4561 5182/6061/4573 5183/6063/4575
f 5160/6036/4550 5159/6050/4563 5175/6064/4576 5176/6065/4577
f 5168/6035/4549 5167/6034/4548 5183/6063/4575 5184/6066/4578
f 5161/6037/4551 5160/6036/4550 5176/6065/4577 5177/6067/4579
f 5169/6039/4552 5168/6038/4549 5184/6068/4578 5185/6051/4564
f 5162/6040/4553 5161/6037/4551 5177/6067/4579 5178/6053/4566
f 5188/6057/4570 5187/6055/4568 5203/6069/4580 5204/6070/4581
f 5181/6058/4571 5180/6056/4569 5196/6071/4582 5197/6072/4583
f 5189/6059/4572 5188/6057/4570 5204/6070/4581 5205/6073/4584
f 5182/6061/4573 5181/6060/4571 5197/6074/4583 5198/6075/4585
f 5190/6062/4574 5189/6059/4572 5205/6073/4584 5206/6076/4586
f 5183/6063/4575 5182/6061/4573 5198/6075/4585 5199/6077/4587
f 5176/6065/4577 5175/6064/4576 5191/6078/4588 5192/6079/4589
f 5184/6066/4578 5183/6063/4575 5199/6077/4587 5200/6080/4590
f 5177/6067/4579 5176/6065/4577 5192/6079/4589 5193/6081/4591
f 5185/6051/4564 5184/6068/4578 5200/6082/4590 5201/6083/4592
f 5178/6053/4566 5177/6067/4579 5193/6081/4591 5194/6084/4593
f 5186/6052/4565 5185/6051/4564 5201/6083/4592 5202/6085/4594
f 5179/6054/4567 5178/6053/4566 5194/6084/4593 5195/6086/4595
f 5187/6055/4568 5186/6052/4565 5202/6085/4594 5203/6069/4580
f 5180/6056/4569 5179/6054/4567 5195/6086/4595 5196/6071/4582
f 5206/6076/4586 5205/6073/4584 5221/6087/4596 5222/6088/4597
f 5199/6077/4587 5198/6075/4585 5214/6089/4598 5215/6090/4599
f 5192/6079/4589 5191/6078/4588 5207/6091/4600 5208/6092/4601
f 5200/6080/4590 5199/6077/4587 5215/6090/4599 5216/6093/4602
f 5193/6081/4591 5192/6079/4589 5208/6092/4601 5209/6094/4603
f 5201/6083/4592 5200/6082/4590 5216/6095/4602 5217/6096/4604
f 5194/6084/4593 5193/6081/4591 5209/6094/4603 5210/6097/4605
f 5202/6085/4594 5201/6083/4592 5217/6096/4604 5218/6098/4606
f 5195/6086/4595 5194/6084/4593 5210/6097/4605 5211/6099/4607
f 5203/6069/4580 5202/6085/4594 5218/6098/4606 5219/6100/4608
f 5196/6071/4582 5195/6086/4595 5211/6099/4607 5212/6101/4609
f 5204/6070/4581 5203/6069/4580 5219/6100/4608 5220/6102/4610
f 5197/6072/4583 5196/6071/4582 5212/6101/4609 5213/6103/4611
f 5205/6073/4584 5204/6070/4581 5220/6102/4610 5221/6087/4596
f 5198/6075/4585 5197/6074/4583 5213/6104/4611 5214/6089/4598
f 5209/6094/4603 5208/6092/4601 5224/6105/4612 5225/6106/4613
f 5217/6096/4604 5216/6095/4602 5232/6107/4614 5233/6108/4615
f 5210/6097/4605 5209/6094/4603 5225/6106/4613 5226/6109/4616
f 5218/6098/4606 5217/6096/4604 5233/6108/4615 5234/6110/4617
f 5211/6099/4607 5210/6097/4605 5226/6109/4616 5227/6111/4618
f 5219/6100/4608 5218/6098/4606 5234/6110/4617 5235/6112/4619
f 5212/6101/4609 5211/6099/4607 5227/6111/4618 5228/6113/4620
f 5220/6102/4610 5219/6100/4608 5235/6112/4619 5236/6114/4621
f 5213/6103/4611 5212/6101/4609 5228/6113/4620 5229/6115/4622
f 5221/6087/4596 5220/6102/4610 5236/6114/4621 5237/6116/4623
f 5214/6117/4598 5213/6118/4611 5229/6119/4622 5230/6120/4624
f 5222/6088/4597 5221/6087/4596 5237/6116/4623 5238/6121/4625
f 5215/6122/4599 5214/6117/4598 5230/6120/4624 5231/6123/4626
f 5208/6092/4601 5207/6091/4600 5223/6124/4627 5224/6105/4612
f 5216/6125/4602 5215/6122/4599 5231/6123/4626 5232/6126/4614
f 5227/6111/4618 5226/6109/4616 5242/6127/4628 5243/6128/4629
f 5235/6112/4619 5234/6110/4617 5250/6129/4630 5251/6130/4631
f 5228/6113/4620 5227/6111/4618 5243/6128/4629 5244/6131/4632
f 5236/6114/4621 5235/6112/4619 5251/6130/4631 5252/6132/4633
f 5229/6115/4622 5228/6113/4620 5244/6131/4632 5245/6133/4634
f 5237/6116/4623 5236/6114/4621 5252/6132/4633 5253/6134/4635
f 5230/6120/4624 5229/6119/4622 5245/6135/4634 5246/6136/4636
f 5238/6121/4625 5237/6116/4623 5253/6134/4635 5254/6137/4637
f 5231/6123/4626 5230/6120/4624 5246/6136/4636 5247/6138/4638
f 5224/6105/4612 5223/6124/4627 5239/6139/4639 5240/6140/4640
f 5232/6126/4614 5231/6123/4626 5247/6138/4638 5248/6141/4641
f 5225/6106/4613 5224/6105/4612 5240/6140/4640 5241/6142/4642
f 5233/6108/4615 5232/6107/4614 5248/6143/4641 5249/6144/4643
f 5226/6109/4616 5225/6106/4613 5241/6142/4642 5242/6127/4628
f 5234/6110/4617 5233/6108/4615 5249/6144/4643 5250/6129/4630
f 5245/6133/4634 5244/6131/4632 5260/6145/4644 5261/6146/4645
f 5253/6134/4635 5252/6132/4633 5268/6147/4646 5269/6148/4647
f 5246/6136/4636 5245/6135/4634 5261/6149/4645 5262/6150/4648
f 5254/6137/4637 5253/6134/4635 5269/6148/4647 5270/6151/4649
f 5247/6138/4638 5246/6136/4636 5262/6150/4648 5263/6152/4650
f 5240/6140/4640 5239/6139/4639 5255/6153/4651 5256/6154/4652
f 5248/6141/4641 5247/6138/4638 5263/6152/4650 5264/6155/4653
f 5241/6142/4642 5240/6140/4640 5256/6154/4652 5257/6156/4654
f 5249/6144/4643 5248/6143/4641 5264/6157/4653 5265/6158/4655
f 5242/6127/4628 5241/6142/4642 5257/6156/4654 5258/6159/4656
f 5250/6129/4630 5249/6144/4643 5265/6158/4655 5266/6160/4657
f 5243/6128/4629 5242/6127/4628 5258/6159/4656 5259/6161/4658
f 5251/6130/4631 5250/6129/4630 5266/6160/4657 5267/6162/4659
f 5244/6131/4632 5243/6128/4629 5259/6161/4658 5260/6145/4644
f 5252/6132/4633 5251/6130/4631 5267/6162/4659 5268/6147/4646
f 5263/6152/4650 5262/6150/4648 5278/6163/4660 5279/6164/4661
f 5256/6154/4652 5255/6153/4651 5271/6165/4662 5272/6166/4663
f 5264/6155/4653 5263/6152/4650 5279/6164/4661 5280/6167/4664
f 5257/6156/4654 5256/6154/4652 5272/6166/4663 5273/6168/4665
f 5265/6158/4655 5264/6157/4653 5280/6169/4664 5281/6170/4666
f 5258/6159/4656 5257/6156/4654 5273/6168/4665 5274/6171/4667
f 5266/6160/4657 5265/6158/4655 5281/6170/4666 5282/6172/4668
f 5259/6161/4658 5258/6159/4656 5274/6171/4667 5275/6173/4669
f 5267/6162/4659 5266/6160/4657 5282/6172/4668 5283/6174/4670
f 5260/6145/4644 5259/6161/4658 5275/6173/4669 5276/6175/4671
f 5268/6147/4646 5267/6162/4659 5283/6174/4670 5284/6176/4672
f 5261/6146/4645 5260/6145/4644 5276/6175/4671 5277/6177/4673
f 5269/6148/4647 5268/6147/4646 5284/6176/4672 5285/6178/4674
f 5262/6150/4648 5261/6149/4645 5277/6179/4673 5278/6163/4660
f 5270/6151/4649 5269/6148/4647 5285/6178/4674 5286/6180/4675
f 5281/6170/4666 5280/6169/4664 5296/6181/4676 5297/6182/4677
f 5274/6171/4667 5273/6168/4665 5289/6183/4678 5290/6184/4679
f 5282/6172/4668 5281/6170/4666 5297/6182/4677 5298/6185/4680
f 5275/6173/4669 5274/6171/4667 5290/6184/4679 5291/6186/4681
f 5283/6174/4670 5282/6172/4668 5298/6185/4680 5299/6187/4682
f 5276/6175/4671 5275/6173/4669 5291/6186/4681 5292/6188/4683
f 5284/6176/4672 5283/6174/4670 5299/6187/4682 5300/6189/4684
f 5277/6177/4673 5276/6175/4671 5292/6188/4683 5293/6190/4685
f 5285/6178/4674 5284/6176/4672 5300/6189/4684 5301/6191/4686
f 5278/6163/4660 5277/6179/4673 5293/6192/4685 5294/6193/4687
f 5286/6180/4675 5285/6178/4674 5301/6191/4686 5302/6194/4688
f 5279/6164/4661 5278/6163/4660 5294/6193/4687 5295/6195/4689
f 5272/6166/4663 5271/6165/4662 5287/6196/4690 5288/6197/4691
f 5280/6167/4664 5279/6164/4661 5295/6195/4689 5296/6198/4676
f 5273/6168/4665 5272/6166/4663 5288/6197/4691 5289/6183/4678
f 5299/6187/4682 5298/6185/4680 5314/6199/4692 5315/6200/4693
f 5292/6188/4683 5291/6186/4681 5307/6201/4694 5308/6202/4695
f 5300/6189/4684 5299/6187/4682 5315/6200/4693 5316/6203/4696
f 5293/6190/4685 5292/6188/4683 5308/6202/4695 5309/6204/4697
f 5301/6191/4686 5300/6189/4684 5316/6203/4696 5317/6205/4698
f 5294/6193/4687 5293/6192/4685 5309/6206/4697 5310/6207/4699
f 5302/6194/4688 5301/6191/4686 5317/6205/4698 5318/6208/4700
f 5295/6195/4689 5294/6193/4687 5310/6207/4699 5311/6209/4701
f 5288/6197/4691 5287/6196/4690 5303/6210/4702 5304/6211/4703
f 5296/6198/4676 5295/6195/4689 5311/6209/4701 5312/6212/4704
f 5289/6183/4678 5288/6197/4691 5304/6211/4703 5305/6213/4705
f 5297/6182/4677 5296/6181/4676 5312/6214/4704 5313/6215/4706
f 5290/6184/4679 5289/6183/4678 5305/6213/4705 5306/6216/4707
f 5298/6185/4680 5297/6182/4677 5313/6215/4706 5314/6199/4692
f 5291/6186/4681 5290/6184/4679 5306/6216/4707 5307/6201/4694
f 5317/6205/4698 5316/6203/4696 5332/6217/4708 5333/6218/4709
f 5310/6207/4699 5309/6206/4697 5325/6219/4710 5326/6220/4711
f 5318/6208/4700 5317/6205/4698 5333/6218/4709 5334/6221/4712
f 5311/6209/4701 5310/6207/4699 5326/6220/4711 5327/6222/4713
f 5304/6211/4703 5303/6210/4702 5319/6223/4714 5320/6224/4715
f 5312/6212/4704 5311/6209/4701 5327/6222/4713 5328/6225/4716
f 5305/6213/4705 5304/6211/4703 5320/6224/4715 5321/6226/4717
f 5313/6215/4706 5312/6214/4704 5328/6227/4716 5329/6228/4718
f 5306/6216/4707 5305/6213/4705 5321/6226/4717 5322/6229/4719
f 5314/6199/4692 5313/6215/4706 5329/6228/4718 5330/6230/4720
f 5307/6201/4694 5306/6216/4707 5322/6229/4719 5323/6231/4721
f 5315/6200/4693 5314/6199/4692 5330/6230/4720 5331/6232/4722
f 5308/6202/4695 5307/6201/4694 5323/6231/4721 5324/6233/4723
f 5316/6203/4696 5315/6200/4693 5331/6232/4722 5332/6217/4708
f 5309/6204/4697 5308/6202/4695 5324/6233/4723 5325/6234/4710
f 5328/6235/4716 5327/6236/4713 5343/6237/4724 5344/6238/4725
f 5321/6226/4717 5320/6224/4715 5336/6239/4726 5337/6240/4727
f 5329/6228/4718 5328/6227/4716 5344/6241/4725 5345/6242/4728
f 5322/6229/4719 5321/6226/4717 5337/6240/4727 5338/6243/4729
f 5330/6230/4720 5329/6228/4718 5345/6242/4728 5346/6244/4730
f 5323/6231/4721 5322/6229/4719 5338/6243/4729 5339/6245/4731
f 5331/6232/4722 5330/6230/4720 5346/6244/4730 5347/6246/4732
f 5324/6233/4723 5323/6231/4721 5339/6245/4731 5340/6247/4733
f 5332/6217/4708 5331/6232/4722 5347/6246/4732 5348/6248/4734
f 5325/6234/4710 5324/6233/4723 5340/6247/4733 5341/6249/4735
f 5333/6218/4709 5332/6217/4708 5348/6248/4734 5349/6250/4736
f 5326/6251/4711 5325/6252/4710 5341/6253/4735 5342/6254/4737
f 5334/6221/4712 5333/6218/4709 5349/6250/4736 5350/6255/4738
f 5327/6236/4713 5326/6251/4711 5342/6254/4737 5343/6237/4724
f 5320/6224/4715 5319/6223/4714 5335/6256/4739 5336/6239/4726
f 5346/6244/4730 5345/6242/4728 5361/6257/4740 5362/6258/4741
f 5339/6245/4731 5338/6243/4729 5354/6259/4742 5355/6260/4743
f 5347/6246/4732 5346/6244/4730 5362/6258/4741 5363/6261/4744
f 5340/6247/4733 5339/6245/4731 5355/6260/4743 5356/6262/4745
f 5348/6248/4734 5347/6246/4732 5363/6261/4744 5364/6263/4746
f 5341/6249/4735 5340/6247/4733 5356/6262/4745 5357/6264/4747
f 5349/6250/4736 5348/6248/4734 5364/6263/4746 5365/6265/4748
f 5342/6254/4737 5341/6253/4735 5357/6266/4747 5358/6267/4749
f 5350/6255/4738 5349/6250/4736 5365/6265/4748 5366/6268/4750
f 5343/6237/4724 5342/6254/4737 5358/6267/4749 5359/6269/4751
f 5336/6239/4726 5335/6256/4739 5351/6270/4752 5352/6271/4753
f 5344/6238/4725 5343/6237/4724 5359/6269/4751 5360/6272/4754
f 5337/6240/4727 5336/6239/4726 5352/6271/4753 5353/6273/4755
f 5345/6242/4728 5344/6241/4725 5360/6274/4754 5361/6257/4740
f 5338/6243/4729 5337/6240/4727 5353/6273/4755 5354/6259/4742
f 5364/6263/4746 5363/6261/4744 5379/6275/4756 5380/6276/4757
f 5357/6264/4747 5356/6262/4745 5372/6277/4758 5373/6278/4759
f 5365/6265/4748 5364/6263/4746 5380/6276/4757 5381/6279/4760
f 5358/6267/4749 5357/6266/4747 5373/6280/4759 5374/6281/4761
f 5366/6268/4750 5365/6265/4748 5381/6279/4760 5382/6282/4762
f 5359/6269/4751 5358/6267/4749 5374/6281/4761 5375/6283/4763
f 5352/6271/4753 5351/6270/4752 5367/6284/4764 5368/6285/4765
f 5360/6272/4754 5359/6269/4751 5375/6283/4763 5376/6286/4766
f 5353/6273/4755 5352/6271/4753 5368/6285/4765 5369/6287/4767
f 5361/6257/4740 5360/6274/4754 5376/6288/4766 5377/6289/4768
f 5354/6259/4742 5353/6273/4755 5369/6287/4767 5370/6290/4769
f 5362/6258/4741 5361/6257/4740 5377/6289/4768 5378/6291/4770
f 5355/6260/4743 5354/6259/4742 5370/6290/4769 5371/6292/4771
f 5363/6261/4744 5362/6258/4741 5378/6291/4770 5379/6275/4756
f 5356/6262/4745 5355/6260/4743 5371/6292/4771 5372/6277/4758
f 5383/6293/4772 5367/6284/4764 5351/6270/4752 5335/6256/4739 5319/6223/4714 5303/6210/4702 5287/6196/4690 5271/6165/4662 5255/6153/4651 5239/6139/4639 5223/6124/4627 5207/6091/4600 5191/6078/4588 5175/6064/4576 5159/6050/4563 5143/6021/4537 5127/6008/4525 5111/5994/4513 5095/5962/4484 5079/5947/4474 5063/5931/4462 5047/5917/4450 5031/5888/4424 5015/5875/4412 4999/5861/4400 4983/5847/4387 4967/5817/4361 4951/5803/4349 4935/5786/4337 4919/5756/4310 4910/5755/4309 5399/6294/4773
f 5382/6282/4762 5381/6279/4760 5397/6295/4774 5398/6296/4775
f 5375/6283/4763 5374/6281/4761 5390/6297/4776 5391/6298/4777
f 5368/6285/4765 5367/6284/4764 5383/6293/4772 5384/6299/4778
f 5414/6300/4779 5421/5750/4304 4934/5751/4305 4950/5784/4335 4966/5800/4347 4982/5815/4359 4998/5846/4386 5014/5859/4398 5030/5873/4410 5046/5885/4421 5062/5915/4448 5078/5929/4460 5094/5944/4472 5110/5979/4499 5126/5992/4511 5142/6006/4523 5158/6019/4535 5174/6049/4562 5190/6062/4574 5206/6076/4586 5222/6088/4597 5238/6121/4625 5254/6137/4637 5270/6151/4649 5286/6180/4675 5302/6194/4688 5318/6208/4700 5334/6221/4712 5350/6255/4738 5366/6268/4750 5382/6282/4762 5398/6296/4775
f 5376/6286/4766 5375/6283/4763 5391/6298/4777 5392/6301/4780
f 5369/6287/4767 5368/6285/4765 5384/6299/4778 5385/6302/4781
f 5377/6289/4768 5376/6288/4766 5392/6303/4780 5393/6304/4782
f 5370/6290/4769 5369/6287/4767 5385/6302/4781 5386/6305/4783
f 5378/6291/4770 5377/6289/4768 5393/6304/4782 5394/6306/4784
f 5371/6292/4771 5370/6290/4769 5386/6305/4783 5387/6307/4785
f 5379/6275/4756 5378/6291/4770 5394/6306/4784 5395/6308/4786
f 5372/6277/4758 5371/6292/4771 5387/6307/4785 5388/6309/4787
f 5380/6276/4757 5379/6275/4756 5395/6308/4786 5396/6310/4788
f 5373/6278/4759 5372/6277/4758 5388/6309/4787 5389/6311/4789
f 5381/6279/4760 5380/6276/4757 5396/6310/4788 5397/6295/4774
f 5374/6281/4761 5373/6280/4759 5389/6312/4789 5390/6297/4776
f 5385/6302/4781 5384/6299/4778 5400/6313/4790 5401/6314/4791
f 5393/6304/4782 5392/6303/4780 5408/6315/4792 5409/6316/4793
f 5386/6305/4783 5385/6302/4781 5401/6314/4791 5402/6317/4794
f 5394/6306/4784 5393/6304/4782 5409/6316/4793 5410/6318/4795
f 5387/6307/4785 5386/6305/4783 5402/6317/4794 5403/6319/4796
f 5395/6308/4786 5394/6306/4784 5410/6318/4795 5411/6320/4797
f 5388/6309/4787 5387/6307/4785 5403/6319/4796 5404/6321/4798
f 5396/6310/4788 5395/6308/4786 5411/6320/4797 5412/6322/4799
f 5389/6311/4789 5388/6309/4787 5404/6321/4798 5405/6323/4800
f 5397/6295/4774 5396/6310/4788 5412/6322/4799 5413/6324/4801
f 5390/6297/4776 5389/6312/4789 5405/6325/4800 5406/6326/4802
f 5398/6296/4775 5397/6295/4774 5413/6324/4801 5414/6300/4779
f 5391/6298/4777 5390/6297/4776 5406/6326/4802 5407/6327/4803
f 5384/6299/4778 5383/6293/4772 5399/6294/4773 5400/6313/4790
f 5392/6301/4780 5391/6298/4777 5407/6327/4803 5408/6328/4792
f 5403/6319/4796 5402/6317/4794 4913/5766/4318 4914/5770/4322
f 5411/6320/4797 5410/6318/4795 4918/5768/4320 5418/5737/4293
f 5404/6321/4798 5403/6319/4796 4914/5770/4322 4915/5741/4297
f 5412/6322/4799 5411/6320/4797 5418/5737/4293 5419/5736/4292
f 5405/6323/4800 5404/6321/4798 4915/5741/4297 4916/5740/4296
f 5413/6324/4801 5412/6322/4799 5419/5736/4292 5420/5744/4300
f 5406/6326/4802 5405/6325/4800 4916/5747/4296 5415/5746/4302
f 5414/6300/4779 5413/6324/4801 5420/5744/4300 5421/5750/4304
f 5407/6327/4803 5406/6326/4802 5415/5746/4302 4917/5752/4306
f 5400/6313/4790 5399/6294/4773 4910/5755/4309 4911/5754/4308
f 5408/6328/4792 5407/6327/4803 4917/5752/4306 5416/5758/4312
f 5401/6314/4791 5400/6313/4790 4911/5754/4308 4912/5760/4314
f 5409/6316/4793 5408/6315/4792 5416/5763/4312 5417/5762/4316
f 5402/6317/4794 5401/6314/4791 4912/5760/4314 4913/5766/4318
f 5410/6318/4795 5409/6316/4793 5417/5762/4316 4918/5768/4320
o Siren.001
v 0.592773 6.960239 0.000000
v 0.510531 6.976185 -0.000000
v 0.592620 6.959449 0.217607
v 0.510377 6.975395 0.217607
v 0.592166 6.957108 0.225464
v 0.509924 6.973055 0.225464
v 0.591429 6.953309 0.232706
v 0.509187 6.969254 0.232706
v 0.590438 6.948195 0.239053
v 0.508195 6.964141 0.239053
v 0.589229 6.941963 0.244263
v 0.506987 6.957910 0.244263
v 0.587851 6.934854 0.248133
v 0.505609 6.950800 0.248133
v 0.586355 6.927140 0.250517
v 0.504113 6.943086 0.250517
v 0.560881 6.795755 0.251322
v 0.478639 6.811702 0.251322
v 0.535406 6.664371 0.250517
v 0.453164 6.680317 0.250517
v 0.533911 6.656657 0.248133
v 0.451668 6.672603 0.248133
v 0.532532 6.649548 0.244263
v 0.450290 6.665494 0.244263
v 0.531324 6.643316 0.239053
v 0.449082 6.659263 0.239053
v 0.530332 6.638203 0.232706
v 0.448090 6.654149 0.232706
v 0.529596 6.634402 0.225464
v 0.447353 6.650349 0.225464
v 0.529142 6.632062 0.217607
v 0.446900 6.648008 0.217607
v 0.528989 6.631272 -0.000000
v 0.446747 6.647218 -0.000000
v 0.529142 6.632062 -0.217607
v 0.446900 6.648008 -0.217607
v 0.529596 6.634402 -0.225464
v 0.447353 6.650349 -0.225464
v 0.530333 6.638203 -0.232706
v 0.448090 6.654149 -0.232706
v 0.531324 6.643316 -0.239053
v 0.449082 6.659263 -0.239053
v 0.532532 6.649548 -0.244263
v 0.450290 6.665494 -0.244263
v 0.533911 6.656657 -0.248133
v 0.451668 6.672603 -0.248133
v 0.535406 6.664371 -0.250517
v 0.453164 6.680317 -0.250517
v 0.560881 6.795755 -0.251322
v 0.478639 6.811702 -0.251322
v 0.586355 6.927140 -0.250517
v 0.504113 6.943086 -0.250517
v 0.587851 6.934854 -0.248133
v 0.505609 6.950800 -0.248133
v 0.589229 6.941963 -0.244263
v 0.506987 6.957910 -0.244263
v 0.590438 6.948195 -0.239053
v 0.508195 6.964141 -0.239053
v 0.591429 6.953309 -0.232706
v 0.509187 6.969254 -0.232706
v 0.592166 6.957108 -0.225464
v 0.509924 6.973055 -0.225464
v 0.592620 6.959449 -0.217607
v 0.510377 6.975395 -0.217607
v 0.448162 6.980661 -0.000000
v 0.448015 6.979906 0.207895
v 0.447582 6.977671 0.215402
v 0.446878 6.974040 0.222321
v 0.445930 6.969154 0.228385
v 0.444776 6.963201 0.233362
v 0.443459 6.956409 0.237060
v 0.442030 6.949039 0.239337
v 0.417693 6.823518 0.240106
v 0.393355 6.697998 0.239337
v 0.391926 6.690628 0.237060
v 0.390609 6.683836 0.233362
v 0.389455 6.677883 0.228385
v 0.388508 6.672997 0.222321
v 0.387804 6.669366 0.215402
v 0.387370 6.667131 0.207895
v 0.387224 6.666376 -0.000000
v 0.387370 6.667131 -0.207895
v 0.387804 6.669366 -0.215402
v 0.388508 6.672997 -0.222321
v 0.389455 6.677883 -0.228385
v 0.390609 6.683836 -0.233362
v 0.391926 6.690628 -0.237060
v 0.393355 6.697998 -0.239337
v 0.417693 6.823518 -0.240106
v 0.442030 6.949039 -0.239337
v 0.443459 6.956409 -0.237060
v 0.444776 6.963201 -0.233362
v 0.445930 6.969154 -0.228385
v 0.446878 6.974040 -0.222321
v 0.447582 6.977671 -0.215402
v 0.448015 6.979906 -0.207895
v 0.400907 6.980408 -0.000000
v 0.400769 6.979696 0.195890
v 0.400361 6.977590 0.202963
v 0.399698 6.974169 0.209482
v 0.398805 6.969565 0.215196
v 0.397718 6.963956 0.219885
v 0.396477 6.957556 0.223370
v 0.395130 6.950612 0.225516
v 0.372198 6.832340 0.226240
v 0.349266 6.714067 0.225516
v 0.347920 6.707123 0.223370
v 0.346679 6.700723 0.219885
v 0.345591 6.695114 0.215196
v 0.344698 6.690510 0.209482
v 0.344035 6.687089 0.202963
v 0.343627 6.684983 0.195890
v 0.343489 6.684272 -0.000000
v 0.343627 6.684983 -0.195890
v 0.344035 6.687089 -0.202963
v 0.344699 6.690510 -0.209482
v 0.345591 6.695114 -0.215196
v 0.346679 6.700723 -0.219885
v 0.347920 6.707123 -0.223370
v 0.349266 6.714067 -0.225516
v 0.372198 6.832340 -0.226240
v 0.395130 6.950612 -0.225516
v 0.396477 6.957556 -0.223370
v 0.397718 6.963956 -0.219885
v 0.398805 6.969565 -0.215196
v 0.399698 6.974169 -0.209482
v 0.400361 6.977590 -0.202963
v 0.400769 6.979696 -0.195890
v 0.355885 6.977885 -0.000000
v 0.355757 6.977225 0.181542
v 0.355379 6.975273 0.188098
v 0.354764 6.972103 0.194139
v 0.353937 6.967836 0.199435
v 0.352929 6.962638 0.203781
v 0.351779 6.956707 0.207010
v 0.350531 6.950271 0.208999
v 0.329279 6.840662 0.209670
v 0.308026 6.731051 0.208999
v 0.306778 6.724616 0.207010
v 0.305628 6.718685 0.203781
v 0.304620 6.713486 0.199435
v 0.303793 6.709219 0.194139
v 0.303178 6.706049 0.188098
v 0.302800 6.704097 0.181542
v 0.302672 6.703438 -0.000000
v 0.302800 6.704097 -0.181542
v 0.303178 6.706049 -0.188098
v 0.303793 6.709219 -0.194139
v 0.304620 6.713486 -0.199435
v 0.305628 6.718685 -0.203781
v 0.306778 6.724616 -0.207010
v 0.308026 6.731051 -0.208999
v 0.329279 6.840662 -0.209670
v 0.350531 6.950271 -0.208999
v 0.351779 6.956707 -0.207010
v 0.352929 6.962638 -0.203781
v 0.353937 6.967836 -0.199435
v 0.354764 6.972103 -0.194139
v 0.355379 6.975273 -0.188098
v 0.355757 6.977225 -0.181542
v 0.335953 6.971550 -0.000000
v 0.335834 6.970939 0.168539
v 0.335483 6.969126 0.174625
v 0.334912 6.966183 0.180234
v 0.334144 6.962223 0.185150
v 0.333209 6.957396 0.189184
v 0.332141 6.951890 0.192182
v 0.330983 6.945915 0.194028
v 0.311252 6.844156 0.194652
v 0.291522 6.742397 0.194028
v 0.290364 6.736423 0.192182
v 0.289296 6.730917 0.189184
v 0.288360 6.726090 0.185150
v 0.287592 6.722129 0.180234
v 0.287022 6.719186 0.174625
v 0.286670 6.717374 0.168539
v 0.286552 6.716762 -0.000000
v 0.286670 6.717374 -0.168539
v 0.287022 6.719186 -0.174625
v 0.287592 6.722130 -0.180234
v 0.288360 6.726090 -0.185150
v 0.289296 6.730917 -0.189184
v 0.290364 6.736423 -0.192182
v 0.291522 6.742397 -0.194028
v 0.311252 6.844156 -0.194652
v 0.330983 6.945915 -0.194028
v 0.332141 6.951890 -0.192182
v 0.333209 6.957396 -0.189184
v 0.334144 6.962223 -0.185150
v 0.334912 6.966183 -0.180234
v 0.335483 6.969126 -0.174625
v 0.335834 6.970939 -0.168539
v 0.315813 6.959548 -0.000000
v 0.315708 6.959010 0.148256
v 0.315399 6.957415 0.153609
v 0.314897 6.954826 0.158543
v 0.314222 6.951342 0.162868
v 0.313399 6.947097 0.166417
v 0.312459 6.942253 0.169054
v 0.311440 6.936997 0.170678
v 0.294085 6.847485 0.171226
v 0.276729 6.757973 0.170678
v 0.275710 6.752717 0.169054
v 0.274771 6.747873 0.166417
v 0.273947 6.743628 0.162868
v 0.273272 6.740144 0.158543
v 0.272770 6.737555 0.153609
v 0.272461 6.735960 0.148256
v 0.272356 6.735422 -0.000000
v 0.272461 6.735960 -0.148256
v 0.272770 6.737555 -0.153609
v 0.273272 6.740144 -0.158543
v 0.273947 6.743628 -0.162868
v 0.274771 6.747873 -0.166417
v 0.275710 6.752717 -0.169054
v 0.276729 6.757973 -0.170678
v 0.294085 6.847485 -0.171226
v 0.311440 6.936997 -0.170678
v 0.312459 6.942253 -0.169054
v 0.313399 6.947097 -0.166417
v 0.314222 6.951342 -0.162868
v 0.314897 6.954826 -0.158543
v 0.315399 6.957415 -0.153609
v 0.315708 6.959010 -0.148256
v 0.300432 6.948895 -0.000000
v 0.300340 6.948420 0.130871
v 0.300067 6.947013 0.135597
v 0.299624 6.944727 0.139952
v 0.299028 6.941652 0.143770
v 0.298301 6.937904 0.146903
v 0.297472 6.933629 0.149230
v 0.296572 6.928989 0.150664
v 0.281252 6.849973 0.151148
v 0.265931 6.770957 0.150664
v 0.265032 6.766318 0.149230
v 0.264203 6.762042 0.146903
v 0.263476 6.758295 0.143770
v 0.262880 6.755219 0.139952
v 0.262437 6.752934 0.135597
v 0.262164 6.751526 0.130871
v 0.262072 6.751051 -0.000000
v 0.262164 6.751526 -0.130871
v 0.262437 6.752934 -0.135597
v 0.262880 6.755219 -0.139952
v 0.263476 6.758295 -0.143770
v 0.264203 6.762042 -0.146903
v 0.265032 6.766318 -0.149231
v 0.265931 6.770957 -0.150664
v 0.281252 6.849973 -0.151148
v 0.296572 6.928989 -0.150664
v 0.297472 6.933629 -0.149231
v 0.298301 6.937904 -0.146903
v 0.299028 6.941652 -0.143770
v 0.299624 6.944727 -0.139952
v 0.300067 6.947013 -0.135597
v 0.300340 6.948420 -0.130871
v 0.282007 6.935834 -0.000000
v 0.281930 6.935436 0.109663
v 0.281701 6.934257 0.113623
v 0.281330 6.932342 0.117273
v 0.280830 6.929765 0.120471
v 0.280221 6.926625 0.123097
v 0.279527 6.923042 0.125047
v 0.278773 6.919154 0.126248
v 0.265935 6.852943 0.126654
v 0.253097 6.786732 0.126248
v 0.252344 6.782844 0.125047
v 0.251649 6.779261 0.123097
v 0.251040 6.776121 0.120471
v 0.250540 6.773544 0.117273
v 0.250169 6.771629 0.113623
v 0.249940 6.770450 0.109663
v 0.249863 6.770051 -0.000000
v 0.249940 6.770450 -0.109663
v 0.250169 6.771629 -0.113623
v 0.250540 6.773544 -0.117273
v 0.251040 6.776121 -0.120471
v 0.251649 6.779261 -0.123097
v 0.252344 6.782844 -0.125047
v 0.253097 6.786732 -0.126248
v 0.265935 6.852943 -0.126654
v 0.278773 6.919154 -0.126248
v 0.279527 6.923042 -0.125047
v 0.280221 6.926625 -0.123097
v 0.280830 6.929765 -0.120471
v 0.281330 6.932342 -0.117273
v 0.281701 6.934257 -0.113623
v 0.281930 6.935436 -0.109663
v 0.264774 6.917842 -0.000000
v 0.264716 6.917543 0.082462
v 0.264544 6.916656 0.085440
v 0.264265 6.915216 0.088184
v 0.263889 6.913278 0.090590
v 0.263431 6.910917 0.092564
v 0.262909 6.908223 0.094031
v 0.262342 6.905300 0.094934
v 0.252688 6.855511 0.095239
v 0.243035 6.805723 0.094934
v 0.242468 6.802800 0.094031
v 0.241946 6.800106 0.092564
v 0.241488 6.797744 0.090590
v 0.241112 6.795806 0.088184
v 0.240833 6.794366 0.085440
v 0.240661 6.793479 0.082462
v 0.240603 6.793180 -0.000000
v 0.240661 6.793479 -0.082462
v 0.240833 6.794366 -0.085440
v 0.241112 6.795806 -0.088184
v 0.241488 6.797744 -0.090590
v 0.241946 6.800106 -0.092564
v 0.242468 6.802800 -0.094031
v 0.243035 6.805723 -0.094934
v 0.252688 6.855511 -0.095239
v 0.262342 6.905300 -0.094934
v 0.262909 6.908223 -0.094031
v 0.263431 6.910917 -0.092564
v 0.263889 6.913278 -0.090590
v 0.264265 6.915216 -0.088184
v 0.264544 6.916656 -0.085440
v 0.264716 6.917543 -0.082462
v 0.253552 6.902055 -0.000000
v 0.253510 6.901838 0.059558
v 0.253386 6.901198 0.061709
v 0.253184 6.900158 0.063691
v 0.252913 6.898758 0.065428
v 0.252582 6.897053 0.066854
v 0.252205 6.895107 0.067913
v 0.251795 6.892996 0.068566
v 0.244823 6.857036 0.068786
v 0.237851 6.821076 0.068566
v 0.237441 6.818965 0.067913
v 0.237064 6.817019 0.066854
v 0.236733 6.815314 0.065428
v 0.236462 6.813914 0.063691
v 0.236260 6.812874 0.061709
v 0.236136 6.812234 0.059558
v 0.236094 6.812017 -0.000000
v 0.236136 6.812234 -0.059558
v 0.236260 6.812874 -0.061709
v 0.236462 6.813914 -0.063691
v 0.236733 6.815314 -0.065428
v 0.237064 6.817019 -0.066854
v 0.237441 6.818965 -0.067913
v 0.237851 6.821076 -0.068566
v 0.244823 6.857036 -0.068786
v 0.251795 6.892996 -0.068566
v 0.252205 6.895107 -0.067913
v 0.252582 6.897053 -0.066854
v 0.252913 6.898758 -0.065428
v 0.253184 6.900158 -0.063691
v 0.253386 6.901198 -0.061709
v 0.253510 6.901838 -0.059558
v 0.692820 6.951800 0.000000
v 0.692657 6.950959 0.231580
v 0.692174 6.948469 0.239942
v 0.691390 6.944425 0.247649
v 0.690335 6.938982 0.254404
v 0.689049 6.932351 0.259948
v 0.687582 6.924785 0.264067
v 0.685991 6.916575 0.266604
v 0.658880 6.776754 0.267460
v 0.631770 6.636933 0.266604
v 0.630178 6.628724 0.264067
v 0.628711 6.621158 0.259948
v 0.627426 6.614526 0.254404
v 0.626370 6.609084 0.247649
v 0.625586 6.605040 0.239942
v 0.625103 6.602550 0.231580
v 0.624940 6.601709 0.000000
v 0.625103 6.602550 -0.231580
v 0.625586 6.605040 -0.239942
v 0.626370 6.609084 -0.247649
v 0.627426 6.614526 -0.254404
v 0.628711 6.621158 -0.259948
v 0.630178 6.628724 -0.264067
v 0.631770 6.636933 -0.266604
v 0.658880 6.776754 -0.267460
v 0.685991 6.916575 -0.266604
v 0.687582 6.924785 -0.264067
v 0.689049 6.932351 -0.259948
v 0.690335 6.938982 -0.254404
v 0.691390 6.944425 -0.247649
v 0.692174 6.948468 -0.239942
v 0.692657 6.950959 -0.231580
v 0.767977 6.956624 0.000000
v 0.767797 6.955693 0.256311
v 0.767263 6.952937 0.265567
v 0.766395 6.948461 0.274097
v 0.765227 6.942438 0.281573
v 0.763804 6.935098 0.287709
v 0.762180 6.926724 0.292268
v 0.760418 6.917638 0.295076
v 0.730413 6.762885 0.296024
v 0.700407 6.608131 0.295076
v 0.698646 6.599045 0.292268
v 0.697022 6.590672 0.287709
v 0.695599 6.583332 0.281573
v 0.694431 6.577308 0.274097
v 0.693563 6.572832 0.265567
v 0.693029 6.570076 0.256311
v 0.692848 6.569145 0.000000
v 0.693029 6.570076 -0.256311
v 0.693563 6.572832 -0.265567
v 0.694431 6.577308 -0.274097
v 0.695599 6.583332 -0.281573
v 0.697022 6.590672 -0.287709
v 0.698646 6.599045 -0.292268
v 0.700407 6.608131 -0.295076
v 0.730413 6.762885 -0.296024
v 0.760418 6.917638 -0.295076
v 0.762180 6.926724 -0.292268
v 0.763804 6.935098 -0.287709
v 0.765227 6.942438 -0.281573
v 0.766395 6.948461 -0.274097
v 0.767263 6.952937 -0.265567
v 0.767797 6.955693 -0.256311
v 0.823501 6.963543 0.000000
v 0.823305 6.962534 0.277914
v 0.822726 6.959545 0.287949
v 0.821785 6.954692 0.297198
v 0.820518 6.948161 0.305304
v 0.818975 6.940203 0.311957
v 0.817215 6.931123 0.316901
v 0.815305 6.921271 0.319945
v 0.782770 6.753475 0.320973
v 0.750236 6.585679 0.319945
v 0.748326 6.575827 0.316901
v 0.746565 6.566748 0.311957
v 0.745022 6.558789 0.305304
v 0.743756 6.552258 0.297198
v 0.742815 6.547405 0.287949
v 0.742235 6.544416 0.277914
v 0.742040 6.543407 0.000000
v 0.742235 6.544416 -0.277914
v 0.742815 6.547405 -0.287949
v 0.743756 6.552258 -0.297198
v 0.745022 6.558789 -0.305304
v 0.746565 6.566748 -0.311957
v 0.748326 6.575827 -0.316901
v 0.750236 6.585679 -0.319945
v 0.782770 6.753475 -0.320973
v 0.815305 6.921271 -0.319945
v 0.817215 6.931123 -0.316901
v 0.818975 6.940203 -0.311957
v 0.820518 6.948161 -0.305304
v 0.821785 6.954692 -0.297198
v 0.822726 6.959545 -0.287949
v 0.823305 6.962534 -0.277914
v 0.870100 6.978028 0.000000
v 0.869883 6.976910 0.307902
v 0.869241 6.973598 0.319021
v 0.868199 6.968222 0.329267
v 0.866796 6.960986 0.338249
v 0.865086 6.952169 0.345619
v 0.863136 6.942110 0.351096
v 0.861019 6.931194 0.354469
v 0.824974 6.745292 0.355608
v 0.788929 6.559390 0.354469
v 0.786813 6.548475 0.351096
v 0.784863 6.538415 0.345619
v 0.783153 6.529598 0.338249
v 0.781750 6.522363 0.329267
v 0.780708 6.516986 0.319021
v 0.780066 6.513675 0.307902
v 0.779849 6.512557 0.000000
v 0.780066 6.513675 -0.307902
v 0.780708 6.516986 -0.319021
v 0.781750 6.522363 -0.329267
v 0.783153 6.529598 -0.338249
v 0.784863 6.538415 -0.345619
v 0.786813 6.548475 -0.351096
v 0.788929 6.559390 -0.354469
v 0.824975 6.745292 -0.355608
v 0.861020 6.931194 -0.354469
v 0.863136 6.942110 -0.351096
v 0.865086 6.952169 -0.345619
v 0.866796 6.960986 -0.338249
v 0.868199 6.968222 -0.329267
v 0.869241 6.973598 -0.319021
v 0.869883 6.976910 -0.307902
v 0.921734 6.995509 0.000000
v 0.921492 6.994263 0.342956
v 0.920777 6.990575 0.355340
v 0.919616 6.984586 0.366753
v 0.918053 6.976527 0.376757
v 0.916149 6.966706 0.384967
v 0.913976 6.955501 0.391067
v 0.911619 6.943344 0.394824
v 0.871471 6.736277 0.396092
v 0.831322 6.529211 0.394824
v 0.828965 6.517053 0.391067
v 0.826792 6.505848 0.384967
v 0.824888 6.496027 0.376757
v 0.823325 6.487967 0.366753
v 0.822164 6.481979 0.355340
v 0.821449 6.478291 0.342956
v 0.821208 6.477046 0.000000
v 0.821449 6.478291 -0.342956
v 0.822164 6.481979 -0.355340
v 0.823325 6.487967 -0.366753
v 0.824888 6.496027 -0.376757
v 0.826792 6.505848 -0.384967
v 0.828965 6.517053 -0.391067
v 0.831322 6.529210 -0.394824
v 0.871471 6.736277 -0.396092
v 0.911619 6.943344 -0.394824
v 0.913977 6.955501 -0.391067
v 0.916149 6.966706 -0.384967
v 0.918053 6.976527 -0.376757
v 0.919616 6.984586 -0.366753
v 0.920777 6.990575 -0.355340
v 0.921492 6.994263 -0.342956
v 0.970395 7.020626 0.000000
v 0.970122 7.019221 0.387012
v 0.969315 7.015059 0.400987
v 0.968005 7.008301 0.413866
v 0.966241 6.999206 0.425155
v 0.964092 6.988123 0.434419
v 0.961641 6.975480 0.441303
v 0.958981 6.961761 0.445543
v 0.913675 6.728094 0.446974
v 0.868369 6.494428 0.445543
v 0.865709 6.480708 0.441303
v 0.863257 6.468064 0.434419
v 0.861108 6.456982 0.425155
v 0.859345 6.447887 0.413866
v 0.858034 6.441129 0.400987
v 0.857228 6.436967 0.387012
v 0.856955 6.435562 0.000000
v 0.857228 6.436967 -0.387012
v 0.858035 6.441129 -0.400987
v 0.859345 6.447887 -0.413866
v 0.861108 6.456982 -0.425155
v 0.863257 6.468064 -0.434419
v 0.865709 6.480708 -0.441303
v 0.868369 6.494428 -0.445543
v 0.913675 6.728094 -0.446974
v 0.958981 6.961761 -0.445543
v 0.961641 6.975480 -0.441303
v 0.964093 6.988123 -0.434419
v 0.966241 6.999206 -0.425155
v 0.968005 7.008301 -0.413866
v 0.969315 7.015059 -0.400987
v 0.970122 7.019221 -0.387012
v 1.004980 7.047413 0.000000
v 1.004674 7.045832 0.435361
v 1.003831 7.041486 0.449957
v 1.002441 7.034318 0.463616
v 1.000571 7.024673 0.475588
v 0.998292 7.012919 0.485414
v 0.995692 6.999510 0.492715
v 0.992913 6.985176 0.497144
v 0.942002 6.722601 0.498752
v 0.891091 6.460028 0.497144
v 0.888311 6.445693 0.492715
v 0.885711 6.432284 0.485414
v 0.883433 6.420531 0.475588
v 0.881562 6.410885 0.463616
v 0.880173 6.403718 0.449957
v 0.879330 6.399371 0.435361
v 0.879023 6.397790 0.000000
v 0.879330 6.399371 -0.435361
v 0.880173 6.403718 -0.449957
v 0.881562 6.410885 -0.463616
v 0.883433 6.420531 -0.475588
v 0.885711 6.432284 -0.485414
v 0.888311 6.445693 -0.492715
v 0.891091 6.460028 -0.497144
v 0.942002 6.722601 -0.498752
v 0.992913 6.985176 -0.497144
v 0.995692 6.999510 -0.492715
v 0.998292 7.012919 -0.485414
v 1.000571 7.024673 -0.475588
v 1.002441 7.034318 -0.463616
v 1.003831 7.041486 -0.449957
v 1.004674 7.045832 -0.435361
v 1.005916 7.052238 0.000000
v 1.005609 7.050654 0.436099
v 1.004699 7.045965 0.451847
v 1.003223 7.038349 0.466360
v 1.001236 7.028100 0.479080
v 0.998814 7.015613 0.489520
v 0.996052 7.001365 0.497277
v 0.993054 6.985905 0.502054
v 0.942002 6.722601 0.503667
v 0.890949 6.459298 0.502054
v 0.887952 6.443838 0.497277
v 0.885189 6.429591 0.489520
v 0.882768 6.417103 0.479080
v 0.880781 6.406854 0.466360
v 0.879304 6.399239 0.451847
v 0.878395 6.394549 0.436099
v 0.878088 6.392965 0.000000
v 0.878395 6.394549 -0.436099
v 0.879304 6.399239 -0.451847
v 0.880781 6.406854 -0.466359
v 0.882768 6.417103 -0.479080
v 0.885189 6.429591 -0.489520
v 0.887952 6.443838 -0.497277
v 0.890949 6.459298 -0.502054
v 0.942002 6.722601 -0.503667
v 0.993054 6.985905 -0.502054
v 0.996052 7.001365 -0.497277
v 0.998814 7.015613 -0.489520
v 1.001236 7.028100 -0.479080
v 1.003223 7.038349 -0.466359
v 1.004699 7.045965 -0.451847
v 1.005609 7.050654 -0.436099
v 0.968767 7.017485 0.000000
v 0.968494 7.016077 0.387630
v 0.967744 7.012207 0.400625
v 0.966506 7.005826 0.412787
v 0.964841 6.997237 0.423446
v 0.962812 6.986772 0.432195
v 0.960497 6.974833 0.438695
v 0.958022 6.962070 0.442639
v 0.912693 6.728284 0.444071
v 0.867364 6.494498 0.442639
v 0.864889 6.481735 0.438695
v 0.862574 6.469796 0.432195
v 0.860545 6.459332 0.423446
v 0.858880 6.450743 0.412787
v 0.857643 6.444362 0.400625
v 0.856892 6.440492 0.387630
v 0.856620 6.439084 0.000000
v 0.856892 6.440492 -0.387630
v 0.857643 6.444362 -0.400625
v 0.858880 6.450743 -0.412787
v 0.860545 6.459332 -0.423446
v 0.862574 6.469796 -0.432195
v 0.864889 6.481735 -0.438695
v 0.867364 6.494498 -0.442639
v 0.912693 6.728284 -0.444071
v 0.958023 6.962070 -0.442639
v 0.960497 6.974833 -0.438695
v 0.962812 6.986772 -0.432195
v 0.964841 6.997237 -0.423446
v 0.966506 7.005826 -0.412787
v 0.967744 7.012207 -0.400625
v 0.968494 7.016077 -0.387630
v 0.920860 6.993702 0.000000
v 0.920617 6.992450 0.344909
v 0.919949 6.989007 0.356472
v 0.918848 6.983328 0.367294
v 0.917367 6.975687 0.376779
v 0.915561 6.966375 0.384563
v 0.913501 6.955751 0.390347
v 0.911299 6.944396 0.393856
v 0.870966 6.736375 0.395130
v 0.830632 6.528354 0.393856
v 0.828430 6.516998 0.390347
v 0.826371 6.506375 0.384563
v 0.824565 6.497063 0.376779
v 0.823083 6.489421 0.367294
v 0.821982 6.483743 0.356472
v 0.821315 6.480299 0.344909
v 0.821072 6.479047 0.000000
v 0.821315 6.480299 -0.344909
v 0.821983 6.483743 -0.356472
v 0.823084 6.489421 -0.367294
v 0.824565 6.497063 -0.376779
v 0.826371 6.506375 -0.384563
v 0.828430 6.516998 -0.390347
v 0.830632 6.528354 -0.393856
v 0.870966 6.736375 -0.395130
v 0.911299 6.944396 -0.393856
v 0.913501 6.955751 -0.390347
v 0.915561 6.966375 -0.384563
v 0.917367 6.975687 -0.376779
v 0.918848 6.983328 -0.367294
v 0.919949 6.989007 -0.356472
v 0.920617 6.992450 -0.344909
v 0.871240 6.976655 0.000000
v 0.871021 6.975527 0.310459
v 0.870420 6.972428 0.320867
v 0.869429 6.967317 0.330607
v 0.868096 6.960438 0.339145
v 0.866470 6.952056 0.346151
v 0.864616 6.942494 0.351358
v 0.862634 6.932272 0.354516
v 0.826329 6.745029 0.355663
v 0.790024 6.557786 0.354516
v 0.788043 6.547565 0.351358
v 0.786188 6.538002 0.346151
v 0.784563 6.529621 0.339145
v 0.783230 6.522742 0.330607
v 0.782239 6.517632 0.320867
v 0.781638 6.514532 0.310459
v 0.781419 6.513404 0.000000
v 0.781638 6.514532 -0.310459
v 0.782239 6.517632 -0.320867
v 0.783230 6.522742 -0.330607
v 0.784563 6.529621 -0.339145
v 0.786188 6.538002 -0.346151
v 0.788043 6.547565 -0.351358
v 0.790025 6.557786 -0.354516
v 0.826329 6.745029 -0.355663
v 0.862634 6.932272 -0.354516
v 0.864616 6.942494 -0.351358
v 0.866470 6.952056 -0.346151
v 0.868095 6.960438 -0.339145
v 0.869429 6.967317 -0.330607
v 0.870420 6.972427 -0.320867
v 0.871021 6.975527 -0.310459
v 0.824737 6.962034 0.000000
v 0.824540 6.961018 0.279925
v 0.823998 6.958223 0.289310
v 0.823104 6.953615 0.298092
v 0.821902 6.947413 0.305790
v 0.820436 6.939856 0.312107
v 0.818765 6.931234 0.316802
v 0.816978 6.922018 0.319650
v 0.784243 6.753190 0.320684
v 0.751509 6.584362 0.319650
v 0.749722 6.575145 0.316802
v 0.748050 6.566524 0.312107
v 0.746585 6.558967 0.305790
v 0.745382 6.552764 0.298092
v 0.744489 6.548156 0.289310
v 0.743947 6.545362 0.279925
v 0.743750 6.544345 0.000000
v 0.743947 6.545362 -0.279925
v 0.744489 6.548156 -0.289310
v 0.745382 6.552764 -0.298092
v 0.746585 6.558967 -0.305790
v 0.748050 6.566524 -0.312107
v 0.749722 6.575145 -0.316802
v 0.751509 6.584362 -0.319650
v 0.784243 6.753190 -0.320684
v 0.816978 6.922018 -0.319650
v 0.818765 6.931234 -0.316802
v 0.820436 6.939856 -0.312108
v 0.821902 6.947413 -0.305790
v 0.823104 6.953615 -0.298092
v 0.823998 6.958223 -0.289310
v 0.824540 6.961018 -0.279925
v 0.768615 6.955033 0.000000
v 0.768434 6.954101 0.256825
v 0.767937 6.951537 0.265435
v 0.767117 6.947309 0.273492
v 0.766014 6.941618 0.280555
v 0.764669 6.934685 0.286351
v 0.763136 6.926775 0.290658
v 0.761496 6.918319 0.293271
v 0.731463 6.763423 0.294220
v 0.701430 6.608528 0.293271
v 0.699791 6.600072 0.290658
v 0.698257 6.592162 0.286351
v 0.696912 6.585228 0.280555
v 0.695809 6.579538 0.273492
v 0.694989 6.575310 0.265435
v 0.694492 6.572746 0.256825
v 0.694311 6.571813 0.000000
v 0.694492 6.572746 -0.256825
v 0.694989 6.575310 -0.265435
v 0.695809 6.579538 -0.273492
v 0.696912 6.585228 -0.280555
v 0.698257 6.592162 -0.286351
v 0.699791 6.600072 -0.290658
v 0.701430 6.608528 -0.293271
v 0.731463 6.763423 -0.294220
v 0.761496 6.918319 -0.293271
v 0.763136 6.926775 -0.290658
v 0.764669 6.934685 -0.286351
v 0.766014 6.941618 -0.280555
v 0.767117 6.947309 -0.273492
v 0.767937 6.951537 -0.265435
v 0.768434 6.954101 -0.256825
v 0.691944 6.948784 0.000000
v 0.691783 6.947951 0.229549
v 0.691338 6.945659 0.237245
v 0.690606 6.941880 0.244447
v 0.689619 6.936794 0.250759
v 0.688418 6.930597 0.255940
v 0.687047 6.923527 0.259789
v 0.685582 6.915969 0.262124
v 0.658738 6.777524 0.262973
v 0.631895 6.639079 0.262124
v 0.630429 6.631521 0.259789
v 0.629059 6.624451 0.255940
v 0.627857 6.618254 0.250759
v 0.626871 6.613168 0.244447
v 0.626138 6.609389 0.237245
v 0.625694 6.607097 0.229549
v 0.625532 6.606264 0.000000
v 0.625694 6.607097 -0.229549
v 0.626138 6.609389 -0.237245
v 0.626871 6.613168 -0.244447
v 0.627857 6.618254 -0.250759
v 0.629059 6.624451 -0.255940
v 0.630429 6.631521 -0.259789
v 0.631895 6.639079 -0.262124
v 0.658738 6.777524 -0.262973
v 0.685582 6.915969 -0.262124
v 0.687047 6.923527 -0.259789
v 0.688418 6.930597 -0.255940
v 0.689620 6.936794 -0.250759
v 0.690606 6.941880 -0.244447
v 0.691338 6.945659 -0.237245
v 0.691783 6.947951 -0.229549
v 0.593772 6.956048 0.000000
v 0.593621 6.955269 0.214342
v 0.593206 6.953129 0.221528
v 0.592522 6.949600 0.228253
v 0.591601 6.944851 0.234147
v 0.590479 6.939065 0.238984
v 0.589199 6.932463 0.242579
v 0.587830 6.925406 0.244760
v 0.562765 6.796133 0.245552
v 0.537700 6.666859 0.244760
v 0.536332 6.659802 0.242579
v 0.535052 6.653200 0.238984
v 0.533930 6.647413 0.234147
v 0.533009 6.642664 0.228253
v 0.532325 6.639136 0.221528
v 0.531910 6.636996 0.214342
v 0.531759 6.636218 -0.000000
v 0.531910 6.636996 -0.214342
v 0.532325 6.639136 -0.221528
v 0.533009 6.642664 -0.228253
v 0.533930 6.647413 -0.234147
v 0.535052 6.653200 -0.238984
v 0.536332 6.659802 -0.242579
v 0.537700 6.666859 -0.244760
v 0.562765 6.796133 -0.245552
v 0.587830 6.925406 -0.244760
v 0.589199 6.932463 -0.242579
v 0.590479 6.939065 -0.238984
v 0.591601 6.944851 -0.234147
v 0.592522 6.949600 -0.228253
v 0.593206 6.953129 -0.221528
v 0.593621 6.955269 -0.214342
v 0.506147 6.949025 -0.000000
v 0.506018 6.948359 0.183323
v 0.505663 6.946529 0.189469
v 0.505078 6.943511 0.195221
v 0.504290 6.939449 0.200262
v 0.503331 6.934500 0.204399
v 0.502236 6.928854 0.207474
v 0.501066 6.922818 0.209339
v 0.479628 6.812252 0.210016
v 0.458190 6.701687 0.209339
v 0.457020 6.695651 0.207474
v 0.455925 6.690004 0.204399
v 0.454965 6.685055 0.200262
v 0.454178 6.680994 0.195221
v 0.453593 6.677976 0.189469
v 0.453238 6.676145 0.183323
v 0.453109 6.675480 -0.000000
v 0.453238 6.676145 -0.183323
v 0.453593 6.677976 -0.189469
v 0.454178 6.680994 -0.195221
v 0.454965 6.685055 -0.200262
v 0.455925 6.690004 -0.204399
v 0.457020 6.695651 -0.207474
v 0.458190 6.701687 -0.209339
v 0.479628 6.812252 -0.210016
v 0.501066 6.922818 -0.209339
v 0.502236 6.928854 -0.207474
v 0.503331 6.934500 -0.204399
v 0.504290 6.939449 -0.200262
v 0.505078 6.943511 -0.195221
v 0.505663 6.946529 -0.189469
v 0.506018 6.948359 -0.183323
v 0.746717 6.735976 -0.000428
v 0.730207 6.716071 -0.000428
v 0.706331 6.699196 -0.000428
v 0.675902 6.685926 -0.000428
v 0.639955 6.676712 -0.000428
v 0.599715 6.671867 -0.000428
v 0.556551 6.671558 -0.000428
v 0.467385 6.684433 -0.000428
v 0.746803 6.736419 0.004153
v 0.730376 6.716942 0.008578
v 0.706577 6.700465 0.012697
v 0.676217 6.687550 0.016368
v 0.640328 6.678636 0.019468
v 0.600133 6.674026 0.021890
v 0.557001 6.673877 0.023552
v 0.512401 6.678195 0.024398
v 0.467851 6.686833 0.024398
v 0.747057 6.737731 0.008558
v 0.730876 6.719521 0.017239
v 0.707306 6.704224 0.025318
v 0.677149 6.692360 0.032520
v 0.641433 6.684333 0.038600
v 0.601372 6.680417 0.043351
v 0.558333 6.680744 0.046611
v 0.513779 6.685305 0.048269
v 0.469229 6.693943 0.048269
v 0.747470 6.739861 0.012618
v 0.731688 6.723709 0.025220
v 0.708489 6.710327 0.036949
v 0.678664 6.700171 0.047405
v 0.643227 6.693585 0.056232
v 0.603385 6.690795 0.063129
v 0.560495 6.691895 0.067862
v 0.516018 6.696849 0.070270
v 0.471468 6.705487 0.070270
v 0.748026 6.742728 0.016177
v 0.732781 6.729346 0.032216
v 0.710082 6.718541 0.047144
v 0.680702 6.710682 0.060452
v 0.645641 6.706037 0.071686
v 0.606093 6.704762 0.080465
v 0.563404 6.706903 0.086489
v 0.519030 6.712385 0.089553
v 0.474480 6.721023 0.089553
v 0.748703 6.746222 0.019097
v 0.734113 6.736214 0.037957
v 0.712023 6.728549 0.055511
v 0.683185 6.723490 0.071159
v 0.648582 6.721208 0.084369
v 0.609392 6.721781 0.094692
v 0.566950 6.725189 0.101776
v 0.522700 6.731316 0.105379
v 0.478151 6.739954 0.105379
v 0.749476 6.750207 0.021267
v 0.735632 6.744050 0.042224
v 0.714237 6.739968 0.061728
v 0.686019 6.738103 0.079115
v 0.651939 6.738518 0.093794
v 0.613157 6.741198 0.105264
v 0.570995 6.746052 0.113135
v 0.526888 6.752914 0.117138
v 0.482338 6.761552 0.117138
v 0.750315 6.754532 0.022603
v 0.737281 6.752552 0.044851
v 0.716639 6.752358 0.065556
v 0.689093 6.753959 0.084015
v 0.655580 6.757300 0.099597
v 0.617242 6.762266 0.111774
v 0.575384 6.768689 0.120130
v 0.531432 6.776350 0.124380
v 0.486882 6.784988 0.124380
v 0.751187 6.759029 0.023055
v 0.738995 6.761394 0.045738
v 0.719137 6.765244 0.066849
v 0.692290 6.770449 0.085669
v 0.659368 6.776833 0.101557
v 0.621490 6.784176 0.113972
v 0.579949 6.792231 0.122492
v 0.536158 6.800722 0.126825
v 0.491608 6.809360 0.126825
v 0.752059 6.763527 0.022603
v 0.740709 6.770235 0.044851
v 0.721636 6.778129 0.065556
v 0.695487 6.786939 0.084015
v 0.663155 6.796365 0.099597
v 0.625739 6.806087 0.111774
v 0.584514 6.815773 0.120130
v 0.540883 6.825094 0.124380
v 0.496333 6.833732 0.124380
v 0.752897 6.767852 0.021267
v 0.742358 6.778738 0.042224
v 0.724038 6.790519 0.061728
v 0.698562 6.802794 0.079115
v 0.666796 6.815147 0.093794
v 0.629824 6.827155 0.105264
v 0.588903 6.838410 0.113135
v 0.545427 6.848529 0.117138
v 0.500877 6.857167 0.117138
v 0.753670 6.771837 0.019097
v 0.743877 6.786573 0.037957
v 0.726252 6.801938 0.055511
v 0.701395 6.817408 0.071159
v 0.670153 6.832457 0.084369
v 0.633588 6.846572 0.094692
v 0.592948 6.859273 0.101776
v 0.549615 6.870128 0.105379
v 0.505065 6.878766 0.105379
v 0.754347 6.775331 0.016177
v 0.745209 6.793441 0.032216
v 0.728193 6.811946 0.047144
v 0.703879 6.830216 0.060452
v 0.673094 6.847629 0.071686
v 0.636888 6.863591 0.080465
v 0.596493 6.877560 0.086489
v 0.553285 6.889059 0.089553
v 0.508736 6.897696 0.089553
v 0.754903 6.778198 0.012618
v 0.746302 6.799078 0.025220
v 0.729785 6.820160 0.036949
v 0.705917 6.840727 0.047405
v 0.675508 6.860080 0.056232
v 0.639596 6.877558 0.063129
v 0.599403 6.892567 0.067862
v 0.556298 6.904595 0.070270
v 0.511748 6.913232 0.070270
v 0.755316 6.780328 0.008558
v 0.747114 6.803266 0.017239
v 0.730969 6.826263 0.025318
v 0.707431 6.848538 0.032520
v 0.677302 6.869332 0.038600
v 0.641609 6.887937 0.043351
v 0.601565 6.903718 0.046611
v 0.558536 6.916139 0.048269
v 0.513986 6.924777 0.048269
v 0.755571 6.781640 0.004153
v 0.747614 6.805845 0.008578
v 0.731697 6.830022 0.012697
v 0.708364 6.853348 0.016368
v 0.678407 6.875030 0.019468
v 0.642848 6.894328 0.021890
v 0.602897 6.910585 0.023552
v 0.559915 6.923248 0.024398
v 0.515365 6.931886 0.024398
v 0.755656 6.782083 -0.000428
v 0.747783 6.806715 -0.000428
v 0.731943 6.831291 -0.000428
v 0.708679 6.854972 -0.000428
v 0.678780 6.876953 -0.000428
v 0.643266 6.896485 -0.000428
v 0.603346 6.912904 -0.000428
v 0.560380 6.925649 -0.000428
v 0.515830 6.934287 -0.000428
v 0.755571 6.781640 -0.005010
v 0.747614 6.805845 -0.009435
v 0.731697 6.830022 -0.013553
v 0.708364 6.853348 -0.017225
v 0.678407 6.875030 -0.020325
v 0.642848 6.894328 -0.022747
v 0.602897 6.910585 -0.024409
v 0.559915 6.923248 -0.025254
v 0.515365 6.931886 -0.025254
v 0.755316 6.780328 -0.009415
v 0.747114 6.803266 -0.018095
v 0.730969 6.826263 -0.026174
v 0.707431 6.848538 -0.033376
v 0.677302 6.869332 -0.039456
v 0.641609 6.887937 -0.044207
v 0.601565 6.903718 -0.047468
v 0.558536 6.916139 -0.049126
v 0.513986 6.924777 -0.049126
v 0.754903 6.778198 -0.013475
v 0.746302 6.799078 -0.026077
v 0.729785 6.820160 -0.037806
v 0.705917 6.840727 -0.048261
v 0.675508 6.860080 -0.057088
v 0.639596 6.877558 -0.063986
v 0.599403 6.892567 -0.068719
v 0.556298 6.904594 -0.071126
v 0.511748 6.913232 -0.071126
v 0.754347 6.775331 -0.017033
v 0.745209 6.793441 -0.033073
v 0.728193 6.811946 -0.048000
v 0.703879 6.830216 -0.061308
v 0.673094 6.847629 -0.072543
v 0.636888 6.863591 -0.081322
v 0.596493 6.877559 -0.087346
v 0.553285 6.889059 -0.090410
v 0.508736 6.897696 -0.090410
v 0.755297 6.758233 -0.000428
v 0.753670 6.771837 -0.019954
v 0.743877 6.786573 -0.038814
v 0.726252 6.801938 -0.056367
v 0.701395 6.817408 -0.072016
v 0.670153 6.832457 -0.085226
v 0.633588 6.846572 -0.095549
v 0.592948 6.859273 -0.102632
v 0.549615 6.870128 -0.106236
v 0.505065 6.878765 -0.106236
v 0.752897 6.767852 -0.022124
v 0.742358 6.778738 -0.043080
v 0.724038 6.790519 -0.062584
v 0.698562 6.802794 -0.079972
v 0.666796 6.815147 -0.094650
v 0.629824 6.827155 -0.106121
v 0.588903 6.838410 -0.113991
v 0.545427 6.848529 -0.117995
v 0.500877 6.857167 -0.117995
v 0.752059 6.763527 -0.023460
v 0.740709 6.770235 -0.045707
v 0.721636 6.778129 -0.066413
v 0.695487 6.786939 -0.084871
v 0.663155 6.796365 -0.100454
v 0.625739 6.806087 -0.112631
v 0.584514 6.815773 -0.120986
v 0.540883 6.825094 -0.125236
v 0.496333 6.833732 -0.125236
v 0.751187 6.759029 -0.023911
v 0.738995 6.761394 -0.046594
v 0.719137 6.765244 -0.067706
v 0.692290 6.770449 -0.086526
v 0.659368 6.776833 -0.102414
v 0.621490 6.784176 -0.114829
v 0.579949 6.792231 -0.123348
v 0.536158 6.800722 -0.127682
v 0.491608 6.809360 -0.127682
v 0.750315 6.754532 -0.023460
v 0.737281 6.752552 -0.045707
v 0.716639 6.752358 -0.066413
v 0.689093 6.753959 -0.084871
v 0.655580 6.757300 -0.100454
v 0.617242 6.762266 -0.112631
v 0.575384 6.768689 -0.120986
v 0.531432 6.776350 -0.125236
v 0.486882 6.784988 -0.125236
v 0.749476 6.750207 -0.022124
v 0.735632 6.744050 -0.043080
v 0.714237 6.739968 -0.062584
v 0.686019 6.738103 -0.079972
v 0.651939 6.738518 -0.094650
v 0.613157 6.741198 -0.106121
v 0.570995 6.746052 -0.113991
v 0.526888 6.752914 -0.117995
v 0.482338 6.761552 -0.117995
v 0.748703 6.746222 -0.019954
v 0.734113 6.736214 -0.038814
v 0.712023 6.728549 -0.056367
v 0.683185 6.723490 -0.072016
v 0.648582 6.721209 -0.085226
v 0.609392 6.721781 -0.095549
v 0.566950 6.725189 -0.102632
v 0.522701 6.731317 -0.106236
v 0.478151 6.739954 -0.106236
v 0.748026 6.742728 -0.017033
v 0.732781 6.729346 -0.033073
v 0.710082 6.718541 -0.048000
v 0.680702 6.710682 -0.061308
v 0.645641 6.706037 -0.072543
v 0.606093 6.704762 -0.081322
v 0.563404 6.706903 -0.087346
v 0.519030 6.712385 -0.090410
v 0.474480 6.721023 -0.090410
v 0.747470 6.739861 -0.013475
v 0.731688 6.723710 -0.026077
v 0.708489 6.710327 -0.037805
v 0.678664 6.700171 -0.048261
v 0.643227 6.693585 -0.057088
v 0.603385 6.690795 -0.063986
v 0.560495 6.691895 -0.068719
v 0.516018 6.696849 -0.071126
v 0.471468 6.705487 -0.071126
v 0.747057 6.737731 -0.009415
v 0.730876 6.719521 -0.018095
v 0.707306 6.704224 -0.026174
v 0.677149 6.692360 -0.033376
v 0.641433 6.684333 -0.039456
v 0.601372 6.680417 -0.044207
v 0.558333 6.680744 -0.047468
v 0.513779 6.685305 -0.049126
v 0.469229 6.693943 -0.049126
v 0.746803 6.736419 -0.005010
v 0.730376 6.716942 -0.009435
v 0.706577 6.700466 -0.013553
v 0.676217 6.687550 -0.017225
v 0.640328 6.678636 -0.020325
v 0.600133 6.674026 -0.022747
v 0.557001 6.673877 -0.024409
v 0.512401 6.678195 -0.025254
v 0.467851 6.686833 -0.025254
v 0.511935 6.675795 -0.000428
vn 0.1374 0.9905 -0.0000
vn 0.1312 0.9914 -0.0000
vn 0.1182 0.9810 0.1541
vn 0.1264 0.9817 0.1427
vn 0.0920 0.9187 0.3842
vn 0.1009 0.9199 0.3789
vn 0.0662 0.8292 0.5550
vn 0.0755 0.8305 0.5519
vn 0.0374 0.7087 0.7046
vn 0.0468 0.7092 0.7035
vn 0.0065 0.5616 0.8274
vn 0.0157 0.5607 0.8279
vn -0.0253 0.3935 0.9190
vn -0.0165 0.3907 0.9204
vn -0.0637 0.1671 0.9839
vn -0.0562 0.1600 0.9855
vn -0.0876 0.0170 0.9960
vn -0.0786 0.0152 0.9968
vn -0.1215 -0.1312 0.9839
vn -0.1120 -0.1274 0.9855
vn -0.1705 -0.3555 0.9190
vn -0.1613 -0.3563 0.9204
vn -0.2039 -0.5233 0.8274
vn -0.1950 -0.5259 0.8279
vn -0.2302 -0.6713 0.7046
vn -0.2217 -0.6753 0.7035
vn -0.2485 -0.7939 0.5550
vn -0.2403 -0.7985 0.5519
vn -0.2580 -0.8865 0.3842
vn -0.2502 -0.8910 0.3789
vn -0.2570 -0.9540 0.1541
vn -0.2496 -0.9578 0.1427
vn -0.2488 -0.9686 -0.0000
vn -0.2428 -0.9701 -0.0000
vn -0.2570 -0.9540 -0.1541
vn -0.2496 -0.9578 -0.1427
vn -0.2580 -0.8865 -0.3842
vn -0.2502 -0.8910 -0.3789
vn -0.2485 -0.7939 -0.5550
vn -0.2403 -0.7985 -0.5519
vn -0.2302 -0.6713 -0.7046
vn -0.2217 -0.6753 -0.7035
vn -0.2039 -0.5233 -0.8274
vn -0.1950 -0.5259 -0.8279
vn -0.1705 -0.3555 -0.9190
vn -0.1613 -0.3563 -0.9204
vn -0.1215 -0.1312 -0.9839
vn -0.1120 -0.1274 -0.9855
vn -0.0876 0.0170 -0.9960
vn -0.0786 0.0152 -0.9968
vn -0.0637 0.1671 -0.9839
vn -0.0562 0.1600 -0.9855
vn -0.0253 0.3935 -0.9190
vn -0.0165 0.3907 -0.9204
vn 0.0065 0.5616 -0.8274
vn 0.0157 0.5607 -0.8279
vn 0.0374 0.7087 -0.7046
vn 0.0468 0.7092 -0.7035
vn 0.0662 0.8292 -0.5550
vn 0.0755 0.8305 -0.5519
vn 0.0920 0.9187 -0.3842
vn 0.1009 0.9199 -0.3789
vn -0.3666 -0.9184 0.1489
vn -0.3428 -0.9394 -0.0000
vn 0.1182 0.9810 -0.1541
vn 0.1264 0.9817 -0.1427
vn -0.1185 0.8385 0.5319
vn -0.0765 0.9271 0.3670
vn -0.3909 -0.7454 -0.5399
vn -0.3882 -0.8420 -0.3746
vn -0.4671 -0.8054 -0.3649
vn -0.4762 -0.7061 -0.5241
vn -0.2283 0.0443 -0.9726
vn -0.2134 0.1904 -0.9582
vn -0.0453 0.9261 0.3746
vn -0.0840 0.8375 0.5399
vn -0.3585 -0.4767 0.8027
vn -0.3808 -0.6221 0.6841
vn -0.3808 -0.6221 -0.6841
vn -0.3585 -0.4767 -0.8027
vn -0.0840 0.8375 -0.5399
vn -0.0453 0.9261 -0.3746
vn -0.2134 0.1904 0.9582
vn -0.2283 0.0443 0.9726
vn -0.3666 -0.9184 -0.1489
vn -0.1841 0.4125 -0.8922
vn -0.1207 0.7194 0.6841
vn -0.3909 -0.7454 0.5399
vn -0.3249 -0.3138 -0.8922
vn 0.0032 0.9889 -0.1489
vn -0.2691 -0.0969 0.9582
vn -0.1544 0.5761 -0.8027
vn -0.1544 0.5761 0.8027
vn -0.3882 -0.8420 0.3746
vn -0.2691 -0.0969 -0.9582
vn 0.0331 0.9995 -0.0000
vn 0.0032 0.9889 0.1489
vn -0.3249 -0.3138 0.8922
vn -0.1207 0.7194 -0.6841
vn -0.1841 0.4125 0.8922
vn -0.4175 -0.2834 -0.8634
vn -0.4506 -0.4409 -0.7762
vn -0.6206 -0.3553 -0.6990
vn -0.5903 -0.2142 -0.7782
vn -0.2532 0.5774 0.7762
vn -0.2813 0.4189 0.8634
vn -0.4705 -0.5832 -0.6623
vn -0.3053 0.2028 0.9304
vn -0.3148 0.0610 0.9472
vn -0.3590 -0.0740 0.9304
vn -0.3590 -0.0740 -0.9304
vn -0.4175 -0.2834 0.8634
vn -0.3148 0.0610 -0.9472
vn -0.4506 -0.4409 0.7762
vn -0.3053 0.2028 -0.9304
vn -0.4705 -0.5832 0.6623
vn -0.2813 0.4189 -0.8634
vn -0.4762 -0.7061 0.5241
vn -0.2532 0.5774 -0.7762
vn -0.4671 -0.8054 0.3649
vn -0.0307 0.9995 -0.0000
vn -0.0704 0.9870 0.1444
vn -0.2184 0.7167 -0.6623
vn -0.4342 -0.8892 0.1444
vn -0.1322 0.9216 0.3649
vn -0.1778 0.8329 -0.5241
vn -0.4020 -0.9156 -0.0000
vn -0.1778 0.8329 0.5241
vn -0.1322 0.9216 -0.3649
vn -0.4342 -0.8892 -0.1444
vn -0.2184 0.7167 0.6623
vn -0.0705 0.9870 -0.1444
vn -0.4829 0.2249 -0.8463
vn -0.4909 0.0952 -0.8660
vn -0.7092 0.1375 -0.6915
vn -0.7055 0.2367 -0.6680
vn -0.4909 0.0952 0.8660
vn -0.5320 -0.0281 0.8463
vn -0.5320 -0.0281 -0.8463
vn -0.5903 -0.2142 0.7782
vn -0.6206 -0.3553 0.6990
vn -0.6371 -0.4856 0.5986
vn -0.4675 0.4193 -0.7782
vn -0.6387 -0.6030 0.4779
vn -0.4429 0.5615 -0.6990
vn -0.6242 -0.7046 0.3376
vn -0.1807 0.9835 -0.0000
vn -0.2378 0.9613 0.1388
vn -0.4094 0.6885 -0.5986
vn -0.5799 -0.8028 0.1388
vn -0.3156 0.8868 0.3376
vn -0.3671 0.7980 -0.4780
vn -0.5352 -0.8447 -0.0000
vn -0.3671 0.7980 0.4779
vn -0.3156 0.8868 -0.3376
vn -0.5799 -0.8028 -0.1388
vn -0.4094 0.6885 0.5986
vn -0.2379 0.9613 -0.1388
vn -0.6241 -0.7046 -0.3376
vn -0.4429 0.5615 0.6990
vn -0.6387 -0.6030 -0.4779
vn -0.4675 0.4193 0.7782
vn -0.6371 -0.4856 -0.5986
vn -0.4829 0.2249 0.8463
vn -0.6501 0.6010 -0.4649
vn -0.6778 0.4991 -0.5399
vn -0.7804 0.4482 -0.4359
vn -0.7581 0.5323 -0.3769
vn -0.8152 -0.2096 0.5399
vn -0.8276 -0.3145 0.4649
vn -0.6965 0.3888 -0.6031
vn -0.8278 -0.4162 0.3763
vn -0.8133 -0.5148 0.2711
vn -0.4100 0.9121 -0.0000
vn -0.4741 0.8736 0.1100
vn -0.7662 -0.6331 0.1100
vn -0.5620 0.7814 0.2711
vn -0.6123 0.6954 -0.3763
vn -0.7211 -0.6928 -0.0000
vn -0.6123 0.6954 0.3762
vn -0.5620 0.7814 -0.2711
vn -0.7662 -0.6331 -0.1100
vn -0.6501 0.6010 0.4649
vn -0.4741 0.8736 -0.1100
vn -0.8133 -0.5148 -0.2711
vn -0.6778 0.4991 0.5399
vn -0.8278 -0.4161 -0.3763
vn -0.6965 0.3888 0.6030
vn -0.8276 -0.3145 -0.4649
vn -0.7055 0.2367 0.6680
vn -0.8152 -0.2097 -0.5399
vn -0.7092 0.1375 0.6915
vn -0.7914 -0.1003 -0.6030
vn -0.7429 0.0442 0.6680
vn -0.7429 0.0442 -0.6680
vn -0.7914 -0.1003 0.6030
vn -0.6027 0.7927 -0.0915
vn -0.6841 0.6937 -0.2253
vn -0.7119 0.6691 -0.2134
vn -0.6345 0.7680 -0.0871
vn -0.8938 -0.3878 0.2253
vn -0.8553 -0.5100 0.0915
vn -0.6027 0.7927 0.0915
vn -0.6841 0.6937 0.2253
vn -0.7270 0.6137 -0.3079
vn -0.8161 -0.5780 -0.0000
vn -0.7270 0.6137 0.3079
vn -0.8553 -0.5100 -0.0915
vn -0.7581 0.5323 0.3769
vn -0.8938 -0.3878 -0.2253
vn -0.7804 0.4482 0.4359
vn -0.5409 0.8411 -0.0000
vn -0.9037 -0.2975 -0.3080
vn -0.7956 0.3594 0.4876
vn -0.9021 -0.2104 -0.3769
vn -0.8044 0.2367 0.5450
vn -0.8914 -0.1241 -0.4359
vn -0.8051 0.1561 0.5723
vn -0.8723 -0.0360 -0.4876
vn -0.8345 0.0811 0.5449
vn -0.8345 0.0811 -0.5450
vn -0.8723 -0.0360 0.4876
vn -0.8051 0.1561 -0.5723
vn -0.8914 -0.1241 0.4359
vn -0.8044 0.2367 -0.5450
vn -0.9021 -0.2104 0.3769
vn -0.7956 0.3594 -0.4877
vn -0.9037 -0.2975 0.3079
vn -0.9063 -0.1034 -0.4098
vn -0.9166 -0.1847 -0.3547
vn -0.9428 -0.1313 -0.3065
vn -0.9333 -0.0603 -0.3540
vn -0.8755 -0.4752 -0.0871
vn -0.9104 -0.3545 -0.2134
vn -0.7811 0.5139 0.3546
vn -0.8020 0.4346 0.4098
vn -0.5738 0.8190 -0.0000
vn -0.9187 -0.2675 -0.2905
vn -0.8163 0.3512 0.4585
vn -0.8253 0.2362 0.5130
vn -0.8254 0.1600 0.5414
vn -0.8884 -0.0207 -0.4585
vn -0.8537 0.0894 0.5130
vn -0.8537 0.0894 -0.5130
vn -0.8884 -0.0207 0.4585
vn -0.8254 0.1600 -0.5414
vn -0.9063 -0.1034 0.4098
vn -0.8253 0.2362 -0.5130
vn -0.9166 -0.1847 0.3547
vn -0.8163 0.3512 -0.4585
vn -0.9187 -0.2675 0.2905
vn -0.8020 0.4346 -0.4098
vn -0.9104 -0.3545 0.2134
vn -0.6345 0.7680 0.0871
vn -0.7811 0.5139 -0.3546
vn -0.8755 -0.4752 0.0871
vn -0.7119 0.6691 0.2134
vn -0.7522 0.5915 -0.2905
vn -0.8383 -0.5452 -0.0000
vn -0.7522 0.5915 0.2905
vn -0.8677 0.1682 -0.4677
vn -0.8880 0.1075 -0.4471
vn -0.9356 0.1347 -0.3264
vn -0.9222 0.1788 -0.3430
vn -0.8638 0.2322 0.4471
vn -0.8677 0.1682 0.4677
vn -0.9179 0.0115 -0.3966
vn -0.8880 0.1075 0.4471
vn -0.9179 0.0115 0.3966
vn -0.9333 -0.0603 0.3540
vn -0.8638 0.2322 -0.4471
vn -0.9428 -0.1313 0.3064
vn -0.8557 0.3323 -0.3966
vn -0.9461 -0.2043 0.2513
vn -0.8431 0.4048 -0.3540
vn -0.9413 -0.2824 0.1849
vn -0.6531 0.7573 -0.0000
vn -0.7000 0.7103 0.0737
vn -0.8254 0.4741 -0.3065
vn -0.9148 -0.3972 0.0737
vn -0.7676 0.6137 0.1849
vn -0.8012 0.5431 -0.2513
vn -0.8888 -0.4584 -0.0000
vn -0.8012 0.5431 0.2513
vn -0.7676 0.6137 -0.1849
vn -0.9148 -0.3972 -0.0737
vn -0.8254 0.4741 0.3065
vn -0.7000 0.7103 -0.0737
vn -0.9413 -0.2824 -0.1849
vn -0.8431 0.4048 0.3540
vn -0.9461 -0.2043 -0.2513
vn -0.8557 0.3324 0.3966
vn -0.9011 0.3495 -0.2564
vn -0.9105 0.2971 -0.2875
vn -0.9623 0.2397 -0.1288
vn -0.9577 0.2640 -0.1143
vn -0.9556 0.0647 0.2875
vn -0.9665 0.0126 0.2564
vn -0.9181 0.2247 -0.3264
vn -0.9742 -0.0393 0.2224
vn -0.9785 -0.0938 0.1834
vn -0.9786 -0.1542 0.1362
vn -0.7706 0.6374 -0.0000
vn -0.8027 0.5939 0.0539
vn -0.8889 0.4005 -0.2224
vn -0.9665 -0.2510 0.0539
vn -0.8501 0.5088 0.1362
vn -0.8726 0.4527 -0.1834
vn -0.9529 -0.3032 -0.0000
vn -0.8726 0.4527 0.1834
vn -0.8501 0.5088 -0.1362
vn -0.9665 -0.2510 -0.0539
vn -0.8889 0.4005 0.2224
vn -0.8027 0.5940 -0.0539
vn -0.9786 -0.1542 -0.1362
vn -0.9012 0.3495 0.2564
vn -0.9786 -0.0938 -0.1834
vn -0.9105 0.2971 0.2875
vn -0.9742 -0.0393 -0.2224
vn -0.9181 0.2248 0.3264
vn -0.9665 0.0126 -0.2564
vn -0.9222 0.1788 0.3430
vn -0.9556 0.0647 -0.2875
vn -0.9356 0.1347 0.3264
vn -0.9183 0.3955 0.0155
vn -0.9190 0.3942 -0.0000
vn -0.9183 0.3955 -0.0155
vn -0.9382 0.3412 -0.0583
vn -0.9463 0.3131 -0.0805
vn -0.9526 0.2879 -0.0986
vn -0.9669 0.2054 -0.1513
vn -0.9710 0.1883 -0.1471
vn -0.9736 0.1709 -0.1513
vn -0.9821 0.1374 -0.1288
vn -0.9870 0.1131 -0.1143
vn -0.9911 0.0889 -0.0986
vn -0.9947 0.0633 -0.0805
vn -0.9977 0.0341 -0.0583
vn -0.9996 -0.0237 -0.0155
vn -0.9998 -0.0222 -0.0000
vn -0.9996 -0.0237 0.0155
vn -0.9977 0.0341 0.0583
vn -0.9947 0.0633 0.0805
vn -0.9911 0.0889 0.0986
vn -0.9870 0.1131 0.1143
vn -0.9821 0.1374 0.1288
vn -0.9736 0.1709 0.1513
vn -0.9710 0.1883 0.1471
vn -0.9669 0.2054 0.1513
vn -0.9623 0.2397 0.1288
vn -0.9577 0.2639 0.1143
vn -0.9526 0.2879 0.0986
vn -0.9463 0.3131 0.0805
vn -0.9382 0.3412 0.0583
vn -0.1918 0.5776 0.7935
vn -0.2211 0.4144 0.8828
vn -0.3656 0.4205 0.8304
vn -0.3399 0.5732 0.7456
vn -0.4151 -0.6096 0.6754
vn -0.3937 -0.4641 0.7935
vn -0.3937 -0.4641 -0.7935
vn -0.4151 -0.6096 -0.6754
vn -0.0765 0.9271 -0.3670
vn -0.1185 0.8385 -0.5318
vn -0.2591 0.0502 0.9646
vn -0.2496 0.1911 0.9493
vn -0.3898 -0.9105 -0.1377
vn -0.3644 -0.9312 -0.0000
vn -0.2211 0.4144 -0.8828
vn -0.2496 0.1911 -0.9493
vn -0.1572 0.7205 0.6754
vn -0.4233 -0.7335 0.5318
vn -0.3600 -0.3017 -0.8828
vn -0.0213 0.9902 -0.1377
vn -0.3029 -0.0839 0.9493
vn -0.4174 -0.8313 -0.3670
vn -0.1918 0.5776 -0.7935
vn -0.4174 -0.8313 0.3670
vn -0.3029 -0.0839 -0.9493
vn -0.0213 0.9902 0.1377
vn 0.0100 1.0000 -0.0000
vn -0.3600 -0.3017 0.8828
vn -0.4233 -0.7335 -0.5318
vn -0.1572 0.7205 -0.6754
vn -0.3898 -0.9105 0.1377
vn -0.2591 0.0502 -0.9646
vn -0.3878 0.0752 0.9187
vn -0.4346 -0.0530 0.8991
vn -0.5696 -0.0124 0.8219
vn -0.5203 0.1009 0.8480
vn -0.5416 -0.5467 -0.6385
vn -0.5434 -0.6694 -0.5066
vn -0.3847 0.2107 0.8986
vn -0.5245 -0.4076 -0.7475
vn -0.4929 -0.2553 -0.8318
vn -0.4346 -0.0530 -0.8991
vn -0.4928 -0.2553 0.8318
vn -0.3878 0.0752 -0.9187
vn -0.5245 -0.4076 0.7475
vn -0.3847 0.2107 -0.8986
vn -0.5416 -0.5467 0.6385
vn -0.3656 0.4205 -0.8304
vn -0.5434 -0.6694 0.5066
vn -0.3399 0.5732 -0.7456
vn -0.5289 -0.7716 0.3535
vn -0.1407 0.9805 0.1370
vn -0.0939 0.9956 -0.0000
vn -0.3056 0.7081 -0.6365
vn -0.4861 -0.8631 0.1372
vn -0.2130 0.9113 0.3523
vn -0.2631 0.8222 -0.5048
vn -0.4481 -0.8940 -0.0000
vn -0.2631 0.8222 0.5048
vn -0.2130 0.9113 -0.3523
vn -0.4861 -0.8631 -0.1372
vn -0.3056 0.7081 0.6365
vn -0.1407 0.9805 -0.1370
vn -0.5289 -0.7716 -0.3535
vn -0.6547 -0.3344 0.6779
vn -0.6693 -0.4632 0.5809
vn -0.7644 -0.3819 0.5194
vn -0.7512 -0.2658 0.6042
vn -0.5696 -0.0124 -0.8219
vn -0.6254 -0.1964 -0.7552
vn -0.6254 -0.1964 0.7552
vn -0.5203 0.1009 -0.8480
vn -0.5250 0.2253 -0.8207
vn -0.5100 0.4161 -0.7529
vn -0.6682 -0.5814 0.4641
vn -0.4871 0.5543 -0.6748
vn -0.6496 -0.6864 0.3270
vn -0.2684 0.9552 0.1246
vn -0.2111 0.9775 -0.0000
vn -0.4540 0.6784 -0.5776
vn -0.5969 -0.7924 0.1257
vn -0.3554 0.8765 0.3247
vn -0.4104 0.7867 -0.4611
vn -0.5508 -0.8346 -0.0000
vn -0.4104 0.7867 0.4611
vn -0.3554 0.8765 -0.3247
vn -0.5969 -0.7924 -0.1257
vn -0.4541 0.6784 0.5776
vn -0.2684 0.9552 -0.1246
vn -0.6496 -0.6864 -0.3270
vn -0.4871 0.5543 0.6748
vn -0.6682 -0.5814 -0.4641
vn -0.5100 0.4161 0.7528
vn -0.6693 -0.4632 -0.5809
vn -0.5250 0.2253 0.8207
vn -0.6547 -0.3344 -0.6779
vn -0.7450 -0.5962 0.2992
vn -0.6918 -0.7122 0.1193
vn -0.7558 -0.6455 0.1098
vn -0.8061 -0.5242 0.2746
vn -0.6182 0.4039 -0.6743
vn -0.6295 0.2338 -0.7410
vn -0.7632 -0.4924 0.4185
vn -0.5974 0.5273 -0.6042
vn -0.3755 0.9191 0.1193
vn -0.3088 0.9511 -0.0000
vn -0.5663 0.6399 -0.5194
vn -0.4682 0.8314 0.2992
vn -0.5238 0.7419 -0.4185
vn -0.6419 -0.7668 -0.0000
vn -0.5238 0.7419 0.4185
vn -0.4682 0.8314 -0.2992
vn -0.6918 -0.7122 -0.1193
vn -0.5663 0.6399 0.5194
vn -0.3755 0.9191 -0.1193
vn -0.7450 -0.5962 -0.2992
vn -0.5974 0.5273 0.6042
vn -0.7632 -0.4924 -0.4185
vn -0.6182 0.4039 0.6743
vn -0.7644 -0.3819 -0.5194
vn -0.6295 0.2338 0.7410
vn -0.7512 -0.2658 -0.6042
vn -0.6270 0.1216 0.7695
vn -0.7244 -0.1436 -0.6743
vn -0.6713 0.0184 0.7410
vn -0.6713 0.0184 -0.7410
vn -0.7244 -0.1436 0.6743
vn -0.6270 0.1216 -0.7695
vn -0.7558 -0.6455 -0.1098
vn -0.8061 -0.5242 -0.2746
vn -0.9073 -0.3600 -0.2173
vn -0.8738 -0.4778 -0.0903
vn -0.5518 0.7875 0.2746
vn -0.4598 0.8812 0.1097
vn -0.6043 0.6999 -0.3807
vn -0.6434 0.6043 -0.4699
vn -0.7065 -0.7077 -0.0000
vn -0.6043 0.6999 0.3807
vn -0.5518 0.7875 -0.2746
vn -0.6434 0.6043 0.4699
vn -0.4598 0.8812 -0.1097
vn -0.6716 0.5015 0.5453
vn -0.3909 0.9204 -0.0000
vn -0.8221 -0.4233 -0.3807
vn -0.6904 0.3904 0.6090
vn -0.8226 -0.3201 -0.4699
vn -0.7015 0.2371 0.6720
vn -0.8104 -0.2142 -0.5453
vn -0.6963 0.1350 0.7049
vn -0.7863 -0.1041 -0.6090
vn -0.7393 0.0422 0.6720
vn -0.7393 0.0422 -0.6720
vn -0.7863 -0.1041 0.6090
vn -0.6963 0.1350 -0.7049
vn -0.8104 -0.2142 0.5453
vn -0.7015 0.2371 -0.6720
vn -0.8226 -0.3201 0.4699
vn -0.6904 0.3904 -0.6090
vn -0.8221 -0.4233 0.3807
vn -0.6716 0.5015 -0.5453
vn -0.9133 -0.1900 -0.3602
vn -0.9029 -0.1081 -0.4160
vn 0.0904 -0.5705 -0.8163
vn 0.0673 -0.7108 -0.7002
vn -0.7971 0.4377 0.4160
vn -0.7761 0.5175 0.3602
vn -0.5664 0.8242 -0.0000
vn -0.6320 0.7697 -0.0903
vn -0.9156 -0.2730 -0.2953
vn -0.8116 0.3536 0.4651
vn -0.8223 0.2380 0.5169
vn -0.8180 0.1586 0.5529
vn -0.8849 -0.0246 -0.4651
vn -0.8516 0.0866 0.5169
vn -0.8516 0.0866 -0.5169
vn -0.8849 -0.0246 0.4651
vn -0.8180 0.1586 -0.5529
vn -0.9029 -0.1081 0.4160
vn -0.8223 0.2380 -0.5169
vn -0.9133 -0.1900 0.3602
vn -0.8116 0.3536 -0.4651
vn -0.9156 -0.2730 0.2953
vn -0.7971 0.4377 -0.4160
vn -0.9073 -0.3600 0.2172
vn -0.6320 0.7697 0.0903
vn -0.7761 0.5175 -0.3602
vn -0.8738 -0.4778 0.0903
vn -0.7070 0.6730 0.2173
vn -0.7472 0.5954 -0.2953
vn -0.8333 -0.5528 -0.0000
vn -0.7472 0.5954 0.2953
vn -0.7070 0.6730 -0.2173
vn 0.8602 -0.5099 -0.0000
vn 0.8979 -0.4369 -0.0538
vn 0.6119 -0.7855 -0.0926
vn 0.5446 -0.8387 -0.0000
vn 0.2281 -0.0442 0.9726
vn 0.2313 0.1294 0.9642
vn 0.1226 -0.4119 -0.9029
vn 0.1662 -0.2064 0.9642
vn 0.1662 -0.2064 -0.9642
vn 0.1226 -0.4119 0.9029
vn 0.2281 -0.0442 -0.9726
vn 0.0904 -0.5705 0.8163
vn 0.2313 0.1294 -0.9642
vn 0.0673 -0.7108 0.7002
vn 0.2676 0.3362 -0.9029
vn 0.0545 -0.8273 0.5590
vn 0.2971 0.4953 -0.8163
vn 0.0542 -0.9157 0.3982
vn 0.4272 0.8823 0.1978
vn 0.4941 0.8694 -0.0000
vn 0.3281 0.6341 -0.7002
vn 0.0665 -0.9780 0.1978
vn 0.3925 0.8291 0.3982
vn 0.3598 0.7470 -0.5590
vn 0.1334 -0.9911 -0.0000
vn 0.3598 0.7470 0.5590
vn 0.3925 0.8291 -0.3982
vn 0.0665 -0.9780 -0.1978
vn 0.3281 0.6341 0.7002
vn 0.4272 0.8823 -0.1978
vn 0.0542 -0.9157 -0.3982
vn 0.2971 0.4953 0.8163
vn 0.0545 -0.8273 -0.5590
vn 0.2677 0.3362 0.9029
vn 0.9113 -0.3998 -0.0981
vn 0.9223 -0.3649 -0.1273
vn 0.9310 -0.3319 -0.1519
vn 0.9382 -0.2995 -0.1736
vn 0.9443 -0.2662 -0.1933
vn 0.9523 -0.2224 -0.2091
vn 0.9515 -0.1845 -0.2464
vn 0.9664 -0.1496 -0.2091
vn 0.9754 -0.1060 -0.1933
vn 0.9821 -0.0728 -0.1736
vn 0.9876 -0.0401 -0.1519
vn 0.9918 -0.0062 -0.1273
vn 0.9947 0.0302 -0.0981
vn 0.9961 0.0697 -0.0538
vn 0.9885 0.1515 -0.0000
vn 0.9961 0.0697 0.0538
vn 0.9947 0.0302 0.0981
vn 0.9918 -0.0062 0.1273
vn 0.9876 -0.0401 0.1519
vn 0.9821 -0.0729 0.1736
vn 0.9754 -0.1060 0.1933
vn 0.9664 -0.1496 0.2091
vn 0.9515 -0.1845 0.2464
vn 0.9523 -0.2224 0.2091
vn 0.9443 -0.2662 0.1933
vn 0.9382 -0.2995 0.1736
vn 0.9310 -0.3319 0.1519
vn 0.9223 -0.3649 0.1273
vn 0.9113 -0.3998 0.0981
vn 0.8979 -0.4369 0.0538
vn 0.7331 -0.6079 -0.3050
vn 0.7635 -0.5276 -0.3724
vn 0.6412 -0.6055 -0.4714
vn 0.6018 -0.7014 -0.3820
vn 0.7635 -0.5276 0.3724
vn 0.7853 -0.4451 0.4302
vn 0.8611 0.4999 -0.0926
vn 0.8977 0.3793 -0.2241
vn 0.6909 -0.6874 -0.2241
vn 0.7331 -0.6079 0.3050
vn 0.8186 0.5744 -0.0000
vn 0.6909 -0.6874 0.2241
vn 0.8611 0.4999 0.0926
vn 0.6119 -0.7855 0.0926
vn 0.8977 0.3793 0.2241
vn 0.7853 -0.4451 -0.4302
vn 0.9072 0.2899 0.3050
vn 0.8003 -0.3580 -0.4810
vn 0.9053 0.2041 0.3724
vn 0.8108 -0.2382 -0.5347
vn 0.8948 0.1194 0.4302
vn 0.8063 -0.1563 -0.5705
vn 0.8761 0.0330 0.4810
vn 0.8410 -0.0821 -0.5347
vn 0.8410 -0.0821 0.5347
vn 0.8761 0.0330 -0.4810
vn 0.8063 -0.1563 0.5705
vn 0.8948 0.1194 -0.4302
vn 0.8108 -0.2382 0.5347
vn 0.9053 0.2041 -0.3724
vn 0.8003 -0.3580 0.4810
vn 0.9071 0.2899 -0.3050
vn 0.6885 -0.3908 -0.6110
vn 0.6992 -0.2370 -0.6745
vn 0.6350 -0.2341 -0.7362
vn 0.6240 -0.4030 -0.6695
vn 0.4553 -0.8835 0.1102
vn 0.5486 -0.7894 0.2755
vn 0.8039 0.5271 0.2755
vn 0.7525 0.6493 0.1102
vn 0.6697 -0.5023 -0.5470
vn 0.3857 -0.9226 -0.0000
vn 0.8203 0.4257 0.3820
vn 0.8210 0.3220 0.4714
vn 0.8089 0.2156 0.5470
vn 0.6942 -0.1346 -0.7071
vn 0.7846 0.1052 0.6110
vn 0.7371 -0.0415 -0.6745
vn 0.7371 -0.0415 0.6745
vn 0.7846 0.1052 -0.6110
vn 0.6942 -0.1346 0.7071
vn 0.8089 0.2156 -0.5470
vn 0.6992 -0.2370 0.6745
vn 0.8210 0.3220 -0.4714
vn 0.6885 -0.3908 0.6110
vn 0.8203 0.4257 -0.3820
vn 0.6697 -0.5023 0.5470
vn 0.8039 0.5272 -0.2755
vn 0.4553 -0.8835 -0.1102
vn 0.6412 -0.6055 0.4714
vn 0.7525 0.6493 -0.1102
vn 0.5486 -0.7894 -0.2755
vn 0.6018 -0.7014 0.3820
vn 0.7025 0.7116 -0.0000
vn 0.6765 -0.0202 -0.7362
vn 0.7294 0.1406 -0.6695
vn 0.6372 0.1908 -0.7467
vn 0.5807 0.0096 -0.8141
vn 0.7560 0.2619 0.5999
vn 0.7691 0.3774 0.5158
vn 0.6322 -0.1226 -0.7651
vn 0.7294 0.1406 0.6695
vn 0.6765 -0.0202 0.7362
vn 0.6322 -0.1226 0.7651
vn 0.7560 0.2619 -0.5999
vn 0.6350 -0.2341 0.7362
vn 0.7691 0.3774 -0.5158
vn 0.6240 -0.4030 0.6695
vn 0.7677 0.4875 -0.4159
vn 0.6034 -0.5254 0.5999
vn 0.7493 0.5916 -0.2976
vn 0.3801 -0.9173 -0.1188
vn 0.3125 -0.9499 -0.0000
vn 0.5723 -0.6374 0.5158
vn 0.6954 0.7087 -0.1188
vn 0.4740 -0.8287 -0.2976
vn 0.5299 -0.7391 0.4159
vn 0.6448 0.7643 -0.0000
vn 0.5299 -0.7391 -0.4159
vn 0.4740 -0.8287 0.2976
vn 0.6954 0.7087 0.1188
vn 0.5723 -0.6374 -0.5158
vn 0.3801 -0.9173 0.1188
vn 0.7493 0.5915 0.2976
vn 0.6034 -0.5254 -0.5999
vn 0.7677 0.4875 0.4159
vn 0.6817 0.4539 -0.5738
vn 0.6809 0.5710 -0.4587
vn 0.5663 0.6549 -0.5003
vn 0.5646 0.5332 -0.6300
vn 0.5307 -0.1029 0.8413
vn 0.5807 0.0096 0.8141
vn 0.6669 0.3268 -0.6697
vn 0.5350 -0.2259 0.8141
vn 0.5197 -0.4151 0.7467
vn 0.4964 -0.5523 0.6697
vn 0.6623 0.6757 -0.3236
vn 0.2722 -0.9541 -0.1247
vn 0.2128 -0.9771 -0.0000
vn 0.4627 -0.6758 0.5738
vn 0.6091 0.7832 -0.1247
vn 0.3618 -0.8743 -0.3237
vn 0.4181 -0.7841 0.4587
vn 0.5626 0.8268 -0.0000
vn 0.4181 -0.7841 -0.4587
vn 0.3618 -0.8743 0.3237
vn 0.6091 0.7832 0.1247
vn 0.4627 -0.6758 -0.5738
vn 0.2722 -0.9541 0.1247
vn 0.6623 0.6757 0.3236
vn 0.4964 -0.5523 -0.6697
vn 0.6809 0.5710 0.4587
vn 0.5198 -0.4151 -0.7467
vn 0.6817 0.4539 0.5738
vn 0.5350 -0.2259 -0.8141
vn 0.6669 0.3268 0.6697
vn 0.5307 -0.1029 -0.8413
vn 0.6372 0.1908 0.7467
vn 0.5068 0.8512 -0.1362
vn 0.4669 0.8843 -0.0000
vn 0.3772 0.9261 -0.0000
vn 0.4046 0.9042 -0.1368
vn 0.3597 -0.5718 0.7374
vn 0.3858 -0.4208 0.8210
vn 0.5512 0.7575 -0.3498
vn 0.1519 -0.9790 -0.1363
vn 0.1025 -0.9947 -0.0000
vn 0.3245 -0.7056 0.6300
vn 0.2282 -0.9086 -0.3498
vn 0.2805 -0.8191 0.5003
vn 0.2805 -0.8191 -0.5003
vn 0.2282 -0.9086 0.3498
vn 0.5068 0.8512 0.1363
vn 0.3245 -0.7056 -0.6300
vn 0.1519 -0.9790 0.1363
vn 0.5512 0.7575 0.3498
vn 0.3597 -0.5718 -0.7374
vn 0.5663 0.6550 0.5003
vn 0.3858 -0.4208 -0.8210
vn 0.5646 0.5332 0.6300
vn 0.4050 -0.2137 -0.8890
vn 0.5473 0.3959 0.7374
vn 0.4078 -0.0791 -0.9097
vn 0.5152 0.2461 0.8210
vn 0.4555 0.0469 -0.8890
vn 0.4555 0.0469 0.8890
vn 0.5152 0.2461 -0.8210
vn 0.4078 -0.0791 0.9097
vn 0.5473 0.3959 -0.7374
vn 0.4050 -0.2137 0.8890
vn 0.4353 0.8230 0.3648
vn 0.4428 0.7245 0.5283
vn 0.4387 0.7236 0.5329
vn 0.4329 0.8214 0.3713
vn 0.1400 -0.8374 -0.5283
vn 0.0962 -0.9261 -0.3648
vn 0.0962 -0.9261 0.3648
vn 0.1400 -0.8374 0.5283
vn 0.4046 0.9042 0.1368
vn 0.1798 -0.7199 -0.6704
vn 0.0374 -0.9899 0.1368
vn 0.2146 -0.5779 -0.7874
vn 0.0038 -1.0000 -0.0000
vn 0.2435 -0.4159 -0.8762
vn 0.4358 0.6005 0.6704
vn 0.2708 -0.1940 -0.9429
vn 0.4150 0.4558 0.7874
vn 0.2787 -0.0540 -0.9588
vn 0.3813 0.2948 0.8762
vn 0.3237 0.0788 -0.9429
vn 0.3237 0.0788 0.9429
vn 0.3813 0.2948 -0.8762
vn 0.2787 -0.0540 0.9588
vn 0.4150 0.4558 -0.7874
vn 0.2708 -0.1940 0.9429
vn 0.4358 0.6005 -0.6704
vn 0.2435 -0.4159 0.8762
vn 0.4428 0.7245 -0.5283
vn 0.2146 -0.5779 0.7874
vn 0.4353 0.8230 -0.3648
vn 0.0374 -0.9899 -0.1368
vn 0.1798 -0.7199 0.6704
vn 0.4097 0.4575 0.7892
vn 0.3764 0.2979 0.8772
vn 0.8551 0.0498 0.5161
vn 0.8747 0.1458 0.4622
vn 0.2378 -0.4170 -0.8772
vn 0.2090 -0.5774 -0.7892
vn 0.4307 0.6008 0.6734
vn 0.2639 -0.1992 -0.9437
vn 0.2776 -0.0538 -0.9592
vn 0.3193 0.0862 -0.9437
vn 0.3193 0.0862 0.9437
vn 0.3764 0.2979 -0.8772
vn 0.2776 -0.0538 0.9592
vn 0.4097 0.4575 -0.7892
vn 0.2639 -0.1992 0.9437
vn 0.4307 0.6008 -0.6734
vn 0.2378 -0.4170 0.8772
vn 0.4387 0.7236 -0.5329
vn 0.2090 -0.5774 0.7892
vn 0.4329 0.8214 -0.3713
vn 0.0396 -0.9878 -0.1504
vn 0.0030 -1.0000 -0.0000
vn 0.1749 -0.7183 0.6734
vn 0.4059 0.9014 -0.1504
vn 0.0946 -0.9237 -0.3713
vn 0.1365 -0.8351 0.5329
vn 0.3765 0.9264 -0.0000
vn 0.1365 -0.8351 -0.5329
vn 0.0946 -0.9237 0.3713
vn 0.4059 0.9015 0.1504
vn 0.1749 -0.7183 -0.6734
vn 0.0396 -0.9878 0.1504
vn 0.6657 -0.7462 -0.0000
vn 0.6498 -0.7564 -0.0750
vn 0.6919 -0.6888 -0.2164
vn 0.7153 -0.6253 -0.3121
vn 0.7370 -0.5491 -0.3941
vn 0.7568 -0.4622 -0.4622
vn 0.7745 -0.3658 -0.5161
vn 0.7861 -0.2324 -0.5727
vn 0.8166 -0.1583 -0.5551
vn 0.8160 -0.0782 -0.5727
vn 0.8551 0.0498 -0.5161
vn 0.8747 0.1458 -0.4622
vn 0.8888 0.2339 -0.3941
vn 0.8971 0.3127 -0.3121
vn 0.8992 0.3803 -0.2164
vn 0.8854 0.4587 -0.0750
vn 0.8964 0.4433 -0.0000
vn 0.8854 0.4587 0.0750
vn 0.8992 0.3803 0.2164
vn 0.8971 0.3127 0.3121
vn 0.8888 0.2338 0.3941
vn 0.8160 -0.0782 0.5727
vn 0.8166 -0.1583 0.5551
vn 0.7861 -0.2324 0.5727
vn 0.7745 -0.3657 0.5161
vn 0.7568 -0.4621 0.4622
vn 0.7370 -0.5491 0.3941
vn 0.7153 -0.6253 0.3121
vn 0.6919 -0.6888 0.2164
vn 0.6498 -0.7564 0.0750
vn 0.1828 -0.9831 -0.0000
vn 0.3227 -0.9465 -0.0000
vn 0.3259 -0.9301 0.1693
vn 0.1862 -0.9656 0.1815
vn 0.0626 -0.9980 -0.0000
vn 0.0661 -0.9798 0.1888
vn -0.0442 -0.9990 -0.0000
vn -0.0406 -0.9804 0.1930
vn -0.1427 -0.9898 -0.0000
vn -0.1391 -0.9709 0.1949
vn 0.8579 -0.5138 -0.0000
vn 0.9817 -0.1903 -0.0000
vn 0.8591 -0.5074 0.0666
vn -0.1903 -0.9817 -0.0000
vn -0.1867 -0.9629 0.1951
vn 0.6745 -0.7383 -0.0000
vn 0.6767 -0.7270 0.1164
vn 0.4874 -0.8732 -0.0000
vn 0.4902 -0.8587 0.1491
vn 0.6831 -0.6937 0.2282
vn 0.4985 -0.8160 0.2925
vn 0.3353 -0.8816 0.3321
vn 0.1963 -0.9136 0.3560
vn 0.0766 -0.9257 0.3704
vn -0.0299 -0.9251 0.3785
vn -0.1283 -0.9151 0.3822
vn 0.8628 -0.4884 0.1306
vn -0.1759 -0.9070 0.3827
vn 0.3506 -0.8029 0.4821
vn 0.2127 -0.8292 0.5169
vn 0.0936 -0.8379 0.5377
vn -0.0125 -0.8354 0.5496
vn -0.1107 -0.8245 0.5549
vn 0.8688 -0.4574 0.1895
vn -0.1583 -0.8163 0.5556
vn 0.6936 -0.6396 0.3313
vn 0.5120 -0.7467 0.4247
vn 0.1165 -0.7197 0.6844
vn 0.0109 -0.7146 0.6995
vn -0.0871 -0.7026 0.7063
vn 0.8769 -0.4158 0.2412
vn -0.1346 -0.6942 0.7071
vn 0.7077 -0.5668 0.4217
vn 0.5301 -0.6534 0.5405
vn 0.3711 -0.6970 0.6136
vn 0.2347 -0.7156 0.6579
vn 0.8867 -0.3650 0.2837
vn -0.0583 -0.5540 0.8305
vn -0.1058 -0.5454 0.8315
vn 0.7249 -0.4781 0.4959
vn 0.5521 -0.5396 0.6356
vn 0.3961 -0.5679 0.7215
vn 0.2615 -0.5772 0.7736
vn 0.1444 -0.5757 0.8048
vn 0.0395 -0.5674 0.8225
vn 0.7446 -0.3768 0.5510
vn 0.5773 -0.4099 0.7062
vn 0.4247 -0.4206 0.8017
vn 0.2922 -0.4193 0.8595
vn 0.1763 -0.4115 0.8942
vn 0.0720 -0.3996 0.9139
vn -0.0254 -0.3844 0.9228
vn 0.8980 -0.3071 0.3152
vn -0.0728 -0.3757 0.9239
vn 0.4557 -0.2608 0.8511
vn 0.3254 -0.2480 0.9125
vn 0.2109 -0.2332 0.9493
vn 0.1073 -0.2174 0.9702
vn 0.0103 -0.2005 0.9796
vn 0.9101 -0.2443 0.3346
vn -0.0371 -0.1915 0.9808
vn 0.7659 -0.2670 0.5849
vn 0.6046 -0.2691 0.7497
vn 0.2468 -0.0479 0.9679
vn 0.1441 -0.0279 0.9892
vn 0.0474 -0.0092 0.9988
vn 0.9228 -0.1789 0.3412
vn -0.0000 -0.0000 1.0000
vn 0.7880 -0.1528 0.5964
vn 0.6330 -0.1227 0.7644
vn 0.4879 -0.0946 0.8678
vn 0.3599 -0.0698 0.9304
vn 0.0845 0.1821 0.9796
vn 0.0371 0.1915 0.9808
vn 0.9355 -0.1136 0.3346
vn 0.8101 -0.0386 0.5850
vn 0.6613 0.0237 0.7497
vn 0.5201 0.0716 0.8511
vn 0.3945 0.1084 0.9125
vn 0.2827 0.1375 0.9493
vn 0.1808 0.1615 0.9702
vn 0.6886 0.1645 0.7062
vn 0.5511 0.2314 0.8017
vn 0.4277 0.2797 0.8595
vn 0.3173 0.3158 0.8942
vn 0.2161 0.3437 0.9139
vn 0.1201 0.3661 0.9228
vn 0.9477 -0.0508 0.3152
vn 0.0728 0.3757 0.9239
vn 0.8314 0.0713 0.5510
vn 0.4583 0.4376 0.7736
vn 0.3491 0.4800 0.8048
vn 0.2487 0.5116 0.8225
vn 0.1530 0.5356 0.8305
vn 0.9589 0.0071 0.2837
vn 0.1058 0.5454 0.8315
vn 0.8511 0.1725 0.4959
vn 0.7138 0.2942 0.6356
vn 0.5797 0.3787 0.7215
vn 0.2772 0.6587 0.6995
vn 0.1818 0.6842 0.7063
vn 0.9687 0.0579 0.2412
vn 0.1346 0.6942 0.7071
vn 0.8683 0.2612 0.4217
vn 0.7358 0.4079 0.5405
vn 0.6047 0.5078 0.6136
vn 0.4852 0.5761 0.6579
vn 0.3771 0.6240 0.6844
vn 0.9768 0.0996 0.1895
vn 0.8824 0.3340 0.3313
vn 0.7539 0.5012 0.4247
vn 0.6252 0.6137 0.4821
vn 0.5072 0.6896 0.5169
vn 0.4000 0.7422 0.5377
vn 0.3006 0.7795 0.5496
vn 0.2055 0.8061 0.5549
vn 0.1583 0.8163 0.5556
vn 0.7674 0.5706 0.2925
vn 0.6405 0.6924 0.3321
vn 0.5235 0.7740 0.3560
vn 0.4170 0.8300 0.3704
vn 0.3180 0.8692 0.3785
vn 0.2230 0.8967 0.3822
vn 0.9828 0.1305 0.1306
vn 0.1758 0.9070 0.3827
vn 0.8929 0.3882 0.2282
vn 0.5336 0.8260 0.1815
vn 0.4275 0.8841 0.1888
vn 0.3287 0.9245 0.1930
vn 0.2339 0.9525 0.1949
vn 0.9865 0.1496 0.0666
vn 0.1867 0.9629 0.1951
vn 0.8993 0.4215 0.1164
vn 0.7757 0.6133 0.1491
vn 0.6499 0.7409 0.1693
vn 0.3324 0.9432 -0.0000
vn 0.2375 0.9714 -0.0000
vn 0.9878 0.1560 -0.0000
vn 0.1903 0.9817 -0.0000
vn 0.9015 0.4327 -0.0000
vn 0.7785 0.6277 -0.0000
vn 0.6531 0.7573 -0.0000
vn 0.5370 0.8436 -0.0000
vn 0.4310 0.9023 -0.0000
vn 0.8993 0.4215 -0.1164
vn 0.7757 0.6133 -0.1491
vn 0.6499 0.7409 -0.1693
vn 0.5336 0.8260 -0.1815
vn 0.4275 0.8841 -0.1888
vn 0.3287 0.9245 -0.1930
vn 0.2338 0.9525 -0.1949
vn 0.9865 0.1496 -0.0666
vn 0.1867 0.9629 -0.1951
vn 0.6405 0.6924 -0.3321
vn 0.5235 0.7740 -0.3560
vn 0.4170 0.8300 -0.3704
vn 0.3180 0.8692 -0.3785
vn 0.2230 0.8967 -0.3822
vn 0.9828 0.1305 -0.1305
vn 0.1758 0.9070 -0.3827
vn 0.8929 0.3882 -0.2282
vn 0.7674 0.5706 -0.2925
vn 0.4000 0.7422 -0.5377
vn 0.3006 0.7795 -0.5496
vn 0.2055 0.8061 -0.5549
vn 0.9768 0.0995 -0.1895
vn 0.1583 0.8163 -0.5556
vn 0.8824 0.3340 -0.3313
vn 0.7539 0.5012 -0.4247
vn 0.6252 0.6137 -0.4821
vn 0.5072 0.6896 -0.5169
vn 0.1818 0.6842 -0.7063
vn 0.1346 0.6942 -0.7071
vn 0.9687 0.0579 -0.2413
vn 0.8683 0.2612 -0.4217
vn 0.7358 0.4079 -0.5405
vn 0.6047 0.5078 -0.6136
vn 0.4851 0.5761 -0.6579
vn 0.3771 0.6240 -0.6844
vn 0.2772 0.6587 -0.6995
vn 0.7138 0.2942 -0.6356
vn 0.5797 0.3787 -0.7215
vn 0.4583 0.4376 -0.7736
vn 0.3491 0.4800 -0.8048
vn 0.2487 0.5116 -0.8225
vn 0.1530 0.5356 -0.8305
vn 0.9589 0.0071 -0.2837
vn 0.1057 0.5454 -0.8315
vn 0.8511 0.1725 -0.4959
vn 0.4277 0.2797 -0.8595
vn 0.3173 0.3158 -0.8942
vn 0.2161 0.3437 -0.9139
vn 0.1201 0.3661 -0.9228
vn 0.9477 -0.0508 -0.3152
vn 0.0728 0.3757 -0.9239
vn 0.8315 0.0713 -0.5510
vn 0.6886 0.1645 -0.7062
vn 0.5511 0.2314 -0.8017
vn 0.1808 0.1615 -0.9702
vn 0.0845 0.1821 -0.9796
vn 0.9355 -0.1136 -0.3346
vn 0.0371 0.1915 -0.9808
vn 0.8101 -0.0386 -0.5850
vn 0.6613 0.0237 -0.7497
vn 0.5201 0.0716 -0.8511
vn 0.3945 0.1084 -0.9125
vn 0.2827 0.1375 -0.9493
vn 0.9228 -0.1789 -0.3412
vn 0.7880 -0.1528 -0.5964
vn 0.6330 -0.1227 -0.7644
vn 0.4879 -0.0946 -0.8678
vn 0.3599 -0.0698 -0.9304
vn 0.2468 -0.0479 -0.9679
vn 0.1441 -0.0279 -0.9892
vn 0.0474 -0.0092 -0.9988
vn -0.0000 -0.0000 -1.0000
vn 0.6046 -0.2691 -0.7497
vn 0.4557 -0.2608 -0.8511
vn 0.3254 -0.2480 -0.9125
vn 0.2109 -0.2332 -0.9493
vn 0.1073 -0.2174 -0.9702
vn 0.0103 -0.2005 -0.9796
vn 0.9102 -0.2443 -0.3346
vn -0.0371 -0.1915 -0.9808
vn 0.7659 -0.2670 -0.5849
vn 0.2922 -0.4193 -0.8595
vn 0.1763 -0.4115 -0.8942
vn 0.0720 -0.3996 -0.9139
vn -0.0254 -0.3844 -0.9228
vn 0.8980 -0.3071 -0.3152
vn -0.0728 -0.3757 -0.9239
vn 0.7446 -0.3769 -0.5510
vn 0.5773 -0.4099 -0.7062
vn 0.4247 -0.4206 -0.8017
vn 0.0395 -0.5674 -0.8225
vn -0.0583 -0.5540 -0.8305
vn 0.8867 -0.3650 -0.2837
vn -0.1058 -0.5454 -0.8315
vn 0.7249 -0.4781 -0.4959
vn 0.5521 -0.5396 -0.6356
vn 0.3961 -0.5679 -0.7215
vn 0.2615 -0.5772 -0.7736
vn 0.1444 -0.5757 -0.8048
vn 0.7077 -0.5668 -0.4217
vn 0.5301 -0.6534 -0.5405
vn 0.3711 -0.6970 -0.6136
vn 0.2347 -0.7156 -0.6579
vn 0.1165 -0.7197 -0.6844
vn 0.0109 -0.7146 -0.6995
vn -0.0871 -0.7026 -0.7063
vn 0.8769 -0.4157 -0.2412
vn -0.1346 -0.6942 -0.7071
vn 0.3506 -0.8029 -0.4821
vn 0.2127 -0.8292 -0.5169
vn 0.0936 -0.8379 -0.5377
vn -0.0125 -0.8354 -0.5496
vn -0.1107 -0.8245 -0.5549
vn 0.8688 -0.4574 -0.1895
vn -0.1583 -0.8163 -0.5556
vn 0.6936 -0.6396 -0.3313
vn 0.5120 -0.7467 -0.4247
vn 0.0766 -0.9257 -0.3704
vn -0.0299 -0.9251 -0.3785
vn -0.1283 -0.9151 -0.3822
vn 0.8628 -0.4883 -0.1306
vn -0.1758 -0.9070 -0.3827
vn 0.6831 -0.6937 -0.2282
vn 0.4985 -0.8160 -0.2925
vn 0.3353 -0.8816 -0.3321
vn 0.1963 -0.9136 -0.3560
vn 0.8591 -0.5074 -0.0666
vn -0.1391 -0.9709 -0.1949
vn -0.1867 -0.9629 -0.1951
vn 0.6767 -0.7270 -0.1164
vn 0.4902 -0.8587 -0.1491
vn 0.3259 -0.9301 -0.1693
vn 0.1862 -0.9656 -0.1815
vn 0.0661 -0.9798 -0.1888
vn -0.0406 -0.9804 -0.1930
vt 0.409277 0.613016
vt 0.371116 0.612795
vt 0.371124 0.516940
vt 0.409285 0.517161
vt 0.371148 0.513201
vt 0.409309 0.513421
vt 0.371188 0.509557
vt 0.409348 0.509778
vt 0.371241 0.506149
vt 0.409401 0.506369
vt 0.371305 0.503107
vt 0.409466 0.503327
vt 0.820643 0.833562
vt 0.820853 0.795401
vt 0.823555 0.795363
vt 0.823345 0.833525
vt 0.826710 0.795340
vt 0.826500 0.833501
vt 0.885333 0.795321
vt 0.885124 0.833483
vt 0.944154 0.795317
vt 0.943945 0.833479
vt 0.947895 0.795340
vt 0.947685 0.833501
vt 0.951547 0.795376
vt 0.951338 0.833538
vt 0.954972 0.795426
vt 0.954762 0.833587
vt 0.958037 0.795486
vt 0.957827 0.833648
vt 0.123442 0.735093
vt 0.085277 0.735039
vt 0.085247 0.731895
vt 0.123411 0.731949
vt 0.085228 0.728416
vt 0.123392 0.728470
vt 0.085222 0.629632
vt 0.123386 0.629686
vt 0.085228 0.530787
vt 0.123392 0.530841
vt 0.085247 0.527130
vt 0.123411 0.527184
vt 0.085277 0.523697
vt 0.123442 0.523751
vt 0.085318 0.520620
vt 0.123483 0.520674
vt 0.805767 0.574670
vt 0.805794 0.536501
vt 0.808441 0.536482
vt 0.808414 0.574651
vt 0.811553 0.536468
vt 0.811526 0.574637
vt 0.815011 0.536459
vt 0.814984 0.574628
vt 0.875663 0.536452
vt 0.875636 0.574621
vt 0.936386 0.536451
vt 0.936359 0.574620
vt 0.940055 0.536459
vt 0.940028 0.574628
vt 0.943511 0.536473
vt 0.943484 0.574642
vt 0.946620 0.536492
vt 0.946594 0.574661
vt 0.949264 0.536515
vt 0.949238 0.574683
vt 0.409348 0.714587
vt 0.371188 0.714366
vt 0.371148 0.711637
vt 0.409309 0.711857
vt 0.057005 0.723688
vt 0.056999 0.629312
vt 0.371124 0.708460
vt 0.409285 0.708681
vt 0.454716 0.504682
vt 0.454674 0.508559
vt 0.057052 0.528105
vt 0.057023 0.531385
vt 0.035982 0.536665
vt 0.036010 0.533574
vt 0.876181 0.508208
vt 0.934194 0.508206
vt 0.342944 0.516599
vt 0.342982 0.513118
vt 0.950125 0.767201
vt 0.953396 0.767249
vt 0.809430 0.508255
vt 0.811959 0.508236
vt 0.342982 0.708787
vt 0.342944 0.706179
vt 0.830859 0.767166
vt 0.886866 0.767149
vt 0.057005 0.534879
vt 0.937699 0.508214
vt 0.343032 0.509862
vt 0.956325 0.767306
vt 0.814932 0.508223
vt 0.342921 0.703144
vt 0.943062 0.767145
vt 0.941001 0.508228
vt 0.343094 0.506956
vt 0.057052 0.730015
vt 0.057023 0.727012
vt 0.818235 0.508214
vt 0.342913 0.611749
vt 0.342921 0.520171
vt 0.946635 0.767167
vt 0.943972 0.508245
vt 0.825263 0.767225
vt 0.827844 0.767189
vt 0.057091 0.525165
vt 0.946498 0.508267
vt 0.819100 0.487158
vt 0.816298 0.487171
vt 0.821480 0.467309
vt 0.824076 0.467297
vt 0.830638 0.746243
vt 0.833071 0.746209
vt 0.036047 0.530804
vt 0.835911 0.746188
vt 0.813915 0.487188
vt 0.888684 0.746171
vt 0.941635 0.746168
vt 0.822212 0.487150
vt 0.945002 0.746188
vt 0.876811 0.487143
vt 0.948290 0.746221
vt 0.931474 0.487142
vt 0.951373 0.746266
vt 0.934777 0.487150
vt 0.954132 0.746320
vt 0.937888 0.487162
vt 0.036010 0.723824
vt 0.035982 0.720994
vt 0.321897 0.610535
vt 0.321905 0.524246
vt 0.940687 0.487179
vt 0.035965 0.717862
vt 0.321927 0.520880
vt 0.943067 0.487199
vt 0.035960 0.628937
vt 0.321962 0.517600
vt 0.321962 0.701970
vt 0.321927 0.699512
vt 0.035965 0.539957
vt 0.322010 0.514532
vt 0.321905 0.696653
vt 0.322068 0.511794
vt 0.928220 0.467283
vt 0.877561 0.467284
vt 0.878233 0.458972
vt 0.925264 0.458971
vt 0.890827 0.726415
vt 0.939900 0.726412
vt 0.826961 0.467290
vt 0.943020 0.726430
vt 0.946068 0.726461
vt 0.948925 0.726502
vt 0.931281 0.467290
vt 0.951482 0.726553
vt 0.934164 0.467301
vt 0.016176 0.716434
vt 0.016151 0.713811
vt 0.302095 0.609116
vt 0.302102 0.529147
vt 0.936759 0.467317
vt 0.016135 0.710908
vt 0.302122 0.526027
vt 0.938964 0.467336
vt 0.016130 0.628496
vt 0.302155 0.522987
vt 0.302155 0.693853
vt 0.302122 0.691576
vt 0.016135 0.546033
vt 0.302199 0.520144
vt 0.302102 0.688926
vt 0.016151 0.542982
vt 0.302253 0.517606
vt 0.016176 0.540117
vt 0.837033 0.726481
vt 0.839288 0.726450
vt 0.016211 0.537550
vt 0.841920 0.726430
vt 0.819272 0.467325
vt 0.115801 0.990040
vt 0.113561 0.991878
vt 0.107236 0.981504
vt 0.109206 0.979887
vt 0.001980 0.814811
vt 0.004393 0.812830
vt 0.008448 0.819481
vt 0.006208 0.821319
vt 0.928106 0.458978
vt 0.000000 0.817223
vt 0.004370 0.823559
vt 0.117616 0.998529
vt 0.114863 1.000000
vt 0.111006 0.993244
vt 0.007887 0.709749
vt 0.007863 0.707314
vt 0.293832 0.607885
vt 0.293839 0.533644
vt 0.120029 0.996549
vt 0.007849 0.704619
vt 0.293858 0.530748
vt 0.122009 0.994136
vt 0.117639 0.987800
vt 0.007844 0.628110
vt 0.293888 0.527926
vt 0.123480 0.991383
vt 0.119005 0.985244
vt 0.007849 0.551553
vt 0.293929 0.525286
vt 0.293858 0.684439
vt 0.293839 0.681979
vt 0.007863 0.548721
vt 0.117616 0.812830
vt 0.120029 0.814811
vt 0.115801 0.821319
vt 0.113561 0.819481
vt 0.007887 0.546062
vt 0.114863 0.811359
vt 0.111006 0.818115
vt 0.001980 0.996549
vt 0.000000 0.994136
vt 0.004370 0.987800
vt 0.006208 0.990040
vt 0.111876 0.810453
vt 0.108233 0.817274
vt 0.004393 0.998529
vt 0.008448 0.991878
vt 0.847313 0.718209
vt 0.892717 0.718194
vt 0.007146 1.000000
vt 0.011003 0.993244
vt 0.938275 0.718192
vt 0.828580 0.458985
vt 0.831258 0.458978
vt 0.941172 0.718209
vt 0.944001 0.718237
vt 0.112765 0.973230
vt 0.112025 0.975669
vt 0.106042 0.967462
vt 0.106696 0.965309
vt 0.002162 0.828888
vt 0.003004 0.826115
vt 0.009984 0.835690
vt 0.009244 0.838129
vt 0.119005 0.826115
vt 0.119846 0.828888
vt 0.112765 0.838129
vt 0.112025 0.835690
vt 0.110824 0.977917
vt 0.000004 0.694817
vt 0.000000 0.627515
vt 0.117639 0.823559
vt 0.110824 0.833442
vt 0.000004 0.560172
vt 0.109206 0.831472
vt 0.119846 0.982471
vt 0.003004 0.985244
vt 0.002162 0.982471
vt 0.009244 0.973230
vt 0.009984 0.975669
vt 0.107236 0.829855
vt 0.286031 0.671172
vt 0.286025 0.605995
vt 0.011185 0.977917
vt 0.104988 0.828653
vt 0.012802 0.979887
vt 0.102549 0.827913
vt 0.014773 0.981504
vt 0.061004 0.816990
vt 0.061004 0.827663
vt 0.017021 0.982706
vt 0.013776 0.817274
vt 0.019460 0.827913
vt 0.013776 0.994085
vt 0.019460 0.983446
vt 0.011003 0.818115
vt 0.017021 0.828653
vt 0.061004 0.994369
vt 0.061004 0.983696
vt 0.014773 0.829855
vt 0.108233 0.994085
vt 0.102549 0.983446
vt 0.012802 0.831472
vt 0.104988 0.982706
vt 0.011185 0.833442
vt 0.286031 0.540689
vt 0.020194 0.972613
vt 0.018455 0.971186
vt 0.025350 0.960570
vt 0.026807 0.961766
vt 0.015313 0.965309
vt 0.015967 0.967462
vt 0.103554 0.840173
vt 0.101815 0.838746
vt 0.113015 0.905680
vt 0.106916 0.905680
vt 0.017027 0.969446
vt 0.099831 0.837685
vt 0.097677 0.837032
vt 0.061004 0.836812
vt 0.022178 0.973674
vt 0.024332 0.837032
vt 0.024332 0.974327
vt 0.022178 0.837685
vt 0.061004 0.974548
vt 0.020194 0.838746
vt 0.097677 0.974327
vt 0.018455 0.840173
vt 0.099831 0.973674
vt 0.017027 0.841913
vt 0.101815 0.972613
vt 0.015967 0.843897
vt 0.106696 0.846050
vt 0.103554 0.971186
vt 0.015313 0.846050
vt 0.106042 0.843897
vt 0.104982 0.969446
vt 0.008994 0.905680
vt 0.015093 0.905680
vt 0.104982 0.841913
vt 0.061004 0.963387
vt 0.030274 0.963202
vt 0.037897 0.948935
vt 0.061004 0.949073
vt 0.091734 0.848157
vt 0.061004 0.847972
vt 0.028470 0.962655
vt 0.030274 0.848157
vt 0.028470 0.848704
vt 0.026807 0.849593
vt 0.091734 0.963202
vt 0.025350 0.850789
vt 0.093539 0.962655
vt 0.024154 0.852246
vt 0.095201 0.961766
vt 0.023265 0.853909
vt 0.099476 0.905680
vt 0.099291 0.855713
vt 0.096659 0.960570
vt 0.022718 0.855713
vt 0.098744 0.853909
vt 0.097855 0.959113
vt 0.022533 0.905680
vt 0.097855 0.852246
vt 0.098744 0.957450
vt 0.022718 0.955646
vt 0.096659 0.850789
vt 0.099291 0.955646
vt 0.023265 0.957450
vt 0.095201 0.849593
vt 0.024154 0.959113
vt 0.093539 0.848704
vt 0.086719 0.947855
vt 0.085469 0.948523
vt 0.078674 0.936623
vt 0.079577 0.936140
vt 0.036540 0.862836
vt 0.035290 0.863504
vt 0.084112 0.948935
vt 0.034194 0.864404
vt 0.033294 0.865500
vt 0.032626 0.866750
vt 0.089933 0.905680
vt 0.089794 0.868107
vt 0.087815 0.946955
vt 0.032214 0.868107
vt 0.089383 0.866750
vt 0.088715 0.945859
vt 0.032075 0.905680
vt 0.088715 0.865500
vt 0.089383 0.944609
vt 0.032214 0.943252
vt 0.087815 0.864404
vt 0.089794 0.943252
vt 0.032626 0.944609
vt 0.086719 0.863504
vt 0.033294 0.945859
vt 0.085469 0.862836
vt 0.034194 0.946955
vt 0.084112 0.862425
vt 0.035290 0.947855
vt 0.061004 0.862286
vt 0.036540 0.948523
vt 0.037897 0.862425
vt 0.081798 0.878543
vt 0.081898 0.905680
vt 0.081798 0.932816
vt 0.081501 0.933796
vt 0.081018 0.934699
vt 0.080368 0.935491
vt 0.077694 0.936920
vt 0.061004 0.937021
vt 0.044315 0.936920
vt 0.043335 0.936623
vt 0.042432 0.936140
vt 0.041640 0.935491
vt 0.040991 0.934699
vt 0.040508 0.933796
vt 0.040211 0.932816
vt 0.040110 0.905680
vt 0.040211 0.878543
vt 0.040508 0.877563
vt 0.040991 0.876660
vt 0.041640 0.875868
vt 0.042432 0.875219
vt 0.043335 0.874736
vt 0.044315 0.874439
vt 0.061004 0.874338
vt 0.077694 0.874439
vt 0.078674 0.874736
vt 0.079577 0.875219
vt 0.080368 0.875868
vt 0.081018 0.876660
vt 0.081501 0.877563
vt 0.814271 0.878886
vt 0.817147 0.878846
vt 0.806437 0.911769
vt 0.803254 0.911814
vt 0.957003 0.878913
vt 0.953358 0.878860
vt 0.803349 0.620077
vt 0.800532 0.620097
vt 0.454674 0.719738
vt 0.454716 0.722643
vt 0.882893 0.878801
vt 0.820505 0.878821
vt 0.168785 0.524961
vt 0.168778 0.630152
vt 0.943415 0.620053
vt 0.939510 0.620044
vt 0.454772 0.501054
vt 0.960265 0.878977
vt 0.806661 0.620062
vt 0.454648 0.716357
vt 0.945491 0.878798
vt 0.168805 0.521069
vt 0.947092 0.620067
vt 0.454841 0.497817
vt 0.168805 0.738983
vt 0.168837 0.742328
vt 0.810341 0.620053
vt 0.454648 0.512539
vt 0.454639 0.614549
vt 0.949471 0.878821
vt 0.168837 0.517415
vt 0.950402 0.620087
vt 0.168785 0.735280
vt 0.874887 0.620045
vt 0.168881 0.514140
vt 0.953215 0.620111
vt 0.879204 0.911719
vt 0.948487 0.911716
vt 0.950811 0.935706
vt 0.875688 0.935711
vt 0.201936 0.502510
vt 0.201888 0.506134
vt 0.810153 0.911742
vt 0.794418 0.653176
vt 0.791300 0.653198
vt 0.798084 0.653159
vt 0.802156 0.653149
vt 0.952893 0.911742
vt 0.873596 0.653140
vt 0.957195 0.911785
vt 0.945120 0.653139
vt 0.961229 0.911843
vt 0.949442 0.653149
vt 0.964839 0.911914
vt 0.953512 0.653165
vt 0.201852 0.751364
vt 0.201888 0.755067
vt 0.487647 0.504085
vt 0.487637 0.616989
vt 0.957175 0.653187
vt 0.201830 0.747266
vt 0.487675 0.499681
vt 0.960289 0.653214
vt 0.201823 0.630911
vt 0.487722 0.495389
vt 0.487675 0.733412
vt 0.487722 0.736627
vt 0.201830 0.514486
vt 0.487784 0.491374
vt 0.487647 0.729670
vt 0.201852 0.510178
vt 0.487860 0.487791
vt 0.372830 0.087028
vt 0.369125 0.090046
vt 0.359431 0.074999
vt 0.363535 0.071656
vt 0.795341 0.677294
vt 0.790925 0.677306
vt 0.955588 0.935735
vt 0.872802 0.677285
vt 0.960253 0.935781
vt 0.950354 0.677284
vt 0.964626 0.935844
vt 0.955040 0.677294
vt 0.968540 0.935922
vt 0.959453 0.677312
vt 0.225961 0.762145
vt 0.226000 0.766160
vt 0.511701 0.496759
vt 0.511690 0.619180
vt 0.963425 0.677336
vt 0.225937 0.757701
vt 0.511732 0.491984
vt 0.966801 0.677365
vt 0.225929 0.631540
vt 0.511782 0.487330
vt 0.511732 0.745414
vt 0.511782 0.748900
vt 0.225937 0.505302
vt 0.511850 0.482977
vt 0.511701 0.741357
vt 0.225961 0.500631
vt 0.511932 0.479092
vt 0.226000 0.496246
vt 0.796789 0.935765
vt 0.793337 0.935813
vt 0.226053 0.492317
vt 0.800818 0.935735
vt 0.786951 0.677324
vt 0.783570 0.677348
vt 0.245368 0.777128
vt 0.245341 0.772206
vt 0.266706 0.789158
vt 0.266736 0.794641
vt 0.962362 0.696758
vt 0.957171 0.696746
vt 0.366081 0.093728
vt 0.356057 0.079079
vt 0.967252 0.696777
vt 0.245411 0.781577
vt 0.531050 0.486389
vt 0.531038 0.622019
vt 0.545105 0.371943
vt 0.548810 0.368926
vt 0.558504 0.383972
vt 0.554400 0.387315
vt 0.531084 0.481098
vt 0.551855 0.365243
vt 0.561878 0.379892
vt 0.245332 0.632431
vt 0.531140 0.475942
vt 0.554123 0.361038
vt 0.564390 0.375233
vt 0.245341 0.492571
vt 0.531215 0.471120
vt 0.531050 0.757380
vt 0.531084 0.761875
vt 0.245368 0.487396
vt 0.549839 0.090714
vt 0.546156 0.087669
vt 0.555565 0.072366
vt 0.559644 0.075740
vt 0.245411 0.482538
vt 0.541951 0.085401
vt 0.550905 0.069854
vt 0.365079 0.364552
vt 0.368096 0.368257
vt 0.358291 0.383231
vt 0.354948 0.379127
vt 0.537383 0.083997
vt 0.545845 0.068298
vt 0.371779 0.371302
vt 0.362371 0.386605
vt 0.871329 0.954962
vt 0.788380 0.954989
vt 0.375984 0.373570
vt 0.367030 0.389118
vt 0.954557 0.954957
vt 0.785431 0.696758
vt 0.780539 0.696770
vt 0.959850 0.954989
vt 0.871250 0.696748
vt 0.965018 0.955040
vt 0.338654 0.385304
vt 0.340345 0.390952
vt 0.325107 0.411694
vt 0.323199 0.405320
vt 0.552390 0.468366
vt 0.552351 0.474259
vt 0.573594 0.397015
vt 0.569836 0.401560
vt 0.266696 0.633470
vt 0.552452 0.462623
vt 0.576392 0.391826
vt 0.266706 0.477687
vt 0.562988 0.079844
vt 0.571106 0.058236
vt 0.574830 0.062808
vt 0.552351 0.776102
vt 0.552390 0.781108
vt 0.266736 0.471924
vt 0.566562 0.054479
vt 0.552338 0.625331
vt 0.266784 0.466513
vt 0.561372 0.051680
vt 0.346829 0.400735
vt 0.343105 0.396163
vt 0.555736 0.049948
vt 0.351373 0.404492
vt 0.866240 0.976149
vt 0.773848 0.976178
vt 0.356563 0.407291
vt 0.958944 0.976144
vt 0.372090 0.390673
vt 0.362199 0.409024
vt 0.964839 0.976179
vt 0.869438 0.718181
vt 0.773848 0.718192
vt 0.368213 0.069178
vt 0.352671 0.053688
vt 0.357881 0.050928
vt 0.965140 0.718179
vt 0.348099 0.057412
vt 0.970922 0.718192
vt 0.344342 0.061956
vt 0.549722 0.389793
vt 0.565264 0.405283
vt 0.560054 0.408044
vt 0.353545 0.083738
vt 0.341543 0.067146
vt 0.332424 0.422733
vt 0.337552 0.426974
vt 0.322152 0.452022
vt 0.316374 0.447244
vt 0.580383 0.031998
vt 0.585511 0.036238
vt 0.571577 0.629449
vt 0.571591 0.799589
vt 0.328222 0.417574
vt 0.574527 0.028839
vt 0.568167 0.026884
vt 0.459635 0.049014
vt 0.459721 0.025831
vt 0.343408 0.430132
vt 0.363530 0.049237
vt 0.351270 0.026082
vt 0.349769 0.432087
vt 0.344896 0.027990
vt 0.458300 0.409957
vt 0.458214 0.433140
vt 0.339016 0.031105
vt 0.554405 0.409735
vt 0.566665 0.432889
vt 0.333857 0.035307
vt 0.573039 0.430981
vt 0.329617 0.040435
vt 0.578919 0.427866
vt 0.326458 0.046292
vt 0.571591 0.458971
vt 0.584078 0.423664
vt 0.339810 0.072782
vt 0.324503 0.052652
vt 0.579281 0.073668
vt 0.577590 0.068019
vt 0.592828 0.047277
vt 0.594736 0.053651
vt 0.588319 0.418536
vt 0.286014 0.634766
vt 0.286025 0.810453
vt 0.589713 0.041397
vt 0.591477 0.412680
vt 0.286025 0.458971
vt 0.578125 0.386189
vt 0.593432 0.406319
vt 0.002239 0.228928
vt 0.003707 0.030567
vt 0.020073 0.052376
vt 0.018767 0.228989
vt 0.459816 0.000000
vt 0.582017 0.001187
vt 0.328751 0.455581
vt 0.337610 0.000283
vt 0.335918 0.457784
vt 0.330427 0.002433
vt 0.458119 0.458971
vt 0.323802 0.005943
vt 0.580325 0.458688
vt 0.317988 0.010678
vt 0.587508 0.456538
vt 0.313210 0.016456
vt 0.594133 0.453028
vt 0.309651 0.023056
vt 0.594736 0.229988
vt 0.611957 0.031349
vt 0.611957 0.230051
vt 0.599947 0.448293
vt 0.307448 0.030223
vt 0.609807 0.024166
vt 0.604725 0.442515
vt 0.323199 0.228983
vt 0.305978 0.228920
vt 0.606297 0.017540
vt 0.608284 0.435915
vt 0.305978 0.427622
vt 0.601562 0.011727
vt 0.610487 0.428749
vt 0.308128 0.434805
vt 0.595783 0.006949
vt 0.311638 0.441431
vt 0.589184 0.003390
vt 0.000000 0.228920
vt 0.001470 0.030223
vt 0.005749 0.023925
vt 0.003673 0.023056
vt 0.009098 0.017713
vt 0.007232 0.016456
vt 0.013595 0.012275
vt 0.012010 0.010678
vt 0.019067 0.007818
vt 0.017823 0.005943
vt 0.025302 0.004515
vt 0.024449 0.002433
vt 0.031962 0.002521
vt 0.031632 0.000283
vt 0.153830 0.002239
vt 0.153838 0.000000
vt 0.275692 0.003423
vt 0.276039 0.001187
vt 0.282337 0.005466
vt 0.283206 0.003390
vt 0.288548 0.008815
vt 0.289805 0.006949
vt 0.293986 0.013312
vt 0.295583 0.011727
vt 0.298443 0.018784
vt 0.300318 0.017540
vt 0.301746 0.025019
vt 0.303828 0.024166
vt 0.303739 0.031677
vt 0.305978 0.031349
vt 0.303739 0.230043
vt 0.305978 0.230051
vt 0.302272 0.428404
vt 0.304508 0.428749
vt 0.300230 0.435047
vt 0.302305 0.435915
vt 0.296880 0.441258
vt 0.298747 0.442515
vt 0.292383 0.446696
vt 0.293969 0.448293
vt 0.286912 0.451153
vt 0.288155 0.453028
vt 0.280676 0.454456
vt 0.281529 0.456538
vt 0.274016 0.456450
vt 0.274346 0.458688
vt 0.152149 0.456732
vt 0.152140 0.458971
vt 0.030287 0.455548
vt 0.029940 0.457784
vt 0.023642 0.453506
vt 0.022773 0.455581
vt 0.017430 0.450156
vt 0.016173 0.452022
vt 0.011992 0.445659
vt 0.010395 0.447244
vt 0.007535 0.440188
vt 0.005660 0.441431
vt 0.004232 0.433952
vt 0.002150 0.434805
vt 0.002239 0.427294
vt 0.000000 0.427622
vt 0.024874 0.040931
vt 0.028878 0.036089
vt 0.042556 0.057403
vt 0.038993 0.061712
vt 0.027451 0.421959
vt 0.032293 0.425963
vt 0.287211 0.053364
vt 0.285437 0.047436
vt 0.021892 0.046462
vt 0.023483 0.417087
vt 0.287211 0.229982
vt 0.020541 0.411535
vt 0.285905 0.406595
vt 0.018767 0.405607
vt 0.284087 0.412510
vt 0.033749 0.032121
vt 0.281105 0.418040
vt 0.039301 0.029180
vt 0.277101 0.422882
vt 0.045231 0.027405
vt 0.272229 0.426850
vt 0.153738 0.027154
vt 0.266677 0.429791
vt 0.262239 0.028208
vt 0.260747 0.431566
vt 0.268156 0.030026
vt 0.152241 0.431818
vt 0.273686 0.033009
vt 0.043740 0.430764
vt 0.278528 0.037013
vt 0.037823 0.428945
vt 0.282496 0.041884
vt 0.051831 0.051255
vt 0.057107 0.049676
vt 0.066684 0.067636
vt 0.061935 0.069058
vt 0.033560 0.386197
vt 0.035138 0.391471
vt 0.814620 0.341161
vt 0.814580 0.347345
vt 0.794893 0.331569
vt 0.794928 0.326066
vt 0.046891 0.053873
vt 0.773825 0.458971
vt 0.773848 0.634939
vt 0.754229 0.636126
vt 0.754209 0.479552
vt 0.266985 0.397259
vt 0.269639 0.392339
vt 0.263422 0.401568
vt 0.259088 0.405099
vt 0.153655 0.049453
vt 0.254147 0.407716
vt 0.250199 0.050390
vt 0.248871 0.409295
vt 0.255463 0.052009
vt 0.152323 0.409519
vt 0.260384 0.054662
vt 0.055780 0.408581
vt 0.264692 0.058225
vt 0.050515 0.406963
vt 0.268223 0.062560
vt 0.045595 0.404309
vt 0.270840 0.067500
vt 0.773848 0.811014
vt 0.754229 0.792796
vt 0.041286 0.400746
vt 0.272419 0.072774
vt 0.036340 0.066633
vt 0.034722 0.071895
vt 0.037755 0.396412
vt 0.814591 0.000000
vt 0.814620 0.170411
vt 0.794928 0.174134
vt 0.794902 0.022504
vt 0.976101 0.184308
vt 0.976090 0.189170
vt 0.956433 0.181719
vt 0.956443 0.177335
vt 0.248490 0.387558
vt 0.252392 0.384380
vt 0.996950 0.000000
vt 0.996960 0.096030
vt 0.976101 0.097767
vt 0.976093 0.011329
vt 0.244044 0.389914
vt 0.996960 0.192174
vt 0.239294 0.391335
vt 0.996947 0.197575
vt 0.469498 0.799589
vt 0.469522 0.892407
vt 0.448432 0.897137
vt 0.448410 0.813589
vt 0.249657 0.072124
vt 0.245228 0.069736
vt 0.469522 0.985538
vt 0.448432 0.980965
vt 0.253535 0.075331
vt 0.469489 0.991044
vt 0.448402 0.985922
vt 0.256713 0.079233
vt 0.469434 0.996502
vt 0.448353 0.990835
vt 0.259069 0.083679
vt 0.733309 0.778098
vt 0.733309 0.637077
vt 0.052443 0.383640
vt 0.056321 0.386847
vt 0.794866 0.017830
vt 0.773928 0.040623
vt 0.773895 0.036415
vt 0.754201 0.798178
vt 0.733285 0.782942
vt 0.049265 0.379739
vt 0.773951 0.177108
vt 0.754156 0.803308
vt 0.733244 0.787560
vt 0.046910 0.375292
vt 0.773951 0.313864
vt 0.053586 0.074591
vt 0.050380 0.078470
vt 0.754181 0.474432
vt 0.733291 0.496141
vt 0.733266 0.491533
vt 0.773919 0.318817
vt 0.057488 0.071413
vt 0.794835 0.337014
vt 0.773867 0.323718
vt 0.255599 0.380502
vt 0.956393 0.189681
vt 0.956366 0.192888
vt 0.931781 0.186322
vt 0.931806 0.183380
vt 0.428567 0.901322
vt 0.428548 0.825992
vt 0.976071 0.193818
vt 0.956416 0.185910
vt 0.428567 0.976906
vt 0.243646 0.090492
vt 0.240150 0.087601
vt 0.428541 0.981375
vt 0.246512 0.094010
vt 0.428496 0.985805
vt 0.248636 0.098019
vt 0.713596 0.765069
vt 0.713596 0.637918
vt 0.448286 0.995441
vt 0.428436 0.989958
vt 0.754166 0.056674
vt 0.754137 0.052881
vt 0.713574 0.769437
vt 0.059467 0.364961
vt 0.062332 0.368479
vt 0.754187 0.179736
vt 0.713538 0.773601
vt 0.733225 0.487305
vt 0.713557 0.506688
vt 0.713520 0.502876
vt 0.754187 0.303043
vt 0.063363 0.089825
vt 0.060471 0.093322
vt 0.713580 0.510843
vt 0.754159 0.307508
vt 0.066881 0.086960
vt 0.754111 0.311927
vt 0.070890 0.084836
vt 0.773796 0.328302
vt 0.754048 0.316061
vt 0.976081 0.006748
vt 0.956435 0.021369
vt 0.956425 0.017238
vt 0.239098 0.372011
vt 0.242616 0.369146
vt 0.956443 0.099306
vt 0.235088 0.374136
vt 0.230806 0.375417
vt 0.729500 0.068763
vt 0.729519 0.181669
vt 0.695564 0.183925
vt 0.695547 0.083009
vt 0.403757 0.981946
vt 0.403798 0.977882
vt 0.754089 0.049570
vt 0.729473 0.065283
vt 0.729429 0.062245
vt 0.688966 0.755199
vt 0.688966 0.638541
vt 0.403702 0.985756
vt 0.688945 0.759207
vt 0.428362 0.993675
vt 0.403635 0.989167
vt 0.688912 0.763027
vt 0.688930 0.518141
vt 0.688896 0.514643
vt 0.729519 0.294800
vt 0.713488 0.777333
vt 0.688866 0.766451
vt 0.688951 0.521953
vt 0.729493 0.298897
vt 0.956385 0.010254
vt 0.956408 0.013464
vt 0.931819 0.021705
vt 0.931798 0.018760
vt 0.729449 0.302952
vt 0.931835 0.025168
vt 0.729391 0.306744
vt 0.931845 0.028958
vt 0.753970 0.319750
vt 0.729319 0.310129
vt 0.931852 0.100463
vt 0.428474 0.818945
vt 0.428520 0.822222
vt 0.403779 0.831862
vt 0.403737 0.828856
vt 0.931852 0.172053
vt 0.403805 0.835321
vt 0.931842 0.176075
vt 0.403823 0.904435
vt 0.931827 0.179920
vt 0.403823 0.973782
vt 0.695540 0.288703
vt 0.695502 0.292326
vt 0.650857 0.286256
vt 0.650893 0.282872
vt 0.655006 0.750535
vt 0.655036 0.747121
vt 0.655023 0.531657
vt 0.654992 0.528530
vt 0.695564 0.285040
vt 0.654966 0.753595
vt 0.655041 0.535064
vt 0.897958 0.031433
vt 0.897939 0.028800
vt 0.655055 0.639270
vt 0.897972 0.034528
vt 0.695449 0.295716
vt 0.897981 0.037915
vt 0.695385 0.298741
vt 0.897987 0.101826
vt 0.369738 0.843218
vt 0.369701 0.840531
vt 0.897987 0.165813
vt 0.369761 0.846310
vt 0.897979 0.169408
vt 0.369778 0.908083
vt 0.897965 0.172845
vt 0.369778 0.970065
vt 0.897946 0.175937
vt 0.369756 0.973730
vt 0.897924 0.178566
vt 0.369719 0.977362
vt 0.695523 0.079898
vt 0.695483 0.077184
vt 0.655055 0.743539
vt 0.369670 0.980768
vt 0.369609 0.983816
vt 0.325006 0.846897
vt 0.325041 0.849407
vt 0.286128 0.862320
vt 0.286098 0.860174
vt 0.853369 0.039727
vt 0.853356 0.036837
vt 0.650808 0.289421
vt 0.853377 0.042890
vt 0.650748 0.292246
vt 0.853383 0.102568
vt 0.853383 0.162315
vt 0.325062 0.852293
vt 0.853375 0.165672
vt 0.325077 0.909975
vt 0.853362 0.168881
vt 0.325077 0.967850
vt 0.853345 0.171769
vt 0.325057 0.971272
vt 0.853324 0.174224
vt 0.325023 0.974664
vt 0.650876 0.087901
vt 0.650839 0.085366
vt 0.610427 0.737003
vt 0.610427 0.639641
vt 0.324977 0.977844
vt 0.650899 0.090805
vt 0.610411 0.740348
vt 0.324921 0.980690
vt 0.650915 0.185035
vt 0.610382 0.743536
vt 0.610398 0.539157
vt 0.610369 0.536238
vt 0.650915 0.279453
vt 0.610344 0.746393
vt 0.610415 0.542339
vt 0.853338 0.034379
vt 0.941576 0.293499
vt 0.940958 0.377025
vt 0.940098 0.379823
vt 0.938688 0.382438
vt 0.936794 0.384728
vt 0.934490 0.386605
vt 0.931865 0.387996
vt 0.929060 0.388835
vt 0.877744 0.388954
vt 0.826430 0.388456
vt 0.823632 0.387595
vt 0.821016 0.386185
vt 0.818726 0.384291
vt 0.816850 0.381987
vt 0.815459 0.379362
vt 0.814620 0.376558
vt 0.814620 0.293030
vt 0.815238 0.209503
vt 0.816097 0.206706
vt 0.817508 0.204091
vt 0.819401 0.201801
vt 0.821705 0.199924
vt 0.824331 0.198533
vt 0.827136 0.197694
vt 0.878452 0.197575
vt 0.929766 0.198073
vt 0.932564 0.198933
vt 0.935179 0.200344
vt 0.937469 0.202237
vt 0.939346 0.204541
vt 0.940737 0.207167
vt 0.941576 0.209971
vt 0.814670 0.155219
vt 0.814670 0.104117
vt 0.286147 0.864789
vt 0.814664 0.158089
vt 0.286160 0.914123
vt 0.814653 0.160834
vt 0.286160 0.963623
vt 0.814638 0.163304
vt 0.286142 0.966549
vt 0.814620 0.165404
vt 0.286113 0.969450
vt 0.612066 0.104521
vt 0.612035 0.102353
vt 0.571662 0.723742
vt 0.571662 0.640470
vt 0.286073 0.972170
vt 0.612086 0.107006
vt 0.571648 0.726602
vt 0.286025 0.974605
vt 0.612099 0.187599
vt 0.571624 0.729329
vt 0.571636 0.554528
vt 0.571612 0.552031
vt 0.612099 0.268352
vt 0.571591 0.731773
vt 0.571651 0.557249
vt 0.612081 0.271277
vt 0.814647 0.047899
vt 0.814632 0.045797
vt 0.612050 0.274171
vt 0.814658 0.050371
vt 0.612008 0.276878
vt 0.814665 0.053076
vt 0.611957 0.279294
vt 0.164789 0.838584
vt 0.164195 0.823182
vt 0.171761 0.823158
vt 0.173751 0.838556
vt 0.165254 0.856258
vt 0.175306 0.856226
vt 0.165572 0.875602
vt 0.176373 0.875568
vt 0.165734 0.895957
vt 0.176916 0.895922
vt 0.804485 0.418183
vt 0.813922 0.423227
vt 0.803683 0.420121
vt 0.165734 0.916630
vt 0.176916 0.916595
vt 0.795370 0.413311
vt 0.793792 0.417121
vt 0.786887 0.408777
vt 0.784588 0.414328
vt 0.163492 0.810576
vt 0.169404 0.810558
vt 0.792988 0.421165
vt 0.783415 0.420222
vt 0.174992 0.810520
vt 0.178912 0.823110
vt 0.182222 0.838498
vt 0.184808 0.856162
vt 0.186583 0.875498
vt 0.187485 0.895850
vt 0.803273 0.422178
vt 0.187485 0.916523
vt 0.185374 0.823038
vt 0.189876 0.838413
vt 0.193394 0.856066
vt 0.195808 0.875396
vt 0.197036 0.895744
vt 0.803273 0.424275
vt 0.197036 0.916417
vt 0.792988 0.425288
vt 0.783415 0.426231
vt 0.180041 0.810464
vt 0.470807 0.864633
vt 0.473334 0.845297
vt 0.481706 0.845416
vt 0.479802 0.864761
vt 0.469522 0.884984
vt 0.478834 0.885116
vt 0.803683 0.426333
vt 0.469522 0.905656
vt 0.478834 0.905788
vt 0.793792 0.429333
vt 0.784588 0.432125
vt 0.481729 0.812246
vt 0.487311 0.799656
vt 0.492234 0.799726
vt 0.488029 0.812335
vt 0.477017 0.827634
vt 0.484480 0.827740
vt 0.804485 0.428270
vt 0.489239 0.885209
vt 0.489239 0.905881
vt 0.795370 0.433142
vt 0.786887 0.437677
vt 0.497735 0.799775
vt 0.495069 0.812398
vt 0.492818 0.827815
vt 0.491059 0.845500
vt 0.489853 0.864851
vt 0.797661 0.436571
vt 0.790226 0.442673
vt 0.503602 0.799801
vt 0.502577 0.812432
vt 0.501712 0.827855
vt 0.501036 0.845545
vt 0.500572 0.864899
vt 0.500336 0.885259
vt 0.805651 0.430014
vt 0.500336 0.905931
vt 0.510265 0.812435
vt 0.510819 0.827859
vt 0.511252 0.845549
vt 0.511549 0.864904
vt 0.511700 0.885264
vt 0.807134 0.431498
vt 0.511700 0.905936
vt 0.800577 0.439487
vt 0.794475 0.446922
vt 0.509610 0.799804
vt 0.521314 0.845513
vt 0.522361 0.864865
vt 0.522893 0.885224
vt 0.808878 0.432663
vt 0.522893 0.905896
vt 0.804006 0.441778
vt 0.799471 0.450261
vt 0.515527 0.799783
vt 0.517838 0.812408
vt 0.519790 0.827827
vt 0.533485 0.885140
vt 0.533485 0.905812
vt 0.810816 0.433466
vt 0.807815 0.443356
vt 0.805023 0.452561
vt 0.521127 0.799739
vt 0.525005 0.812352
vt 0.528279 0.827760
vt 0.530837 0.845438
vt 0.532592 0.864784
vt 0.526195 0.799673
vt 0.531490 0.812268
vt 0.535961 0.827660
vt 0.539454 0.845326
vt 0.541851 0.864665
vt 0.543070 0.885016
vt 0.812873 0.433875
vt 0.543070 0.905688
vt 0.811860 0.444160
vt 0.810917 0.453733
vt 0.542540 0.827532
vt 0.546834 0.845183
vt 0.549780 0.864510
vt 0.551279 0.884857
vt 0.814970 0.433875
vt 0.551279 0.905529
vt 0.815983 0.444160
vt 0.816926 0.453733
vt 0.530535 0.799589
vt 0.537044 0.812160
vt 0.701596 0.432754
vt 0.702897 0.412403
vt 0.711825 0.412540
vt 0.710838 0.432897
vt 0.817027 0.433466
vt 0.701596 0.453426
vt 0.710838 0.453568
vt 0.820028 0.443356
vt 0.822820 0.452560
vt 0.713954 0.360003
vt 0.719605 0.347407
vt 0.724491 0.347482
vt 0.720207 0.360100
vt 0.709183 0.375397
vt 0.716590 0.375511
vt 0.705455 0.393064
vt 0.713764 0.393192
vt 0.818965 0.432663
vt 0.823837 0.441778
vt 0.828372 0.450261
vt 0.729966 0.347536
vt 0.727213 0.360168
vt 0.724889 0.375592
vt 0.723073 0.393283
vt 0.721827 0.412638
vt 0.721193 0.432998
vt 0.721193 0.453669
vt 0.735818 0.347565
vt 0.734703 0.360206
vt 0.733761 0.375637
vt 0.733026 0.393333
vt 0.732521 0.412692
vt 0.732264 0.433053
vt 0.820709 0.431498
vt 0.732264 0.453725
vt 0.827266 0.439487
vt 0.833368 0.446922
vt 0.742866 0.375643
vt 0.743239 0.393340
vt 0.743494 0.412699
vt 0.743624 0.433061
vt 0.822192 0.430014
vt 0.743624 0.453733
vt 0.830182 0.436571
vt 0.837617 0.442673
vt 0.741825 0.347569
vt 0.742389 0.360211
vt 0.754326 0.412661
vt 0.754838 0.433021
vt 0.823358 0.428270
vt 0.754838 0.453693
vt 0.832473 0.433142
vt 0.840956 0.437677
vt 0.747753 0.347548
vt 0.749976 0.360184
vt 0.751853 0.375611
vt 0.753320 0.393304
vt 0.834051 0.429333
vt 0.843255 0.432125
vt 0.753376 0.347502
vt 0.757172 0.360125
vt 0.760377 0.375542
vt 0.762881 0.393226
vt 0.764600 0.412577
vt 0.765474 0.432935
vt 0.824160 0.426333
vt 0.765474 0.453606
vt 0.763701 0.360038
vt 0.768110 0.375438
vt 0.771556 0.393110
vt 0.773920 0.412452
vt 0.775123 0.432805
vt 0.824570 0.424275
vt 0.775123 0.453477
vt 0.834855 0.425288
vt 0.844428 0.426231
vt 0.758478 0.347434
vt 0.779011 0.392960
vt 0.781930 0.412290
vt 0.783415 0.432638
vt 0.824570 0.422178
vt 0.783415 0.453310
vt 0.834855 0.421165
vt 0.844428 0.420222
vt 0.762862 0.347345
vt 0.769311 0.359925
vt 0.774756 0.375304
vt 0.701596 0.347511
vt 0.701596 0.368186
vt 0.693564 0.368123
vt 0.693564 0.347447
vt 0.824160 0.420121
vt 0.834051 0.417121
vt 0.843255 0.414328
vt 0.687094 0.440742
vt 0.680462 0.453245
vt 0.676216 0.453211
vt 0.681659 0.440699
vt 0.692692 0.425426
vt 0.686255 0.425375
vt 0.697067 0.407819
vt 0.689846 0.407762
vt 0.700069 0.388520
vt 0.692310 0.388459
vt 0.671221 0.453185
vt 0.675268 0.440665
vt 0.678684 0.425335
vt 0.681353 0.407717
vt 0.683185 0.388411
vt 0.684117 0.368073
vt 0.823358 0.418183
vt 0.684117 0.347397
vt 0.832473 0.413311
vt 0.840956 0.408777
vt 0.670270 0.425308
vt 0.671915 0.407686
vt 0.673044 0.388377
vt 0.673618 0.368039
vt 0.822192 0.416439
vt 0.673618 0.347363
vt 0.830182 0.409882
vt 0.837617 0.403780
vt 0.665671 0.453167
vt 0.668164 0.440642
vt 0.662277 0.388360
vt 0.662472 0.368021
vt 0.820709 0.414956
vt 0.662472 0.347345
vt 0.827266 0.406967
vt 0.833368 0.399531
vt 0.659778 0.453157
vt 0.660623 0.440630
vt 0.661337 0.425294
vt 0.661894 0.407670
vt 0.818965 0.413790
vt 0.823837 0.404676
vt 0.828372 0.396192
vt 0.653768 0.453157
vt 0.652933 0.440630
vt 0.652227 0.425294
vt 0.651676 0.407670
vt 0.651298 0.388360
vt 0.651105 0.368021
vt 0.651105 0.347345
vt 0.647874 0.453166
vt 0.645389 0.440642
vt 0.643292 0.425308
vt 0.641653 0.407686
vt 0.640528 0.388377
vt 0.639956 0.368039
vt 0.817027 0.412988
vt 0.639956 0.347363
vt 0.820028 0.403098
vt 0.822820 0.393893
vt 0.634874 0.425335
vt 0.632210 0.407717
vt 0.630383 0.388410
vt 0.629453 0.368073
vt 0.814970 0.412579
vt 0.629453 0.347397
vt 0.815983 0.402293
vt 0.816926 0.392721
vt 0.642321 0.453185
vt 0.638283 0.440665
vt 0.621250 0.388458
vt 0.619999 0.368123
vt 0.812873 0.412579
vt 0.619999 0.347447
vt 0.811860 0.402293
vt 0.810917 0.392721
vt 0.637322 0.453211
vt 0.631886 0.440699
vt 0.627297 0.425375
vt 0.623711 0.407762
vt 0.807815 0.403098
vt 0.805023 0.393893
vt 0.633071 0.453244
vt 0.626445 0.440742
vt 0.620852 0.425426
vt 0.616482 0.407819
vt 0.613482 0.388520
vt 0.611957 0.368186
vt 0.810816 0.412988
vt 0.611957 0.347510
vt 0.130926 0.838397
vt 0.135607 0.823024
vt 0.141932 0.823099
vt 0.138418 0.838486
vt 0.127267 0.856048
vt 0.135672 0.856148
vt 0.124757 0.875376
vt 0.133787 0.875484
vt 0.123480 0.895724
vt 0.132829 0.895835
vt 0.808878 0.413791
vt 0.123480 0.916397
vt 0.132829 0.916508
vt 0.804006 0.404676
vt 0.799471 0.396193
vt 0.141153 0.810453
vt 0.146095 0.810512
vt 0.145048 0.856218
vt 0.143862 0.875559
vt 0.143259 0.895913
vt 0.807134 0.414956
vt 0.143259 0.916586
vt 0.800577 0.406967
vt 0.794475 0.399531
vt 0.151609 0.810553
vt 0.148989 0.823152
vt 0.146777 0.838548
vt 0.805651 0.416439
vt 0.154369 0.895954
vt 0.154369 0.916627
vt 0.797661 0.409882
vt 0.790226 0.403780
vt 0.157483 0.810575
vt 0.156506 0.823180
vt 0.155681 0.838582
vt 0.155037 0.856255
vt 0.154594 0.875599
s 1
usemtl Siren
f 5422/6329/4804 5423/6330/4805 5425/6331/4806 5424/6332/4807
f 5424/6332/4807 5425/6331/4806 5427/6333/4808 5426/6334/4809
f 5426/6334/4809 5427/6333/4808 5429/6335/4810 5428/6336/4811
f 5428/6336/4811 5429/6335/4810 5431/6337/4812 5430/6338/4813
f 5430/6338/4813 5431/6337/4812 5433/6339/4814 5432/6340/4815
f 5432/6341/4815 5433/6342/4814 5435/6343/4816 5434/6344/4817
f 5434/6344/4817 5435/6343/4816 5437/6345/4818 5436/6346/4819
f 5436/6346/4819 5437/6345/4818 5439/6347/4820 5438/6348/4821
f 5438/6348/4821 5439/6347/4820 5441/6349/4822 5440/6350/4823
f 5440/6350/4823 5441/6349/4822 5443/6351/4824 5442/6352/4825
f 5442/6352/4825 5443/6351/4824 5445/6353/4826 5444/6354/4827
f 5444/6354/4827 5445/6353/4826 5447/6355/4828 5446/6356/4829
f 5446/6356/4829 5447/6355/4828 5449/6357/4830 5448/6358/4831
f 5448/6359/4831 5449/6360/4830 5451/6361/4832 5450/6362/4833
f 5450/6362/4833 5451/6361/4832 5453/6363/4834 5452/6364/4835
f 5452/6364/4835 5453/6363/4834 5455/6365/4836 5454/6366/4837
f 5454/6366/4837 5455/6365/4836 5457/6367/4838 5456/6368/4839
f 5456/6368/4839 5457/6367/4838 5459/6369/4840 5458/6370/4841
f 5458/6370/4841 5459/6369/4840 5461/6371/4842 5460/6372/4843
f 5460/6372/4843 5461/6371/4842 5463/6373/4844 5462/6374/4845
f 5462/6375/4845 5463/6376/4844 5465/6377/4846 5464/6378/4847
f 5464/6378/4847 5465/6377/4846 5467/6379/4848 5466/6380/4849
f 5466/6380/4849 5467/6379/4848 5469/6381/4850 5468/6382/4851
f 5468/6382/4851 5469/6381/4850 5471/6383/4852 5470/6384/4853
f 5470/6384/4853 5471/6383/4852 5473/6385/4854 5472/6386/4855
f 5472/6386/4855 5473/6385/4854 5475/6387/4856 5474/6388/4857
f 5474/6388/4857 5475/6387/4856 5477/6389/4858 5476/6390/4859
f 5476/6390/4859 5477/6389/4858 5479/6391/4860 5478/6392/4861
f 5478/6392/4861 5479/6391/4860 5481/6393/4862 5480/6394/4863
f 5480/6395/4863 5481/6396/4862 5483/6397/4864 5482/6398/4865
f 5455/6365/4836 5453/6363/4834 5501/6399/4866 5502/6400/4867
f 5482/6398/4865 5483/6397/4864 5485/6401/4868 5484/6402/4869
f 5484/6402/4869 5485/6401/4868 5423/6330/4805 5422/6329/4804
f 5426/6334/4809 5428/6336/4811 5777/6403/4870 5776/6404/4871
f 5505/6405/4872 5504/6406/4873 5536/6407/4874 5537/6408/4875
f 5473/6385/4854 5471/6383/4852 5510/6409/4876 5511/6410/4877
f 5429/6335/4810 5427/6333/4808 5488/6411/4878 5489/6412/4879
f 5447/6355/4828 5445/6353/4826 5497/6413/4880 5498/6414/4881
f 5465/6377/4846 5463/6376/4844 5506/6415/4882 5507/6416/4883
f 5483/6397/4864 5481/6396/4862 5515/6417/4884 5516/6418/4885
f 5439/6347/4820 5437/6345/4818 5493/6419/4886 5494/6420/4887
f 5457/6367/4838 5455/6365/4836 5502/6400/4867 5503/6421/4888
f 5475/6387/4856 5473/6385/4854 5511/6410/4877 5512/6422/4889
f 5431/6337/4812 5429/6335/4810 5489/6412/4879 5490/6423/4890
f 5449/6357/4830 5447/6355/4828 5498/6414/4881 5499/6424/4891
f 5467/6379/4848 5465/6377/4846 5507/6416/4883 5508/6425/4892
f 5485/6401/4868 5483/6397/4864 5516/6418/4885 5517/6426/4893
f 5441/6349/4822 5439/6347/4820 5494/6420/4887 5495/6427/4894
f 5459/6369/4840 5457/6367/4838 5503/6421/4888 5504/6406/4873
f 5477/6389/4858 5475/6387/4856 5512/6422/4889 5513/6428/4895
f 5433/6339/4814 5431/6337/4812 5490/6423/4890 5491/6429/4896
f 5451/6361/4832 5449/6360/4830 5499/6430/4891 5500/6431/4897
f 5469/6381/4850 5467/6379/4848 5508/6425/4892 5509/6432/4898
f 5425/6331/4806 5423/6330/4805 5486/6433/4899 5487/6434/4900
f 5423/6330/4805 5485/6401/4868 5517/6426/4893 5486/6433/4899
f 5443/6351/4824 5441/6349/4822 5495/6427/4894 5496/6435/4901
f 5461/6371/4842 5459/6369/4840 5504/6406/4873 5505/6405/4872
f 5479/6391/4860 5477/6389/4858 5513/6428/4895 5514/6436/4902
f 5435/6343/4816 5433/6342/4814 5491/6437/4896 5492/6438/4903
f 5453/6363/4834 5451/6361/4832 5500/6431/4897 5501/6399/4866
f 5471/6383/4852 5469/6381/4850 5509/6432/4898 5510/6409/4876
f 5427/6333/4808 5425/6331/4806 5487/6434/4900 5488/6411/4878
f 5445/6353/4826 5443/6351/4824 5496/6435/4901 5497/6413/4880
f 5463/6373/4844 5461/6371/4842 5505/6405/4872 5506/6439/4882
f 5481/6393/4862 5479/6391/4860 5514/6436/4902 5515/6440/4884
f 5437/6345/4818 5435/6343/4816 5492/6438/4903 5493/6419/4886
f 5540/6441/4904 5539/6442/4905 5571/6443/4906 5572/6444/4907
f 5492/6438/4903 5491/6437/4896 5523/6445/4908 5524/6446/4909
f 5506/6439/4882 5505/6405/4872 5537/6408/4875 5538/6447/4910
f 5493/6419/4886 5492/6438/4903 5524/6446/4909 5525/6448/4911
f 5507/6416/4883 5506/6415/4882 5538/6449/4910 5539/6442/4905
f 5494/6420/4887 5493/6419/4886 5525/6448/4911 5526/6450/4912
f 5508/6425/4892 5507/6416/4883 5539/6442/4905 5540/6441/4904
f 5495/6427/4894 5494/6420/4887 5526/6450/4912 5527/6451/4913
f 5509/6432/4898 5508/6425/4892 5540/6441/4904 5541/6452/4914
f 5496/6435/4901 5495/6427/4894 5527/6451/4913 5528/6453/4915
f 5510/6409/4876 5509/6432/4898 5541/6452/4914 5542/6454/4916
f 5497/6413/4880 5496/6435/4901 5528/6453/4915 5529/6455/4917
f 5511/6410/4877 5510/6409/4876 5542/6454/4916 5543/6456/4918
f 5498/6414/4881 5497/6413/4880 5529/6455/4917 5530/6457/4919
f 5512/6422/4889 5511/6410/4877 5543/6456/4918 5544/6458/4920
f 5499/6424/4891 5498/6414/4881 5530/6457/4919 5531/6459/4921
f 5513/6428/4895 5512/6422/4889 5544/6458/4920 5545/6460/4922
f 5500/6431/4897 5499/6430/4891 5531/6461/4921 5532/6462/4923
f 5487/6434/4900 5486/6433/4899 5518/6463/4924 5519/6464/4925
f 5514/6436/4902 5513/6428/4895 5545/6460/4922 5546/6465/4926
f 5501/6399/4866 5500/6431/4897 5532/6462/4923 5533/6466/4927
f 5488/6411/4878 5487/6434/4900 5519/6464/4925 5520/6467/4928
f 5515/6440/4884 5514/6436/4902 5546/6465/4926 5547/6468/4929
f 5502/6400/4867 5501/6399/4866 5533/6466/4927 5534/6469/4930
f 5489/6412/4879 5488/6411/4878 5520/6467/4928 5521/6470/4931
f 5516/6418/4885 5515/6417/4884 5547/6471/4929 5548/6472/4932
f 5503/6421/4888 5502/6400/4867 5534/6469/4930 5535/6473/4933
f 5490/6423/4890 5489/6412/4879 5521/6470/4931 5522/6474/4934
f 5517/6426/4893 5516/6418/4885 5548/6472/4932 5549/6475/4935
f 5504/6406/4873 5503/6421/4888 5535/6473/4933 5536/6407/4874
f 5491/6429/4896 5490/6423/4890 5522/6474/4934 5523/6476/4908
f 5486/6433/4899 5517/6426/4893 5549/6475/4935 5518/6463/4924
f 5575/6477/4936 5574/6478/4937 5606/6479/4938 5607/6480/4939
f 5527/6451/4913 5526/6450/4912 5558/6481/4940 5559/6482/4941
f 5541/6452/4914 5540/6441/4904 5572/6444/4907 5573/6483/4942
f 5528/6453/4915 5527/6451/4913 5559/6482/4941 5560/6484/4943
f 5542/6454/4916 5541/6452/4914 5573/6483/4942 5574/6478/4937
f 5529/6455/4917 5528/6453/4915 5560/6484/4943 5561/6485/4944
f 5543/6456/4918 5542/6454/4916 5574/6478/4937 5575/6477/4936
f 5530/6457/4919 5529/6455/4917 5561/6485/4944 5562/6486/4945
f 5544/6458/4920 5543/6456/4918 5575/6477/4936 5576/6487/4946
f 5531/6459/4921 5530/6457/4919 5562/6486/4945 5563/6488/4947
f 5545/6460/4922 5544/6458/4920 5576/6487/4946 5577/6489/4948
f 5532/6462/4923 5531/6461/4921 5563/6490/4947 5564/6491/4949
f 5519/6464/4925 5518/6463/4924 5550/6492/4950 5551/6493/4951
f 5546/6465/4926 5545/6460/4922 5577/6489/4948 5578/6494/4952
f 5533/6466/4927 5532/6462/4923 5564/6491/4949 5565/6495/4953
f 5520/6467/4928 5519/6464/4925 5551/6493/4951 5552/6496/4954
f 5547/6468/4929 5546/6465/4926 5578/6494/4952 5579/6497/4955
f 5534/6469/4930 5533/6466/4927 5565/6495/4953 5566/6498/4956
f 5521/6470/4931 5520/6467/4928 5552/6496/4954 5553/6499/4957
f 5548/6472/4932 5547/6471/4929 5579/6500/4955 5580/6501/4958
f 5535/6473/4933 5534/6469/4930 5566/6498/4956 5567/6502/4959
f 5522/6474/4934 5521/6470/4931 5553/6499/4957 5554/6503/4960
f 5549/6475/4935 5548/6472/4932 5580/6501/4958 5581/6504/4961
f 5536/6407/4874 5535/6473/4933 5567/6502/4959 5568/6505/4962
f 5523/6476/4908 5522/6474/4934 5554/6503/4960 5555/6506/4963
f 5518/6463/4924 5549/6475/4935 5581/6504/4961 5550/6492/4950
f 5537/6408/4875 5536/6407/4874 5568/6505/4962 5569/6507/4964
f 5524/6446/4909 5523/6445/4908 5555/6508/4963 5556/6509/4965
f 5538/6447/4910 5537/6408/4875 5569/6507/4964 5570/6510/4966
f 5525/6448/4911 5524/6446/4909 5556/6509/4965 5557/6511/4967
f 5539/6442/4905 5538/6449/4910 5570/6512/4966 5571/6443/4906
f 5526/6450/4912 5525/6448/4911 5557/6511/4967 5558/6481/4940
f 5610/6513/4968 5609/6514/4969 5641/6515/4970 5642/6516/4971
f 5562/6517/4945 5561/6518/4944 5593/6519/4972 5594/6520/4973
f 5576/6487/4946 5575/6477/4936 5607/6480/4939 5608/6521/4974
f 5563/6522/4947 5562/6517/4945 5594/6520/4973 5595/6523/4975
f 5577/6524/4948 5576/6525/4946 5608/6526/4974 5609/6514/4969
f 5564/6491/4949 5563/6490/4947 5595/6527/4975 5596/6528/4976
f 5551/6493/4951 5550/6492/4950 5582/6529/4977 5583/6530/4978
f 5578/6531/4952 5577/6524/4948 5609/6514/4969 5610/6513/4968
f 5565/6495/4953 5564/6491/4949 5596/6528/4976 5597/6532/4979
f 5552/6496/4954 5551/6493/4951 5583/6530/4978 5584/6533/4980
f 5579/6534/4955 5578/6531/4952 5610/6513/4968 5611/6535/4981
f 5566/6498/4956 5565/6495/4953 5597/6532/4979 5598/6536/4982
f 5553/6499/4957 5552/6496/4954 5584/6533/4980 5585/6537/4983
f 5580/6538/4958 5579/6534/4955 5611/6535/4981 5612/6539/4984
f 5567/6502/4959 5566/6498/4956 5598/6536/4982 5599/6540/4985
f 5554/6503/4960 5553/6499/4957 5585/6537/4983 5586/6541/4986
f 5581/6504/4961 5580/6501/4958 5612/6542/4984 5613/6543/4987
f 5568/6505/4962 5567/6502/4959 5599/6540/4985 5600/6544/4988
f 5555/6545/4963 5554/6546/4960 5586/6547/4986 5587/6548/4989
f 5550/6492/4950 5581/6504/4961 5613/6543/4987 5582/6529/4977
f 5569/6507/4964 5568/6505/4962 5600/6544/4988 5601/6549/4990
f 5556/6550/4965 5555/6545/4963 5587/6548/4989 5588/6551/4991
f 5570/6552/4966 5569/6553/4964 5601/6554/4990 5602/6555/4992
f 5557/6556/4967 5556/6550/4965 5588/6551/4991 5589/6557/4993
f 5571/6558/4906 5570/6552/4966 5602/6555/4992 5603/6559/4994
f 5558/6481/4940 5557/6511/4967 5589/6560/4993 5590/6561/4995
f 5572/6562/4907 5571/6558/4906 5603/6559/4994 5604/6563/4996
f 5559/6482/4941 5558/6481/4940 5590/6561/4995 5591/6564/4997
f 5573/6483/4942 5572/6444/4907 5604/6565/4996 5605/6566/4998
f 5560/6484/4943 5559/6482/4941 5591/6564/4997 5592/6567/4999
f 5574/6478/4937 5573/6483/4942 5605/6566/4998 5606/6479/4938
f 5561/6485/4944 5560/6484/4943 5592/6567/4999 5593/6568/4972
f 5645/6569/5000 5644/6570/5001 5676/6571/5002 5677/6572/5003
f 5597/6573/4979 5596/6574/4976 5628/6575/5004 5629/6576/5005
f 5584/6577/4980 5583/6578/4978 5615/6579/5006 5616/6580/5007
f 5611/6535/4981 5610/6513/4968 5642/6516/4971 5643/6581/5008
f 5598/6536/4982 5597/6532/4979 5629/6582/5005 5630/6583/5009
f 5585/6584/4983 5584/6577/4980 5616/6580/5007 5617/6585/5010
f 5612/6539/4984 5611/6535/4981 5643/6581/5008 5644/6570/5001
f 5599/6540/4985 5598/6536/4982 5630/6583/5009 5631/6586/5011
f 5586/6547/4986 5585/6584/4983 5617/6585/5010 5618/6587/5012
f 5613/6588/4987 5612/6539/4984 5644/6570/5001 5645/6569/5000
f 5600/6589/4988 5599/6590/4985 5631/6591/5011 5632/6592/5013
f 5587/6548/4989 5586/6547/4986 5618/6587/5012 5619/6593/5014
f 5582/6529/4977 5613/6543/4987 5645/6594/5000 5614/6595/5015
f 5601/6554/4990 5600/6589/4988 5632/6592/5013 5633/6596/5016
f 5588/6551/4991 5587/6548/4989 5619/6593/5014 5620/6597/5017
f 5602/6555/4992 5601/6554/4990 5633/6596/5016 5634/6598/5018
f 5589/6557/4993 5588/6551/4991 5620/6597/5017 5621/6599/5019
f 5603/6559/4994 5602/6555/4992 5634/6598/5018 5635/6600/5020
f 5590/6601/4995 5589/6557/4993 5621/6599/5019 5622/6602/5021
f 5604/6563/4996 5603/6559/4994 5635/6600/5020 5636/6603/5022
f 5591/6604/4997 5590/6601/4995 5622/6602/5021 5623/6605/5023
f 5605/6606/4998 5604/6563/4996 5636/6603/5022 5637/6607/5024
f 5592/6608/4999 5591/6604/4997 5623/6605/5023 5624/6609/5025
f 5606/6610/4938 5605/6606/4998 5637/6607/5024 5638/6611/5026
f 5593/6519/4972 5592/6608/4999 5624/6609/5025 5625/6612/5027
f 5607/6613/4939 5606/6610/4938 5638/6611/5026 5639/6614/5028
f 5594/6520/4973 5593/6519/4972 5625/6612/5027 5626/6615/5029
f 5608/6526/4974 5607/6613/4939 5639/6614/5028 5640/6616/5030
f 5595/6523/4975 5594/6520/4973 5626/6615/5029 5627/6617/5031
f 5609/6514/4969 5608/6526/4974 5640/6616/5030 5641/6515/4970
f 5596/6574/4976 5595/6523/4975 5627/6617/5031 5628/6575/5004
f 5583/6530/4978 5582/6529/4977 5614/6595/5015 5615/6618/5006
f 5667/6619/5032 5666/6620/5033 5698/6621/5034 5699/6622/5035
f 5632/6592/5013 5631/6591/5011 5663/6623/5036 5664/6624/5037
f 5619/6593/5014 5618/6587/5012 5650/6625/5038 5651/6626/5039
f 5614/6627/5015 5645/6569/5000 5677/6572/5003 5646/6628/5040
f 5633/6596/5016 5632/6592/5013 5664/6624/5037 5665/6629/5041
f 5620/6597/5017 5619/6593/5014 5651/6626/5039 5652/6630/5042
f 5634/6598/5018 5633/6596/5016 5665/6629/5041 5666/6620/5033
f 5621/6599/5019 5620/6597/5017 5652/6630/5042 5653/6631/5043
f 5635/6600/5020 5634/6598/5018 5666/6620/5033 5667/6619/5032
f 5622/6602/5021 5621/6599/5019 5653/6631/5043 5654/6632/5044
f 5636/6603/5022 5635/6600/5020 5667/6619/5032 5668/6633/5045
f 5623/6605/5023 5622/6602/5021 5654/6632/5044 5655/6634/5046
f 5637/6607/5024 5636/6603/5022 5668/6633/5045 5669/6635/5047
f 5624/6609/5025 5623/6605/5023 5655/6634/5046 5656/6636/5048
f 5638/6611/5026 5637/6607/5024 5669/6635/5047 5670/6637/5049
f 5625/6612/5027 5624/6609/5025 5656/6636/5048 5657/6638/5050
f 5639/6614/5028 5638/6611/5026 5670/6637/5049 5671/6639/5051
f 5626/6615/5029 5625/6612/5027 5657/6638/5050 5658/6640/5052
f 5640/6616/5030 5639/6614/5028 5671/6639/5051 5672/6641/5053
f 5627/6617/5031 5626/6615/5029 5658/6640/5052 5659/6642/5054
f 5641/6515/4970 5640/6616/5030 5672/6641/5053 5673/6643/5055
f 5628/6575/5004 5627/6617/5031 5659/6642/5054 5660/6644/5056
f 5615/6579/5006 5614/6627/5015 5646/6628/5040 5647/6645/5057
f 5642/6516/4971 5641/6515/4970 5673/6643/5055 5674/6646/5058
f 5629/6576/5005 5628/6575/5004 5660/6644/5056 5661/6647/5059
f 5616/6580/5007 5615/6579/5006 5647/6645/5057 5648/6648/5060
f 5643/6581/5008 5642/6516/4971 5674/6646/5058 5675/6649/5061
f 5630/6650/5009 5629/6576/5005 5661/6647/5059 5662/6651/5062
f 5617/6585/5010 5616/6580/5007 5648/6648/5060 5649/6652/5063
f 5644/6570/5001 5643/6581/5008 5675/6649/5061 5676/6571/5002
f 5631/6591/5011 5630/6650/5009 5662/6651/5062 5663/6623/5036
f 5618/6587/5012 5617/6585/5010 5649/6652/5063 5650/6625/5038
f 5702/6653/5064 5701/6654/5065 5733/6655/5066 5734/6656/5067
f 5654/6632/5044 5653/6631/5043 5685/6657/5068 5686/6658/5069
f 5668/6633/5045 5667/6619/5032 5699/6622/5035 5700/6659/5070
f 5655/6634/5046 5654/6632/5044 5686/6658/5069 5687/6660/5071
f 5669/6635/5047 5668/6633/5045 5700/6659/5070 5701/6654/5065
f 5656/6636/5048 5655/6634/5046 5687/6660/5071 5688/6661/5072
f 5670/6637/5049 5669/6635/5047 5701/6654/5065 5702/6653/5064
f 5657/6638/5050 5656/6636/5048 5688/6661/5072 5689/6662/5073
f 5671/6639/5051 5670/6637/5049 5702/6653/5064 5703/6663/5074
f 5658/6640/5052 5657/6638/5050 5689/6662/5073 5690/6664/5075
f 5672/6641/5053 5671/6639/5051 5703/6663/5074 5704/6665/5076
f 5659/6642/5054 5658/6640/5052 5690/6664/5075 5691/6666/5077
f 5673/6643/5055 5672/6641/5053 5704/6665/5076 5705/6667/5078
f 5660/6644/5056 5659/6642/5054 5691/6666/5077 5692/6668/5079
f 5647/6645/5057 5646/6628/5040 5678/6669/5080 5679/6670/5081
f 5674/6646/5058 5673/6643/5055 5705/6667/5078 5706/6671/5082
f 5661/6647/5059 5660/6644/5056 5692/6668/5079 5693/6672/5083
f 5648/6648/5060 5647/6645/5057 5679/6670/5081 5680/6673/5084
f 5675/6649/5061 5674/6646/5058 5706/6671/5082 5707/6674/5085
f 5662/6651/5062 5661/6647/5059 5693/6672/5083 5694/6675/5086
f 5649/6652/5063 5648/6648/5060 5680/6673/5084 5681/6676/5087
f 5676/6571/5002 5675/6649/5061 5707/6674/5085 5708/6677/5088
f 5663/6623/5036 5662/6651/5062 5694/6675/5086 5695/6678/5089
f 5650/6625/5038 5649/6652/5063 5681/6676/5087 5682/6679/5090
f 5677/6572/5003 5676/6571/5002 5708/6677/5088 5709/6680/5091
f 5664/6624/5037 5663/6623/5036 5695/6678/5089 5696/6681/5092
f 5651/6626/5039 5650/6625/5038 5682/6679/5090 5683/6682/5093
f 5646/6628/5040 5677/6572/5003 5709/6680/5091 5678/6669/5080
f 5665/6629/5041 5664/6624/5037 5696/6681/5092 5697/6683/5094
f 5652/6630/5042 5651/6626/5039 5683/6682/5093 5684/6684/5095
f 5666/6620/5033 5665/6629/5041 5697/6683/5094 5698/6621/5034
f 5653/6631/5043 5652/6630/5042 5684/6684/5095 5685/6657/5068
f 5737/6685/5096 5736/6686/5097 5768/6687/5098 5769/6688/5099
f 5689/6662/5073 5688/6661/5072 5720/6689/5100 5721/6690/5101
f 5703/6663/5074 5702/6653/5064 5734/6656/5067 5735/6691/5102
f 5690/6664/5075 5689/6662/5073 5721/6690/5101 5722/6692/5103
f 5704/6665/5076 5703/6663/5074 5735/6691/5102 5736/6686/5097
f 5691/6666/5077 5690/6664/5075 5722/6692/5103 5723/6693/5104
f 5705/6667/5078 5704/6665/5076 5736/6686/5097 5737/6685/5096
f 5692/6668/5079 5691/6666/5077 5723/6693/5104 5724/6694/5105
f 5679/6670/5081 5678/6669/5080 5710/6695/5106 5711/6696/5107
f 5706/6671/5082 5705/6667/5078 5737/6685/5096 5738/6697/5108
f 5693/6672/5083 5692/6668/5079 5724/6694/5105 5725/6698/5109
f 5680/6673/5084 5679/6670/5081 5711/6696/5107 5712/6699/5110
f 5707/6674/5085 5706/6671/5082 5738/6697/5108 5739/6700/5111
f 5694/6675/5086 5693/6672/5083 5725/6698/5109 5726/6701/5112
f 5681/6676/5087 5680/6673/5084 5712/6699/5110 5713/6702/5113
f 5708/6677/5088 5707/6674/5085 5739/6700/5111 5740/6703/5114
f 5695/6678/5089 5694/6675/5086 5726/6701/5112 5727/6704/5115
f 5682/6679/5090 5681/6676/5087 5713/6702/5113 5714/6705/5116
f 5709/6680/5091 5708/6677/5088 5740/6703/5114 5741/6706/5117
f 5696/6681/5092 5695/6678/5089 5727/6704/5115 5728/6707/5118
f 5683/6682/5093 5682/6679/5090 5714/6705/5116 5715/6708/5119
f 5678/6669/5080 5709/6680/5091 5741/6706/5117 5710/6695/5106
f 5697/6683/5094 5696/6681/5092 5728/6707/5118 5729/6709/5120
f 5684/6684/5095 5683/6682/5093 5715/6708/5119 5716/6710/5121
f 5698/6621/5034 5697/6683/5094 5729/6709/5120 5730/6711/5122
f 5685/6657/5068 5684/6684/5095 5716/6710/5121 5717/6712/5123
f 5699/6622/5035 5698/6621/5034 5730/6711/5122 5731/6713/5124
f 5686/6658/5069 5685/6657/5068 5717/6712/5123 5718/6714/5125
f 5700/6659/5070 5699/6622/5035 5731/6713/5124 5732/6715/5126
f 5687/6660/5071 5686/6658/5069 5718/6714/5125 5719/6716/5127
f 5701/6654/5065 5700/6659/5070 5732/6715/5126 5733/6655/5066
f 5688/6661/5072 5687/6660/5071 5719/6716/5127 5720/6689/5100
f 5743/6717/5128 5742/6718/5129 5773/6719/5130 5772/6720/5131 5771/6721/5132 5770/6722/5133 5769/6688/5099 5768/6687/5098 5767/6723/5134 5766/6724/5135 5765/6725/5136 5764/6726/5137 5763/6727/5138 5762/6728/5139 5761/6729/5140 5760/6730/5141 5759/6731/5142 5758/6732/5143 5757/6733/5144 5756/6734/5145 5755/6735/5146 5754/6736/5147 5753/6737/5148 5752/6738/5149 5751/6739/5150 5750/6740/5151 5749/6741/5152 5748/6742/5153 5747/6743/5154 5746/6744/5155 5745/6745/5156 5744/6746/5157
f 5724/6694/5105 5723/6693/5104 5755/6735/5146 5756/6734/5145
f 5711/6696/5107 5710/6695/5106 5742/6718/5129 5743/6717/5128
f 5738/6697/5108 5737/6685/5096 5769/6688/5099 5770/6722/5133
f 5725/6698/5109 5724/6694/5105 5756/6734/5145 5757/6733/5144
f 5712/6699/5110 5711/6696/5107 5743/6717/5128 5744/6746/5157
f 5739/6700/5111 5738/6697/5108 5770/6722/5133 5771/6721/5132
f 5726/6701/5112 5725/6698/5109 5757/6733/5144 5758/6732/5143
f 5713/6702/5113 5712/6699/5110 5744/6746/5157 5745/6745/5156
f 5740/6703/5114 5739/6700/5111 5771/6721/5132 5772/6720/5131
f 5727/6704/5115 5726/6701/5112 5758/6732/5143 5759/6731/5142
f 5714/6705/5116 5713/6702/5113 5745/6745/5156 5746/6744/5155
f 5741/6706/5117 5740/6703/5114 5772/6720/5131 5773/6719/5130
f 5728/6707/5118 5727/6704/5115 5759/6731/5142 5760/6730/5141
f 5715/6708/5119 5714/6705/5116 5746/6744/5155 5747/6743/5154
f 5710/6695/5106 5741/6706/5117 5773/6719/5130 5742/6718/5129
f 5729/6709/5120 5728/6707/5118 5760/6730/5141 5761/6729/5140
f 5716/6710/5121 5715/6708/5119 5747/6743/5154 5748/6742/5153
f 5730/6711/5122 5729/6709/5120 5761/6729/5140 5762/6728/5139
f 5717/6712/5123 5716/6710/5121 5748/6742/5153 5749/6741/5152
f 5731/6713/5124 5730/6711/5122 5762/6728/5139 5763/6727/5138
f 5718/6714/5125 5717/6712/5123 5749/6741/5152 5750/6740/5151
f 5732/6715/5126 5731/6713/5124 5763/6727/5138 5764/6726/5137
f 5719/6716/5127 5718/6714/5125 5750/6740/5151 5751/6739/5150
f 5733/6655/5066 5732/6715/5126 5764/6726/5137 5765/6725/5136
f 5720/6689/5100 5719/6716/5127 5751/6739/5150 5752/6738/5149
f 5734/6656/5067 5733/6655/5066 5765/6725/5136 5766/6724/5135
f 5721/6690/5101 5720/6689/5100 5752/6738/5149 5753/6737/5148
f 5735/6691/5102 5734/6656/5067 5766/6724/5135 5767/6723/5134
f 5722/6692/5103 5721/6690/5101 5753/6737/5148 5754/6736/5147
f 5736/6686/5097 5735/6691/5102 5767/6723/5134 5768/6687/5098
f 5723/6693/5104 5722/6692/5103 5754/6736/5147 5755/6735/5146
f 5779/6747/5158 5780/6748/5159 5812/6749/5160 5811/6750/5161
f 5444/6354/4827 5446/6356/4829 5786/6751/5162 5785/6752/5163
f 5462/6375/4845 5464/6378/4847 5795/6753/5164 5794/6754/5165
f 5480/6395/4863 5482/6398/4865 5804/6755/5166 5803/6756/5167
f 5436/6346/4819 5438/6348/4821 5782/6757/5168 5781/6758/5169
f 5454/6366/4837 5456/6368/4839 5791/6759/5170 5790/6760/5171
f 5472/6386/4855 5474/6388/4857 5800/6761/5172 5799/6762/5173
f 5428/6336/4811 5430/6338/4813 5778/6763/5174 5777/6403/4870
f 5446/6356/4829 5448/6358/4831 5787/6764/5175 5786/6751/5162
f 5464/6378/4847 5466/6380/4849 5796/6765/5176 5795/6753/5164
f 5482/6398/4865 5484/6402/4869 5805/6766/5177 5804/6755/5166
f 5438/6348/4821 5440/6350/4823 5783/6767/5178 5782/6757/5168
f 5456/6368/4839 5458/6370/4841 5792/6768/5179 5791/6759/5170
f 5474/6388/4857 5476/6390/4859 5801/6769/5180 5800/6761/5172
f 5430/6338/4813 5432/6340/4815 5779/6770/5158 5778/6763/5174
f 5448/6359/4831 5450/6362/4833 5788/6771/5181 5787/6772/5175
f 5466/6380/4849 5468/6382/4851 5797/6773/5182 5796/6765/5176
f 5422/6329/4804 5424/6332/4807 5775/6774/5183 5774/6775/5184
f 5484/6402/4869 5422/6329/4804 5774/6775/5184 5805/6766/5177
f 5440/6350/4823 5442/6352/4825 5784/6776/5185 5783/6767/5178
f 5458/6370/4841 5460/6372/4843 5793/6777/5186 5792/6768/5179
f 5476/6390/4859 5478/6392/4861 5802/6778/5187 5801/6769/5180
f 5432/6341/4815 5434/6344/4817 5780/6748/5159 5779/6747/5158
f 5450/6362/4833 5452/6364/4835 5789/6779/5188 5788/6771/5181
f 5468/6382/4851 5470/6384/4853 5798/6780/5189 5797/6773/5182
f 5424/6332/4807 5426/6334/4809 5776/6404/4871 5775/6774/5183
f 5442/6352/4825 5444/6354/4827 5785/6752/5163 5784/6776/5185
f 5460/6372/4843 5462/6374/4845 5794/6781/5165 5793/6777/5186
f 5478/6392/4861 5480/6394/4863 5803/6782/5167 5802/6778/5187
f 5434/6344/4817 5436/6346/4819 5781/6758/5169 5780/6748/5159
f 5452/6364/4835 5454/6366/4837 5790/6760/5171 5789/6779/5188
f 5470/6384/4853 5472/6386/4855 5799/6762/5173 5798/6780/5189
f 5814/6783/5190 5815/6784/5191 5847/6785/5192 5846/6786/5193
f 5793/6777/5186 5794/6781/5165 5826/6787/5194 5825/6788/5195
f 5780/6748/5159 5781/6758/5169 5813/6789/5196 5812/6749/5160
f 5794/6754/5165 5795/6753/5164 5827/6790/5197 5826/6791/5194
f 5781/6758/5169 5782/6757/5168 5814/6783/5190 5813/6789/5196
f 5795/6753/5164 5796/6765/5176 5828/6792/5198 5827/6790/5197
f 5782/6757/5168 5783/6767/5178 5815/6784/5191 5814/6783/5190
f 5796/6765/5176 5797/6773/5182 5829/6793/5199 5828/6792/5198
f 5783/6767/5178 5784/6776/5185 5816/6794/5200 5815/6784/5191
f 5797/6773/5182 5798/6780/5189 5830/6795/5201 5829/6793/5199
f 5784/6776/5185 5785/6752/5163 5817/6796/5202 5816/6794/5200
f 5798/6780/5189 5799/6762/5173 5831/6797/5203 5830/6795/5201
f 5785/6752/5163 5786/6751/5162 5818/6798/5204 5817/6796/5202
f 5799/6762/5173 5800/6761/5172 5832/6799/5205 5831/6797/5203
f 5786/6751/5162 5787/6764/5175 5819/6800/5206 5818/6798/5204
f 5800/6761/5172 5801/6769/5180 5833/6801/5207 5832/6799/5205
f 5787/6772/5175 5788/6771/5181 5820/6802/5208 5819/6803/5206
f 5774/6775/5184 5775/6774/5183 5807/6804/5209 5806/6805/5210
f 5801/6769/5180 5802/6778/5187 5834/6806/5211 5833/6801/5207
f 5788/6771/5181 5789/6779/5188 5821/6807/5212 5820/6802/5208
f 5775/6774/5183 5776/6404/4871 5808/6808/5213 5807/6804/5209
f 5802/6778/5187 5803/6782/5167 5835/6809/5214 5834/6806/5211
f 5789/6779/5188 5790/6760/5171 5822/6810/5215 5821/6807/5212
f 5776/6404/4871 5777/6403/4870 5809/6811/5216 5808/6808/5213
f 5803/6756/5167 5804/6755/5166 5836/6812/5217 5835/6813/5214
f 5790/6760/5171 5791/6759/5170 5823/6814/5218 5822/6810/5215
f 5777/6403/4870 5778/6763/5174 5810/6815/5219 5809/6811/5216
f 5804/6755/5166 5805/6766/5177 5837/6816/5220 5836/6812/5217
f 5791/6759/5170 5792/6768/5179 5824/6817/5221 5823/6814/5218
f 5778/6763/5174 5779/6770/5158 5811/6818/5161 5810/6815/5219
f 5805/6766/5177 5774/6775/5184 5806/6805/5210 5837/6816/5220
f 5792/6768/5179 5793/6777/5186 5825/6788/5195 5824/6817/5221
f 5849/6819/5222 5850/6820/5223 5882/6821/5224 5881/6822/5225
f 5828/6792/5198 5829/6793/5199 5861/6823/5226 5860/6824/5227
f 5815/6784/5191 5816/6794/5200 5848/6825/5228 5847/6785/5192
f 5829/6793/5199 5830/6795/5201 5862/6826/5229 5861/6823/5226
f 5816/6794/5200 5817/6796/5202 5849/6827/5222 5848/6825/5228
f 5830/6795/5201 5831/6797/5203 5863/6828/5230 5862/6826/5229
f 5817/6796/5202 5818/6798/5204 5850/6829/5223 5849/6827/5222
f 5831/6797/5203 5832/6799/5205 5864/6830/5231 5863/6828/5230
f 5818/6798/5204 5819/6800/5206 5851/6831/5232 5850/6829/5223
f 5832/6799/5205 5833/6801/5207 5865/6832/5233 5864/6830/5231
f 5819/6803/5206 5820/6802/5208 5852/6833/5234 5851/6834/5232
f 5806/6805/5210 5807/6804/5209 5839/6835/5235 5838/6836/5236
f 5833/6801/5207 5834/6806/5211 5866/6837/5237 5865/6832/5233
f 5820/6802/5208 5821/6807/5212 5853/6838/5238 5852/6833/5234
f 5807/6804/5209 5808/6808/5213 5840/6839/5239 5839/6835/5235
f 5834/6806/5211 5835/6809/5214 5867/6840/5240 5866/6837/5237
f 5821/6807/5212 5822/6810/5215 5854/6841/5241 5853/6838/5238
f 5808/6808/5213 5809/6811/5216 5841/6842/5242 5840/6839/5239
f 5835/6813/5214 5836/6812/5217 5868/6843/5243 5867/6844/5240
f 5822/6810/5215 5823/6814/5218 5855/6845/5244 5854/6841/5241
f 5809/6811/5216 5810/6815/5219 5842/6846/5245 5841/6842/5242
f 5836/6812/5217 5837/6816/5220 5869/6847/5246 5868/6843/5243
f 5823/6814/5218 5824/6817/5221 5856/6848/5247 5855/6845/5244
f 5810/6815/5219 5811/6818/5161 5843/6849/5248 5842/6846/5245
f 5837/6816/5220 5806/6805/5210 5838/6836/5236 5869/6847/5246
f 5824/6817/5221 5825/6788/5195 5857/6850/5249 5856/6848/5247
f 5811/6750/5161 5812/6749/5160 5844/6851/5250 5843/6852/5248
f 5825/6788/5195 5826/6787/5194 5858/6853/5251 5857/6850/5249
f 5812/6749/5160 5813/6789/5196 5845/6854/5252 5844/6851/5250
f 5826/6791/5194 5827/6790/5197 5859/6855/5253 5858/6856/5251
f 5813/6789/5196 5814/6783/5190 5846/6786/5193 5845/6854/5252
f 5827/6790/5197 5828/6792/5198 5860/6824/5227 5859/6855/5253
f 5884/6857/5254 5885/6858/5255 5917/6859/5256 5916/6860/5257
f 5863/6828/5230 5864/6830/5231 5896/6861/5258 5895/6862/5259
f 5850/6820/5223 5851/6863/5232 5883/6864/5260 5882/6821/5224
f 5864/6830/5231 5865/6832/5233 5897/6865/5261 5896/6861/5258
f 5851/6834/5232 5852/6833/5234 5884/6857/5254 5883/6866/5260
f 5838/6836/5236 5839/6835/5235 5871/6867/5262 5870/6868/5263
f 5865/6869/5233 5866/6870/5237 5898/6871/5264 5897/6872/5261
f 5852/6833/5234 5853/6838/5238 5885/6858/5255 5884/6857/5254
f 5839/6835/5235 5840/6839/5239 5872/6873/5265 5871/6867/5262
f 5866/6870/5237 5867/6874/5240 5899/6875/5266 5898/6871/5264
f 5853/6838/5238 5854/6841/5241 5886/6876/5267 5885/6858/5255
f 5840/6839/5239 5841/6842/5242 5873/6877/5268 5872/6873/5265
f 5867/6874/5240 5868/6878/5243 5900/6879/5269 5899/6875/5266
f 5854/6841/5241 5855/6845/5244 5887/6880/5270 5886/6876/5267
f 5841/6842/5242 5842/6846/5245 5874/6881/5271 5873/6877/5268
f 5868/6843/5243 5869/6847/5246 5901/6882/5272 5900/6883/5269
f 5855/6845/5244 5856/6848/5247 5888/6884/5273 5887/6880/5270
f 5842/6885/5245 5843/6886/5248 5875/6887/5274 5874/6888/5271
f 5869/6847/5246 5838/6836/5236 5870/6868/5263 5901/6882/5272
f 5856/6848/5247 5857/6850/5249 5889/6889/5275 5888/6884/5273
f 5843/6886/5248 5844/6890/5250 5876/6891/5276 5875/6887/5274
f 5857/6892/5249 5858/6893/5251 5890/6894/5277 5889/6895/5275
f 5844/6890/5250 5845/6896/5252 5877/6897/5278 5876/6891/5276
f 5858/6893/5251 5859/6898/5253 5891/6899/5279 5890/6894/5277
f 5845/6854/5252 5846/6786/5193 5878/6900/5280 5877/6901/5278
f 5859/6898/5253 5860/6902/5227 5892/6903/5281 5891/6899/5279
f 5846/6786/5193 5847/6785/5192 5879/6904/5282 5878/6900/5280
f 5860/6824/5227 5861/6823/5226 5893/6905/5283 5892/6906/5281
f 5847/6785/5192 5848/6825/5228 5880/6907/5284 5879/6904/5282
f 5861/6823/5226 5862/6826/5229 5894/6908/5285 5893/6905/5283
f 5848/6825/5228 5849/6827/5222 5881/6909/5225 5880/6907/5284
f 5862/6826/5229 5863/6828/5230 5895/6862/5259 5894/6908/5285
f 5919/6910/5286 5920/6911/5287 5952/6912/5288 5951/6913/5289
f 5871/6867/5262 5872/6873/5265 5904/6914/5290 5903/6915/5291
f 5898/6871/5264 5899/6875/5266 5931/6916/5292 5930/6917/5293
f 5885/6858/5255 5886/6876/5267 5918/6918/5294 5917/6859/5256
f 5872/6873/5265 5873/6877/5268 5905/6919/5295 5904/6914/5290
f 5899/6875/5266 5900/6879/5269 5932/6920/5296 5931/6916/5292
f 5886/6876/5267 5887/6880/5270 5919/6921/5286 5918/6918/5294
f 5873/6922/5268 5874/6888/5271 5906/6923/5297 5905/6924/5295
f 5900/6883/5269 5901/6882/5272 5933/6925/5298 5932/6926/5296
f 5887/6880/5270 5888/6884/5273 5920/6927/5287 5919/6921/5286
f 5874/6888/5271 5875/6887/5274 5907/6928/5299 5906/6923/5297
f 5901/6882/5272 5870/6868/5263 5902/6929/5300 5933/6925/5298
f 5888/6884/5273 5889/6889/5275 5921/6930/5301 5920/6927/5287
f 5875/6887/5274 5876/6891/5276 5908/6931/5302 5907/6928/5299
f 5889/6895/5275 5890/6894/5277 5922/6932/5303 5921/6933/5301
f 5876/6891/5276 5877/6897/5278 5909/6934/5304 5908/6931/5302
f 5890/6894/5277 5891/6899/5279 5923/6935/5305 5922/6932/5303
f 5877/6901/5278 5878/6900/5280 5910/6936/5306 5909/6937/5304
f 5891/6899/5279 5892/6903/5281 5924/6938/5307 5923/6935/5305
f 5878/6900/5280 5879/6904/5282 5911/6939/5308 5910/6936/5306
f 5892/6903/5281 5893/6940/5283 5925/6941/5309 5924/6938/5307
f 5879/6904/5282 5880/6907/5284 5912/6942/5310 5911/6939/5308
f 5893/6905/5283 5894/6908/5285 5926/6943/5311 5925/6944/5309
f 5880/6945/5284 5881/6822/5225 5913/6946/5312 5912/6947/5310
f 5894/6908/5285 5895/6862/5259 5927/6948/5313 5926/6943/5311
f 5881/6822/5225 5882/6821/5224 5914/6949/5314 5913/6946/5312
f 5895/6862/5259 5896/6861/5258 5928/6950/5315 5927/6948/5313
f 5882/6821/5224 5883/6864/5260 5915/6951/5316 5914/6949/5314
f 5896/6952/5258 5897/6872/5261 5929/6953/5317 5928/6954/5315
f 5883/6864/5260 5884/6955/5254 5916/6956/5257 5915/6951/5316
f 5870/6868/5263 5871/6867/5262 5903/6915/5291 5902/6929/5300
f 5897/6872/5261 5898/6871/5264 5930/6917/5293 5929/6953/5317
f 5954/6957/5318 5955/6958/5319 6019/6959/5320 6018/6960/5321
f 5906/6923/5297 5907/6928/5299 5939/6961/5322 5938/6962/5323
f 5933/6925/5298 5902/6929/5300 5934/6963/5324 5965/6964/5325
f 5920/6911/5287 5921/6933/5301 5953/6965/5326 5952/6912/5288
f 5907/6928/5299 5908/6931/5302 5940/6966/5327 5939/6961/5322
f 5921/6933/5301 5922/6932/5303 5954/6957/5318 5953/6965/5326
f 5908/6931/5302 5909/6934/5304 5941/6967/5328 5940/6966/5327
f 5922/6932/5303 5923/6935/5305 5955/6958/5319 5954/6957/5318
f 5909/6934/5304 5910/6968/5306 5942/6969/5329 5941/6967/5328
f 5923/6935/5305 5924/6938/5307 5956/6970/5330 5955/6958/5319
f 5910/6968/5306 5911/6971/5308 5943/6972/5331 5942/6969/5329
f 5924/6938/5307 5925/6941/5309 5957/6973/5332 5956/6970/5330
f 5911/6971/5308 5912/6947/5310 5944/6974/5333 5943/6972/5331
f 5925/6941/5309 5926/6975/5311 5958/6976/5334 5957/6973/5332
f 5912/6947/5310 5913/6946/5312 5945/6977/5335 5944/6974/5333
f 5926/6975/5311 5927/6978/5313 5959/6979/5336 5958/6976/5334
f 5913/6946/5312 5914/6949/5314 5946/6980/5337 5945/6977/5335
f 5927/6978/5313 5928/6954/5315 5960/6981/5338 5959/6979/5336
f 5914/6949/5314 5915/6951/5316 5947/6982/5339 5946/6980/5337
f 5928/6954/5315 5929/6953/5317 5961/6983/5340 5960/6981/5338
f 5915/6951/5316 5916/6956/5257 5948/6984/5341 5947/6982/5339
f 5902/6929/5300 5903/6915/5291 5935/6985/5342 5934/6963/5324
f 5929/6953/5317 5930/6917/5293 5962/6986/5343 5961/6983/5340
f 5916/6956/5257 5917/6987/5256 5949/6988/5344 5948/6984/5341
f 5903/6989/5291 5904/6990/5290 5936/6991/5345 5935/6992/5342
f 5930/6917/5293 5931/6916/5292 5963/6993/5346 5962/6986/5343
f 5917/6859/5256 5918/6918/5294 5950/6994/5347 5949/6995/5344
f 5904/6990/5290 5905/6924/5295 5937/6996/5348 5936/6991/5345
f 5931/6916/5292 5932/6920/5296 5964/6997/5349 5963/6993/5346
f 5918/6918/5294 5919/6921/5286 5951/6998/5289 5950/6994/5347
f 5905/6924/5295 5906/6923/5297 5938/6962/5323 5937/6996/5348
f 5932/6920/5296 5933/6999/5298 5965/7000/5325 5964/6997/5349
f 5966/7001/5350 5967/7002/5351 6031/7003/5352 6030/7004/5353
f 5941/6967/5328 5942/6969/5329 6006/7005/5354 6005/7006/5355
f 5955/6958/5319 5956/6970/5330 6020/7007/5356 6019/6959/5320
f 5942/6969/5329 5943/6972/5331 6007/7008/5357 6006/7005/5354
f 5956/6970/5330 5957/6973/5332 6021/7009/5358 6020/7007/5356
f 5943/6972/5331 5944/6974/5333 6008/7010/5359 6007/7008/5357
f 5957/6973/5332 5958/6976/5334 6022/7011/5360 6021/7009/5358
f 5944/6974/5333 5945/6977/5335 6009/7012/5361 6008/7010/5359
f 5958/6976/5334 5959/6979/5336 6023/7013/5362 6022/7011/5360
f 5945/6977/5335 5946/6980/5337 6010/7014/5363 6009/7012/5361
f 5959/6979/5336 5960/6981/5338 6024/7015/5364 6023/7013/5362
f 5946/6980/5337 5947/6982/5339 6011/7016/5365 6010/7014/5363
f 5960/6981/5338 5961/6983/5340 6025/7017/5366 6024/7015/5364
f 5947/6982/5339 5948/6984/5341 6012/7018/5367 6011/7016/5365
f 5934/7019/5324 5935/6992/5342 5999/7020/5368 5998/7021/5369
f 5961/6983/5340 5962/6986/5343 6026/7022/5370 6025/7017/5366
f 5948/6984/5341 5949/6988/5344 6013/7023/5371 6012/7018/5367
f 5935/6992/5342 5936/6991/5345 6000/7024/5372 5999/7020/5368
f 5962/6986/5343 5963/6993/5346 6027/7025/5373 6026/7022/5370
f 5949/6988/5344 5950/7026/5347 6014/7027/5374 6013/7023/5371
f 5936/6991/5345 5937/6996/5348 6001/7028/5375 6000/7024/5372
f 5963/6993/5346 5964/6997/5349 6028/7029/5376 6027/7025/5373
f 5950/7026/5347 5951/6913/5289 6015/7030/5377 6014/7027/5374
f 5937/6996/5348 5938/6962/5323 6002/7031/5378 6001/7028/5375
f 5964/6997/5349 5965/7000/5325 6029/7032/5379 6028/7029/5376
f 5951/6913/5289 5952/6912/5288 6016/7033/5380 6015/7030/5377
f 5938/6962/5323 5939/6961/5322 6003/7034/5381 6002/7031/5378
f 5965/7000/5325 5934/7019/5324 5998/7021/5369 6029/7032/5379
f 5952/6912/5288 5953/6965/5326 6017/7035/5382 6016/7033/5380
f 5939/6961/5322 5940/6966/5327 6004/7036/5383 6003/7034/5381
f 5953/6965/5326 5954/6957/5318 6018/6960/5321 6017/7035/5382
f 5940/6966/5327 5941/6967/5328 6005/7006/5355 6004/7036/5383
f 5967/7002/5351 5966/7001/5350 5998/7037/5369 5999/7038/5368
f 5968/7039/5384 5967/7002/5351 5999/7038/5368 6000/7040/5372
f 5969/7041/5385 5968/7039/5384 6000/7040/5372 6001/7042/5375
f 5970/7043/5386 5969/7041/5385 6001/7042/5375 6002/7044/5378
f 5971/7045/5387 5970/7043/5386 6002/7044/5378 6003/7046/5381
f 5972/7047/5388 5971/7045/5387 6003/7046/5381 6004/7048/5383
f 5973/7049/5389 5972/7047/5388 6004/7048/5383 6005/7050/5355
f 5974/7051/5390 5973/7049/5389 6005/7050/5355 6006/7052/5354
f 5975/7053/5391 5974/7051/5390 6006/7052/5354 6007/7054/5357
f 5976/7055/5392 5975/7053/5391 6007/7054/5357 6008/7056/5359
f 5977/7057/5393 5976/7055/5392 6008/7056/5359 6009/7058/5361
f 5978/7059/5394 5977/7057/5393 6009/7058/5361 6010/7060/5363
f 5979/7061/5395 5978/7059/5394 6010/7060/5363 6011/7062/5365
f 5980/7063/5396 5979/7061/5395 6011/7062/5365 6012/7064/5367
f 5981/7065/5397 5980/7063/5396 6012/7064/5367 6013/7066/5371
f 5982/7067/5398 5981/7065/5397 6013/7066/5371 6014/7068/5374
f 5983/7069/5399 5982/7067/5398 6014/7068/5374 6015/7070/5377
f 5984/7071/5400 5983/7069/5399 6015/7070/5377 6016/7072/5380
f 5985/7073/5401 5984/7071/5400 6016/7072/5380 6017/7074/5382
f 5986/7075/5402 5985/7073/5401 6017/7074/5382 6018/7076/5321
f 5987/7077/5403 5986/7075/5402 6018/7076/5321 6019/7078/5320
f 5988/7079/5404 5987/7077/5403 6019/7078/5320 6020/7080/5356
f 5989/7081/5405 5988/7079/5404 6020/7080/5356 6021/7082/5358
f 5990/7083/5406 5989/7081/5405 6021/7082/5358 6022/7084/5360
f 5991/7085/5407 5990/7083/5406 6022/7084/5360 6023/7086/5362
f 5992/7087/5408 5991/7085/5407 6023/7086/5362 6024/7088/5364
f 5993/7089/5409 5992/7087/5408 6024/7088/5364 6025/7090/5366
f 5994/7091/5410 5993/7089/5409 6025/7090/5366 6026/7092/5370
f 5995/7093/5411 5994/7091/5410 6026/7092/5370 6027/7094/5373
f 5996/7095/5412 5995/7093/5411 6027/7094/5373 6028/7096/5376
f 5997/7097/5413 5996/7095/5412 6028/7096/5376 6029/7098/5379
f 5966/7001/5350 5997/7097/5413 6029/7098/5379 5998/7037/5369
f 6033/7099/5414 6034/7100/5415 6066/7101/5416 6065/7102/5417
f 5993/7089/5409 5994/7091/5410 6058/7103/5418 6057/7104/5419
f 5980/7063/5396 5981/7065/5397 6045/7105/5420 6044/7106/5421
f 5967/7002/5351 5968/7039/5384 6032/7107/5422 6031/7003/5352
f 5994/7091/5410 5995/7093/5411 6059/7108/5423 6058/7103/5418
f 5981/7065/5397 5982/7067/5398 6046/7109/5424 6045/7105/5420
f 5968/7039/5384 5969/7041/5385 6033/7099/5414 6032/7107/5422
f 5995/7093/5411 5996/7095/5412 6060/7110/5425 6059/7108/5423
f 5982/7067/5398 5983/7069/5399 6047/7111/5426 6046/7109/5424
f 5969/7041/5385 5970/7043/5386 6034/7100/5415 6033/7099/5414
f 5996/7095/5412 5997/7097/5413 6061/7112/5427 6060/7110/5425
f 5983/7069/5399 5984/7071/5400 6048/7113/5428 6047/7111/5426
f 5970/7043/5386 5971/7045/5387 6035/7114/5429 6034/7100/5415
f 5997/7097/5413 5966/7001/5350 6030/7004/5353 6061/7112/5427
f 5984/7071/5400 5985/7073/5401 6049/7115/5430 6048/7113/5428
f 5971/7045/5387 5972/7047/5388 6036/7116/5431 6035/7114/5429
f 5985/7073/5401 5986/7075/5402 6050/7117/5432 6049/7115/5430
f 5972/7047/5388 5973/7049/5389 6037/7118/5433 6036/7116/5431
f 5986/7075/5402 5987/7077/5403 6051/7119/5434 6050/7117/5432
f 5973/7049/5389 5974/7051/5390 6038/7120/5435 6037/7118/5433
f 5987/7077/5403 5988/7079/5404 6052/7121/5436 6051/7119/5434
f 5974/7051/5390 5975/7053/5391 6039/7122/5437 6038/7120/5435
f 5988/7079/5404 5989/7081/5405 6053/7123/5438 6052/7121/5436
f 5975/7053/5391 5976/7055/5392 6040/7124/5439 6039/7122/5437
f 5989/7081/5405 5990/7083/5406 6054/7125/5440 6053/7123/5438
f 5976/7055/5392 5977/7057/5393 6041/7126/5441 6040/7124/5439
f 5990/7083/5406 5991/7085/5407 6055/7127/5442 6054/7125/5440
f 5977/7057/5393 5978/7059/5394 6042/7128/5443 6041/7126/5441
f 5991/7085/5407 5992/7087/5408 6056/7129/5444 6055/7127/5442
f 5978/7059/5394 5979/7061/5395 6043/7130/5445 6042/7128/5443
f 5992/7087/5408 5993/7089/5409 6057/7104/5419 6056/7129/5444
f 5979/7061/5395 5980/7063/5396 6044/7106/5421 6043/7130/5445
f 6068/7131/5446 6069/7132/5447 6101/7133/5448 6100/7134/5449
f 6060/7110/5425 6061/7112/5427 6093/7135/5450 6092/7136/5451
f 6047/7137/5426 6048/7138/5428 6080/7139/5452 6079/7140/5453
f 6034/7100/5415 6035/7114/5429 6067/7141/5454 6066/7101/5416
f 6061/7142/5427 6030/7143/5353 6062/7144/5455 6093/7145/5450
f 6048/7113/5428 6049/7115/5430 6081/7146/5456 6080/7147/5452
f 6035/7114/5429 6036/7116/5431 6068/7131/5446 6067/7141/5454
f 6049/7115/5430 6050/7117/5432 6082/7148/5457 6081/7146/5456
f 6036/7116/5431 6037/7118/5433 6069/7132/5447 6068/7131/5446
f 6050/7117/5432 6051/7119/5434 6083/7149/5458 6082/7148/5457
f 6037/7118/5433 6038/7120/5435 6070/7150/5459 6069/7132/5447
f 6051/7119/5434 6052/7121/5436 6084/7151/5460 6083/7149/5458
f 6038/7120/5435 6039/7122/5437 6071/7152/5461 6070/7150/5459
f 6052/7121/5436 6053/7123/5438 6085/7153/5462 6084/7151/5460
f 6039/7122/5437 6040/7124/5439 6072/7154/5463 6071/7152/5461
f 6053/7123/5438 6054/7125/5440 6086/7155/5464 6085/7153/5462
f 6040/7124/5439 6041/7126/5441 6073/7156/5465 6072/7154/5463
f 6054/7125/5440 6055/7127/5442 6087/7157/5466 6086/7155/5464
f 6041/7126/5441 6042/7128/5443 6074/7158/5467 6073/7156/5465
f 6055/7127/5442 6056/7129/5444 6088/7159/5468 6087/7157/5466
f 6042/7128/5443 6043/7130/5445 6075/7160/5469 6074/7158/5467
f 6056/7129/5444 6057/7104/5419 6089/7161/5470 6088/7159/5468
f 6043/7130/5445 6044/7106/5421 6076/7162/5471 6075/7160/5469
f 6030/7143/5353 6031/7163/5352 6063/7164/5472 6062/7144/5455
f 6057/7104/5419 6058/7103/5418 6090/7165/5473 6089/7161/5470
f 6044/7106/5421 6045/7105/5420 6077/7166/5474 6076/7162/5471
f 6031/7003/5352 6032/7107/5422 6064/7167/5475 6063/7168/5472
f 6058/7103/5418 6059/7108/5423 6091/7169/5476 6090/7165/5473
f 6045/7170/5420 6046/7171/5424 6078/7172/5477 6077/7173/5474
f 6032/7107/5422 6033/7099/5414 6065/7102/5417 6064/7167/5475
f 6059/7108/5423 6060/7110/5425 6092/7136/5451 6091/7169/5476
f 6046/7171/5424 6047/7137/5426 6079/7140/5453 6078/7172/5477
f 6103/7174/5478 6104/7175/5479 6136/7176/5480 6135/7177/5481
f 6082/7148/5457 6083/7149/5458 6115/7178/5482 6114/7179/5483
f 6069/7180/5447 6070/7181/5459 6102/7182/5484 6101/7183/5448
f 6083/7149/5458 6084/7151/5460 6116/7184/5485 6115/7178/5482
f 6070/7181/5459 6071/7185/5461 6103/7174/5478 6102/7182/5484
f 6084/7151/5460 6085/7153/5462 6117/7186/5486 6116/7184/5485
f 6071/7185/5461 6072/7187/5463 6104/7175/5479 6103/7174/5478
f 6085/7188/5462 6086/7189/5464 6118/7190/5487 6117/7191/5486
f 6072/7154/5463 6073/7156/5465 6105/7192/5488 6104/7193/5479
f 6086/7189/5464 6087/7194/5466 6119/7195/5489 6118/7190/5487
f 6073/7156/5465 6074/7158/5467 6106/7196/5490 6105/7192/5488
f 6087/7194/5466 6088/7197/5468 6120/7198/5491 6119/7195/5489
f 6074/7158/5467 6075/7160/5469 6107/7199/5492 6106/7196/5490
f 6088/7197/5468 6089/7200/5470 6121/7201/5493 6120/7198/5491
f 6075/7160/5469 6076/7162/5471 6108/7202/5494 6107/7199/5492
f 6062/7144/5455 6063/7164/5472 6095/7203/5495 6094/7204/5496
f 6089/7161/5470 6090/7165/5473 6122/7205/5497 6121/7206/5493
f 6076/7207/5471 6077/7173/5474 6109/7208/5498 6108/7209/5494
f 6063/7164/5472 6064/7210/5475 6096/7211/5499 6095/7203/5495
f 6090/7165/5473 6091/7169/5476 6123/7212/5500 6122/7205/5497
f 6077/7173/5474 6078/7172/5477 6110/7213/5501 6109/7208/5498
f 6064/7210/5475 6065/7214/5417 6097/7215/5502 6096/7211/5499
f 6091/7169/5476 6092/7136/5451 6124/7216/5503 6123/7212/5500
f 6078/7172/5477 6079/7140/5453 6111/7217/5504 6110/7213/5501
f 6065/7102/5417 6066/7101/5416 6098/7218/5505 6097/7219/5502
f 6092/7220/5451 6093/7145/5450 6125/7221/5506 6124/7222/5503
f 6079/7140/5453 6080/7139/5452 6112/7223/5507 6111/7217/5504
f 6066/7101/5416 6067/7141/5454 6099/7224/5508 6098/7218/5505
f 6093/7145/5450 6062/7144/5455 6094/7204/5496 6125/7221/5506
f 6080/7139/5452 6081/7225/5456 6113/7226/5509 6112/7223/5507
f 6067/7141/5454 6068/7131/5446 6100/7134/5449 6099/7224/5508
f 6081/7146/5456 6082/7148/5457 6114/7179/5483 6113/7227/5509
f 6138/7228/5510 6139/7229/5511 6171/7230/5512 6170/7231/5513
f 6117/7191/5486 6118/7190/5487 6150/7232/5514 6149/7233/5515
f 6104/7175/5479 6105/7234/5488 6137/7235/5516 6136/7176/5480
f 6118/7190/5487 6119/7195/5489 6151/7236/5517 6150/7232/5514
f 6105/7192/5488 6106/7196/5490 6138/7237/5510 6137/7238/5516
f 6119/7195/5489 6120/7198/5491 6152/7239/5518 6151/7236/5517
f 6106/7196/5490 6107/7199/5492 6139/7240/5511 6138/7237/5510
f 6120/7198/5491 6121/7201/5493 6153/7241/5519 6152/7239/5518
f 6107/7199/5492 6108/7202/5494 6140/7242/5520 6139/7240/5511
f 6094/7204/5496 6095/7203/5495 6127/7243/5521 6126/7244/5522
f 6121/7201/5493 6122/7245/5497 6154/7246/5523 6153/7241/5519
f 6108/7209/5494 6109/7208/5498 6141/7247/5524 6140/7248/5520
f 6095/7203/5495 6096/7211/5499 6128/7249/5525 6127/7243/5521
f 6122/7205/5497 6123/7212/5500 6155/7250/5526 6154/7251/5523
f 6109/7208/5498 6110/7213/5501 6142/7252/5527 6141/7247/5524
f 6096/7211/5499 6097/7215/5502 6129/7253/5528 6128/7249/5525
f 6123/7254/5500 6124/7222/5503 6156/7255/5529 6155/7256/5526
f 6110/7213/5501 6111/7217/5504 6143/7257/5530 6142/7252/5527
f 6097/7219/5502 6098/7218/5505 6130/7258/5531 6129/7259/5528
f 6124/7222/5503 6125/7221/5506 6157/7260/5532 6156/7255/5529
f 6111/7217/5504 6112/7223/5507 6144/7261/5533 6143/7257/5530
f 6098/7218/5505 6099/7224/5508 6131/7262/5534 6130/7258/5531
f 6125/7221/5506 6094/7204/5496 6126/7244/5522 6157/7260/5532
f 6112/7223/5507 6113/7226/5509 6145/7263/5535 6144/7261/5533
f 6099/7224/5508 6100/7134/5449 6132/7264/5536 6131/7262/5534
f 6113/7226/5509 6114/7265/5483 6146/7266/5537 6145/7263/5535
f 6100/7267/5449 6101/7183/5448 6133/7268/5538 6132/7269/5536
f 6114/7179/5483 6115/7178/5482 6147/7270/5539 6146/7271/5537
f 6101/7183/5448 6102/7182/5484 6134/7272/5540 6133/7268/5538
f 6115/7178/5482 6116/7184/5485 6148/7273/5541 6147/7270/5539
f 6102/7182/5484 6103/7174/5478 6135/7177/5481 6134/7272/5540
f 6116/7184/5485 6117/7186/5486 6149/7274/5515 6148/7273/5541
f 6173/7275/5542 6174/7276/5543 6206/7277/5544 6205/7278/5545
f 6152/7239/5518 6153/7241/5519 6185/7279/5546 6184/7280/5547
f 6139/7281/5511 6140/7248/5520 6172/7282/5548 6171/7283/5512
f 6126/7244/5522 6127/7243/5521 6159/7284/5549 6158/7285/5550
f 6153/7241/5519 6154/7246/5523 6186/7286/5551 6185/7279/5546
f 6140/7248/5520 6141/7247/5524 6173/7275/5542 6172/7282/5548
f 6127/7243/5521 6128/7249/5525 6160/7287/5552 6159/7284/5549
f 6154/7246/5523 6155/7288/5526 6187/7289/5553 6186/7286/5551
f 6141/7247/5524 6142/7252/5527 6174/7276/5543 6173/7275/5542
f 6128/7249/5525 6129/7253/5528 6161/7290/5554 6160/7287/5552
f 6155/7256/5526 6156/7255/5529 6188/7291/5555 6187/7292/5553
f 6142/7252/5527 6143/7257/5530 6175/7293/5556 6174/7276/5543
f 6129/7253/5528 6130/7294/5531 6162/7295/5557 6161/7290/5554
f 6156/7255/5529 6157/7260/5532 6189/7296/5558 6188/7291/5555
f 6143/7257/5530 6144/7261/5533 6176/7297/5559 6175/7293/5556
f 6130/7298/5531 6131/7299/5534 6163/7300/5560 6162/7301/5557
f 6157/7260/5532 6126/7244/5522 6158/7285/5550 6189/7296/5558
f 6144/7261/5533 6145/7263/5535 6177/7302/5561 6176/7297/5559
f 6131/7299/5534 6132/7269/5536 6164/7303/5562 6163/7300/5560
f 6145/7263/5535 6146/7266/5537 6178/7304/5563 6177/7302/5561
f 6132/7269/5536 6133/7268/5538 6165/7305/5564 6164/7303/5562
f 6146/7266/5537 6147/7306/5539 6179/7307/5565 6178/7304/5563
f 6133/7268/5538 6134/7272/5540 6166/7308/5566 6165/7305/5564
f 6147/7309/5539 6148/7310/5541 6180/7311/5567 6179/7312/5565
f 6134/7272/5540 6135/7177/5481 6167/7313/5568 6166/7308/5566
f 6148/7310/5541 6149/7233/5515 6181/7314/5569 6180/7311/5567
f 6135/7177/5481 6136/7176/5480 6168/7315/5570 6167/7313/5568
f 6149/7233/5515 6150/7232/5514 6182/7316/5571 6181/7314/5569
f 6136/7176/5480 6137/7235/5516 6169/7317/5572 6168/7315/5570
f 6150/7232/5514 6151/7236/5517 6183/7318/5573 6182/7316/5571
f 6137/7235/5516 6138/7228/5510 6170/7231/5513 6169/7317/5572
f 6151/7236/5517 6152/7239/5518 6184/7280/5547 6183/7318/5573
f 6208/7319/5574 6209/7320/5575 6241/7321/5576 6240/7322/5577
f 6160/7287/5552 6161/7290/5554 6193/7323/5578 6192/7324/5579
f 6187/7292/5553 6188/7291/5555 6220/7325/5580 6219/7326/5581
f 6174/7276/5543 6175/7293/5556 6207/7327/5582 6206/7277/5544
f 6161/7290/5554 6162/7295/5557 6194/7328/5583 6193/7323/5578
f 6188/7291/5555 6189/7296/5558 6221/7329/5584 6220/7325/5580
f 6175/7293/5556 6176/7297/5559 6208/7319/5574 6207/7327/5582
f 6162/7301/5557 6163/7300/5560 6195/7330/5585 6194/7331/5583
f 6189/7296/5558 6158/7285/5550 6190/7332/5586 6221/7329/5584
f 6176/7297/5559 6177/7302/5561 6209/7320/5575 6208/7319/5574
f 6163/7300/5560 6164/7303/5562 6196/7333/5587 6195/7330/5585
f 6177/7302/5561 6178/7304/5563 6210/7334/5588 6209/7320/5575
f 6164/7303/5562 6165/7305/5564 6197/7335/5589 6196/7333/5587
f 6178/7304/5563 6179/7307/5565 6211/7336/5590 6210/7334/5588
f 6165/7305/5564 6166/7308/5566 6198/7337/5591 6197/7335/5589
f 6179/7312/5565 6180/7311/5567 6212/7338/5592 6211/7339/5590
f 6166/7308/5566 6167/7313/5568 6199/7340/5593 6198/7337/5591
f 6180/7311/5567 6181/7314/5569 6213/7341/5594 6212/7338/5592
f 6167/7313/5568 6168/7315/5570 6200/7342/5595 6199/7340/5593
f 6181/7314/5569 6182/7316/5571 6214/7343/5596 6213/7341/5594
f 6168/7315/5570 6169/7317/5572 6201/7344/5597 6200/7342/5595
f 6182/7316/5571 6183/7318/5573 6215/7345/5598 6214/7343/5596
f 6169/7317/5572 6170/7231/5513 6202/7346/5599 6201/7344/5597
f 6183/7318/5573 6184/7280/5547 6216/7347/5600 6215/7345/5598
f 6170/7231/5513 6171/7230/5512 6203/7348/5601 6202/7346/5599
f 6184/7280/5547 6185/7279/5546 6217/7349/5602 6216/7347/5600
f 6171/7283/5512 6172/7282/5548 6204/7350/5603 6203/7351/5601
f 6158/7285/5550 6159/7284/5549 6191/7352/5604 6190/7332/5586
f 6185/7279/5546 6186/7286/5551 6218/7353/5605 6217/7349/5602
f 6172/7282/5548 6173/7275/5542 6205/7278/5545 6204/7350/5603
f 6159/7284/5549 6160/7287/5552 6192/7324/5579 6191/7352/5604
f 6186/7286/5551 6187/7289/5553 6219/7354/5581 6218/7353/5605
f 6243/7355/5606 6244/7356/5607 6276/7357/5608 6275/7358/5609
f 6195/7330/5585 6196/7333/5587 6228/7359/5610 6227/7360/5611
f 6209/7320/5575 6210/7334/5588 6242/7361/5612 6241/7321/5576
f 6196/7333/5587 6197/7335/5589 6229/7362/5613 6228/7359/5610
f 6210/7334/5588 6211/7336/5590 6243/7363/5606 6242/7361/5612
f 6197/7335/5589 6198/7337/5591 6230/7364/5614 6229/7362/5613
f 6211/7339/5590 6212/7338/5592 6244/7356/5607 6243/7355/5606
f 6198/7337/5591 6199/7340/5593 6231/7365/5615 6230/7364/5614
f 6212/7338/5592 6213/7341/5594 6245/7366/5616 6244/7356/5607
f 6199/7340/5593 6200/7342/5595 6232/7367/5617 6231/7365/5615
f 6213/7341/5594 6214/7343/5596 6246/7368/5618 6245/7366/5616
f 6200/7342/5595 6201/7344/5597 6233/7369/5619 6232/7367/5617
f 6214/7343/5596 6215/7345/5598 6247/7370/5620 6246/7368/5618
f 6201/7344/5597 6202/7346/5599 6234/7371/5621 6233/7369/5619
f 6215/7345/5598 6216/7347/5600 6248/7372/5622 6247/7370/5620
f 6202/7346/5599 6203/7348/5601 6235/7373/5623 6234/7371/5621
f 6216/7347/5600 6217/7349/5602 6249/7374/5624 6248/7372/5622
f 6203/7351/5601 6204/7350/5603 6236/7375/5625 6235/7376/5623
f 6190/7332/5586 6191/7352/5604 6223/7377/5626 6222/7378/5627
f 6217/7349/5602 6218/7353/5605 6250/7379/5628 6249/7374/5624
f 6204/7350/5603 6205/7278/5545 6237/7380/5629 6236/7375/5625
f 6191/7352/5604 6192/7324/5579 6224/7381/5630 6223/7377/5626
f 6218/7353/5605 6219/7354/5581 6251/7382/5631 6250/7379/5628
f 6205/7278/5545 6206/7277/5544 6238/7383/5632 6237/7380/5629
f 6192/7324/5579 6193/7323/5578 6225/7384/5633 6224/7381/5630
f 6219/7326/5581 6220/7325/5580 6252/7385/5634 6251/7386/5631
f 6206/7277/5544 6207/7327/5582 6239/7387/5635 6238/7383/5632
f 6193/7323/5578 6194/7328/5583 6226/7388/5636 6225/7384/5633
f 6220/7325/5580 6221/7329/5584 6253/7389/5637 6252/7385/5634
f 6207/7327/5582 6208/7319/5574 6240/7322/5577 6239/7387/5635
f 6194/7331/5583 6195/7330/5585 6227/7360/5611 6226/7390/5636
f 6221/7329/5584 6190/7332/5586 6222/7378/5627 6253/7389/5637
f 6254/7391/5638 6255/7392/5639 6256/7393/5640 6257/7394/5641 6258/7395/5642 6259/7396/5643 6260/7397/5644 6261/7398/5645 6262/7399/5646 6263/7400/5647 6264/7401/5648 6265/7402/5649 6266/7403/5650 6267/7404/5651 6268/7405/5652 6269/7406/5653 6270/7407/5654 6271/7408/5655 6272/7409/5656 6273/7410/5657 6274/7411/5658 6275/7412/5609 6276/7413/5608 6277/7414/5659 6278/7415/5660 6279/7416/5661 6280/7417/5662 6281/7418/5663 6282/7419/5664 6283/7420/5665 6284/7421/5666 6285/7422/5667
f 6230/7364/5614 6231/7365/5615 6263/7423/5647 6262/7424/5646
f 6244/7356/5607 6245/7366/5616 6277/7425/5659 6276/7357/5608
f 6231/7365/5615 6232/7367/5617 6264/7426/5648 6263/7423/5647
f 6245/7366/5616 6246/7368/5618 6278/7427/5660 6277/7425/5659
f 6232/7367/5617 6233/7369/5619 6265/7428/5649 6264/7426/5648
f 6246/7368/5618 6247/7370/5620 6279/7429/5661 6278/7427/5660
f 6233/7369/5619 6234/7371/5621 6266/7430/5650 6265/7428/5649
f 6247/7370/5620 6248/7372/5622 6280/7431/5662 6279/7429/5661
f 6234/7371/5621 6235/7373/5623 6267/7432/5651 6266/7430/5650
f 6248/7372/5622 6249/7374/5624 6281/7433/5663 6280/7431/5662
f 6235/7376/5623 6236/7375/5625 6268/7434/5652 6267/7435/5651
f 6222/7378/5627 6223/7377/5626 6255/7436/5639 6254/7437/5638
f 6249/7374/5624 6250/7379/5628 6282/7438/5664 6281/7433/5663
f 6236/7375/5625 6237/7380/5629 6269/7439/5653 6268/7434/5652
f 6223/7377/5626 6224/7381/5630 6256/7440/5640 6255/7436/5639
f 6250/7379/5628 6251/7382/5631 6283/7441/5665 6282/7438/5664
f 6237/7380/5629 6238/7383/5632 6270/7442/5654 6269/7439/5653
f 6224/7381/5630 6225/7384/5633 6257/7443/5641 6256/7440/5640
f 6251/7386/5631 6252/7385/5634 6284/7444/5666 6283/7445/5665
f 6238/7383/5632 6239/7387/5635 6271/7446/5655 6270/7442/5654
f 6225/7384/5633 6226/7388/5636 6258/7447/5642 6257/7443/5641
f 6252/7385/5634 6253/7389/5637 6285/7448/5667 6284/7444/5666
f 6239/7387/5635 6240/7322/5577 6272/7449/5656 6271/7446/5655
f 6226/7390/5636 6227/7360/5611 6259/7450/5643 6258/7451/5642
f 6253/7389/5637 6222/7378/5627 6254/7437/5638 6285/7448/5667
f 6240/7322/5577 6241/7321/5576 6273/7452/5657 6272/7449/5656
f 6227/7360/5611 6228/7359/5610 6260/7453/5644 6259/7450/5643
f 6241/7321/5576 6242/7361/5612 6274/7454/5658 6273/7452/5657
f 6228/7359/5610 6229/7362/5613 6261/7455/5645 6260/7453/5644
f 6242/7361/5612 6243/7363/5606 6275/7456/5609 6274/7454/5658
f 6229/7362/5613 6230/7364/5614 6262/7424/5646 6261/7455/5645
f 6290/7457/5668 6289/7458/5669 6297/7459/5670 6298/7460/5671
f 6291/7461/5672 6290/7457/5668 6298/7460/5671 6299/7462/5673
f 6292/7463/5674 6291/7461/5672 6299/7462/5673 6300/7464/5675
f 6574/7465/5676 6292/7463/5674 6300/7464/5675 6301/7466/5677
f 6286/7467/5678 6474/7468/5679 6294/7469/5680
f 6293/7470/5681 6574/7465/5676 6301/7466/5677 6302/7471/5682
f 6287/7472/5683 6286/7467/5678 6294/7469/5680 6295/7473/5684
f 6288/7474/5685 6287/7472/5683 6295/7473/5684 6296/7475/5686
f 6289/7458/5669 6288/7476/5685 6296/7477/5686 6297/7459/5670
f 6296/7475/5686 6295/7473/5684 6304/7478/5687 6305/7479/5688
f 6297/7459/5670 6296/7477/5686 6305/7480/5688 6306/7481/5689
f 6298/7460/5671 6297/7459/5670 6306/7481/5689 6307/7482/5690
f 6299/7462/5673 6298/7460/5671 6307/7482/5690 6308/7483/5691
f 6300/7464/5675 6299/7462/5673 6308/7483/5691 6309/7484/5692
f 6301/7466/5677 6300/7464/5675 6309/7484/5692 6310/7485/5693
f 6294/7469/5680 6474/7468/5679 6303/7486/5694
f 6302/7471/5682 6301/7466/5677 6310/7485/5693 6311/7487/5695
f 6295/7473/5684 6294/7469/5680 6303/7486/5694 6304/7478/5687
f 6307/7482/5690 6306/7481/5689 6315/7488/5696 6316/7489/5697
f 6308/7483/5691 6307/7482/5690 6316/7489/5697 6317/7490/5698
f 6309/7484/5692 6308/7483/5691 6317/7490/5698 6318/7491/5699
f 6310/7485/5693 6309/7484/5692 6318/7491/5699 6319/7492/5700
f 6303/7486/5694 6474/7468/5679 6312/7493/5701
f 6311/7487/5695 6310/7485/5693 6319/7492/5700 6320/7494/5702
f 6304/7478/5687 6303/7486/5694 6312/7493/5701 6313/7495/5703
f 6305/7479/5688 6304/7478/5687 6313/7495/5703 6314/7496/5704
f 6306/7481/5689 6305/7480/5688 6314/7497/5704 6315/7488/5696
f 6318/7498/5699 6317/7499/5698 6326/7500/5705 6327/7501/5706
f 6319/7502/5700 6318/7498/5699 6327/7501/5706 6328/7503/5707
f 6312/7493/5701 6474/7468/5679 6321/7504/5708
f 6320/7505/5702 6319/7502/5700 6328/7503/5707 6329/7506/5709
f 6313/7495/5703 6312/7493/5701 6321/7504/5708 6322/7507/5710
f 6314/7496/5704 6313/7495/5703 6322/7507/5710 6323/7508/5711
f 6315/7509/5696 6314/7510/5704 6323/7511/5711 6324/7512/5712
f 6316/7513/5697 6315/7509/5696 6324/7512/5712 6325/7514/5713
f 6317/7499/5698 6316/7513/5697 6325/7514/5713 6326/7500/5705
f 6321/7504/5708 6474/7468/5679 6330/7515/5714
f 6329/7506/5709 6328/7503/5707 6337/7516/5715 6338/7517/5716
f 6322/7507/5710 6321/7504/5708 6330/7515/5714 6331/7518/5717
f 6323/7508/5711 6322/7507/5710 6331/7518/5717 6332/7519/5718
f 6324/7512/5712 6323/7511/5711 6332/7520/5718 6333/7521/5719
f 6325/7514/5713 6324/7512/5712 6333/7521/5719 6334/7522/5720
f 6326/7500/5705 6325/7514/5713 6334/7522/5720 6335/7523/5721
f 6327/7501/5706 6326/7500/5705 6335/7523/5721 6336/7524/5722
f 6328/7503/5707 6327/7501/5706 6336/7524/5722 6337/7516/5715
f 6332/7519/5718 6331/7518/5717 6340/7525/5723 6341/7526/5724
f 6333/7521/5719 6332/7520/5718 6341/7527/5724 6342/7528/5725
f 6334/7522/5720 6333/7521/5719 6342/7528/5725 6343/7529/5726
f 6335/7523/5721 6334/7522/5720 6343/7529/5726 6344/7530/5727
f 6336/7524/5722 6335/7523/5721 6344/7530/5727 6345/7531/5728
f 6337/7516/5715 6336/7524/5722 6345/7531/5728 6346/7532/5729
f 6330/7515/5714 6474/7468/5679 6339/7533/5730
f 6338/7517/5716 6337/7516/5715 6346/7532/5729 6347/7534/5731
f 6331/7518/5717 6330/7515/5714 6339/7533/5730 6340/7525/5723
f 6343/7529/5726 6342/7528/5725 6351/7535/5732 6352/7536/5733
f 6344/7530/5727 6343/7529/5726 6352/7536/5733 6353/7537/5734
f 6345/7531/5728 6344/7530/5727 6353/7537/5734 6354/7538/5735
f 6346/7532/5729 6345/7531/5728 6354/7538/5735 6355/7539/5736
f 6339/7533/5730 6474/7468/5679 6348/7540/5737
f 6347/7534/5731 6346/7532/5729 6355/7539/5736 6356/7541/5738
f 6340/7525/5723 6339/7533/5730 6348/7540/5737 6349/7542/5739
f 6341/7526/5724 6340/7525/5723 6349/7542/5739 6350/7543/5740
f 6342/7528/5725 6341/7527/5724 6350/7544/5740 6351/7535/5732
f 6354/7538/5735 6353/7537/5734 6362/7545/5741 6363/7546/5742
f 6355/7539/5736 6354/7538/5735 6363/7546/5742 6364/7547/5743
f 6348/7540/5737 6474/7468/5679 6357/7548/5744
f 6356/7541/5738 6355/7539/5736 6364/7547/5743 6365/7549/5745
f 6349/7542/5739 6348/7540/5737 6357/7548/5744 6358/7550/5746
f 6350/7543/5740 6349/7542/5739 6358/7550/5746 6359/7551/5747
f 6351/7535/5732 6350/7544/5740 6359/7552/5747 6360/7553/5748
f 6352/7536/5733 6351/7535/5732 6360/7553/5748 6361/7554/5749
f 6353/7537/5734 6352/7536/5733 6361/7554/5749 6362/7545/5741
f 6365/7549/5745 6364/7547/5743 6373/7555/5750 6374/7556/5751
f 6358/7550/5746 6357/7548/5744 6366/7557/5752 6367/7558/5753
f 6359/7551/5747 6358/7550/5746 6367/7558/5753 6368/7559/5754
f 6360/7553/5748 6359/7552/5747 6368/7560/5754 6369/7561/5755
f 6361/7554/5749 6360/7553/5748 6369/7561/5755 6370/7562/5756
f 6362/7545/5741 6361/7554/5749 6370/7562/5756 6371/7563/5757
f 6363/7546/5742 6362/7545/5741 6371/7563/5757 6372/7564/5758
f 6364/7547/5743 6363/7546/5742 6372/7564/5758 6373/7555/5750
f 6357/7548/5744 6474/7468/5679 6366/7557/5752
f 6369/7561/5755 6368/7560/5754 6377/7565/5759 6378/7566/5760
f 6370/7562/5756 6369/7561/5755 6378/7566/5760 6379/7567/5761
f 6371/7563/5757 6370/7562/5756 6379/7567/5761 6380/7568/5762
f 6372/7564/5758 6371/7563/5757 6380/7568/5762 6381/7569/5763
f 6373/7555/5750 6372/7564/5758 6381/7569/5763 6382/7570/5764
f 6366/7557/5752 6474/7468/5679 6375/7571/5765
f 6374/7556/5751 6373/7555/5750 6382/7570/5764 6383/7572/5766
f 6367/7558/5753 6366/7557/5752 6375/7571/5765 6376/7573/5767
f 6368/7559/5754 6367/7558/5753 6376/7573/5767 6377/7574/5759
f 6380/7568/5762 6379/7567/5761 6388/7575/5768 6389/7576/5769
f 6381/7569/5763 6380/7568/5762 6389/7576/5769 6390/7577/5770
f 6382/7570/5764 6381/7569/5763 6390/7577/5770 6391/7578/5771
f 6375/7571/5765 6474/7468/5679 6384/7579/5772
f 6383/7572/5766 6382/7570/5764 6391/7578/5771 6392/7580/5773
f 6376/7573/5767 6375/7571/5765 6384/7579/5772 6385/7581/5774
f 6377/7574/5759 6376/7573/5767 6385/7581/5774 6386/7582/5775
f 6378/7566/5760 6377/7565/5759 6386/7583/5775 6387/7584/5776
f 6379/7567/5761 6378/7566/5760 6387/7584/5776 6388/7575/5768
f 6391/7585/5771 6390/7586/5770 6399/7587/5777 6400/7588/5778
f 6384/7579/5772 6474/7468/5679 6393/7589/5779
f 6392/7590/5773 6391/7585/5771 6400/7588/5778 6401/7591/5780
f 6385/7581/5774 6384/7579/5772 6393/7589/5779 6394/7592/5781
f 6386/7582/5775 6385/7581/5774 6394/7592/5781 6395/7593/5782
f 6387/7594/5776 6386/7595/5775 6395/7596/5782 6396/7597/5783
f 6388/7598/5768 6387/7594/5776 6396/7597/5783 6397/7599/5784
f 6389/7600/5769 6388/7598/5768 6397/7599/5784 6398/7601/5785
f 6390/7586/5770 6389/7600/5769 6398/7601/5785 6399/7587/5777
f 6394/7592/5781 6393/7589/5779 6402/7602/5786 6403/7603/5787
f 6395/7593/5782 6394/7592/5781 6403/7603/5787 6404/7604/5788
f 6396/7597/5783 6395/7596/5782 6404/7605/5788 6405/7606/5789
f 6397/7599/5784 6396/7597/5783 6405/7606/5789 6406/7607/5790
f 6398/7601/5785 6397/7599/5784 6406/7607/5790 6407/7608/5791
f 6399/7587/5777 6398/7601/5785 6407/7608/5791 6408/7609/5792
f 6400/7588/5778 6399/7587/5777 6408/7609/5792 6409/7610/5793
f 6393/7589/5779 6474/7468/5679 6402/7602/5786
f 6401/7591/5780 6400/7588/5778 6409/7610/5793 6410/7611/5794
f 6405/7606/5789 6404/7605/5788 6413/7612/5795 6414/7613/5796
f 6406/7607/5790 6405/7606/5789 6414/7613/5796 6415/7614/5797
f 6407/7608/5791 6406/7607/5790 6415/7614/5797 6416/7615/5798
f 6408/7609/5792 6407/7608/5791 6416/7615/5798 6417/7616/5799
f 6409/7610/5793 6408/7609/5792 6417/7616/5799 6418/7617/5800
f 6402/7602/5786 6474/7468/5679 6411/7618/5801
f 6410/7611/5794 6409/7610/5793 6418/7617/5800 6419/7619/5802
f 6403/7603/5787 6402/7602/5786 6411/7618/5801 6412/7620/5803
f 6404/7604/5788 6403/7603/5787 6412/7620/5803 6413/7621/5795
f 6416/7615/5798 6415/7614/5797 6424/7622/5804 6425/7623/5805
f 6417/7616/5799 6416/7615/5798 6425/7623/5805 6426/7624/5806
f 6418/7617/5800 6417/7616/5799 6426/7624/5806 6427/7625/5807
f 6411/7618/5801 6474/7468/5679 6420/7626/5808
f 6419/7619/5802 6418/7617/5800 6427/7625/5807 6428/7627/5809
f 6412/7620/5803 6411/7618/5801 6420/7626/5808 6421/7628/5810
f 6413/7621/5795 6412/7620/5803 6421/7628/5810 6422/7629/5811
f 6414/7613/5796 6413/7612/5795 6422/7630/5811 6423/7631/5812
f 6415/7614/5797 6414/7613/5796 6423/7631/5812 6424/7622/5804
f 6427/7625/5807 6426/7624/5806 6435/7632/5813 6436/7633/5814
f 6420/7626/5808 6474/7468/5679 6429/7634/5815
f 6428/7627/5809 6427/7625/5807 6436/7633/5814 6437/7635/5816
f 6421/7628/5810 6420/7626/5808 6429/7634/5815 6430/7636/5817
f 6422/7629/5811 6421/7628/5810 6430/7636/5817 6431/7637/5818
f 6423/7631/5812 6422/7630/5811 6431/7638/5818 6432/7639/5819
f 6424/7622/5804 6423/7631/5812 6432/7639/5819 6433/7640/5820
f 6425/7623/5805 6424/7622/5804 6433/7640/5820 6434/7641/5821
f 6426/7624/5806 6425/7623/5805 6434/7641/5821 6435/7632/5813
f 6431/7637/5818 6430/7636/5817 6439/7642/5822 6440/7643/5823
f 6432/7639/5819 6431/7638/5818 6440/7644/5823 6441/7645/5824
f 6433/7640/5820 6432/7639/5819 6441/7645/5824 6442/7646/5825
f 6434/7641/5821 6433/7640/5820 6442/7646/5825 6443/7647/5826
f 6435/7632/5813 6434/7641/5821 6443/7647/5826 6444/7648/5827
f 6436/7633/5814 6435/7632/5813 6444/7648/5827 6445/7649/5828
f 6429/7634/5815 6474/7468/5679 6438/7650/5829
f 6437/7635/5816 6436/7633/5814 6445/7649/5828 6446/7651/5830
f 6430/7636/5817 6429/7634/5815 6438/7650/5829 6439/7642/5822
f 6442/7646/5825 6441/7645/5824 6450/7652/5831 6451/7653/5832
f 6443/7647/5826 6442/7646/5825 6451/7653/5832 6452/7654/5833
f 6444/7648/5827 6443/7647/5826 6452/7654/5833 6453/7655/5834
f 6445/7649/5828 6444/7648/5827 6453/7655/5834 6454/7656/5835
f 6438/7650/5829 6474/7468/5679 6447/7657/5836
f 6446/7651/5830 6445/7649/5828 6454/7656/5835 6455/7658/5837
f 6439/7642/5822 6438/7650/5829 6447/7657/5836 6448/7659/5838
f 6440/7643/5823 6439/7642/5822 6448/7659/5838 6449/7660/5839
f 6441/7645/5824 6440/7644/5823 6449/7661/5839 6450/7652/5831
f 6453/7655/5834 6452/7654/5833 6461/7662/5840 6462/7663/5841
f 6454/7656/5835 6453/7655/5834 6462/7663/5841 6463/7664/5842
f 6447/7657/5836 6474/7468/5679 6456/7665/5843
f 6455/7658/5837 6454/7656/5835 6463/7664/5842 6464/7666/5844
f 6448/7659/5838 6447/7657/5836 6456/7665/5843 6457/7667/5845
f 6449/7660/5839 6448/7659/5838 6457/7667/5845 6458/7668/5846
f 6450/7652/5831 6449/7661/5839 6458/7669/5846 6459/7670/5847
f 6451/7653/5832 6450/7652/5831 6459/7670/5847 6460/7671/5848
f 6452/7654/5833 6451/7653/5832 6460/7671/5848 6461/7662/5840
f 6464/7672/5844 6463/7673/5842 6472/7674/5849 6473/7675/5850
f 6457/7667/5845 6456/7665/5843 6465/7676/5851 6466/7677/5852
f 6458/7668/5846 6457/7667/5845 6466/7677/5852 6467/7678/5853
f 6459/7679/5847 6458/7680/5846 6467/7681/5853 6468/7682/5854
f 6460/7683/5848 6459/7679/5847 6468/7682/5854 6469/7684/5855
f 6461/7685/5840 6460/7683/5848 6469/7684/5855 6470/7686/5856
f 6462/7687/5841 6461/7685/5840 6470/7686/5856 6471/7688/5857
f 6463/7673/5842 6462/7687/5841 6471/7688/5857 6472/7674/5849
f 6456/7665/5843 6474/7468/5679 6465/7676/5851
f 6468/7682/5854 6467/7681/5853 6477/7689/5858 6478/7690/5859
f 6469/7684/5855 6468/7682/5854 6478/7690/5859 6479/7691/5860
f 6470/7686/5856 6469/7684/5855 6479/7691/5860 6480/7692/5861
f 6471/7688/5857 6470/7686/5856 6480/7692/5861 6481/7693/5862
f 6472/7674/5849 6471/7688/5857 6481/7693/5862 6482/7694/5863
f 6465/7676/5851 6474/7468/5679 6475/7695/5864
f 6473/7675/5850 6472/7674/5849 6482/7694/5863 6483/7696/5865
f 6466/7677/5852 6465/7676/5851 6475/7695/5864 6476/7697/5866
f 6467/7678/5853 6466/7677/5852 6476/7697/5866 6477/7698/5858
f 6480/7692/5861 6479/7691/5860 6488/7699/5867 6489/7700/5868
f 6481/7693/5862 6480/7692/5861 6489/7700/5868 6490/7701/5869
f 6482/7694/5863 6481/7693/5862 6490/7701/5869 6491/7702/5870
f 6475/7695/5864 6474/7468/5679 6484/7703/5871
f 6483/7696/5865 6482/7694/5863 6491/7702/5870 6492/7704/5872
f 6476/7697/5866 6475/7695/5864 6484/7703/5871 6485/7705/5873
f 6477/7698/5858 6476/7697/5866 6485/7705/5873 6486/7706/5874
f 6478/7690/5859 6477/7689/5858 6486/7707/5874 6487/7708/5875
f 6479/7691/5860 6478/7690/5859 6487/7708/5875 6488/7699/5867
f 6491/7702/5870 6490/7701/5869 6499/7709/5876 6500/7710/5877
f 6484/7703/5871 6474/7468/5679 6493/7711/5878
f 6492/7704/5872 6491/7702/5870 6500/7710/5877 6501/7712/5879
f 6485/7705/5873 6484/7703/5871 6493/7711/5878 6494/7713/5880
f 6486/7706/5874 6485/7705/5873 6494/7713/5880 6495/7714/5881
f 6487/7708/5875 6486/7707/5874 6495/7715/5881 6496/7716/5882
f 6488/7699/5867 6487/7708/5875 6496/7716/5882 6497/7717/5883
f 6489/7700/5868 6488/7699/5867 6497/7717/5883 6498/7718/5884
f 6490/7701/5869 6489/7700/5868 6498/7718/5884 6499/7709/5876
f 6494/7713/5880 6493/7711/5878 6502/7719/5885 6503/7720/5886
f 6495/7714/5881 6494/7713/5880 6503/7720/5886 6504/7721/5887
f 6496/7716/5882 6495/7715/5881 6504/7722/5887 6505/7723/5888
f 6497/7717/5883 6496/7716/5882 6505/7723/5888 6506/7724/5889
f 6498/7718/5884 6497/7717/5883 6506/7724/5889 6507/7725/5890
f 6499/7709/5876 6498/7718/5884 6507/7725/5890 6508/7726/5891
f 6500/7710/5877 6499/7709/5876 6508/7726/5891 6509/7727/5892
f 6493/7711/5878 6474/7468/5679 6502/7719/5885
f 6501/7712/5879 6500/7710/5877 6509/7727/5892 6510/7728/5893
f 6505/7723/5888 6504/7722/5887 6513/7729/5894 6514/7730/5895
f 6506/7724/5889 6505/7723/5888 6514/7730/5895 6515/7731/5896
f 6507/7725/5890 6506/7724/5889 6515/7731/5896 6516/7732/5897
f 6508/7726/5891 6507/7725/5890 6516/7732/5897 6517/7733/5898
f 6509/7727/5892 6508/7726/5891 6517/7733/5898 6518/7734/5899
f 6502/7719/5885 6474/7468/5679 6511/7735/5900
f 6510/7728/5893 6509/7727/5892 6518/7734/5899 6519/7736/5901
f 6503/7720/5886 6502/7719/5885 6511/7735/5900 6512/7737/5902
f 6504/7721/5887 6503/7720/5886 6512/7737/5902 6513/7738/5894
f 6516/7732/5897 6515/7731/5896 6524/7739/5903 6525/7740/5904
f 6517/7733/5898 6516/7732/5897 6525/7740/5904 6526/7741/5905
f 6518/7734/5899 6517/7733/5898 6526/7741/5905 6527/7742/5906
f 6511/7735/5900 6474/7468/5679 6520/7743/5907
f 6519/7736/5901 6518/7734/5899 6527/7742/5906 6528/7744/5908
f 6512/7737/5902 6511/7735/5900 6520/7743/5907 6521/7745/5909
f 6513/7738/5894 6512/7737/5902 6521/7745/5909 6522/7746/5910
f 6514/7730/5895 6513/7729/5894 6522/7747/5910 6523/7748/5911
f 6515/7731/5896 6514/7730/5895 6523/7748/5911 6524/7739/5903
f 6527/7742/5906 6526/7741/5905 6535/7749/5912 6536/7750/5913
f 6520/7743/5907 6474/7468/5679 6529/7751/5914
f 6528/7744/5908 6527/7742/5906 6536/7750/5913 6537/7752/5915
f 6521/7745/5909 6520/7743/5907 6529/7751/5914 6530/7753/5916
f 6522/7746/5910 6521/7745/5909 6530/7753/5916 6531/7754/5917
f 6523/7748/5911 6522/7747/5910 6531/7755/5917 6532/7756/5918
f 6524/7739/5903 6523/7748/5911 6532/7756/5918 6533/7757/5919
f 6525/7740/5904 6524/7739/5903 6533/7757/5919 6534/7758/5920
f 6526/7741/5905 6525/7740/5904 6534/7758/5920 6535/7749/5912
f 6531/7754/5917 6530/7753/5916 6539/7759/5921 6540/7760/5922
f 6532/7756/5918 6531/7755/5917 6540/7761/5922 6541/7762/5923
f 6533/7757/5919 6532/7756/5918 6541/7762/5923 6542/7763/5924
f 6534/7758/5920 6533/7757/5919 6542/7763/5924 6543/7764/5925
f 6535/7749/5912 6534/7758/5920 6543/7764/5925 6544/7765/5926
f 6536/7750/5913 6535/7749/5912 6544/7765/5926 6545/7766/5927
f 6529/7751/5914 6474/7468/5679 6538/7767/5928
f 6537/7752/5915 6536/7750/5913 6545/7766/5927 6546/7768/5929
f 6530/7753/5916 6529/7751/5914 6538/7767/5928 6539/7759/5921
f 6542/7769/5924 6541/7770/5923 6550/7771/5930 6551/7772/5931
f 6543/7773/5925 6542/7769/5924 6551/7772/5931 6552/7774/5932
f 6544/7775/5926 6543/7773/5925 6552/7774/5932 6553/7776/5933
f 6545/7777/5927 6544/7775/5926 6553/7776/5933 6554/7778/5934
f 6538/7767/5928 6474/7468/5679 6547/7779/5935
f 6546/7780/5929 6545/7777/5927 6554/7778/5934 6555/7781/5936
f 6539/7759/5921 6538/7767/5928 6547/7779/5935 6548/7782/5937
f 6540/7760/5922 6539/7759/5921 6548/7782/5937 6549/7783/5938
f 6541/7770/5923 6540/7784/5922 6549/7785/5938 6550/7771/5930
f 6553/7776/5933 6552/7774/5932 6561/7786/5939 6562/7787/5940
f 6554/7778/5934 6553/7776/5933 6562/7787/5940 6563/7788/5941
f 6547/7779/5935 6474/7468/5679 6556/7789/5942
f 6555/7781/5936 6554/7778/5934 6563/7788/5941 6564/7790/5943
f 6548/7782/5937 6547/7779/5935 6556/7789/5942 6557/7791/5944
f 6549/7783/5938 6548/7782/5937 6557/7791/5944 6558/7792/5945
f 6550/7771/5930 6549/7785/5938 6558/7793/5945 6559/7794/5946
f 6551/7772/5931 6550/7771/5930 6559/7794/5946 6560/7795/5947
f 6552/7774/5932 6551/7772/5931 6560/7795/5947 6561/7786/5939
f 6556/7789/5942 6474/7468/5679 6565/7796/5948
f 6564/7790/5943 6563/7788/5941 6572/7797/5949 6573/7798/5950
f 6557/7791/5944 6556/7789/5942 6565/7796/5948 6566/7799/5951
f 6558/7792/5945 6557/7791/5944 6566/7799/5951 6567/7800/5952
f 6559/7794/5946 6558/7793/5945 6567/7801/5952 6568/7802/5953
f 6560/7795/5947 6559/7794/5946 6568/7802/5953 6569/7803/5954
f 6561/7786/5939 6560/7795/5947 6569/7803/5954 6570/7804/5955
f 6562/7787/5940 6561/7786/5939 6570/7804/5955 6571/7805/5956
f 6563/7788/5941 6562/7787/5940 6571/7805/5956 6572/7797/5949
f 6567/7800/5952 6566/7799/5951 6287/7472/5683 6288/7474/5685
f 6568/7802/5953 6567/7801/5952 6288/7476/5685 6289/7458/5669
f 6569/7803/5954 6568/7802/5953 6289/7458/5669 6290/7457/5668
f 6570/7804/5955 6569/7803/5954 6290/7457/5668 6291/7461/5672
f 6571/7805/5956 6570/7804/5955 6291/7461/5672 6292/7463/5674
f 6572/7797/5949 6571/7805/5956 6292/7463/5674 6574/7465/5676
f 6565/7796/5948 6474/7468/5679 6286/7467/5678
f 6573/7798/5950 6572/7797/5949 6574/7465/5676 6293/7470/5681
f 6566/7799/5951 6565/7796/5948 6286/7467/5678 6287/7472/5683
