# Blender 5.1.2
# www.blender.org
mtllib Slider.mtl
o SM_Playground_05
v 0.040543 1.146240 -0.273189
v -0.266827 1.146240 -0.273189
v -0.266827 1.146240 0.286350
v 0.040543 1.146240 0.286350
v -0.266827 1.122112 -0.273189
v 0.040543 1.122111 -0.273189
v 0.040543 1.122112 0.286350
v -0.266827 1.122112 0.286350
v 0.206329 1.084478 0.286350
v 1.083524 0.136031 0.286350
v 1.083524 0.136031 -0.273188
v 0.206329 1.084477 -0.273189
v 0.206329 1.060349 -0.273189
v 1.083524 0.111903 -0.273188
v 1.083524 0.111903 0.286350
v 0.206329 1.060349 0.286350
v 0.128849 1.129705 0.286350
v 0.128849 1.129704 -0.273189
v 0.128849 1.105576 -0.273189
v 0.128849 1.105577 0.286350
v 1.177306 0.091748 0.286350
v 1.514874 0.041593 0.286350
v 1.514874 0.041593 -0.273188
v 1.177306 0.091747 -0.273188
v 1.177306 0.067619 -0.273188
v 1.514874 0.017465 -0.273188
v 1.514874 0.017466 0.286350
v 1.177306 0.067620 0.286350
v 1.126090 0.106381 0.286350
v 1.126090 0.106381 -0.273188
v 1.126090 0.082252 -0.273188
v 1.126090 0.082253 0.286350
v 0.212274 1.060349 -0.267583
v 1.089469 0.111903 -0.267583
v 1.183251 0.206235 -0.267583
v 0.212274 1.251683 -0.267583
v 0.212274 1.060349 -0.283408
v 0.212274 1.251683 -0.283408
v 1.183251 0.206235 -0.283406
v 1.089469 0.111903 -0.283406
v 0.134794 1.296911 -0.267583
v 0.046488 1.313446 -0.267583
v 0.046488 1.122112 -0.267583
v 0.134794 1.105577 -0.267583
v 0.046488 1.122111 -0.283408
v 0.046488 1.313446 -0.283408
v 0.134794 1.296910 -0.283408
v 0.134794 1.105576 -0.283408
v 1.183251 0.067620 -0.267583
v 1.520819 0.017466 -0.267583
v 1.520819 0.156082 -0.267583
v 1.183251 0.067619 -0.283406
v 1.520819 0.156081 -0.283406
v 1.520819 0.017465 -0.283406
v 1.132035 0.082253 -0.267583
v 1.132035 0.082252 -0.283406
v 0.212274 1.060349 0.301677
v 1.089469 0.111903 0.301677
v 1.183251 0.206235 0.301677
v 0.212274 1.251683 0.301677
v 0.212274 1.060349 0.285854
v 0.212274 1.251683 0.285854
v 1.183251 0.206235 0.285857
v 1.089469 0.111902 0.285857
v 0.134794 1.296911 0.301677
v 0.046488 1.313446 0.301677
v 0.046488 1.122112 0.301677
v 0.134794 1.105577 0.301677
v 0.046488 1.122111 0.285854
v 0.046488 1.313446 0.285854
v 0.134794 1.296910 0.285854
v 0.134794 1.105576 0.285854
v 1.183251 0.067620 0.301677
v 1.520819 0.017466 0.301677
v 1.520819 0.156082 0.301677
v 1.183251 0.067619 0.285857
v 1.520819 0.156081 0.285857
v 1.520819 0.017465 0.285857
v 1.132035 0.082253 0.301677
v 1.132035 0.082252 0.285857
v -0.087079 1.743616 -0.265264
v -0.087079 1.743616 0.284631
v -0.087079 1.726351 0.284631
v -0.087079 1.726351 -0.265264
v -0.104733 1.726351 0.284631
v -0.104733 1.743617 0.284631
v -0.104733 1.743616 -0.265264
v -0.104733 1.726351 -0.265264
v 0.224554 1.095375 -0.290178
v 0.231310 1.097185 -0.283023
v 0.226791 1.080320 -0.283023
v 0.221844 1.085267 -0.290178
v 0.209926 1.075801 -0.283023
v 0.211737 1.082558 -0.290178
v 0.197579 1.088147 -0.283023
v 0.204337 1.089958 -0.290178
v 0.202098 1.105012 -0.283023
v 0.207045 1.100066 -0.290178
v 0.218964 1.109531 -0.283023
v 0.217155 1.102775 -0.290178
v -0.213720 1.166761 -0.302239
v -0.206964 1.168570 -0.295081
v -0.211483 1.151705 -0.295081
v -0.216429 1.156652 -0.302239
v -0.228348 1.147186 -0.295081
v -0.226537 1.153944 -0.302239
v -0.240695 1.159532 -0.295081
v -0.233936 1.161344 -0.302239
v -0.236176 1.176398 -0.295081
v -0.231229 1.171452 -0.302239
v -0.219310 1.180917 -0.295081
v -0.221119 1.174161 -0.302239
v 0.064213 1.123684 -0.260129
v -0.269181 1.123684 -0.260129
v -0.269181 1.123684 -0.296765
v 0.064213 1.123684 -0.296765
v -0.102628 1.830336 -0.296765
v -0.102628 1.830335 -0.260130
v -0.102340 1.830335 -0.260130
v -0.102340 1.830336 -0.296765
v 0.064213 1.584633 -0.260130
v 0.045707 1.721134 -0.260130
v -0.009811 1.803035 -0.260130
v -0.195157 1.803035 -0.260130
v -0.250675 1.721134 -0.260130
v -0.269181 1.584633 -0.260130
v -0.269181 1.584634 -0.296765
v -0.250675 1.721135 -0.296765
v -0.195157 1.803036 -0.296765
v -0.009811 1.803036 -0.296765
v 0.045707 1.721135 -0.296765
v 0.064213 1.584634 -0.296765
v 0.064213 1.123684 0.314951
v -0.269181 1.123684 0.314951
v -0.269181 1.123684 0.278320
v 0.064213 1.123684 0.278320
v -0.102628 1.830336 0.278320
v -0.102628 1.830336 0.314951
v -0.102340 1.830336 0.314951
v -0.102340 1.830336 0.278320
v 0.064213 1.584633 0.314951
v 0.045707 1.721134 0.314951
v -0.009811 1.803035 0.314951
v -0.195157 1.803035 0.314951
v -0.250675 1.721134 0.314951
v -0.269181 1.584633 0.314951
v -0.269181 1.584634 0.278320
v -0.250675 1.721135 0.278320
v -0.195157 1.803036 0.278320
v -0.009811 1.803036 0.278320
v 0.045707 1.721135 0.278320
v 0.064213 1.584634 0.278320
v -0.233934 1.166761 0.319817
v -0.240690 1.168571 0.312663
v -0.236171 1.151705 0.312663
v -0.231224 1.156653 0.319817
v -0.219305 1.147186 0.312663
v -0.221116 1.153944 0.319817
v -0.206959 1.159533 0.312663
v -0.213716 1.161344 0.319817
v -0.211478 1.176398 0.312663
v -0.216425 1.171452 0.319817
v -0.228344 1.180917 0.312663
v -0.226534 1.174161 0.319817
v 0.480499 0.821678 -0.290178
v 0.487255 0.823487 -0.283023
v 0.482736 0.806622 -0.283023
v 0.477789 0.811569 -0.290178
v 0.465870 0.802103 -0.283023
v 0.467682 0.808860 -0.290178
v 0.453524 0.814449 -0.283023
v 0.460282 0.816260 -0.290178
v 0.458043 0.831315 -0.283023
v 0.462989 0.826369 -0.290178
v 0.474908 0.835832 -0.283023
v 0.473099 0.829077 -0.290178
v 0.948634 0.309783 -0.290178
v 0.955389 0.311592 -0.283022
v 0.950870 0.294727 -0.283022
v 0.945926 0.299674 -0.290178
v 0.934005 0.290208 -0.283022
v 0.935817 0.296966 -0.290178
v 0.921659 0.302554 -0.283022
v 0.928417 0.304366 -0.290178
v 0.926178 0.319420 -0.283022
v 0.931127 0.314474 -0.290178
v 0.943043 0.323938 -0.283022
v 0.941234 0.317183 -0.290178
v 0.204335 1.095375 0.307712
v 0.197579 1.097185 0.300554
v 0.202098 1.080320 0.300554
v 0.207045 1.085267 0.307712
v 0.218964 1.075801 0.300554
v 0.217152 1.082558 0.307712
v 0.231310 1.088147 0.300554
v 0.224552 1.089958 0.307712
v 0.226791 1.105012 0.300554
v 0.221844 1.100066 0.307712
v 0.209926 1.109531 0.300554
v 0.211735 1.102775 0.307712
v 0.460284 0.821678 0.307712
v 0.453529 0.823487 0.300554
v 0.458048 0.806622 0.300554
v 0.462992 0.811569 0.307712
v 0.474913 0.802103 0.300554
v 0.473102 0.808860 0.307712
v 0.487259 0.814449 0.300554
v 0.480502 0.816260 0.307712
v 0.482740 0.831315 0.300554
v 0.477792 0.826369 0.307712
v 0.465875 0.835832 0.300554
v 0.467684 0.829077 0.307712
v 0.928419 0.309783 0.307712
v 0.921664 0.311592 0.300554
v 0.926180 0.294727 0.300554
v 0.931127 0.299674 0.307712
v 0.943048 0.290208 0.300554
v 0.941237 0.296966 0.307712
v 0.955394 0.302554 0.300554
v 0.948636 0.304366 0.307712
v 0.950873 0.319420 0.300554
v 0.945926 0.314474 0.307712
v 0.934008 0.323938 0.300554
v 0.935819 0.317183 0.307712
v 1.197079 0.111105 -0.290178
v 1.203834 0.112915 -0.283022
v 1.199315 0.096050 -0.283022
v 1.194369 0.100997 -0.290178
v 1.182450 0.091531 -0.283022
v 1.184261 0.098288 -0.290178
v 1.170104 0.103877 -0.283022
v 1.176862 0.105688 -0.290178
v 1.174623 0.120742 -0.283022
v 1.179572 0.115796 -0.290178
v 1.191488 0.125261 -0.283022
v 1.189679 0.118505 -0.290178
v 1.176859 0.111105 0.307712
v 1.170101 0.112915 0.300554
v 1.174620 0.096050 0.300554
v 1.179567 0.100997 0.307712
v 1.191486 0.091531 0.300554
v 1.189676 0.098288 0.307712
v 1.203832 0.103877 0.300554
v 1.197074 0.105688 0.307712
v 1.199313 0.120742 0.300554
v 1.194366 0.115796 0.307712
v 1.182447 0.125261 0.300554
v 1.184259 0.118505 0.307712
v -1.519468 0.046679 0.315289
v -1.517625 -0.002783 0.315294
v -0.316985 1.124519 0.315277
v -0.316901 1.174845 0.315297
v -1.519468 0.046679 0.273635
v -0.316901 1.174846 0.273618
v -0.316985 1.124519 0.273663
v -1.517625 -0.002783 0.273625
v -1.519468 0.046679 -0.262810
v -1.517625 -0.002782 -0.262804
v -0.316985 1.124519 -0.262827
v -0.316901 1.174846 -0.262800
v -1.519468 0.046679 -0.304464
v -0.316901 1.174846 -0.304487
v -0.316985 1.124519 -0.304423
v -1.517625 -0.002782 -0.304478
v -1.520819 0.720499 0.318660
v -1.520819 -0.003211 0.318660
v -1.507938 -0.003211 0.318660
v -1.507938 0.720499 0.318660
v -1.507938 -0.003211 0.273594
v -1.520819 -0.003211 0.273594
v -1.520819 0.720500 0.273594
v -1.507938 0.720500 0.273594
v -1.519468 0.717993 0.316194
v -1.517625 0.668531 0.316195
v -0.316985 1.797839 0.316186
v -0.316901 1.848164 0.316195
v -1.519468 0.717994 0.274542
v -0.316901 1.848165 0.274537
v -0.316985 1.797839 0.274545
v -1.517625 0.668531 0.274540
v -1.519468 0.716802 -0.263328
v -1.517625 0.667340 -0.263325
v -0.316985 1.797839 -0.263338
v -0.316901 1.848165 -0.263327
v -1.519468 0.716803 -0.304984
v -0.316901 1.848165 -0.304990
v -0.316985 1.797839 -0.304979
v -1.517625 0.667340 -0.304987
v -1.520819 0.720500 -0.261116
v -1.520819 -0.003212 -0.261116
v -1.507938 -0.003212 -0.261116
v -1.507938 0.720500 -0.261116
v -1.507938 -0.003212 -0.306182
v -1.520819 -0.003212 -0.306182
v -1.520819 0.720500 -0.306182
v -1.507938 0.720500 -0.306182
v -1.307202 0.180869 0.281702
v -1.432501 0.180869 0.281702
v -1.432501 0.153473 0.281702
v -1.307202 0.153473 0.281702
v -1.432501 0.153473 -0.270146
v -1.432501 0.180869 -0.270146
v -1.307202 0.180869 -0.270146
v -1.307202 0.153473 -0.270146
v -1.104851 0.377838 0.281702
v -1.230150 0.377838 0.281702
v -1.230150 0.350442 0.281702
v -1.104851 0.350442 0.281702
v -1.230150 0.350442 -0.270147
v -1.230150 0.377838 -0.270147
v -1.104851 0.377838 -0.270147
v -1.104851 0.350442 -0.270147
v -0.898536 0.558486 0.281702
v -1.023834 0.558486 0.281702
v -1.023834 0.531090 0.281702
v -0.898536 0.531089 0.281702
v -1.023834 0.531089 -0.270147
v -1.023834 0.558486 -0.270147
v -0.898536 0.558485 -0.270147
v -0.898536 0.531089 -0.270147
v -0.697234 0.748466 0.281702
v -0.822531 0.748466 0.281702
v -0.822531 0.721068 0.281702
v -0.697234 0.721068 0.281702
v -0.822531 0.721068 -0.270147
v -0.822531 0.748466 -0.270147
v -0.697234 0.748465 -0.270147
v -0.697234 0.721068 -0.270147
v -0.504001 0.931525 0.281702
v -0.629299 0.931525 0.281702
v -0.629299 0.904129 0.281702
v -0.504001 0.904129 0.281702
v -0.629299 0.904129 -0.270147
v -0.629299 0.931525 -0.270147
v -0.504001 0.931525 -0.270147
v -0.504001 0.904129 -0.270147
v -1.510221 0.475528 -0.263312
v -1.508378 0.426065 -0.263304
v -0.307735 1.553367 -0.263331
v -0.307651 1.603693 -0.263300
v -1.510219 0.475528 -0.304967
v -0.307651 1.603693 -0.304990
v -0.307735 1.553367 -0.304926
v -1.508378 0.426065 -0.304980
v -1.511656 0.275048 -0.263312
v -1.509815 0.225585 -0.263304
v -0.309173 1.352887 -0.263331
v -0.309089 1.403213 -0.263300
v -1.511656 0.275048 -0.304967
v -0.309089 1.403213 -0.304990
v -0.309173 1.352887 -0.304926
v -1.509813 0.225585 -0.304980
v -0.530607 1.517947 -0.328328
v -0.535092 1.517947 -0.328328
v -0.535092 1.517947 -0.303350
v -0.530607 1.517947 -0.303350
v -0.535092 1.050015 -0.315835
v -0.530607 1.050015 -0.315835
v -0.530607 1.050015 -0.303347
v -0.535092 1.050015 -0.303347
v -0.535092 1.050015 -0.328328
v -0.586366 1.063241 -0.328328
v -0.617130 1.102919 -0.328328
v -0.627386 1.169048 -0.328328
v -0.627386 1.398914 -0.328328
v -0.617130 1.465044 -0.328328
v -0.586366 1.504721 -0.328328
v -0.479330 1.504721 -0.328328
v -0.448566 1.465044 -0.328328
v -0.438312 1.398914 -0.328328
v -0.438312 1.169048 -0.328328
v -0.448566 1.102919 -0.328328
v -0.479330 1.063241 -0.328328
v -0.530607 1.050015 -0.328328
v -0.479330 1.063241 -0.303347
v -0.448566 1.102919 -0.303347
v -0.438312 1.169048 -0.303347
v -0.438312 1.398914 -0.303350
v -0.448566 1.465044 -0.303350
v -0.479330 1.504721 -0.303350
v -0.586366 1.504721 -0.303350
v -0.617130 1.465044 -0.303350
v -0.627386 1.398914 -0.303350
v -0.627386 1.169048 -0.303347
v -0.617130 1.102919 -0.303347
v -0.586366 1.063241 -0.303347
v -0.803460 1.261179 -0.328328
v -0.807946 1.261179 -0.328328
v -0.807946 1.261179 -0.303350
v -0.803460 1.261179 -0.303350
v -0.807946 0.793247 -0.315835
v -0.803460 0.793247 -0.315835
v -0.803460 0.793247 -0.303347
v -0.807946 0.793247 -0.303347
v -0.807946 0.793247 -0.328328
v -0.859219 0.806473 -0.328328
v -0.889983 0.846151 -0.328328
v -0.900240 0.912280 -0.328328
v -0.900240 1.142146 -0.328328
v -0.889983 1.208275 -0.328328
v -0.859219 1.247953 -0.328328
v -0.752186 1.247953 -0.328328
v -0.721419 1.208275 -0.328328
v -0.711165 1.142146 -0.328328
v -0.711165 0.912280 -0.328328
v -0.721419 0.846151 -0.328328
v -0.752186 0.806473 -0.328328
v -0.803460 0.793247 -0.328328
v -0.752186 0.806473 -0.303347
v -0.721419 0.846151 -0.303347
v -0.711165 0.912280 -0.303347
v -0.711165 1.142146 -0.303350
v -0.721419 1.208275 -0.303350
v -0.752186 1.247953 -0.303350
v -0.859219 1.247953 -0.303350
v -0.889983 1.208275 -0.303350
v -0.900240 1.142146 -0.303350
v -0.900240 0.912280 -0.303347
v -0.889983 0.846151 -0.303347
v -0.859219 0.806473 -0.303347
v -1.062816 1.018400 -0.328328
v -1.067300 1.018400 -0.328328
v -1.067300 1.018400 -0.303350
v -1.062816 1.018400 -0.303350
v -1.067300 0.550468 -0.315835
v -1.062816 0.550468 -0.315835
v -1.062816 0.550468 -0.303347
v -1.067300 0.550468 -0.303347
v -1.067300 0.550468 -0.328328
v -1.118575 0.563693 -0.328328
v -1.149340 0.603371 -0.328328
v -1.159596 0.669501 -0.328328
v -1.159596 0.899367 -0.328328
v -1.149340 0.965496 -0.328328
v -1.118575 1.005174 -0.328328
v -1.011542 1.005174 -0.328328
v -0.980775 0.965496 -0.328328
v -0.970521 0.899367 -0.328328
v -0.970521 0.669501 -0.328328
v -0.980775 0.603371 -0.328328
v -1.011542 0.563693 -0.328328
v -1.062816 0.550468 -0.328328
v -1.011542 0.563693 -0.303347
v -0.980775 0.603371 -0.303347
v -0.970521 0.669501 -0.303347
v -0.970521 0.899367 -0.303350
v -0.980775 0.965496 -0.303350
v -1.011542 1.005174 -0.303350
v -1.118575 1.005174 -0.303350
v -1.149340 0.965496 -0.303350
v -1.159596 0.899367 -0.303350
v -1.159596 0.669501 -0.303347
v -1.149340 0.603371 -0.303347
v -1.118575 0.563693 -0.303347
v -1.330712 0.769062 -0.328328
v -1.335196 0.769062 -0.328328
v -1.335196 0.769062 -0.303350
v -1.330712 0.769062 -0.303350
v -1.335196 0.301130 -0.315835
v -1.330712 0.301130 -0.315835
v -1.330712 0.301130 -0.303347
v -1.335196 0.301130 -0.303347
v -1.335196 0.301130 -0.328328
v -1.386470 0.314355 -0.328328
v -1.417238 0.354033 -0.328328
v -1.427490 0.420163 -0.328328
v -1.427490 0.650029 -0.328328
v -1.417238 0.716157 -0.328328
v -1.386470 0.755835 -0.328328
v -1.279437 0.755835 -0.328328
v -1.248671 0.716157 -0.328328
v -1.238417 0.650029 -0.328328
v -1.238417 0.420163 -0.328328
v -1.248671 0.354033 -0.328328
v -1.279437 0.314355 -0.328328
v -1.330712 0.301130 -0.328328
v -1.279437 0.314355 -0.303347
v -1.248671 0.354033 -0.303347
v -1.238417 0.420163 -0.303347
v -1.238417 0.650029 -0.303350
v -1.248671 0.716157 -0.303350
v -1.279437 0.755835 -0.303350
v -1.386470 0.755835 -0.303350
v -1.417238 0.716157 -0.303350
v -1.427490 0.650029 -0.303350
v -1.427490 0.420163 -0.303347
v -1.417238 0.354033 -0.303347
v -1.386470 0.314355 -0.303347
v -1.510221 0.475528 0.312624
v -1.508378 0.426065 0.312624
v -0.307735 1.553367 0.312624
v -0.307651 1.603693 0.312624
v -1.510219 0.475528 0.270968
v -0.307651 1.603693 0.270968
v -0.307735 1.553367 0.270968
v -1.508378 0.426065 0.270968
v -1.511656 0.275048 0.312624
v -1.509815 0.225585 0.312624
v -0.309173 1.352887 0.312624
v -0.309089 1.403213 0.312624
v -1.511656 0.275048 0.270968
v -0.309089 1.403213 0.270968
v -0.309173 1.352887 0.270968
v -1.509813 0.225585 0.270968
v -0.530607 1.520841 0.303811
v -0.535092 1.520841 0.303811
v -0.535092 1.520841 0.328794
v -0.530607 1.520841 0.328794
v -0.535092 1.052909 0.316306
v -0.530607 1.052909 0.316306
v -0.530607 1.052909 0.328794
v -0.535092 1.052909 0.328794
v -0.535092 1.052909 0.303813
v -0.586366 1.066135 0.303813
v -0.617130 1.105812 0.303813
v -0.627386 1.171942 0.303813
v -0.627386 1.401808 0.303811
v -0.617130 1.467937 0.303811
v -0.586366 1.507615 0.303811
v -0.479330 1.507615 0.303811
v -0.448566 1.467937 0.303811
v -0.438312 1.401808 0.303811
v -0.438312 1.171942 0.303813
v -0.448566 1.105812 0.303813
v -0.479330 1.066135 0.303813
v -0.530607 1.052909 0.303813
v -0.479330 1.066135 0.328794
v -0.448566 1.105812 0.328794
v -0.438312 1.171942 0.328794
v -0.438312 1.401808 0.328794
v -0.448566 1.467937 0.328794
v -0.479330 1.507615 0.328794
v -0.586366 1.507615 0.328794
v -0.617130 1.467937 0.328794
v -0.627386 1.401808 0.328794
v -0.627386 1.171942 0.328794
v -0.617130 1.105812 0.328794
v -0.586366 1.066135 0.328794
v -0.803460 1.264073 0.303811
v -0.807946 1.264073 0.303811
v -0.807946 1.264073 0.328794
v -0.803460 1.264073 0.328794
v -0.807946 0.796141 0.316306
v -0.803460 0.796141 0.316306
v -0.803460 0.796141 0.328794
v -0.807946 0.796141 0.328794
v -0.807946 0.796141 0.303813
v -0.859219 0.809366 0.303813
v -0.889983 0.849044 0.303813
v -0.900240 0.915174 0.303813
v -0.900240 1.145040 0.303811
v -0.889983 1.211169 0.303811
v -0.859219 1.250847 0.303811
v -0.752186 1.250847 0.303811
v -0.721419 1.211169 0.303811
v -0.711165 1.145040 0.303811
v -0.711165 0.915174 0.303813
v -0.721419 0.849044 0.303813
v -0.752186 0.809366 0.303813
v -0.803460 0.796141 0.303813
v -0.752186 0.809366 0.328794
v -0.721419 0.849044 0.328794
v -0.711165 0.915174 0.328794
v -0.711165 1.145040 0.328794
v -0.721419 1.211169 0.328794
v -0.752186 1.250847 0.328794
v -0.859219 1.250847 0.328794
v -0.889983 1.211169 0.328794
v -0.900240 1.145040 0.328794
v -0.900240 0.915174 0.328794
v -0.889983 0.849044 0.328794
v -0.859219 0.809366 0.328794
v -1.062816 1.021294 0.303811
v -1.067300 1.021294 0.303811
v -1.067300 1.021294 0.328794
v -1.062816 1.021294 0.328794
v -1.067300 0.553361 0.316306
v -1.062816 0.553361 0.316306
v -1.062816 0.553361 0.328794
v -1.067300 0.553361 0.328794
v -1.067300 0.553361 0.303813
v -1.118575 0.566587 0.303813
v -1.149340 0.606265 0.303813
v -1.159596 0.672395 0.303813
v -1.159596 0.902260 0.303811
v -1.149340 0.968390 0.303811
v -1.118575 1.008068 0.303811
v -1.011542 1.008068 0.303811
v -0.980775 0.968390 0.303811
v -0.970521 0.902260 0.303811
v -0.970521 0.672395 0.303813
v -0.980775 0.606265 0.303813
v -1.011542 0.566587 0.303813
v -1.062816 0.553361 0.303813
v -1.011542 0.566587 0.328794
v -0.980775 0.606265 0.328794
v -0.970521 0.672395 0.328794
v -0.970521 0.902260 0.328794
v -0.980775 0.968390 0.328794
v -1.011542 1.008068 0.328794
v -1.118575 1.008068 0.328794
v -1.149340 0.968390 0.328794
v -1.159596 0.902260 0.328794
v -1.159596 0.672395 0.328794
v -1.149340 0.606265 0.328794
v -1.118575 0.566587 0.328794
v -1.330712 0.771956 0.303811
v -1.335196 0.771956 0.303811
v -1.335196 0.771956 0.328794
v -1.330712 0.771956 0.328794
v -1.335196 0.304023 0.316306
v -1.330712 0.304023 0.316306
v -1.330712 0.304023 0.328794
v -1.335196 0.304023 0.328794
v -1.335196 0.304023 0.303813
v -1.386470 0.317248 0.303813
v -1.417238 0.356927 0.303813
v -1.427490 0.423057 0.303813
v -1.427490 0.652923 0.303811
v -1.417238 0.719052 0.303811
v -1.386470 0.758730 0.303811
v -1.279437 0.758730 0.303811
v -1.248671 0.719052 0.303811
v -1.238417 0.652923 0.303811
v -1.238417 0.423057 0.303813
v -1.248671 0.356927 0.303813
v -1.279437 0.317248 0.303813
v -1.330712 0.304023 0.303813
v -1.279437 0.317248 0.328794
v -1.248671 0.356927 0.328794
v -1.238417 0.423057 0.328794
v -1.238417 0.652923 0.328794
v -1.248671 0.719052 0.328794
v -1.279437 0.758730 0.328794
v -1.386470 0.758730 0.328794
v -1.417238 0.719052 0.328794
v -1.427490 0.652923 0.328794
v -1.427490 0.423057 0.328794
v -1.417238 0.356927 0.328794
v -1.386470 0.317248 0.328794
v -1.322330 0.422536 -0.334722
v -1.315574 0.424346 -0.327563
v -1.320093 0.407479 -0.327563
v -1.325038 0.412427 -0.334722
v -1.336959 0.402961 -0.327563
v -1.335147 0.409718 -0.334722
v -1.349305 0.415308 -0.327563
v -1.342548 0.417118 -0.334722
v -1.344785 0.432173 -0.327563
v -1.339838 0.427227 -0.334722
v -1.327921 0.436692 -0.327563
v -1.329730 0.429936 -0.334722
v -1.322330 0.621787 -0.334722
v -1.315574 0.623597 -0.327564
v -1.320093 0.606732 -0.327564
v -1.325038 0.611679 -0.334722
v -1.336959 0.602214 -0.327564
v -1.335147 0.608971 -0.334722
v -1.349305 0.614560 -0.327564
v -1.342548 0.616371 -0.334722
v -1.344785 0.631425 -0.327564
v -1.339838 0.626479 -0.334722
v -1.327921 0.635944 -0.327564
v -1.329730 0.629188 -0.334722
v -1.054508 0.671245 -0.334722
v -1.047752 0.673055 -0.327564
v -1.052271 0.656190 -0.327564
v -1.057216 0.661137 -0.334722
v -1.069136 0.651672 -0.327564
v -1.067325 0.658429 -0.334722
v -1.081483 0.664017 -0.327564
v -1.074725 0.665829 -0.334722
v -1.076963 0.680882 -0.327564
v -1.072014 0.675937 -0.334722
v -1.060098 0.685402 -0.327564
v -1.061908 0.678646 -0.334722
v -1.054508 0.870498 -0.334722
v -1.047752 0.872308 -0.327564
v -1.052271 0.855443 -0.327564
v -1.057216 0.860390 -0.334722
v -1.069136 0.850924 -0.327564
v -1.067325 0.857682 -0.334722
v -1.081483 0.863270 -0.327564
v -1.074725 0.865081 -0.334722
v -1.076963 0.880135 -0.327564
v -1.072014 0.875190 -0.334722
v -1.060098 0.884655 -0.327564
v -1.061908 0.877898 -0.334722
v -0.792438 0.923234 -0.334722
v -0.785681 0.925042 -0.327564
v -0.790200 0.908178 -0.327564
v -0.795147 0.913125 -0.334722
v -0.807067 0.903659 -0.327564
v -0.805255 0.910417 -0.334722
v -0.819412 0.916005 -0.327564
v -0.812654 0.917816 -0.334722
v -0.814893 0.932871 -0.327564
v -0.809947 0.927925 -0.334722
v -0.798029 0.937389 -0.327564
v -0.799839 0.930634 -0.334722
v -0.792438 1.122486 -0.334722
v -0.785681 1.124296 -0.327564
v -0.790200 1.107431 -0.327564
v -0.795147 1.112378 -0.334722
v -0.807067 1.102911 -0.327564
v -0.805255 1.109669 -0.334722
v -0.819412 1.115258 -0.327564
v -0.812654 1.117069 -0.334722
v -0.814893 1.132123 -0.327564
v -0.809947 1.127177 -0.334722
v -0.798029 1.136642 -0.327564
v -0.799839 1.129886 -0.334722
v -0.520992 1.176350 -0.334722
v -0.514237 1.178160 -0.327564
v -0.518756 1.161295 -0.327564
v -0.523699 1.166242 -0.334722
v -0.535621 1.156776 -0.327564
v -0.533810 1.163534 -0.334722
v -0.547967 1.169122 -0.327564
v -0.541210 1.170933 -0.334722
v -0.543449 1.185987 -0.327564
v -0.538500 1.181042 -0.334722
v -0.526583 1.190506 -0.327564
v -0.528392 1.183750 -0.334722
v -0.520992 1.375603 -0.334722
v -0.514237 1.377412 -0.327564
v -0.518756 1.360547 -0.327564
v -0.523699 1.365494 -0.334722
v -0.535621 1.356028 -0.327564
v -0.533810 1.362786 -0.334722
v -0.547967 1.368374 -0.327564
v -0.541210 1.370186 -0.334722
v -0.543449 1.385240 -0.327564
v -0.538500 1.380294 -0.334722
v -0.526583 1.389759 -0.327564
v -0.528392 1.383003 -0.334722
v -0.812657 0.923234 0.334722
v -0.819412 0.925042 0.327568
v -0.814893 0.908178 0.327568
v -0.809947 0.913125 0.334722
v -0.798029 0.903659 0.327568
v -0.799839 0.910417 0.334722
v -0.785681 0.916005 0.327568
v -0.792440 0.917816 0.334722
v -0.790200 0.932871 0.327568
v -0.795147 0.927925 0.334722
v -0.807067 0.937389 0.327568
v -0.805255 0.930634 0.334722
v -0.812657 1.122486 0.334722
v -0.819412 1.124296 0.327568
v -0.814893 1.107431 0.327568
v -0.809947 1.112378 0.334722
v -0.798029 1.102911 0.327568
v -0.799839 1.109669 0.334722
v -0.785681 1.115258 0.327568
v -0.792440 1.117069 0.334722
v -0.790200 1.132123 0.327568
v -0.795147 1.127177 0.334722
v -0.807067 1.136642 0.327568
v -0.805255 1.129886 0.334722
v -0.537443 1.184797 0.334722
v -0.544200 1.186606 0.327568
v -0.539681 1.169741 0.327568
v -0.534735 1.174688 0.334722
v -0.522816 1.165222 0.327568
v -0.524625 1.171980 0.334722
v -0.510470 1.177568 0.327568
v -0.517228 1.179379 0.334722
v -0.514989 1.194433 0.327568
v -0.519935 1.189488 0.334722
v -0.531854 1.198953 0.327568
v -0.530043 1.192196 0.334722
v -0.537443 1.384049 0.334722
v -0.544200 1.385859 0.327568
v -0.539681 1.368993 0.327568
v -0.534735 1.373940 0.334722
v -0.522816 1.364475 0.327568
v -0.524625 1.371232 0.334722
v -0.510470 1.376821 0.327568
v -0.517228 1.378632 0.334722
v -0.514989 1.393686 0.327568
v -0.519935 1.388740 0.334722
v -0.531854 1.398205 0.327568
v -0.530043 1.391449 0.334722
v -1.346386 0.427313 0.334722
v -1.353141 0.429121 0.327568
v -1.348621 0.412257 0.327568
v -1.343675 0.417203 0.334722
v -1.331757 0.407738 0.327568
v -1.333568 0.414496 0.334722
v -1.319409 0.420084 0.327568
v -1.326168 0.421895 0.334722
v -1.323928 0.436950 0.327568
v -1.328875 0.432004 0.334722
v -1.340795 0.441468 0.327568
v -1.338983 0.434712 0.334722
v -1.346386 0.621718 0.334722
v -1.353141 0.623527 0.327568
v -1.348621 0.606662 0.327568
v -1.343675 0.611609 0.334722
v -1.331757 0.602143 0.327568
v -1.333568 0.608900 0.334722
v -1.319409 0.614490 0.327568
v -1.326168 0.616301 0.334722
v -1.323928 0.631355 0.327568
v -1.328875 0.626410 0.334722
v -1.340795 0.635874 0.327568
v -1.338983 0.629117 0.334722
v -1.071171 0.681117 0.334722
v -1.077928 0.682927 0.327568
v -1.073409 0.666062 0.327568
v -1.068463 0.671008 0.334722
v -1.056544 0.661543 0.327568
v -1.058353 0.668300 0.334722
v -1.044197 0.673889 0.327568
v -1.050956 0.675700 0.334722
v -1.048716 0.690753 0.327568
v -1.053662 0.685809 0.334722
v -1.065582 0.695272 0.327568
v -1.063771 0.688517 0.334722
v -1.071171 0.880369 0.334722
v -1.077928 0.882179 0.327568
v -1.073409 0.865314 0.327568
v -1.068463 0.870261 0.334722
v -1.056544 0.860795 0.327568
v -1.058353 0.867552 0.334722
v -1.044197 0.873141 0.327568
v -1.050956 0.874952 0.334722
v -1.048716 0.890005 0.327568
v -1.053662 0.885061 0.334722
v -1.065582 0.894525 0.327568
v -1.063771 0.887769 0.334722
v -0.269269 1.866315 -0.307287
v -0.318910 1.866315 -0.307287
v -0.318910 1.866315 -0.252665
v -0.269269 1.866315 -0.252665
v -0.269269 0.000003 -0.307286
v -0.318910 0.000003 -0.307286
v -0.318910 0.000003 -0.252665
v -0.269269 0.000003 -0.252665
v -0.269269 1.866315 0.268548
v -0.318910 1.866315 0.268548
v -0.318910 1.866315 0.323170
v -0.269269 1.866315 0.323170
v -0.269269 0.000003 0.268549
v -0.318910 0.000003 0.268549
v -0.318910 0.000003 0.323170
v -0.269269 0.000003 0.323170
v 0.018157 1.126993 -0.267976
v 0.067798 1.126993 -0.267976
v 0.067798 0.000003 -0.267976
v 0.018157 0.000003 -0.267976
v 0.018157 1.126993 -0.213355
v 0.018157 0.000003 -0.213354
v 0.067798 1.126993 -0.213355
v 0.067798 0.000003 -0.213354
v 0.018157 1.126993 0.224125
v 0.067798 1.126993 0.224125
v 0.067798 0.000003 0.224125
v 0.018157 0.000003 0.224125
v 0.018157 1.126993 0.278746
v 0.018157 0.000003 0.278746
v 0.067798 1.126993 0.278746
v 0.067798 0.000003 0.278746
v -0.319754 1.100861 0.281702
v -0.445053 1.100861 0.281702
v -0.445053 1.073465 0.281702
v -0.319754 1.073465 0.281702
v -0.445053 1.073465 -0.270147
v -0.445053 1.100861 -0.270147
v -0.319754 1.100861 -0.270147
v -0.319754 1.073464 -0.270147
vn 0.0924 0.9957 -0.0000
vn -0.0000 1.0000 -0.0000
vn -0.0000 -1.0000 -0.0000
vn -0.0924 -0.9957 -0.0000
vn 0.6260 0.7798 -0.0000
vn 0.6567 0.7542 -0.0000
vn -0.6260 -0.7798 -0.0000
vn -0.6567 -0.7542 -0.0000
vn 0.3492 0.9370 -0.0000
vn -0.3492 -0.9370 -0.0000
vn 0.2113 0.9774 -0.0000
vn 0.1470 0.9891 -0.0000
vn -0.2113 -0.9774 -0.0000
vn -0.1470 -0.9891 -0.0000
vn 0.4290 0.9033 -0.0000
vn -0.4290 -0.9033 -0.0000
vn -0.0000 -0.0000 1.0000
vn -0.0000 -0.0000 -1.0000
vn 0.7327 0.6805 -0.0000
vn -0.7341 -0.6790 -0.0000
vn 0.1840 0.9829 -0.0001
vn 0.1841 0.9829 -0.0000
vn -0.1840 -0.9829 0.0001
vn 0.5041 0.8636 -0.0001
vn 0.5041 0.8636 -0.0000
vn -0.5041 -0.8636 0.0001
vn -0.5041 -0.8636 -0.0000
vn 0.1470 0.9891 -0.0001
vn -0.1470 -0.9891 0.0001
vn -0.5716 -0.8205 -0.0000
vn -0.5716 -0.8206 -0.0000
vn -0.2747 -0.9615 0.0001
vn 1.0000 -0.0000 -0.0000
vn 0.1841 0.9829 -0.0001
vn -0.5716 -0.8206 0.0001
vn -1.0000 -0.0000 -0.0000
vn 0.7372 -0.1976 -0.6462
vn 0.7372 -0.1977 -0.6461
vn 0.7372 -0.1976 -0.6461
vn 0.7372 -0.1975 -0.6462
vn 0.1976 -0.7372 -0.6462
vn 0.1975 -0.7372 -0.6461
vn 0.1975 -0.7372 -0.6462
vn 0.1976 -0.7371 -0.6462
vn -0.5396 -0.5397 -0.6462
vn -0.5397 -0.5397 -0.6462
vn -0.7372 0.1975 -0.6462
vn -0.1975 0.7372 -0.6461
vn -0.1976 0.7372 -0.6461
vn 0.5398 0.5397 -0.6460
vn 0.5397 0.5397 -0.6461
vn 0.7373 -0.1976 -0.6460
vn 0.1975 -0.7373 -0.6460
vn 0.1976 -0.7373 -0.6461
vn 0.1975 -0.7373 -0.6461
vn -0.5397 -0.5397 -0.6461
vn -0.7373 0.1975 -0.6461
vn -0.7373 0.1976 -0.6460
vn -0.7373 0.1975 -0.6460
vn -0.1976 0.7373 -0.6460
vn 0.5398 0.5398 -0.6459
vn 0.5399 0.5398 -0.6459
vn -0.2830 0.9591 -0.0000
vn 0.2830 0.9591 -0.0000
vn -0.8277 0.5611 -0.0000
vn -0.9909 0.1343 -0.0000
vn 0.8277 0.5611 -0.0000
vn 0.9909 0.1343 -0.0000
vn -0.7371 -0.1975 0.6463
vn -0.7371 -0.1976 0.6462
vn -0.7371 -0.1976 0.6463
vn -0.1975 -0.7370 0.6464
vn -0.1975 -0.7371 0.6463
vn -0.1975 -0.7370 0.6463
vn 0.5396 -0.5395 0.6464
vn 0.5396 -0.5395 0.6463
vn 0.5395 -0.5395 0.6464
vn 0.7371 0.1975 0.6463
vn 0.1975 0.7371 0.6462
vn 0.1975 0.7371 0.6463
vn -0.5396 0.5396 0.6462
vn -0.5396 -0.5396 -0.6462
vn -0.7372 0.1975 -0.6461
vn -0.7372 0.1974 -0.6462
vn -0.1975 0.7373 -0.6461
vn 0.5397 0.5398 -0.6460
vn 0.7373 -0.1975 -0.6461
vn 0.7373 -0.1975 -0.6460
vn -0.5396 -0.5396 -0.6463
vn -0.7371 0.1976 -0.6462
vn -0.7371 0.1975 -0.6463
vn -0.7372 0.1976 -0.6462
vn -0.1976 0.7372 -0.6462
vn 0.5398 0.5398 -0.6460
vn -0.7373 -0.1976 0.6460
vn -0.7374 -0.1977 0.6459
vn -0.7373 -0.1976 0.6461
vn -0.1976 -0.7373 0.6460
vn -0.1976 -0.7373 0.6461
vn 0.5397 -0.5397 0.6461
vn 0.7373 0.1975 0.6461
vn 0.7373 0.1976 0.6461
vn 0.1976 0.7373 0.6460
vn -0.5398 0.5398 0.6459
vn -0.7374 -0.1976 0.6459
vn -0.7374 -0.1975 0.6459
vn 0.5397 -0.5397 0.6460
vn 0.5398 -0.5397 0.6460
vn 0.7373 0.1976 0.6460
vn 0.7372 0.1975 0.6461
vn 0.7373 0.1977 0.6460
vn 0.1975 0.7374 0.6460
vn 0.1975 0.7374 0.6459
vn 0.1975 0.7373 0.6460
vn -0.5398 0.5399 0.6459
vn -0.7374 -0.1975 0.6460
vn -0.7373 -0.1974 0.6460
vn -0.1975 -0.7373 0.6461
vn -0.1975 -0.7373 0.6460
vn 0.1976 0.7374 0.6460
vn 0.1976 0.7374 0.6459
vn -0.5399 0.5398 0.6459
vn -0.5398 0.5398 0.6460
vn 0.7373 -0.1977 -0.6460
vn 0.7373 -0.1976 -0.6461
vn 0.7372 -0.1975 -0.6461
vn -0.5397 -0.5396 -0.6462
vn -0.7371 0.1976 -0.6463
vn -0.7372 0.1977 -0.6461
vn 0.5397 0.5397 -0.6460
vn -0.7373 -0.1975 0.6461
vn -0.7372 -0.1975 0.6461
vn 0.5399 -0.5397 0.6459
vn -0.5397 0.5397 0.6460
vn 0.0001 -0.0001 1.0000
vn 0.0004 -0.0004 1.0000
vn 0.0002 -0.0002 1.0000
vn -0.0001 0.0001 1.0000
vn -0.0001 0.0002 -1.0000
vn 0.0008 -0.0009 -1.0000
vn 0.6845 -0.7290 -0.0000
vn -0.6842 0.7293 -0.0000
vn 0.0005 -0.0005 1.0000
vn 0.0003 -0.0003 1.0000
vn -0.0002 0.0003 -1.0000
vn 0.0012 -0.0013 -1.0000
vn 0.0001 -0.0001 -1.0000
vn 0.6851 -0.7284 -0.0000
vn -0.6848 0.7287 -0.0000
vn 0.0002 -0.0002 -1.0000
vn 0.6855 -0.7281 -0.0000
vn -0.6852 0.7283 -0.0000
vn 0.0006 -0.0006 1.0000
vn 0.0003 -0.0004 1.0000
vn -0.0000 0.0001 -1.0000
vn 0.0001 -0.0000 1.0000
vn 0.2498 0.9683 -0.0000
vn -0.2498 0.9683 -0.0000
vn 0.7903 0.6127 -0.0000
vn 0.7903 0.6128 -0.0000
vn 0.9882 0.1532 -0.0000
vn -0.7903 0.6128 -0.0000
vn -0.7903 0.6127 -0.0000
vn -0.9882 0.1533 -0.0000
vn -0.2498 -0.9683 -0.0000
vn 0.2498 -0.9683 -0.0000
vn -0.7903 -0.6127 -0.0000
vn -0.9882 -0.1533 -0.0000
vn 0.7903 -0.6127 -0.0000
vn 0.9882 -0.1532 -0.0000
vn 0.7903 -0.6128 -0.0000
vn -0.7903 -0.6128 -0.0000
vn -0.7902 0.6128 -0.0000
vn -0.9882 0.1532 -0.0000
vn 0.2497 -0.9683 -0.0000
vn -0.7902 -0.6128 -0.0000
vn -0.9882 -0.1532 -0.0000
vn 0.0001 -0.0000 -1.0000
vn -0.0000 -0.0001 1.0000
vn -0.0000 0.0001 1.0000
vn 0.7374 -0.1976 -0.6459
vn 0.7374 -0.1975 -0.6459
vn 0.1976 -0.7372 -0.6461
vn -0.5397 -0.5397 -0.6460
vn -0.5398 -0.5397 -0.6460
vn -0.7373 0.1976 -0.6461
vn -0.7373 0.1977 -0.6460
vn -0.7373 0.1977 -0.6459
vn -0.1976 0.7374 -0.6460
vn -0.5396 -0.5397 -0.6461
vn -0.7372 0.1976 -0.6461
vn 0.7374 -0.1975 -0.6460
vn -0.7374 0.1976 -0.6460
vn -0.7373 0.1974 -0.6461
vn -0.1976 0.7374 -0.6459
vn 0.1976 -0.7373 -0.6460
vn -0.5397 -0.5396 -0.6461
vn 0.7375 -0.1976 -0.6458
vn 0.1975 -0.7374 -0.6460
vn -0.1975 0.7373 -0.6460
vn -0.1976 0.7373 -0.6461
vn -0.7371 -0.1975 0.6462
vn -0.7372 -0.1976 0.6462
vn 0.5395 -0.5396 0.6463
vn 0.7371 0.1974 0.6463
vn 0.7370 0.1974 0.6464
vn 0.1975 0.7372 0.6462
vn 0.1975 0.7372 0.6461
vn -0.5396 0.5397 0.6462
vn -0.5397 0.5397 0.6461
vn -0.5397 0.5397 0.6462
vn -0.5395 0.5397 0.6463
vn 0.5396 -0.5396 0.6463
vn 0.5395 -0.5396 0.6464
vn 0.1976 0.7371 0.6463
vn -0.5396 0.5396 0.6463
vn -0.5397 0.5396 0.6462
vn -0.5395 0.5396 0.6463
vn -0.7371 -0.1974 0.6463
vn -0.1974 -0.7371 0.6463
vn 0.5397 -0.5396 0.6462
vn 0.7371 0.1975 0.6462
vn 0.7371 0.1974 0.6464
vn 0.5397 -0.5395 0.6463
vn 0.5398 -0.5395 0.6462
vn -0.1974 -0.7372 0.6462
vn 0.7370 0.1973 0.6464
vn -0.5396 0.5397 0.6461
vn -0.5394 0.5397 0.6463
vn -0.7372 -0.1977 0.6461
vn -0.1976 -0.7371 0.6463
vn 0.1974 0.7372 0.6462
vn -0.5394 0.5397 0.6464
vn 0.7372 0.1975 0.6462
vn 0.1976 0.7372 0.6462
vn 0.1975 0.7373 0.6461
vt 0.842881 0.580155
vt 0.842881 0.570457
vt 0.848208 0.570457
vt 0.848208 0.580155
vt 0.770019 0.590285
vt 0.770019 0.580587
vt 0.775347 0.580587
vt 0.775347 0.590285
vt 0.839769 0.570457
vt 0.839769 0.580155
vt 0.817377 0.580155
vt 0.817377 0.570457
vt 0.778459 0.590285
vt 0.778459 0.580587
vt 0.800850 0.580587
vt 0.800850 0.590285
vt 0.841324 0.570457
vt 0.841324 0.580155
vt 0.776904 0.590285
vt 0.776904 0.580587
vt 0.815555 0.570457
vt 0.815555 0.580155
vt 0.809640 0.580155
vt 0.809640 0.570457
vt 0.802673 0.590285
vt 0.802673 0.580587
vt 0.808588 0.580587
vt 0.808588 0.590285
vt 0.816478 0.570457
vt 0.816478 0.580155
vt 0.801749 0.590285
vt 0.801749 0.580587
vt 0.189996 0.555320
vt 0.175862 0.570502
vt 0.175864 0.567720
vt 0.188633 0.553948
vt 0.234181 0.584502
vt 0.232818 0.585873
vt 0.220048 0.572101
vt 0.220046 0.569320
vt 0.199156 0.540288
vt 0.199156 0.540518
vt 0.178413 0.540518
vt 0.178413 0.540288
vt 0.178844 0.539385
vt 0.178844 0.539155
vt 0.197625 0.539155
vt 0.197625 0.539385
vt 0.173453 0.568617
vt 0.174737 0.568378
vt 0.174736 0.571159
vt 0.173452 0.571399
vt 0.218920 0.568662
vt 0.218922 0.571444
vt 0.217638 0.571204
vt 0.217637 0.568422
vt 0.200460 0.540288
vt 0.201766 0.540288
vt 0.201766 0.540518
vt 0.200460 0.540518
vt 0.177540 0.539385
vt 0.176234 0.539385
vt 0.176234 0.539155
vt 0.177540 0.539155
vt 0.194902 0.554576
vt 0.189992 0.553304
vt 0.194896 0.552561
vt 0.239087 0.585246
vt 0.239081 0.587261
vt 0.234176 0.586518
vt 0.173452 0.540518
vt 0.173452 0.540288
vt 0.199154 0.539385
vt 0.199154 0.539155
vt 0.204115 0.539155
vt 0.204115 0.539385
vt 0.189249 0.553518
vt 0.233434 0.586304
vt 0.198380 0.539385
vt 0.198380 0.539155
vt 0.809006 0.580587
vt 0.809006 0.590285
vt 0.206131 0.539155
vt 0.206131 0.539385
vt 0.189996 0.567404
vt 0.175862 0.582587
vt 0.175864 0.579805
vt 0.188633 0.566033
vt 0.234181 0.565808
vt 0.232818 0.567180
vt 0.220049 0.553407
vt 0.220046 0.550626
vt 0.199156 0.595424
vt 0.199156 0.595654
vt 0.178413 0.595654
vt 0.178413 0.595424
vt 0.211699 0.540329
vt 0.211699 0.540099
vt 0.230481 0.540099
vt 0.230481 0.540329
vt 0.173453 0.580702
vt 0.174737 0.580462
vt 0.174736 0.583244
vt 0.173452 0.583484
vt 0.218920 0.549969
vt 0.218922 0.552750
vt 0.217638 0.552510
vt 0.217637 0.549729
vt 0.200460 0.595424
vt 0.201766 0.595424
vt 0.201766 0.595654
vt 0.200460 0.595654
vt 0.210395 0.540329
vt 0.209089 0.540329
vt 0.209089 0.540099
vt 0.210395 0.540099
vt 0.194902 0.566661
vt 0.189992 0.565389
vt 0.194896 0.564646
vt 0.239087 0.566551
vt 0.239081 0.568566
vt 0.234177 0.567824
vt 0.173452 0.595654
vt 0.173452 0.595424
vt 0.232009 0.540329
vt 0.232009 0.540099
vt 0.236971 0.540099
vt 0.236971 0.540329
vt 0.189249 0.565602
vt 0.233434 0.567610
vt 0.231235 0.540329
vt 0.231235 0.540099
vt 0.238986 0.540099
vt 0.238986 0.540329
vt 0.060404 0.694331
vt 0.061056 0.694331
vt 0.061056 0.715095
vt 0.060404 0.715095
vt 0.059738 0.694331
vt 0.059738 0.715095
vt 0.059086 0.715095
vt 0.059086 0.694331
vt 0.061723 0.694331
vt 0.061723 0.715095
vt 0.798272 0.797610
vt 0.798369 0.797251
vt 0.798717 0.797158
vt 0.798527 0.797865
vt 0.797820 0.798054
vt 0.797913 0.797706
vt 0.797302 0.797536
vt 0.797650 0.797443
vt 0.797492 0.796829
vt 0.797747 0.797084
vt 0.798199 0.796639
vt 0.798106 0.796988
vt 0.796143 0.803451
vt 0.796239 0.803092
vt 0.796587 0.802999
vt 0.796398 0.803706
vt 0.795690 0.803895
vt 0.795784 0.803547
vt 0.795173 0.803377
vt 0.795521 0.803284
vt 0.795362 0.802670
vt 0.795618 0.802925
vt 0.796070 0.802481
vt 0.795976 0.802829
vt 0.321742 0.660090
vt 0.321742 0.661474
vt 0.309153 0.661474
vt 0.309153 0.660090
vt 0.279155 0.660090
vt 0.279166 0.660090
vt 0.279166 0.661474
vt 0.279155 0.661474
vt 0.337360 0.668926
vt 0.337360 0.660201
vt 0.343670 0.660201
vt 0.343670 0.668926
vt 0.343320 0.671510
vt 0.342269 0.673060
vt 0.340517 0.673576
vt 0.340512 0.673576
vt 0.338761 0.673060
vt 0.337710 0.671510
vt 0.304896 0.686248
vt 0.304896 0.703653
vt 0.292307 0.703653
vt 0.292307 0.686248
vt 0.293006 0.681093
vt 0.295102 0.678001
vt 0.298596 0.676970
vt 0.298607 0.676970
vt 0.302101 0.678001
vt 0.304197 0.681093
vt 0.339147 0.660090
vt 0.339147 0.661474
vt 0.291747 0.661474
vt 0.291747 0.660090
vt 0.282809 0.661474
vt 0.282809 0.660090
vt 0.348085 0.660090
vt 0.351728 0.660090
vt 0.351728 0.661474
vt 0.348085 0.661474
vt 0.286545 0.661474
vt 0.286545 0.660090
vt 0.344349 0.660090
vt 0.344349 0.661474
vt 0.300069 0.720732
vt 0.300069 0.722115
vt 0.287480 0.722115
vt 0.287480 0.720732
vt 0.330055 0.720732
vt 0.330066 0.720732
vt 0.330066 0.722115
vt 0.330055 0.722115
vt 0.348747 0.668698
vt 0.348747 0.659974
vt 0.355057 0.659974
vt 0.355057 0.668698
vt 0.354707 0.671282
vt 0.353656 0.672832
vt 0.351905 0.673349
vt 0.351899 0.673349
vt 0.350148 0.672832
vt 0.349097 0.671282
vt 0.331669 0.645022
vt 0.331669 0.662428
vt 0.319080 0.662428
vt 0.319080 0.645022
vt 0.319778 0.639868
vt 0.321875 0.636775
vt 0.325369 0.635744
vt 0.325380 0.635744
vt 0.328874 0.636775
vt 0.330970 0.639868
vt 0.317474 0.720732
vt 0.317474 0.722115
vt 0.270074 0.722115
vt 0.270074 0.720732
vt 0.333709 0.722115
vt 0.333709 0.720732
vt 0.326412 0.720732
vt 0.326412 0.722115
vt 0.337445 0.722115
vt 0.337445 0.720732
vt 0.264873 0.722115
vt 0.264873 0.720732
vt 0.322676 0.720732
vt 0.322676 0.722115
vt 0.788946 0.799305
vt 0.788850 0.799664
vt 0.788501 0.799757
vt 0.788691 0.799050
vt 0.789397 0.798861
vt 0.789304 0.799209
vt 0.789915 0.799378
vt 0.789567 0.799471
vt 0.789725 0.800085
vt 0.789470 0.799830
vt 0.789019 0.800274
vt 0.789112 0.799926
vt 0.796338 0.800812
vt 0.796434 0.800453
vt 0.796783 0.800359
vt 0.796593 0.801067
vt 0.795886 0.801257
vt 0.795979 0.800908
vt 0.795368 0.800739
vt 0.795716 0.800645
vt 0.795557 0.800031
vt 0.795812 0.800286
vt 0.796265 0.799842
vt 0.796171 0.800190
vt 0.812135 0.802670
vt 0.812231 0.802310
vt 0.812580 0.802217
vt 0.812390 0.802925
vt 0.811683 0.803114
vt 0.811776 0.802766
vt 0.811165 0.802596
vt 0.811513 0.802503
vt 0.811354 0.801889
vt 0.811610 0.802144
vt 0.812062 0.801699
vt 0.811968 0.802048
vt 0.787577 0.806558
vt 0.787481 0.806917
vt 0.787133 0.807010
vt 0.787322 0.806303
vt 0.788029 0.806113
vt 0.787936 0.806462
vt 0.788547 0.806631
vt 0.788199 0.806724
vt 0.788357 0.807338
vt 0.788102 0.807083
vt 0.787650 0.807528
vt 0.787744 0.807179
vt 0.795812 0.789987
vt 0.795716 0.790346
vt 0.795368 0.790439
vt 0.795557 0.789732
vt 0.796265 0.789542
vt 0.796171 0.789891
vt 0.796782 0.790060
vt 0.796434 0.790153
vt 0.796593 0.790767
vt 0.796338 0.790512
vt 0.795885 0.790957
vt 0.795979 0.790608
vt 0.798560 0.799492
vt 0.798464 0.799851
vt 0.798115 0.799944
vt 0.798305 0.799237
vt 0.799012 0.799048
vt 0.798918 0.799396
vt 0.799529 0.799565
vt 0.799181 0.799659
vt 0.799339 0.800272
vt 0.799084 0.800017
vt 0.798633 0.800461
vt 0.798726 0.800113
vt 0.796338 0.797379
vt 0.796434 0.797020
vt 0.796783 0.796926
vt 0.796593 0.797634
vt 0.795886 0.797823
vt 0.795979 0.797475
vt 0.795368 0.797305
vt 0.795716 0.797212
vt 0.795557 0.796598
vt 0.795812 0.796853
vt 0.796265 0.796409
vt 0.796172 0.796757
vt 0.805103 0.795612
vt 0.805007 0.795971
vt 0.804659 0.796064
vt 0.804848 0.795357
vt 0.805555 0.795168
vt 0.805462 0.795517
vt 0.806072 0.795686
vt 0.805724 0.795779
vt 0.805883 0.796392
vt 0.805628 0.796137
vt 0.805176 0.796582
vt 0.805270 0.796233
vt 0.173452 0.539155
vt 0.173452 0.539385
vt 0.206307 0.540099
vt 0.206307 0.540329
vt 0.966753 0.807460
vt 0.966753 0.809344
vt 0.904519 0.809344
vt 0.904519 0.807460
vt 0.966753 0.805887
vt 0.904519 0.805887
vt 0.904519 0.804003
vt 0.966753 0.804003
vt 0.966753 0.802429
vt 0.904519 0.802429
vt 0.966753 0.798141
vt 0.966753 0.800026
vt 0.904519 0.800026
vt 0.904519 0.798141
vt 0.966753 0.796569
vt 0.904519 0.796569
vt 0.904519 0.794684
vt 0.966753 0.794684
vt 0.966753 0.793111
vt 0.904519 0.793111
vt 0.917062 0.795221
vt 0.917062 0.794735
vt 0.944389 0.794735
vt 0.944389 0.795221
vt 0.917062 0.792547
vt 0.944389 0.792547
vt 0.944389 0.793033
vt 0.917062 0.793033
vt 0.917049 0.788575
vt 0.917049 0.786873
vt 0.944376 0.786873
vt 0.944376 0.788575
vt 0.969381 0.852765
vt 0.969381 0.854650
vt 0.907095 0.854650
vt 0.907095 0.852765
vt 0.969381 0.851193
vt 0.907095 0.851193
vt 0.907095 0.849308
vt 0.969381 0.849308
vt 0.969381 0.847735
vt 0.907095 0.847735
vt 0.970004 0.768586
vt 0.970004 0.770471
vt 0.907687 0.770471
vt 0.907687 0.768586
vt 0.970004 0.767014
vt 0.907687 0.767014
vt 0.907687 0.765129
vt 0.970004 0.765129
vt 0.970004 0.763556
vt 0.907687 0.763556
vt 0.944863 0.786873
vt 0.944863 0.788575
vt 0.917062 0.785293
vt 0.917062 0.784806
vt 0.944389 0.784806
vt 0.944389 0.785293
vt 0.917062 0.782619
vt 0.944389 0.782619
vt 0.944389 0.783105
vt 0.917062 0.783105
vt 0.916672 0.781072
vt 0.916672 0.779370
vt 0.944000 0.779370
vt 0.944000 0.781072
vt 0.944486 0.779370
vt 0.944486 0.781072
vt 0.950506 0.601328
vt 0.950506 0.602362
vt 0.945774 0.602362
vt 0.945774 0.601328
vt 0.950506 0.580489
vt 0.945774 0.580489
vt 0.945774 0.579455
vt 0.950506 0.579455
vt 0.982347 0.587588
vt 0.982347 0.566751
vt 0.987078 0.566751
vt 0.987078 0.587588
vt 0.981313 0.566751
vt 0.981313 0.587588
vt 0.988113 0.566751
vt 0.988113 0.587588
vt 0.895853 0.575090
vt 0.895853 0.576125
vt 0.891122 0.576125
vt 0.891122 0.575090
vt 0.895853 0.554252
vt 0.891122 0.554252
vt 0.891122 0.553218
vt 0.895853 0.553218
vt 0.931831 0.588569
vt 0.931831 0.567731
vt 0.936562 0.567731
vt 0.936562 0.588569
vt 0.930796 0.567731
vt 0.930796 0.588569
vt 0.937596 0.567731
vt 0.937596 0.588569
vt 0.924456 0.575335
vt 0.924456 0.576369
vt 0.919725 0.576369
vt 0.919725 0.575335
vt 0.924456 0.554497
vt 0.919725 0.554497
vt 0.919725 0.553462
vt 0.924456 0.553462
vt 0.942885 0.574361
vt 0.942885 0.553523
vt 0.947617 0.553523
vt 0.947617 0.574361
vt 0.941851 0.553523
vt 0.941851 0.574361
vt 0.948651 0.553523
vt 0.948651 0.574361
vt 0.979177 0.578814
vt 0.979177 0.579848
vt 0.974446 0.579848
vt 0.974446 0.578814
vt 0.979177 0.557976
vt 0.974446 0.557976
vt 0.974446 0.556941
vt 0.979177 0.556941
vt 0.955160 0.575527
vt 0.955160 0.554689
vt 0.959891 0.554689
vt 0.959891 0.575527
vt 0.954126 0.554689
vt 0.954126 0.575527
vt 0.960926 0.554689
vt 0.960926 0.575527
vt 0.917590 0.575335
vt 0.917590 0.576369
vt 0.912859 0.576369
vt 0.912859 0.575335
vt 0.917590 0.554497
vt 0.912859 0.554497
vt 0.912859 0.553462
vt 0.917590 0.553462
vt 0.904418 0.581903
vt 0.904418 0.561065
vt 0.909149 0.561065
vt 0.909149 0.581903
vt 0.903384 0.561065
vt 0.903384 0.581903
vt 0.910184 0.561065
vt 0.910184 0.581903
vt 0.963232 0.836299
vt 0.963232 0.838184
vt 0.900998 0.838184
vt 0.900998 0.836299
vt 0.963232 0.834727
vt 0.900998 0.834727
vt 0.900998 0.832842
vt 0.963232 0.832842
vt 0.963232 0.831268
vt 0.900998 0.831268
vt 0.969329 0.862084
vt 0.969329 0.863969
vt 0.907095 0.863969
vt 0.907095 0.862084
vt 0.969329 0.860512
vt 0.907095 0.860512
vt 0.907095 0.858627
vt 0.969329 0.858627
vt 0.969329 0.857054
vt 0.907095 0.857054
vt 0.787607 0.919281
vt 0.787607 0.918969
vt 0.787663 0.918969
vt 0.787663 0.919281
vt 0.794766 0.919281
vt 0.794766 0.919125
vt 0.794822 0.919125
vt 0.794822 0.919281
vt 0.800181 0.937089
vt 0.799798 0.937583
vt 0.799159 0.937748
vt 0.799103 0.937748
vt 0.798464 0.937583
vt 0.798081 0.937089
vt 0.797953 0.936265
vt 0.797953 0.933401
vt 0.798081 0.932577
vt 0.798464 0.932082
vt 0.799103 0.931917
vt 0.799159 0.931917
vt 0.799798 0.932082
vt 0.800181 0.932577
vt 0.800309 0.933401
vt 0.800309 0.936265
vt 0.803746 0.923027
vt 0.804129 0.922533
vt 0.804768 0.922368
vt 0.804824 0.922368
vt 0.805463 0.922533
vt 0.805846 0.923027
vt 0.805974 0.923851
vt 0.805974 0.926716
vt 0.805846 0.927540
vt 0.805463 0.928034
vt 0.804824 0.928199
vt 0.804768 0.928199
vt 0.804129 0.928034
vt 0.803746 0.927540
vt 0.803618 0.926716
vt 0.803618 0.923851
vt 0.796941 0.919281
vt 0.796941 0.918969
vt 0.799806 0.918969
vt 0.799806 0.919281
vt 0.792647 0.918969
vt 0.792647 0.919281
vt 0.789782 0.919281
vt 0.789782 0.918969
vt 0.786947 0.918969
vt 0.786947 0.919281
vt 0.788323 0.919281
vt 0.788323 0.918969
vt 0.800640 0.918969
vt 0.801265 0.918969
vt 0.801265 0.919281
vt 0.800640 0.919281
vt 0.788949 0.919281
vt 0.788949 0.918969
vt 0.794106 0.918969
vt 0.794766 0.918969
vt 0.794106 0.919281
vt 0.795482 0.919281
vt 0.794822 0.918969
vt 0.795482 0.918969
vt 0.793481 0.918969
vt 0.793481 0.919281
vt 0.796108 0.919281
vt 0.796108 0.918969
vt 0.777573 0.940483
vt 0.777573 0.940171
vt 0.777628 0.940171
vt 0.777628 0.940483
vt 0.784732 0.940483
vt 0.784732 0.940327
vt 0.784787 0.940327
vt 0.784787 0.940483
vt 0.810540 0.938546
vt 0.810156 0.939040
vt 0.809517 0.939205
vt 0.809462 0.939205
vt 0.808823 0.939040
vt 0.808439 0.938546
vt 0.808311 0.937721
vt 0.808311 0.934857
vt 0.808439 0.934033
vt 0.808823 0.933539
vt 0.809462 0.933374
vt 0.809517 0.933374
vt 0.810156 0.933539
vt 0.810540 0.934033
vt 0.810668 0.934857
vt 0.810668 0.937721
vt 0.808763 0.924160
vt 0.809146 0.923666
vt 0.809785 0.923501
vt 0.809841 0.923501
vt 0.810480 0.923666
vt 0.810863 0.924160
vt 0.810991 0.924984
vt 0.810991 0.927849
vt 0.810863 0.928673
vt 0.810480 0.929167
vt 0.809841 0.929332
vt 0.809785 0.929332
vt 0.809146 0.929167
vt 0.808763 0.928673
vt 0.808635 0.927849
vt 0.808635 0.924984
vt 0.786907 0.940483
vt 0.786907 0.940171
vt 0.789771 0.940171
vt 0.789771 0.940483
vt 0.782612 0.940171
vt 0.782612 0.940483
vt 0.779748 0.940483
vt 0.779748 0.940171
vt 0.776913 0.940171
vt 0.776913 0.940483
vt 0.778288 0.940483
vt 0.778288 0.940171
vt 0.790605 0.940171
vt 0.791231 0.940171
vt 0.791231 0.940483
vt 0.790605 0.940483
vt 0.778914 0.940483
vt 0.778914 0.940171
vt 0.784072 0.940171
vt 0.784732 0.940171
vt 0.784072 0.940483
vt 0.785447 0.940483
vt 0.784787 0.940171
vt 0.785447 0.940171
vt 0.783446 0.940171
vt 0.783446 0.940483
vt 0.786073 0.940483
vt 0.786073 0.940171
vt 0.809444 0.943720
vt 0.809444 0.943408
vt 0.809500 0.943408
vt 0.809500 0.943720
vt 0.816603 0.943720
vt 0.816603 0.943564
vt 0.816659 0.943564
vt 0.816659 0.943720
vt 0.802771 0.926407
vt 0.802388 0.926901
vt 0.801749 0.927066
vt 0.801693 0.927066
vt 0.801054 0.926901
vt 0.800670 0.926407
vt 0.800543 0.925583
vt 0.800543 0.922719
vt 0.800670 0.921894
vt 0.801054 0.921400
vt 0.801693 0.921235
vt 0.801749 0.921235
vt 0.802388 0.921400
vt 0.802771 0.921894
vt 0.802899 0.922719
vt 0.802899 0.925583
vt 0.803584 0.939374
vt 0.803967 0.938880
vt 0.804606 0.938715
vt 0.804662 0.938715
vt 0.805301 0.938880
vt 0.805684 0.939374
vt 0.805812 0.940198
vt 0.805812 0.943063
vt 0.805684 0.943887
vt 0.805301 0.944381
vt 0.804662 0.944546
vt 0.804606 0.944546
vt 0.803967 0.944381
vt 0.803584 0.943887
vt 0.803456 0.943063
vt 0.803456 0.940198
vt 0.818779 0.943720
vt 0.818779 0.943408
vt 0.821643 0.943408
vt 0.821643 0.943720
vt 0.814484 0.943408
vt 0.814484 0.943720
vt 0.811620 0.943720
vt 0.811620 0.943408
vt 0.823102 0.943408
vt 0.823762 0.943408
vt 0.823762 0.943720
vt 0.823102 0.943720
vt 0.810160 0.943720
vt 0.810160 0.943408
vt 0.822477 0.943408
vt 0.822477 0.943720
vt 0.810786 0.943720
vt 0.810786 0.943408
vt 0.815943 0.943408
vt 0.816603 0.943408
vt 0.815943 0.943720
vt 0.817319 0.943720
vt 0.816659 0.943408
vt 0.817319 0.943408
vt 0.815318 0.943408
vt 0.815318 0.943720
vt 0.817945 0.943720
vt 0.817945 0.943408
vt 0.788417 0.918310
vt 0.788417 0.917998
vt 0.788472 0.917998
vt 0.788472 0.918310
vt 0.795575 0.918310
vt 0.795575 0.918154
vt 0.795631 0.918154
vt 0.795631 0.918310
vt 0.797106 0.937251
vt 0.796723 0.937745
vt 0.796084 0.937910
vt 0.796028 0.937910
vt 0.795389 0.937745
vt 0.795006 0.937251
vt 0.794878 0.936427
vt 0.794878 0.933562
vt 0.795006 0.932738
vt 0.795389 0.932244
vt 0.796028 0.932079
vt 0.796084 0.932079
vt 0.796723 0.932244
vt 0.797106 0.932738
vt 0.797234 0.933562
vt 0.797234 0.936427
vt 0.802936 0.916553
vt 0.803320 0.916059
vt 0.803959 0.915894
vt 0.804015 0.915894
vt 0.804653 0.916059
vt 0.805037 0.916553
vt 0.805165 0.917377
vt 0.805165 0.920242
vt 0.805037 0.921066
vt 0.804654 0.921560
vt 0.804015 0.921725
vt 0.803959 0.921725
vt 0.803320 0.921560
vt 0.802936 0.921066
vt 0.802809 0.920242
vt 0.802809 0.917377
vt 0.797751 0.918310
vt 0.797751 0.917998
vt 0.800615 0.917998
vt 0.800615 0.918310
vt 0.793456 0.917998
vt 0.793456 0.918310
vt 0.790592 0.918310
vt 0.790592 0.917998
vt 0.787757 0.917998
vt 0.787757 0.918310
vt 0.789132 0.918310
vt 0.789132 0.917998
vt 0.801449 0.917998
vt 0.802075 0.917998
vt 0.802075 0.918310
vt 0.801449 0.918310
vt 0.789758 0.918310
vt 0.789758 0.917998
vt 0.794916 0.917998
vt 0.795575 0.917998
vt 0.794916 0.918310
vt 0.796291 0.918310
vt 0.795631 0.917998
vt 0.796291 0.917998
vt 0.794290 0.917998
vt 0.794290 0.918310
vt 0.796917 0.918310
vt 0.796917 0.917998
vt 0.970411 0.777905
vt 0.970411 0.779789
vt 0.908177 0.779789
vt 0.908177 0.777905
vt 0.970411 0.776332
vt 0.908177 0.776332
vt 0.908177 0.774447
vt 0.970411 0.774447
vt 0.970411 0.772874
vt 0.908177 0.772874
vt 0.963232 0.826980
vt 0.963232 0.828865
vt 0.900998 0.828865
vt 0.900998 0.826980
vt 0.963232 0.825407
vt 0.900998 0.825407
vt 0.900998 0.823523
vt 0.963232 0.823523
vt 0.963232 0.821950
vt 0.900998 0.821950
vt 0.815595 0.912807
vt 0.815595 0.912495
vt 0.815650 0.912495
vt 0.815650 0.912807
vt 0.822754 0.912807
vt 0.822754 0.912651
vt 0.822809 0.912651
vt 0.822809 0.912807
vt 0.801962 0.942915
vt 0.801578 0.943410
vt 0.800939 0.943575
vt 0.800884 0.943575
vt 0.800245 0.943410
vt 0.799861 0.942915
vt 0.799733 0.942091
vt 0.799733 0.939227
vt 0.799861 0.938403
vt 0.800245 0.937909
vt 0.800884 0.937744
vt 0.800939 0.937744
vt 0.801578 0.937909
vt 0.801962 0.938403
vt 0.802090 0.939227
vt 0.802090 0.942091
vt 0.806173 0.916553
vt 0.806557 0.916059
vt 0.807196 0.915894
vt 0.807252 0.915894
vt 0.807890 0.916059
vt 0.808274 0.916553
vt 0.808402 0.917377
vt 0.808402 0.920242
vt 0.808274 0.921066
vt 0.807890 0.921560
vt 0.807252 0.921725
vt 0.807196 0.921725
vt 0.806557 0.921560
vt 0.806173 0.921066
vt 0.806046 0.920242
vt 0.806046 0.917377
vt 0.824929 0.912807
vt 0.824929 0.912495
vt 0.827793 0.912495
vt 0.827793 0.912807
vt 0.820634 0.912495
vt 0.820634 0.912807
vt 0.817770 0.912807
vt 0.817770 0.912495
vt 0.829253 0.912495
vt 0.829913 0.912495
vt 0.829913 0.912807
vt 0.829253 0.912807
vt 0.816310 0.912807
vt 0.816310 0.912495
vt 0.828627 0.912495
vt 0.828627 0.912807
vt 0.816936 0.912807
vt 0.816936 0.912495
vt 0.822094 0.912495
vt 0.822754 0.912495
vt 0.822094 0.912807
vt 0.823469 0.912807
vt 0.822809 0.912495
vt 0.823469 0.912495
vt 0.821468 0.912495
vt 0.821468 0.912807
vt 0.824095 0.912807
vt 0.824095 0.912495
vt 0.815595 0.913778
vt 0.815595 0.913466
vt 0.815651 0.913466
vt 0.815651 0.913778
vt 0.822754 0.913778
vt 0.822754 0.913622
vt 0.822810 0.913622
vt 0.822810 0.913778
vt 0.775904 0.937089
vt 0.775521 0.937583
vt 0.774882 0.937748
vt 0.774826 0.937748
vt 0.774187 0.937583
vt 0.773804 0.937089
vt 0.773676 0.936265
vt 0.773676 0.933401
vt 0.773804 0.932577
vt 0.774187 0.932082
vt 0.774826 0.931917
vt 0.774882 0.931917
vt 0.775521 0.932082
vt 0.775904 0.932577
vt 0.776032 0.933401
vt 0.776032 0.936265
vt 0.822844 0.916715
vt 0.823227 0.916221
vt 0.823866 0.916056
vt 0.823922 0.916056
vt 0.824561 0.916221
vt 0.824944 0.916715
vt 0.825072 0.917539
vt 0.825072 0.920404
vt 0.824944 0.921228
vt 0.824561 0.921722
vt 0.823922 0.921887
vt 0.823866 0.921887
vt 0.823227 0.921722
vt 0.822844 0.921228
vt 0.822716 0.920404
vt 0.822716 0.917539
vt 0.824929 0.913778
vt 0.824929 0.913466
vt 0.827793 0.913466
vt 0.827793 0.913778
vt 0.820634 0.913466
vt 0.820634 0.913778
vt 0.817770 0.913778
vt 0.817770 0.913466
vt 0.829253 0.913466
vt 0.829913 0.913466
vt 0.829913 0.913778
vt 0.829253 0.913778
vt 0.816310 0.913778
vt 0.816310 0.913466
vt 0.828627 0.913466
vt 0.828627 0.913778
vt 0.816936 0.913778
vt 0.816936 0.913466
vt 0.822094 0.913466
vt 0.822754 0.913466
vt 0.822094 0.913778
vt 0.823469 0.913778
vt 0.822810 0.913466
vt 0.823469 0.913466
vt 0.821468 0.913466
vt 0.821468 0.913778
vt 0.824095 0.913778
vt 0.824095 0.913466
vt 0.811237 0.944691
vt 0.811237 0.944380
vt 0.811293 0.944380
vt 0.811293 0.944691
vt 0.818396 0.944691
vt 0.818396 0.944535
vt 0.818452 0.944535
vt 0.818452 0.944691
vt 0.780436 0.921390
vt 0.780052 0.921884
vt 0.779414 0.922049
vt 0.779358 0.922049
vt 0.778719 0.921884
vt 0.778335 0.921390
vt 0.778208 0.920566
vt 0.778208 0.917701
vt 0.778335 0.916877
vt 0.778719 0.916383
vt 0.779358 0.916218
vt 0.779414 0.916218
vt 0.780052 0.916383
vt 0.780436 0.916877
vt 0.780564 0.917701
vt 0.780564 0.920566
vt 0.803422 0.954426
vt 0.803805 0.953932
vt 0.804444 0.953767
vt 0.804500 0.953767
vt 0.805139 0.953932
vt 0.805522 0.954426
vt 0.805650 0.955250
vt 0.805650 0.958114
vt 0.805522 0.958938
vt 0.805139 0.959433
vt 0.804500 0.959598
vt 0.804444 0.959598
vt 0.803805 0.959433
vt 0.803422 0.958938
vt 0.803294 0.958114
vt 0.803294 0.955250
vt 0.820571 0.944691
vt 0.820571 0.944380
vt 0.823436 0.944380
vt 0.823436 0.944691
vt 0.816277 0.944380
vt 0.816277 0.944691
vt 0.813412 0.944691
vt 0.813412 0.944380
vt 0.810577 0.944380
vt 0.810577 0.944691
vt 0.811953 0.944691
vt 0.811953 0.944380
vt 0.824270 0.944380
vt 0.824895 0.944380
vt 0.824895 0.944691
vt 0.824270 0.944691
vt 0.812578 0.944691
vt 0.812578 0.944380
vt 0.817736 0.944380
vt 0.818396 0.944380
vt 0.817736 0.944691
vt 0.819112 0.944691
vt 0.818452 0.944380
vt 0.819112 0.944380
vt 0.817111 0.944380
vt 0.817111 0.944691
vt 0.819737 0.944691
vt 0.819737 0.944380
vt 0.776601 0.941454
vt 0.776601 0.941143
vt 0.776657 0.941143
vt 0.776657 0.941454
vt 0.783760 0.941454
vt 0.783760 0.941298
vt 0.783816 0.941298
vt 0.783816 0.941454
vt 0.805522 0.910384
vt 0.805139 0.910878
vt 0.804500 0.911043
vt 0.804444 0.911043
vt 0.803805 0.910878
vt 0.803422 0.910384
vt 0.803294 0.909560
vt 0.803294 0.906695
vt 0.803422 0.905872
vt 0.803805 0.905377
vt 0.804444 0.905212
vt 0.804500 0.905212
vt 0.805139 0.905377
vt 0.805522 0.905872
vt 0.805650 0.906695
vt 0.805650 0.909560
vt 0.825919 0.929501
vt 0.826302 0.929007
vt 0.826941 0.928842
vt 0.826997 0.928842
vt 0.827636 0.929007
vt 0.828019 0.929501
vt 0.828147 0.930325
vt 0.828147 0.933190
vt 0.828019 0.934014
vt 0.827636 0.934508
vt 0.826997 0.934673
vt 0.826941 0.934673
vt 0.826302 0.934508
vt 0.825919 0.934014
vt 0.825791 0.933190
vt 0.825791 0.930326
vt 0.785936 0.941454
vt 0.785936 0.941143
vt 0.788800 0.941143
vt 0.788800 0.941454
vt 0.781641 0.941143
vt 0.781641 0.941454
vt 0.778777 0.941454
vt 0.778777 0.941143
vt 0.775942 0.941143
vt 0.775942 0.941454
vt 0.777317 0.941454
vt 0.777317 0.941143
vt 0.789634 0.941143
vt 0.790260 0.941143
vt 0.790260 0.941454
vt 0.789634 0.941454
vt 0.777943 0.941454
vt 0.777943 0.941143
vt 0.783101 0.941143
vt 0.783760 0.941143
vt 0.783101 0.941454
vt 0.784476 0.941454
vt 0.783816 0.941143
vt 0.784476 0.941143
vt 0.782475 0.941143
vt 0.782475 0.941454
vt 0.785102 0.941454
vt 0.785102 0.941143
vt 0.792904 0.800321
vt 0.793001 0.799962
vt 0.793349 0.799869
vt 0.793159 0.800576
vt 0.792452 0.800766
vt 0.792546 0.800417
vt 0.791935 0.800248
vt 0.792283 0.800155
vt 0.792124 0.799541
vt 0.792379 0.799796
vt 0.792831 0.799351
vt 0.792738 0.799700
vt 0.788903 0.796536
vt 0.788999 0.796177
vt 0.789348 0.796083
vt 0.789159 0.796791
vt 0.788451 0.796981
vt 0.788544 0.796632
vt 0.787933 0.796463
vt 0.788281 0.796370
vt 0.788122 0.795756
vt 0.788377 0.796011
vt 0.788829 0.795566
vt 0.788736 0.795914
vt 0.788786 0.791680
vt 0.788882 0.791321
vt 0.789231 0.791228
vt 0.789041 0.791935
vt 0.788333 0.792124
vt 0.788427 0.791776
vt 0.787816 0.791606
vt 0.788164 0.791513
vt 0.788006 0.790899
vt 0.788261 0.791154
vt 0.788713 0.790710
vt 0.788620 0.791059
vt 0.782708 0.797765
vt 0.782804 0.797406
vt 0.783152 0.797312
vt 0.782963 0.798020
vt 0.782256 0.798210
vt 0.782349 0.797861
vt 0.781738 0.797692
vt 0.782086 0.797598
vt 0.781927 0.796984
vt 0.782182 0.797240
vt 0.782634 0.796795
vt 0.782541 0.797143
vt 0.799575 0.803451
vt 0.799672 0.803092
vt 0.800020 0.802999
vt 0.799831 0.803706
vt 0.799124 0.803895
vt 0.799217 0.803547
vt 0.798606 0.803378
vt 0.798954 0.803284
vt 0.798795 0.802671
vt 0.799050 0.802926
vt 0.799502 0.802481
vt 0.799409 0.802829
vt 0.799874 0.802670
vt 0.799970 0.802311
vt 0.800319 0.802217
vt 0.800129 0.802925
vt 0.799421 0.803115
vt 0.799515 0.802766
vt 0.798903 0.802596
vt 0.799252 0.802503
vt 0.799093 0.801889
vt 0.799348 0.802144
vt 0.799801 0.801699
vt 0.799707 0.802048
vt 0.801705 0.797610
vt 0.801802 0.797251
vt 0.802150 0.797157
vt 0.801960 0.797865
vt 0.801253 0.798054
vt 0.801346 0.797706
vt 0.800735 0.797536
vt 0.801084 0.797443
vt 0.800925 0.796829
vt 0.801180 0.797084
vt 0.801632 0.796639
vt 0.801539 0.796988
vt 0.799743 0.803005
vt 0.799839 0.802645
vt 0.800188 0.802552
vt 0.799999 0.803260
vt 0.799291 0.803450
vt 0.799385 0.803101
vt 0.798773 0.802932
vt 0.799122 0.802838
vt 0.798962 0.802224
vt 0.799218 0.802479
vt 0.799670 0.802034
vt 0.799577 0.802383
vt 0.792379 0.796363
vt 0.792283 0.796722
vt 0.791935 0.796815
vt 0.792124 0.796108
vt 0.792831 0.795918
vt 0.792738 0.796267
vt 0.793349 0.796436
vt 0.793001 0.796529
vt 0.793160 0.797143
vt 0.792905 0.796888
vt 0.792452 0.797333
vt 0.792546 0.796985
vt 0.799708 0.799536
vt 0.799612 0.799894
vt 0.799264 0.799988
vt 0.799453 0.799281
vt 0.800160 0.799092
vt 0.800066 0.799440
vt 0.800677 0.799609
vt 0.800329 0.799702
vt 0.800488 0.800316
vt 0.800233 0.800061
vt 0.799781 0.800505
vt 0.799875 0.800157
vt 0.791203 0.793116
vt 0.791107 0.793475
vt 0.790758 0.793568
vt 0.790948 0.792861
vt 0.791655 0.792672
vt 0.791562 0.793020
vt 0.792173 0.793190
vt 0.791825 0.793283
vt 0.791984 0.793897
vt 0.791728 0.793642
vt 0.791276 0.794086
vt 0.791370 0.793738
vt 0.778749 0.797239
vt 0.778653 0.797598
vt 0.778305 0.797691
vt 0.778494 0.796984
vt 0.779201 0.796795
vt 0.779108 0.797143
vt 0.779719 0.797312
vt 0.779370 0.797406
vt 0.779529 0.798019
vt 0.779274 0.797764
vt 0.778822 0.798209
vt 0.778916 0.797861
vt 0.795812 0.793420
vt 0.795716 0.793779
vt 0.795368 0.793872
vt 0.795557 0.793165
vt 0.796265 0.792975
vt 0.796171 0.793324
vt 0.796782 0.793493
vt 0.796434 0.793586
vt 0.796593 0.794200
vt 0.796338 0.793945
vt 0.795885 0.794390
vt 0.795979 0.794041
vt 0.806084 0.793160
vt 0.805988 0.793519
vt 0.805640 0.793612
vt 0.805829 0.792905
vt 0.806536 0.792716
vt 0.806443 0.793064
vt 0.807054 0.793233
vt 0.806705 0.793327
vt 0.806864 0.793940
vt 0.806609 0.793685
vt 0.806157 0.794130
vt 0.806250 0.793782
vt 0.791313 0.803771
vt 0.791216 0.804130
vt 0.790868 0.804224
vt 0.791057 0.803517
vt 0.791764 0.803327
vt 0.791671 0.803675
vt 0.792282 0.803844
vt 0.791934 0.803938
vt 0.792093 0.804552
vt 0.791838 0.804297
vt 0.791386 0.804741
vt 0.791479 0.804393
vt 0.783653 0.800672
vt 0.783557 0.801031
vt 0.783209 0.801125
vt 0.783398 0.800418
vt 0.784105 0.800228
vt 0.784012 0.800576
vt 0.784623 0.800745
vt 0.784275 0.800839
vt 0.784434 0.801452
vt 0.784179 0.801198
vt 0.783727 0.801642
vt 0.783820 0.801294
vt 0.334079 0.658865
vt 0.334079 0.657831
vt 0.335018 0.657831
vt 0.335018 0.658865
vt 0.331890 0.661530
vt 0.296566 0.661530
vt 0.296566 0.660590
vt 0.331890 0.660590
vt 0.331890 0.662564
vt 0.296566 0.662564
vt 0.331890 0.663503
vt 0.296566 0.663503
vt 0.331890 0.664537
vt 0.296566 0.664537
vt 0.328667 0.656629
vt 0.328667 0.655595
vt 0.329606 0.655595
vt 0.329606 0.656629
vt 0.350079 0.680193
vt 0.314755 0.680193
vt 0.314755 0.679253
vt 0.350079 0.679253
vt 0.350079 0.681227
vt 0.314755 0.681227
vt 0.350079 0.682166
vt 0.314755 0.682166
vt 0.350079 0.683200
vt 0.314755 0.683200
vt 0.323999 0.654157
vt 0.302668 0.654157
vt 0.302668 0.653218
vt 0.323999 0.653218
vt 0.323999 0.655191
vt 0.302668 0.655191
vt 0.323999 0.656131
vt 0.302668 0.656131
vt 0.323999 0.657165
vt 0.302668 0.657165
vt 0.330917 0.669929
vt 0.309586 0.669929
vt 0.309586 0.668989
vt 0.330917 0.668989
vt 0.330917 0.670963
vt 0.309586 0.670963
vt 0.330917 0.671902
vt 0.309586 0.671902
vt 0.330917 0.672936
vt 0.309586 0.672936
vt 0.888987 0.571167
vt 0.888987 0.572201
vt 0.884256 0.572201
vt 0.884256 0.571167
vt 0.888987 0.550329
vt 0.884256 0.550329
vt 0.884256 0.549294
vt 0.888987 0.549294
vt 0.966653 0.576308
vt 0.966653 0.555470
vt 0.971384 0.555470
vt 0.971384 0.576308
vt 0.965618 0.555470
vt 0.965618 0.576308
vt 0.972418 0.555470
vt 0.972418 0.576308
s 1
usemtl 07_-_Default
f 4/1/1 1/2/1 2/3/2
f 2/3/2 3/4/2 4/1/1
f 8/5/3 5/6/3 6/7/4
f 6/7/4 7/8/4 8/5/3
f 12/9/5 9/10/5 10/11/6
f 10/11/6 11/12/6 12/9/5
f 16/13/7 13/14/7 14/15/8
f 14/15/8 15/16/8 16/13/7
f 18/17/9 1/2/1 4/1/1
f 4/1/1 17/18/9 18/17/9
f 20/19/10 7/8/4 6/7/4
f 6/7/4 19/20/10 20/19/10
f 17/18/9 9/10/5 12/9/5
f 12/9/5 18/17/9 17/18/9
f 19/20/10 13/14/7 16/13/7
f 16/13/7 20/19/10 19/20/10
f 24/21/11 21/22/11 22/23/12
f 22/23/12 23/24/12 24/21/11
f 28/25/13 25/26/13 26/27/14
f 26/27/14 27/28/14 28/25/13
f 30/29/15 11/12/6 10/11/6
f 10/11/6 29/30/15 30/29/15
f 32/31/16 15/16/8 14/15/8
f 14/15/8 31/32/16 32/31/16
f 24/21/11 30/29/15 29/30/15
f 29/30/15 21/22/11 24/21/11
f 28/25/13 32/31/16 31/32/16
f 31/32/16 25/26/13 28/25/13
f 35/33/17 36/34/17 33/35/17
f 33/35/17 34/36/17 35/33/17
f 39/37/18 40/38/18 37/39/18
f 37/39/18 38/40/18 39/37/18
f 38/41/19 36/42/19 35/43/19
f 35/43/19 39/44/19 38/41/19
f 33/45/20 37/46/20 40/47/20
f 40/47/20 34/48/20 33/45/20
f 43/49/17 44/50/17 41/51/17
f 41/51/17 42/52/17 43/49/17
f 47/53/18 48/54/18 45/55/18
f 45/55/18 46/56/18 47/53/18
f 47/57/21 46/58/22 42/59/22
f 42/59/22 41/60/21 47/57/21
f 44/61/23 43/62/23 45/63/23
f 45/63/23 48/64/23 44/61/23
f 44/50/17 33/35/17 36/34/17
f 36/34/17 41/51/17 44/50/17
f 48/54/18 47/53/18 38/40/18
f 38/40/18 37/39/18 48/54/18
f 41/60/24 36/42/25 38/41/25
f 38/41/25 47/57/24 41/60/24
f 48/64/26 37/46/27 33/45/27
f 33/45/27 44/61/26 48/64/26
f 51/65/17 35/33/17 49/66/17
f 49/66/17 50/67/17 51/65/17
f 53/68/18 54/69/18 52/70/18
f 52/70/18 39/37/18 53/68/18
f 39/44/12 35/43/12 51/71/28
f 51/71/28 53/72/28 39/44/12
f 49/73/29 52/74/29 54/75/29
f 54/75/29 50/76/29 49/73/29
f 34/36/17 55/77/17 35/33/17
f 39/37/18 56/78/18 40/38/18
f 55/79/30 34/48/31 40/47/31
f 40/47/31 56/80/30 55/79/30
f 55/77/17 49/66/17 35/33/17
f 39/37/18 52/70/18 56/78/18
f 49/73/32 55/79/32 56/80/32
f 56/80/32 52/74/32 49/73/32
f 26/27/33 23/81/33 22/82/33
f 22/82/33 27/28/33 26/27/33
f 54/75/33 53/83/33 51/84/33
f 51/84/33 50/76/33 54/75/33
f 59/85/17 60/86/17 57/87/17
f 57/87/17 58/88/17 59/85/17
f 63/89/18 64/90/18 61/91/18
f 61/91/18 62/92/18 63/89/18
f 62/93/19 60/94/19 59/95/19
f 59/95/19 63/96/19 62/93/19
f 57/97/20 61/98/20 64/99/20
f 64/99/20 58/100/20 57/97/20
f 67/101/17 68/102/17 65/103/17
f 65/103/17 66/104/17 67/101/17
f 71/105/18 72/106/18 69/107/18
f 69/107/18 70/108/18 71/105/18
f 71/109/34 70/110/22 66/111/22
f 66/111/22 65/112/21 71/109/34
f 68/113/23 67/114/23 69/115/23
f 69/115/23 72/116/23 68/113/23
f 68/102/17 57/87/17 60/86/17
f 60/86/17 65/103/17 68/102/17
f 72/106/18 71/105/18 62/92/18
f 62/92/18 61/91/18 72/106/18
f 65/112/24 60/94/25 62/93/25
f 62/93/25 71/109/24 65/112/24
f 72/116/26 61/98/27 57/97/27
f 57/97/27 68/113/26 72/116/26
f 75/117/17 59/85/17 73/118/17
f 73/118/17 74/119/17 75/117/17
f 77/120/18 78/121/18 76/122/18
f 76/122/18 63/89/18 77/120/18
f 63/96/12 59/95/12 75/123/28
f 75/123/28 77/124/28 63/96/12
f 73/125/29 76/126/29 78/127/29
f 78/127/29 74/128/29 73/125/29
f 58/88/17 79/129/17 59/85/17
f 63/89/18 80/130/18 64/90/18
f 79/131/35 58/100/31 64/99/31
f 64/99/31 80/132/35 79/131/35
f 79/129/17 73/118/17 59/85/17
f 63/89/18 76/122/18 80/130/18
f 73/125/32 79/131/32 80/132/32
f 80/132/32 76/126/32 73/125/32
f 78/127/33 77/133/33 75/134/33
f 75/134/33 74/128/33 78/127/33
f 84/135/33 81/136/33 82/137/33
f 82/137/33 83/138/33 84/135/33
f 88/139/36 85/140/36 86/141/36
f 86/141/36 87/142/36 88/139/36
f 81/136/2 87/143/2 86/144/2
f 86/144/2 82/137/2 81/136/2
f 83/138/3 85/140/3 88/139/3
f 88/139/3 84/135/3 83/138/3
f 92/145/37 89/146/38 90/147/39
f 90/147/39 91/148/40 92/145/37
f 91/148/41 93/149/42 94/150/43
f 94/150/43 92/145/44 91/148/41
f 93/149/45 95/151/45 96/152/45
f 96/152/45 94/150/46 93/149/45
f 95/151/47 97/153/47 98/154/47
f 98/154/47 96/152/47 95/151/47
f 97/153/48 99/155/48 100/156/48
f 100/156/48 98/154/49 97/153/48
f 99/155/50 90/147/51 89/146/51
f 89/146/51 100/156/50 99/155/50
f 98/154/18 100/156/18 89/146/18
f 89/146/18 92/145/18 94/150/18
f 98/154/18 89/146/18 94/150/18
f 98/154/18 94/150/18 96/152/18
f 104/157/52 101/158/52 102/159/52
f 102/159/52 103/160/52 104/157/52
f 103/160/53 105/161/54 106/162/55
f 106/162/55 104/157/53 103/160/53
f 105/161/56 107/163/56 108/164/56
f 108/164/56 106/162/56 105/161/56
f 107/163/57 109/165/58 110/166/59
f 110/166/59 108/164/57 107/163/57
f 109/165/60 111/167/60 112/168/60
f 112/168/60 110/166/60 109/165/60
f 111/167/61 102/159/61 101/158/61
f 101/158/61 112/168/62 111/167/61
f 110/166/18 112/168/18 101/158/18
f 101/158/18 104/157/18 106/162/18
f 110/166/18 101/158/18 106/162/18
f 110/166/18 106/162/18 108/164/18
f 116/169/3 113/170/3 114/171/3
f 114/171/3 115/172/3 116/169/3
f 120/173/2 117/174/2 118/175/2
f 118/175/2 119/176/2 120/173/2
f 126/177/17 114/178/17 113/179/17
f 113/179/17 121/180/17 122/181/17
f 122/181/17 123/182/17 119/183/17
f 113/179/17 122/181/17 119/183/17
f 126/177/17 113/179/17 119/183/17
f 119/183/17 118/184/17 124/185/17
f 126/177/17 119/183/17 124/185/17
f 126/177/17 124/185/17 125/186/17
f 132/187/18 116/188/18 115/189/18
f 115/189/18 127/190/18 128/191/18
f 128/191/18 129/192/18 117/193/18
f 115/189/18 128/191/18 117/193/18
f 132/187/18 115/189/18 117/193/18
f 117/193/18 120/194/18 130/195/18
f 132/187/18 117/193/18 130/195/18
f 132/187/18 130/195/18 131/196/18
f 132/197/33 121/198/33 113/170/33
f 113/170/33 116/169/33 132/197/33
f 126/199/36 127/200/36 115/172/36
f 115/172/36 114/171/36 126/199/36
f 124/201/63 118/175/63 117/174/63
f 117/174/63 129/202/63 124/201/63
f 130/203/64 120/204/64 119/205/64
f 119/205/64 123/206/64 130/203/64
f 125/207/65 124/201/65 129/202/65
f 129/202/65 128/208/65 125/207/65
f 126/199/66 125/207/66 128/208/66
f 128/208/66 127/200/66 126/199/66
f 131/209/67 130/203/67 123/206/67
f 123/206/67 122/210/67 131/209/67
f 132/197/68 131/209/68 122/210/68
f 122/210/68 121/198/68 132/197/68
f 136/211/3 133/212/3 134/213/3
f 134/213/3 135/214/3 136/211/3
f 140/215/2 137/216/2 138/217/2
f 138/217/2 139/218/2 140/215/2
f 146/219/17 134/220/17 133/221/17
f 133/221/17 141/222/17 142/223/17
f 142/223/17 143/224/17 139/225/17
f 133/221/17 142/223/17 139/225/17
f 146/219/17 133/221/17 139/225/17
f 139/225/17 138/226/17 144/227/17
f 146/219/17 139/225/17 144/227/17
f 146/219/17 144/227/17 145/228/17
f 152/229/18 136/230/18 135/231/18
f 135/231/18 147/232/18 148/233/18
f 148/233/18 149/234/18 137/235/18
f 135/231/18 148/233/18 137/235/18
f 152/229/18 135/231/18 137/235/18
f 137/235/18 140/236/18 150/237/18
f 152/229/18 137/235/18 150/237/18
f 152/229/18 150/237/18 151/238/18
f 152/239/33 141/240/33 133/212/33
f 133/212/33 136/211/33 152/239/33
f 146/241/36 147/242/36 135/214/36
f 135/214/36 134/213/36 146/241/36
f 144/243/63 138/217/63 137/216/63
f 137/216/63 149/244/63 144/243/63
f 150/245/64 140/215/64 139/218/64
f 139/218/64 143/246/64 150/245/64
f 145/247/65 144/243/65 149/244/65
f 149/244/65 148/248/65 145/247/65
f 146/241/66 145/249/66 148/250/66
f 148/250/66 147/242/66 146/241/66
f 151/251/67 150/245/67 143/246/67
f 143/246/67 142/252/67 151/251/67
f 152/239/68 151/251/68 142/252/68
f 142/252/68 141/240/68 152/239/68
f 156/253/69 153/254/70 154/255/71
f 154/255/71 155/256/69 156/253/69
f 155/256/72 157/257/73 158/258/74
f 158/258/74 156/253/72 155/256/72
f 157/257/75 159/259/76 160/260/76
f 160/260/76 158/258/77 157/257/75
f 159/259/78 161/261/78 162/262/78
f 162/262/78 160/260/78 159/259/78
f 161/261/79 163/263/79 164/264/79
f 164/264/79 162/262/80 161/261/79
f 163/263/81 154/255/81 153/254/81
f 153/254/81 164/264/81 163/263/81
f 162/262/17 164/264/17 153/254/17
f 153/254/17 156/253/17 158/258/17
f 162/262/17 153/254/17 158/258/17
f 162/262/17 158/258/17 160/260/17
f 168/265/37 165/266/39 166/267/39
f 166/267/39 167/268/40 168/265/37
f 167/268/41 169/269/42 170/270/43
f 170/270/43 168/265/44 167/268/41
f 169/269/82 171/271/82 172/272/82
f 172/272/82 170/270/82 169/269/82
f 171/271/47 173/273/83 174/274/83
f 174/274/83 172/272/84 171/271/47
f 173/273/85 175/275/85 176/276/85
f 176/276/85 174/274/85 173/273/85
f 175/275/86 166/267/86 165/266/86
f 165/266/86 176/276/86 175/275/86
f 174/274/18 176/276/18 165/266/18
f 165/266/18 168/265/18 170/270/18
f 174/274/18 165/266/18 170/270/18
f 174/274/18 170/270/18 172/272/18
f 180/277/52 177/278/87 178/279/88
f 178/279/88 179/280/52 180/277/52
f 179/280/43 181/281/43 182/282/43
f 182/282/43 180/277/42 179/280/43
f 181/281/82 183/283/89 184/284/82
f 184/284/82 182/282/82 181/281/82
f 183/283/90 185/285/91 186/286/91
f 186/286/91 184/284/92 183/283/90
f 185/285/49 187/287/85 188/288/48
f 188/288/48 186/286/93 185/285/49
f 187/287/94 178/279/94 177/278/94
f 177/278/94 188/288/94 187/287/94
f 186/286/18 188/288/18 177/278/18
f 177/278/18 180/277/18 182/282/18
f 186/286/18 177/278/18 182/282/18
f 186/286/18 182/282/18 184/284/18
f 192/289/95 189/290/96 190/291/95
f 190/291/95 191/292/97 192/289/95
f 191/292/98 193/293/98 194/294/98
f 194/294/98 192/289/99 191/292/98
f 193/293/100 195/295/100 196/296/100
f 196/296/100 194/294/100 193/293/100
f 195/295/101 197/297/102 198/298/101
f 198/298/101 196/296/101 195/295/101
f 197/297/103 199/299/103 200/300/103
f 200/300/103 198/298/103 197/297/103
f 199/299/104 190/291/104 189/290/104
f 189/290/104 200/300/104 199/299/104
f 198/298/17 200/300/17 189/290/17
f 189/290/17 192/289/17 194/294/17
f 198/298/17 189/290/17 194/294/17
f 198/298/17 194/294/17 196/296/17
f 204/301/105 201/302/106 202/303/105
f 202/303/105 203/304/105 204/301/105
f 203/304/98 205/305/98 206/306/98
f 206/306/98 204/301/98 203/304/98
f 205/305/107 207/307/107 208/308/107
f 208/308/107 206/306/108 205/305/107
f 207/307/109 209/309/110 210/310/102
f 210/310/102 208/308/111 207/307/109
f 209/309/112 211/311/113 212/312/112
f 212/312/112 210/310/114 209/309/112
f 211/311/115 202/303/115 201/302/115
f 201/302/115 212/312/115 211/311/115
f 210/310/17 212/312/17 201/302/17
f 201/302/17 204/301/17 206/306/17
f 210/310/17 201/302/17 206/306/17
f 210/310/17 206/306/17 208/308/17
f 216/313/116 213/314/105 214/315/116
f 214/315/116 215/316/117 216/313/116
f 215/316/118 217/317/118 218/318/118
f 218/318/118 216/313/119 215/316/118
f 217/317/100 219/319/100 220/320/100
f 220/320/100 218/318/100 217/317/100
f 219/319/111 221/321/102 222/322/109
f 222/322/109 220/320/111 219/319/111
f 221/321/120 223/323/121 224/324/121
f 224/324/121 222/322/103 221/321/120
f 223/323/104 214/315/122 213/314/122
f 213/314/122 224/324/123 223/323/104
f 222/322/17 224/324/17 213/314/17
f 213/314/17 216/313/17 218/318/17
f 222/322/17 213/314/17 218/318/17
f 222/322/17 218/318/17 220/320/17
f 228/325/39 225/326/124 226/327/125
f 226/327/125 227/328/126 228/325/39
f 227/328/41 229/329/42 230/330/42
f 230/330/42 228/325/41 227/328/41
f 229/329/127 231/331/82 232/332/127
f 232/332/127 230/330/127 229/329/127
f 231/331/90 233/333/91 234/334/128
f 234/334/128 232/332/129 231/331/90
f 233/333/49 235/335/48 236/336/49
f 236/336/49 234/334/93 233/333/49
f 235/335/130 226/327/50 225/326/130
f 225/326/130 236/336/130 235/335/130
f 234/334/18 236/336/18 225/326/18
f 225/326/18 228/325/18 230/330/18
f 234/334/18 225/326/18 230/330/18
f 234/334/18 230/330/18 232/332/18
f 240/337/131 237/338/132 238/339/131
f 238/339/131 239/340/95 240/337/131
f 239/340/98 241/341/98 242/342/98
f 242/342/98 240/337/99 239/340/98
f 241/341/108 243/343/100 244/344/107
f 244/344/107 242/342/133 241/341/108
f 243/343/101 245/345/102 246/346/101
f 246/346/101 244/344/101 243/343/101
f 245/345/103 247/347/121 248/348/120
f 248/348/120 246/346/103 245/345/103
f 247/347/134 238/339/134 237/338/134
f 237/338/134 248/348/134 247/347/134
f 246/346/17 248/348/17 237/338/17
f 237/338/17 240/337/17 242/342/17
f 246/346/17 237/338/17 242/342/17
f 246/346/17 242/342/17 244/344/17
f 46/349/36 45/63/36 43/62/36
f 43/62/36 42/350/36 46/349/36
f 70/351/36 69/115/36 67/114/36
f 67/114/36 66/352/36 70/351/36
f 251/353/135 252/354/136 249/355/137
f 249/355/137 250/356/138 251/353/135
f 255/357/139 256/358/139 253/359/139
f 253/359/140 254/360/140 255/357/140
f 250/356/141 256/358/141 255/357/141
f 255/357/141 251/353/141 250/356/141
f 252/361/142 254/360/142 253/359/142
f 253/359/142 249/362/142 252/361/142
f 259/363/137 260/364/143 257/365/144
f 257/365/144 258/366/138 259/363/137
f 263/367/145 264/368/145 261/369/145
f 261/369/146 262/370/146 263/367/146
f 258/366/141 264/368/141 263/367/141
f 263/367/141 259/363/141 258/366/141
f 260/371/142 262/370/142 261/369/142
f 261/369/142 257/372/142 260/371/142
f 268/373/17 265/374/17 266/375/17
f 266/375/17 267/376/17 268/373/17
f 272/377/18 269/378/18 270/379/18
f 270/379/18 271/380/18 272/377/18
f 265/374/36 271/380/36 270/379/36
f 270/379/36 266/375/36 265/374/36
f 267/381/33 269/382/33 272/383/33
f 272/383/33 268/384/33 267/381/33
f 275/385/137 276/386/137 273/387/17
f 273/387/17 274/388/17 275/385/137
f 279/389/18 280/390/18 277/391/18
f 277/391/147 278/392/147 279/389/147
f 274/388/148 280/390/148 279/389/148
f 279/389/148 275/385/148 274/388/148
f 276/393/149 278/392/149 277/391/149
f 277/391/149 273/394/149 276/393/149
f 283/395/17 284/396/137 281/397/17
f 281/397/17 282/398/17 283/395/17
f 287/399/18 288/400/18 285/401/18
f 285/401/150 286/402/150 287/399/150
f 282/398/151 288/400/151 287/399/151
f 287/399/151 283/395/151 282/398/151
f 284/403/152 286/402/152 285/401/152
f 285/401/152 281/404/152 284/403/152
f 272/383/2 271/405/2 265/406/2
f 265/406/2 268/384/2 272/383/2
f 292/407/17 289/408/17 290/409/17
f 290/409/17 291/410/17 292/407/17
f 296/411/18 293/412/18 294/413/18
f 294/413/18 295/414/18 296/411/18
f 289/408/36 295/414/36 294/413/36
f 294/413/36 290/409/36 289/408/36
f 291/415/33 293/416/33 296/417/33
f 296/417/33 292/418/33 291/415/33
f 296/417/2 295/419/2 289/420/2
f 289/420/2 292/418/2 296/417/2
f 300/421/17 297/422/17 298/423/17
f 298/423/17 299/424/17 300/421/17
f 304/425/18 301/426/18 302/427/18
f 302/427/18 303/428/18 304/425/18
f 297/429/2 303/430/2 302/431/2
f 302/431/2 298/432/2 297/429/2
f 299/424/3 301/426/3 304/425/3
f 304/425/3 300/421/3 299/424/3
f 304/433/33 303/430/33 297/429/33
f 297/429/33 300/434/33 304/433/33
f 302/431/36 301/435/36 299/436/36
f 299/436/36 298/432/36 302/431/36
f 308/437/17 305/438/17 306/439/17
f 306/439/17 307/440/17 308/437/17
f 312/441/18 309/442/18 310/443/18
f 310/443/18 311/444/18 312/441/18
f 305/445/2 311/446/2 310/447/2
f 310/447/2 306/448/2 305/445/2
f 307/440/3 309/442/3 312/441/3
f 312/441/3 308/437/3 307/440/3
f 312/449/33 311/446/33 305/445/33
f 305/445/33 308/450/33 312/449/33
f 310/447/36 309/451/36 307/452/36
f 307/452/36 306/448/36 310/447/36
f 316/453/17 313/454/17 314/455/17
f 314/455/17 315/456/17 316/453/17
f 320/457/18 317/458/18 318/459/18
f 318/459/18 319/460/18 320/457/18
f 313/461/2 319/462/2 318/463/2
f 318/463/2 314/464/2 313/461/2
f 315/456/3 317/458/3 320/457/3
f 320/457/3 316/453/3 315/456/3
f 320/465/33 319/462/33 313/461/33
f 313/461/33 316/466/33 320/465/33
f 318/463/36 317/467/36 315/468/36
f 315/468/36 314/464/36 318/463/36
f 324/469/17 321/470/17 322/471/17
f 322/471/17 323/472/17 324/469/17
f 328/473/18 325/474/18 326/475/18
f 326/475/18 327/476/18 328/473/18
f 321/477/2 327/478/2 326/479/2
f 326/479/2 322/480/2 321/477/2
f 323/472/3 325/474/3 328/473/3
f 328/473/3 324/469/3 323/472/3
f 328/481/33 327/478/33 321/477/33
f 321/477/33 324/482/33 328/481/33
f 326/479/36 325/483/36 323/484/36
f 323/484/36 322/480/36 326/479/36
f 332/485/17 329/486/17 330/487/17
f 330/487/17 331/488/17 332/485/17
f 336/489/18 333/490/18 334/491/18
f 334/491/18 335/492/18 336/489/18
f 329/493/2 335/494/2 334/495/2
f 334/495/2 330/496/2 329/493/2
f 331/488/3 333/490/3 336/489/3
f 336/489/3 332/485/3 331/488/3
f 336/497/33 335/494/33 329/493/33
f 329/493/33 332/498/33 336/497/33
f 334/495/36 333/499/36 331/500/36
f 331/500/36 330/496/36 334/495/36
f 339/501/135 340/502/153 337/503/154
f 337/503/154 338/504/138 339/501/135
f 343/505/145 344/506/145 341/507/145
f 341/507/146 342/508/146 343/505/146
f 338/504/141 344/506/141 343/505/141
f 343/505/141 339/501/141 338/504/141
f 340/509/142 342/508/142 341/507/142
f 341/507/142 337/510/142 340/509/142
f 347/511/135 348/512/153 345/513/154
f 345/513/154 346/514/138 347/511/135
f 351/515/145 352/516/145 349/517/145
f 349/517/146 350/518/146 351/515/146
f 346/514/141 352/516/141 351/515/141
f 351/515/141 347/511/141 346/514/141
f 348/519/142 350/518/142 349/517/142
f 349/517/142 345/520/142 348/519/142
f 356/521/2 353/522/2 354/523/2
f 354/523/2 355/524/2 356/521/2
f 360/525/3 357/526/3 358/527/3
f 358/527/3 359/528/3 360/525/3
f 372/529/18 373/530/18 374/531/18
f 374/531/18 361/532/155 362/533/18
f 362/533/18 363/534/18 364/535/18
f 374/531/18 362/533/18 364/535/18
f 364/535/18 365/536/18 366/537/18
f 366/537/18 367/538/18 354/539/18
f 364/535/18 366/537/18 354/539/18
f 354/539/18 353/540/18 368/541/18
f 368/541/18 369/542/18 370/543/18
f 354/539/18 368/541/18 370/543/18
f 364/535/18 354/539/18 370/543/18
f 374/531/18 364/535/18 370/543/18
f 372/529/18 374/531/18 370/543/18
f 372/529/18 370/543/18 371/544/18
f 385/545/17 386/546/17 360/547/17
f 360/547/17 359/548/17 375/549/17
f 375/549/17 376/550/17 377/551/17
f 360/547/17 375/549/17 377/551/17
f 377/551/17 378/552/156 379/553/17
f 379/553/17 380/554/17 356/555/17
f 377/551/17 379/553/17 356/555/17
f 356/555/17 355/556/17 381/557/17
f 381/557/17 382/558/17 383/559/17
f 356/555/17 381/557/17 383/559/17
f 377/551/17 356/555/17 383/559/17
f 360/547/17 377/551/17 383/559/17
f 385/545/17 360/547/17 383/559/17
f 385/545/17 383/559/17 384/560/156
f 377/561/33 371/562/33 370/563/33
f 370/563/33 378/564/33 377/561/33
f 364/565/36 384/566/36 383/567/36
f 383/567/36 365/568/36 364/565/36
f 368/569/157 353/522/157 356/521/157
f 356/521/157 380/570/157 368/569/157
f 381/571/158 355/524/158 354/523/158
f 354/523/158 367/572/158 381/571/158
f 369/573/159 368/574/159 380/575/159
f 380/575/159 379/576/160 369/573/159
f 370/563/161 369/573/161 379/576/161
f 379/576/161 378/564/161 370/563/161
f 382/577/162 381/571/163 367/572/162
f 367/572/162 366/578/162 382/577/162
f 383/567/164 382/577/164 366/578/164
f 366/578/164 365/568/164 383/567/164
f 362/579/165 361/580/165 357/526/165
f 362/579/165 357/526/165 360/525/165
f 362/579/165 360/525/165 386/581/165
f 375/582/166 359/528/166 358/527/166
f 375/582/166 358/527/166 374/583/166
f 375/582/166 374/583/166 373/584/166
f 363/585/167 362/579/167 386/581/167
f 386/581/167 385/586/167 363/585/167
f 364/565/168 363/585/168 385/586/168
f 385/586/168 384/566/168 364/565/168
f 376/587/169 375/582/169 373/584/169
f 373/584/169 372/588/169 376/587/169
f 377/561/170 376/587/170 372/588/170
f 372/588/170 371/562/170 377/561/170
f 390/589/2 387/590/2 388/591/2
f 388/591/2 389/592/2 390/589/2
f 394/593/3 391/594/3 392/595/3
f 392/595/3 393/596/3 394/593/3
f 406/597/18 407/598/18 408/599/18
f 408/599/18 395/600/18 396/601/18
f 396/601/18 397/602/18 398/603/18
f 408/599/18 396/601/18 398/603/18
f 398/603/18 399/604/18 400/605/18
f 400/605/18 401/606/18 388/607/18
f 398/603/18 400/605/18 388/607/18
f 388/607/18 387/608/18 402/609/18
f 402/609/18 403/610/18 404/611/18
f 388/607/18 402/609/18 404/611/18
f 398/603/18 388/607/18 404/611/18
f 408/599/18 398/603/18 404/611/18
f 406/597/18 408/599/18 404/611/18
f 406/597/18 404/611/18 405/612/18
f 419/613/17 420/614/17 394/615/17
f 394/615/17 393/616/17 409/617/17
f 409/617/17 410/618/17 411/619/17
f 394/615/17 409/617/17 411/619/17
f 411/619/17 412/620/156 413/621/17
f 413/621/17 414/622/17 390/623/17
f 411/619/17 413/621/17 390/623/17
f 390/623/17 389/624/17 415/625/17
f 415/625/17 416/626/17 417/627/17
f 390/623/17 415/625/17 417/627/17
f 411/619/17 390/623/17 417/627/17
f 394/615/17 411/619/17 417/627/17
f 419/613/17 394/615/17 417/627/17
f 419/613/17 417/627/17 418/628/156
f 411/629/33 405/630/33 404/631/33
f 404/631/33 412/632/33 411/629/33
f 398/633/36 418/634/36 417/635/36
f 417/635/36 399/636/36 398/633/36
f 402/637/157 387/590/157 390/589/157
f 390/589/157 414/638/157 402/637/157
f 415/639/158 389/592/158 388/591/158
f 388/591/158 401/640/158 415/639/158
f 403/641/160 402/642/160 414/643/160
f 414/643/160 413/644/160 403/641/160
f 404/631/161 403/641/161 413/644/161
f 413/644/161 412/632/161 404/631/161
f 416/645/163 415/639/163 401/640/163
f 401/640/163 400/646/163 416/645/163
f 417/635/164 416/645/164 400/646/164
f 400/646/164 399/636/164 417/635/164
f 396/647/165 395/648/165 391/594/165
f 396/647/165 391/594/165 394/593/165
f 396/647/165 394/593/165 420/649/165
f 409/650/166 393/596/166 392/595/166
f 409/650/166 392/595/166 408/651/166
f 409/650/166 408/651/166 407/652/166
f 397/653/167 396/647/167 420/649/167
f 420/649/167 419/654/167 397/653/167
f 398/633/168 397/653/168 419/654/168
f 419/654/168 418/634/168 398/633/168
f 410/655/171 409/650/171 407/652/171
f 407/652/171 406/656/171 410/655/171
f 411/629/170 410/655/170 406/656/170
f 406/656/170 405/630/170 411/629/170
f 424/657/2 421/658/2 422/659/2
f 422/659/2 423/660/2 424/657/2
f 428/661/3 425/662/3 426/663/3
f 426/663/3 427/664/3 428/661/3
f 440/665/18 441/666/18 442/667/18
f 442/667/18 429/668/18 430/669/18
f 430/669/18 431/670/18 432/671/18
f 442/667/18 430/669/18 432/671/18
f 432/671/18 433/672/18 434/673/18
f 434/673/18 435/674/18 422/675/18
f 432/671/18 434/673/18 422/675/18
f 422/675/18 421/676/18 436/677/18
f 436/677/18 437/678/18 438/679/18
f 422/675/18 436/677/18 438/679/18
f 432/671/18 422/675/18 438/679/18
f 442/667/18 432/671/18 438/679/18
f 440/665/18 442/667/18 438/679/18
f 440/665/18 438/679/18 439/680/18
f 453/681/17 454/682/17 428/683/17
f 428/683/17 427/684/17 443/685/17
f 443/685/17 444/686/17 445/687/17
f 428/683/17 443/685/17 445/687/17
f 445/687/17 446/688/156 447/689/17
f 447/689/17 448/690/17 424/691/17
f 445/687/17 447/689/17 424/691/17
f 424/691/17 423/692/17 449/693/17
f 449/693/17 450/694/17 451/695/17
f 424/691/17 449/693/17 451/695/17
f 445/687/17 424/691/17 451/695/17
f 428/683/17 445/687/17 451/695/17
f 453/681/17 428/683/17 451/695/17
f 453/681/17 451/695/17 452/696/156
f 445/697/33 439/698/33 438/699/33
f 438/699/33 446/700/33 445/697/33
f 432/701/36 452/702/36 451/703/36
f 451/703/36 433/704/36 432/701/36
f 436/705/157 421/706/157 424/707/157
f 424/707/157 448/708/157 436/705/157
f 449/709/158 423/660/158 422/659/158
f 422/659/158 435/710/158 449/709/158
f 437/711/160 436/705/160 448/708/160
f 448/708/160 447/712/160 437/711/160
f 438/699/161 437/711/161 447/712/161
f 447/712/161 446/700/161 438/699/161
f 450/713/162 449/709/162 435/710/162
f 435/710/162 434/714/162 450/713/162
f 451/703/164 450/713/164 434/714/164
f 434/714/164 433/704/164 451/703/164
f 430/715/165 429/716/165 425/662/165
f 430/715/165 425/662/165 428/661/165
f 430/715/165 428/661/165 454/717/165
f 443/718/166 427/664/166 426/663/166
f 443/718/166 426/663/166 442/719/166
f 443/718/166 442/719/166 441/720/166
f 431/721/172 430/715/172 454/717/172
f 454/717/172 453/722/172 431/721/172
f 432/701/168 431/721/168 453/722/168
f 453/722/168 452/702/168 432/701/168
f 444/723/171 443/718/171 441/720/171
f 441/720/171 440/724/171 444/723/171
f 445/697/170 444/723/170 440/724/170
f 440/724/170 439/698/170 445/697/170
f 458/725/2 455/726/2 456/727/2
f 456/727/2 457/728/2 458/725/2
f 462/729/3 459/730/3 460/731/3
f 460/731/3 461/732/3 462/729/3
f 474/733/18 475/734/18 476/735/18
f 476/735/18 463/736/18 464/737/18
f 464/737/18 465/738/18 466/739/18
f 476/735/18 464/737/18 466/739/18
f 466/739/18 467/740/18 468/741/18
f 468/741/18 469/742/18 456/743/18
f 466/739/18 468/741/18 456/743/18
f 456/743/18 455/744/18 470/745/18
f 470/745/18 471/746/18 472/747/18
f 456/743/18 470/745/18 472/747/18
f 466/739/18 456/743/18 472/747/18
f 476/735/18 466/739/18 472/747/18
f 474/733/18 476/735/18 472/747/18
f 474/733/18 472/747/18 473/748/18
f 487/749/17 488/750/17 462/751/17
f 462/751/17 461/752/17 477/753/17
f 477/753/17 478/754/17 479/755/17
f 462/751/17 477/753/17 479/755/17
f 479/755/17 480/756/156 481/757/17
f 481/757/17 482/758/17 458/759/17
f 479/755/17 481/757/17 458/759/17
f 458/759/17 457/760/17 483/761/17
f 483/761/17 484/762/17 485/763/17
f 458/759/17 483/761/17 485/763/17
f 479/755/17 458/759/17 485/763/17
f 462/751/17 479/755/17 485/763/17
f 487/749/17 462/751/17 485/763/17
f 487/749/17 485/763/17 486/764/156
f 479/765/33 473/766/33 472/767/33
f 472/767/33 480/768/33 479/765/33
f 466/769/36 486/770/36 485/771/36
f 485/771/36 467/772/36 466/769/36
f 470/773/157 455/726/157 458/725/157
f 458/725/157 482/774/157 470/773/157
f 483/775/158 457/728/158 456/727/158
f 456/727/158 469/776/158 483/775/158
f 471/777/160 470/778/160 482/779/160
f 482/779/160 481/780/160 471/777/160
f 472/767/161 471/777/161 481/780/161
f 481/780/161 480/768/161 472/767/161
f 484/781/173 483/775/173 469/776/173
f 469/776/173 468/782/173 484/781/173
f 485/771/174 484/781/174 468/782/174
f 468/782/174 467/772/174 485/771/174
f 464/783/165 463/784/165 459/730/165
f 464/783/165 459/730/165 462/729/165
f 464/783/165 462/729/165 488/785/165
f 477/786/175 461/732/175 460/731/175
f 477/786/175 460/731/175 476/787/175
f 477/786/175 476/787/175 475/788/175
f 465/789/176 464/783/176 488/785/176
f 488/785/176 487/790/176 465/789/176
f 466/769/177 465/789/177 487/790/177
f 487/790/177 486/770/177 466/769/177
f 478/791/171 477/786/171 475/788/171
f 475/788/171 474/792/171 478/791/171
f 479/765/170 478/791/170 474/792/170
f 474/792/170 473/766/170 479/765/170
f 491/793/17 492/794/17 489/795/17
f 489/795/17 490/796/17 491/793/17
f 495/797/18 496/798/18 493/799/18
f 493/799/18 494/800/18 495/797/18
f 490/796/141 496/798/141 495/797/141
f 495/797/141 491/793/141 490/796/141
f 492/801/142 494/800/142 493/799/142
f 493/799/142 489/802/142 492/801/142
f 499/803/17 500/804/17 497/805/17
f 497/805/17 498/806/17 499/803/17
f 503/807/18 504/808/18 501/809/18
f 501/809/18 502/810/18 503/807/18
f 498/806/141 504/808/141 503/807/141
f 503/807/141 499/803/141 498/806/141
f 500/811/142 502/810/142 501/809/142
f 501/809/142 497/812/142 500/811/142
f 508/813/2 505/814/2 506/815/2
f 506/815/2 507/816/2 508/813/2
f 512/817/3 509/818/3 510/819/3
f 510/819/3 511/820/3 512/817/3
f 524/821/18 525/822/18 526/823/18
f 526/823/18 513/824/18 514/825/18
f 514/825/18 515/826/18 516/827/18
f 526/823/18 514/825/18 516/827/18
f 516/827/18 517/828/178 518/829/18
f 518/829/18 519/830/18 506/831/18
f 516/827/18 518/829/18 506/831/18
f 506/831/18 505/832/18 520/833/18
f 520/833/18 521/834/18 522/835/18
f 506/831/18 520/833/18 522/835/18
f 516/827/18 506/831/18 522/835/18
f 526/823/18 516/827/18 522/835/18
f 524/821/18 526/823/18 522/835/18
f 524/821/18 522/835/18 523/836/178
f 537/837/17 538/838/17 512/839/17
f 512/839/17 511/840/17 527/841/17
f 527/841/17 528/842/17 529/843/17
f 512/839/17 527/841/17 529/843/17
f 529/843/17 530/844/17 531/845/17
f 531/845/17 532/846/17 508/847/17
f 529/843/17 531/845/17 508/847/17
f 508/847/17 507/848/179 533/849/17
f 533/849/17 534/850/17 535/851/17
f 508/847/17 533/849/17 535/851/17
f 529/843/17 508/847/17 535/851/17
f 512/839/17 529/843/17 535/851/17
f 537/837/17 512/839/17 535/851/17
f 537/837/17 535/851/17 536/852/17
f 529/853/33 523/854/33 522/855/33
f 522/855/33 530/856/33 529/853/33
f 516/857/36 536/858/36 535/859/36
f 535/859/36 517/860/36 516/857/36
f 520/861/157 505/862/157 508/863/157
f 508/863/157 532/864/157 520/861/157
f 533/865/158 507/816/158 506/815/158
f 506/815/158 519/866/158 533/865/158
f 521/867/159 520/861/159 532/864/159
f 532/864/159 531/868/159 521/867/159
f 522/855/161 521/867/161 531/868/161
f 531/868/161 530/856/161 522/855/161
f 534/869/163 533/865/163 519/866/163
f 519/866/163 518/870/163 534/869/163
f 535/859/164 534/869/164 518/870/164
f 518/870/164 517/860/164 535/859/164
f 514/871/165 513/872/165 509/818/165
f 514/871/165 509/818/165 512/817/165
f 514/871/165 512/817/165 538/873/165
f 527/874/166 511/820/166 510/819/166
f 527/874/166 510/819/166 526/875/166
f 527/874/166 526/875/166 525/876/166
f 515/877/172 514/871/172 538/873/172
f 538/873/172 537/878/172 515/877/172
f 516/857/168 515/877/168 537/878/168
f 537/878/168 536/858/168 516/857/168
f 528/879/171 527/874/169 525/876/169
f 525/876/169 524/880/171 528/879/171
f 529/853/170 528/879/170 524/880/170
f 524/880/170 523/854/170 529/853/170
f 542/881/2 539/882/2 540/883/2
f 540/883/2 541/884/2 542/881/2
f 546/885/3 543/886/3 544/887/3
f 544/887/3 545/888/3 546/885/3
f 558/889/18 559/890/18 560/891/18
f 560/891/18 547/892/18 548/893/18
f 548/893/18 549/894/18 550/895/18
f 560/891/18 548/893/18 550/895/18
f 550/895/18 551/896/178 552/897/18
f 552/897/18 553/898/18 540/899/18
f 550/895/18 552/897/18 540/899/18
f 540/899/18 539/900/18 554/901/18
f 554/901/18 555/902/18 556/903/18
f 540/899/18 554/901/18 556/903/18
f 550/895/18 540/899/18 556/903/18
f 560/891/18 550/895/18 556/903/18
f 558/889/18 560/891/18 556/903/18
f 558/889/18 556/903/18 557/904/178
f 571/905/17 572/906/17 546/907/17
f 546/907/17 545/908/17 561/909/17
f 561/909/17 562/910/17 563/911/17
f 546/907/17 561/909/17 563/911/17
f 563/911/17 564/912/17 565/913/17
f 565/913/17 566/914/17 542/915/17
f 563/911/17 565/913/17 542/915/17
f 542/915/17 541/916/17 567/917/17
f 567/917/17 568/918/17 569/919/17
f 542/915/17 567/917/17 569/919/17
f 563/911/17 542/915/17 569/919/17
f 546/907/17 563/911/17 569/919/17
f 571/905/17 546/907/17 569/919/17
f 571/905/17 569/919/17 570/920/17
f 563/921/33 557/922/33 556/923/33
f 556/923/33 564/924/33 563/921/33
f 550/925/36 570/926/36 569/927/36
f 569/927/36 551/928/36 550/925/36
f 554/929/157 539/930/157 542/931/157
f 542/931/157 566/932/157 554/929/157
f 567/933/158 541/884/158 540/883/158
f 540/883/158 553/934/158 567/933/158
f 555/935/160 554/929/160 566/932/160
f 566/932/160 565/936/160 555/935/160
f 556/923/161 555/935/161 565/936/161
f 565/936/161 564/924/161 556/923/161
f 568/937/163 567/933/163 553/934/163
f 553/934/163 552/938/163 568/937/163
f 569/927/164 568/937/164 552/938/164
f 552/938/164 551/928/164 569/927/164
f 548/939/165 547/940/165 543/886/165
f 548/939/165 543/886/165 546/885/165
f 548/939/165 546/885/165 572/941/165
f 561/942/175 545/888/166 544/887/166
f 561/942/175 544/887/166 560/943/166
f 561/942/175 560/943/166 559/944/175
f 549/945/167 548/939/167 572/941/167
f 572/941/167 571/946/167 549/945/167
f 550/925/168 549/945/168 571/946/168
f 571/946/168 570/926/168 550/925/168
f 562/947/171 561/942/171 559/944/171
f 559/944/171 558/948/171 562/947/171
f 563/921/170 562/947/170 558/948/170
f 558/948/170 557/922/170 563/921/170
f 576/949/2 573/950/2 574/951/2
f 574/951/2 575/952/2 576/949/2
f 580/953/3 577/954/3 578/955/3
f 578/955/3 579/956/3 580/953/3
f 592/957/18 593/958/18 594/959/18
f 594/959/18 581/960/18 582/961/18
f 582/961/18 583/962/18 584/963/18
f 594/959/18 582/961/18 584/963/18
f 584/963/18 585/964/178 586/965/18
f 586/965/18 587/966/18 574/967/18
f 584/963/18 586/965/18 574/967/18
f 574/967/18 573/968/18 588/969/18
f 588/969/18 589/970/18 590/971/18
f 574/967/18 588/969/18 590/971/18
f 584/963/18 574/967/18 590/971/18
f 594/959/18 584/963/18 590/971/18
f 592/957/18 594/959/18 590/971/18
f 592/957/18 590/971/18 591/972/178
f 605/973/17 606/974/17 580/975/17
f 580/975/17 579/976/17 595/977/17
f 595/977/17 596/978/17 597/979/17
f 580/975/17 595/977/17 597/979/17
f 597/979/17 598/980/17 599/981/17
f 599/981/17 600/982/17 576/983/17
f 597/979/17 599/981/17 576/983/17
f 576/983/17 575/984/179 601/985/17
f 601/985/17 602/986/17 603/987/17
f 576/983/17 601/985/17 603/987/17
f 597/979/17 576/983/17 603/987/17
f 580/975/17 597/979/17 603/987/17
f 605/973/17 580/975/17 603/987/17
f 605/973/17 603/987/17 604/988/17
f 597/989/33 591/990/33 590/991/33
f 590/991/33 598/992/33 597/989/33
f 584/993/36 604/994/36 603/995/36
f 603/995/36 585/996/36 584/993/36
f 588/997/157 573/950/157 576/949/157
f 576/949/157 600/998/157 588/997/157
f 601/999/158 575/952/158 574/951/158
f 574/951/158 587/1000/158 601/999/158
f 589/1001/160 588/1002/160 600/1003/160
f 600/1003/160 599/1004/160 589/1001/160
f 590/991/161 589/1001/161 599/1004/161
f 599/1004/161 598/992/161 590/991/161
f 602/1005/162 601/999/162 587/1000/162
f 587/1000/162 586/1006/162 602/1005/162
f 603/995/164 602/1005/164 586/1006/164
f 586/1006/164 585/996/164 603/995/164
f 582/1007/165 581/1008/165 577/954/165
f 582/1007/165 577/954/165 580/953/165
f 582/1007/165 580/953/165 606/1009/165
f 595/1010/166 579/956/166 578/955/166
f 595/1010/166 578/955/166 594/1011/166
f 595/1010/166 594/1011/166 593/1012/166
f 583/1013/172 582/1007/172 606/1009/172
f 606/1009/172 605/1014/172 583/1013/172
f 584/993/168 583/1013/168 605/1014/168
f 605/1014/168 604/994/168 584/993/168
f 596/1015/171 595/1010/171 593/1012/171
f 593/1012/171 592/1016/171 596/1015/171
f 597/989/170 596/1015/170 592/1016/170
f 592/1016/170 591/990/170 597/989/170
f 610/1017/2 607/1018/2 608/1019/2
f 608/1019/2 609/1020/2 610/1017/2
f 614/1021/3 611/1022/3 612/1023/3
f 612/1023/3 613/1024/3 614/1021/3
f 626/1025/18 627/1026/18 628/1027/18
f 628/1027/18 615/1028/18 616/1029/18
f 616/1029/18 617/1030/18 618/1031/18
f 628/1027/18 616/1029/18 618/1031/18
f 618/1031/18 619/1032/178 620/1033/18
f 620/1033/18 621/1034/18 608/1035/18
f 618/1031/18 620/1033/18 608/1035/18
f 608/1035/18 607/1036/18 622/1037/18
f 622/1037/18 623/1038/18 624/1039/18
f 608/1035/18 622/1037/18 624/1039/18
f 618/1031/18 608/1035/18 624/1039/18
f 628/1027/18 618/1031/18 624/1039/18
f 626/1025/18 628/1027/18 624/1039/18
f 626/1025/18 624/1039/18 625/1040/178
f 639/1041/17 640/1042/17 614/1043/17
f 614/1043/17 613/1044/180 629/1045/17
f 629/1045/17 630/1046/17 631/1047/17
f 614/1043/17 629/1045/17 631/1047/17
f 631/1047/17 632/1048/17 633/1049/17
f 633/1049/17 634/1050/17 610/1051/17
f 631/1047/17 633/1049/17 610/1051/17
f 610/1051/17 609/1052/179 635/1053/17
f 635/1053/17 636/1054/17 637/1055/17
f 610/1051/17 635/1053/17 637/1055/17
f 631/1047/17 610/1051/17 637/1055/17
f 614/1043/17 631/1047/17 637/1055/17
f 639/1041/17 614/1043/17 637/1055/17
f 639/1041/17 637/1055/17 638/1056/17
f 631/1057/33 625/1058/33 624/1059/33
f 624/1059/33 632/1060/33 631/1057/33
f 618/1061/36 638/1062/36 637/1063/36
f 637/1063/36 619/1064/36 618/1061/36
f 622/1065/157 607/1018/157 610/1017/157
f 610/1017/157 634/1066/157 622/1065/157
f 635/1067/158 609/1020/158 608/1019/158
f 608/1019/158 621/1068/158 635/1067/158
f 623/1069/160 622/1070/160 634/1071/160
f 634/1071/160 633/1072/160 623/1069/160
f 624/1059/161 623/1069/161 633/1072/161
f 633/1072/161 632/1060/161 624/1059/161
f 636/1073/173 635/1067/173 621/1068/173
f 621/1068/173 620/1074/173 636/1073/173
f 637/1063/174 636/1073/174 620/1074/174
f 620/1074/174 619/1064/174 637/1063/174
f 616/1075/165 615/1076/165 611/1022/165
f 616/1075/165 611/1022/165 614/1021/165
f 616/1075/165 614/1021/165 640/1077/165
f 629/1078/166 613/1024/166 612/1023/166
f 629/1078/166 612/1023/166 628/1079/166
f 629/1078/166 628/1079/166 627/1080/166
f 617/1081/172 616/1075/172 640/1077/172
f 640/1077/172 639/1082/172 617/1081/172
f 618/1061/177 617/1081/177 639/1082/177
f 639/1082/177 638/1062/177 618/1061/177
f 630/1083/171 629/1078/171 627/1080/171
f 627/1080/171 626/1084/171 630/1083/171
f 631/1057/170 630/1083/170 626/1084/170
f 626/1084/170 625/1058/170 631/1057/170
f 644/1085/181 641/1086/182 642/1087/181
f 642/1087/181 643/1088/181 644/1085/181
f 643/1088/55 645/1089/53 646/1090/53
f 646/1090/53 644/1085/183 643/1088/55
f 645/1089/184 647/1091/185 648/1092/185
f 648/1092/185 646/1090/56 645/1089/184
f 647/1091/58 649/1093/186 650/1094/58
f 650/1094/58 648/1092/187 647/1091/58
f 649/1093/60 651/1095/60 652/1096/60
f 652/1096/60 650/1094/60 649/1093/60
f 651/1095/61 642/1087/61 641/1086/61
f 641/1086/61 652/1096/61 651/1095/61
f 650/1094/18 652/1096/18 641/1086/18
f 641/1086/18 644/1085/18 646/1090/18
f 650/1094/18 641/1086/18 646/1090/18
f 650/1094/18 646/1090/18 648/1092/18
f 656/1097/181 653/1098/181 654/1099/181
f 654/1099/181 655/1100/181 656/1097/181
f 655/1100/53 657/1101/53 658/1102/53
f 658/1102/53 656/1097/53 655/1100/53
f 657/1101/56 659/1103/185 660/1104/56
f 660/1104/56 658/1102/56 657/1101/56
f 659/1103/58 661/1105/186 662/1106/58
f 662/1106/58 660/1104/188 659/1103/58
f 661/1105/60 663/1107/189 664/1108/60
f 664/1108/60 662/1106/60 661/1105/60
f 663/1107/61 654/1099/61 653/1098/61
f 653/1098/61 664/1108/61 663/1107/61
f 662/1106/18 664/1108/18 653/1098/18
f 653/1098/18 656/1097/18 658/1102/18
f 662/1106/18 653/1098/18 658/1102/18
f 662/1106/18 658/1102/18 660/1104/18
f 668/1109/181 665/1110/88 666/1111/182
f 666/1111/182 667/1112/181 668/1109/181
f 667/1112/53 669/1113/53 670/1114/53
f 670/1114/53 668/1109/53 667/1112/53
f 669/1113/56 671/1115/190 672/1116/56
f 672/1116/56 670/1114/56 669/1113/56
f 671/1115/191 673/1117/92 674/1118/191
f 674/1118/191 672/1116/187 671/1115/191
f 673/1117/60 675/1119/189 676/1120/60
f 676/1120/60 674/1118/60 673/1117/60
f 675/1119/61 666/1111/94 665/1110/61
f 665/1110/61 676/1120/62 675/1119/61
f 674/1118/18 676/1120/18 665/1110/18
f 665/1110/18 668/1109/18 670/1114/18
f 674/1118/18 665/1110/18 670/1114/18
f 674/1118/18 670/1114/18 672/1116/18
f 680/1121/181 677/1122/192 678/1123/182
f 678/1123/182 679/1124/181 680/1121/181
f 679/1124/53 681/1125/54 682/1126/55
f 682/1126/55 680/1121/53 679/1124/53
f 681/1125/56 683/1127/56 684/1128/56
f 684/1128/56 682/1126/190 681/1125/56
f 683/1127/191 685/1129/92 686/1130/191
f 686/1130/191 684/1128/129 683/1127/191
f 685/1129/60 687/1131/60 688/1132/60
f 688/1132/60 686/1130/60 685/1129/60
f 687/1131/94 678/1123/94 677/1122/94
f 677/1122/94 688/1132/94 687/1131/94
f 686/1130/18 688/1132/18 677/1122/18
f 677/1122/18 680/1121/18 682/1126/18
f 686/1130/18 677/1122/18 682/1126/18
f 686/1130/18 682/1126/18 684/1128/18
f 692/1133/52 689/1134/52 690/1135/52
f 690/1135/52 691/1136/125 692/1133/52
f 691/1136/55 693/1137/55 694/1138/55
f 694/1138/55 692/1133/53 691/1136/55
f 693/1137/56 695/1139/56 696/1140/56
f 696/1140/56 694/1138/56 693/1137/56
f 695/1139/59 697/1141/193 698/1142/59
f 698/1142/59 696/1140/194 695/1139/59
f 697/1141/195 699/1143/195 700/1144/195
f 700/1144/195 698/1142/60 697/1141/195
f 699/1143/61 690/1135/61 689/1134/61
f 689/1134/61 700/1144/86 699/1143/61
f 698/1142/18 700/1144/18 689/1134/18
f 689/1134/18 692/1133/18 694/1138/18
f 698/1142/18 689/1134/18 694/1138/18
f 698/1142/18 694/1138/18 696/1140/18
f 704/1145/52 701/1146/52 702/1147/52
f 702/1147/52 703/1148/52 704/1145/52
f 703/1148/54 705/1149/196 706/1150/196
f 706/1150/196 704/1145/54 703/1148/54
f 705/1149/56 707/1151/56 708/1152/56
f 708/1152/56 706/1150/197 705/1149/56
f 707/1151/59 709/1153/193 710/1154/59
f 710/1154/59 708/1152/194 707/1151/59
f 709/1153/60 711/1155/195 712/1156/189
f 712/1156/189 710/1154/60 709/1153/60
f 711/1155/86 702/1147/94 701/1146/86
f 701/1146/86 712/1156/86 711/1155/86
f 710/1154/18 712/1156/18 701/1146/18
f 701/1146/18 704/1145/18 706/1150/18
f 710/1154/18 701/1146/18 706/1150/18
f 710/1154/18 706/1150/18 708/1152/18
f 716/1157/181 713/1158/182 714/1159/181
f 714/1159/181 715/1160/198 716/1157/181
f 715/1160/53 717/1161/54 718/1162/53
f 718/1162/53 716/1157/199 715/1160/53
f 717/1161/56 719/1163/56 720/1164/56
f 720/1164/56 718/1162/56 717/1161/56
f 719/1163/191 721/1165/47 722/1166/191
f 722/1166/191 720/1164/58 719/1163/191
f 721/1165/189 723/1167/200 724/1168/200
f 724/1168/200 722/1166/189 721/1165/189
f 723/1167/61 714/1159/61 713/1158/61
f 713/1158/61 724/1168/61 723/1167/61
f 722/1166/18 724/1168/18 713/1158/18
f 713/1158/18 716/1157/18 718/1162/18
f 722/1166/18 713/1158/18 718/1162/18
f 722/1166/18 718/1162/18 720/1164/18
f 728/1169/181 725/1170/182 726/1171/182
f 726/1171/182 727/1172/198 728/1169/181
f 727/1172/53 729/1173/55 730/1174/53
f 730/1174/53 728/1169/199 727/1172/53
f 729/1173/56 731/1175/56 732/1176/56
f 732/1176/56 730/1174/56 729/1173/56
f 731/1175/191 733/1177/47 734/1178/191
f 734/1178/191 732/1176/187 731/1175/191
f 733/1177/60 735/1179/189 736/1180/60
f 736/1180/60 734/1178/201 733/1177/60
f 735/1179/61 726/1171/62 725/1170/61
f 725/1170/61 736/1180/61 735/1179/61
f 734/1178/18 736/1180/18 725/1170/18
f 725/1170/18 728/1169/18 730/1174/18
f 734/1178/18 725/1170/18 730/1174/18
f 734/1178/18 730/1174/18 732/1176/18
f 740/1181/202 737/1182/203 738/1183/202
f 738/1183/202 739/1184/202 740/1181/202
f 739/1184/73 741/1185/73 742/1186/73
f 742/1186/73 740/1181/73 739/1184/73
f 741/1185/204 743/1187/204 744/1188/204
f 744/1188/204 742/1186/204 741/1185/204
f 743/1187/205 745/1189/78 746/1190/78
f 746/1190/78 744/1188/206 743/1187/205
f 745/1189/207 747/1191/208 748/1192/207
f 748/1192/207 746/1190/80 745/1189/207
f 747/1191/209 738/1183/210 737/1182/211
f 737/1182/211 748/1192/212 747/1191/209
f 746/1190/17 748/1192/17 737/1182/17
f 737/1182/17 740/1181/17 742/1186/17
f 746/1190/17 737/1182/17 742/1186/17
f 746/1190/17 742/1186/17 744/1188/17
f 752/1193/202 749/1194/203 750/1195/203
f 750/1195/203 751/1196/202 752/1193/202
f 751/1196/73 753/1197/73 754/1198/73
f 754/1198/73 752/1193/73 751/1196/73
f 753/1197/213 755/1199/214 756/1200/214
f 756/1200/214 754/1198/213 753/1197/213
f 755/1199/78 757/1201/78 758/1202/78
f 758/1202/78 756/1200/206 755/1199/78
f 757/1201/79 759/1203/207 760/1204/207
f 760/1204/207 758/1202/215 757/1201/79
f 759/1203/216 750/1195/217 749/1194/81
f 749/1194/81 760/1204/218 759/1203/216
f 758/1202/17 760/1204/17 749/1194/17
f 749/1194/17 752/1193/17 754/1198/17
f 758/1202/17 749/1194/17 754/1198/17
f 758/1202/17 754/1198/17 756/1200/17
f 764/1205/69 761/1206/219 762/1207/69
f 762/1207/69 763/1208/69 764/1205/69
f 763/1208/73 765/1209/74 766/1210/73
f 766/1210/73 764/1205/220 763/1208/73
f 765/1209/213 767/1211/204 768/1212/213
f 768/1212/213 766/1210/221 765/1209/213
f 767/1211/205 769/1213/222 770/1214/78
f 770/1214/78 768/1212/223 767/1211/205
f 769/1213/207 771/1215/215 772/1216/79
f 772/1216/79 770/1214/208 769/1213/207
f 771/1215/216 762/1207/217 761/1206/81
f 761/1206/81 772/1216/218 771/1215/216
f 770/1214/17 772/1216/17 761/1206/17
f 761/1206/17 764/1205/17 766/1210/17
f 770/1214/17 761/1206/17 766/1210/17
f 770/1214/17 766/1210/17 768/1212/17
f 776/1217/69 773/1218/219 774/1219/69
f 774/1219/69 775/1220/202 776/1217/69
f 775/1220/220 777/1221/73 778/1222/73
f 778/1222/73 776/1217/220 775/1220/220
f 777/1221/224 779/1223/77 780/1224/76
f 780/1224/76 778/1222/225 777/1221/224
f 779/1223/205 781/1225/222 782/1226/78
f 782/1226/78 780/1224/223 779/1223/205
f 781/1225/79 783/1227/207 784/1228/79
f 784/1228/79 782/1226/79 781/1225/79
f 783/1227/81 774/1219/81 773/1218/81
f 773/1218/81 784/1228/216 783/1227/81
f 782/1226/17 784/1228/17 773/1218/17
f 773/1218/17 776/1217/17 778/1222/17
f 782/1226/17 773/1218/17 778/1222/17
f 782/1226/17 778/1222/17 780/1224/17
f 788/1229/70 785/1230/203 786/1231/203
f 786/1231/203 787/1232/70 788/1229/70
f 787/1232/73 789/1233/73 790/1234/73
f 790/1234/73 788/1229/226 787/1232/73
f 789/1233/214 791/1235/214 792/1236/214
f 792/1236/214 790/1234/204 789/1233/214
f 791/1235/223 793/1237/78 794/1238/78
f 794/1238/78 792/1236/227 791/1235/223
f 793/1237/207 795/1239/207 796/1240/207
f 796/1240/207 794/1238/207 793/1237/207
f 795/1239/209 786/1231/210 785/1230/228
f 785/1230/228 796/1240/229 795/1239/209
f 794/1238/17 796/1240/17 785/1230/17
f 785/1230/17 788/1229/17 790/1234/17
f 794/1238/17 785/1230/17 790/1234/17
f 794/1238/17 790/1234/17 792/1236/17
f 800/1241/70 797/1242/230 798/1243/203
f 798/1243/203 799/1244/202 800/1241/70
f 799/1244/73 801/1245/73 802/1246/73
f 802/1246/73 800/1241/231 799/1244/73
f 801/1245/213 803/1247/214 804/1248/213
f 804/1248/213 802/1246/213 801/1245/213
f 803/1247/223 805/1249/78 806/1250/78
f 806/1250/78 804/1248/227 803/1247/223
f 805/1249/207 807/1251/80 808/1252/207
f 808/1252/207 806/1250/232 805/1249/207
f 807/1251/209 798/1243/210 797/1242/209
f 797/1242/209 808/1252/233 807/1251/209
f 806/1250/17 808/1252/17 797/1242/17
f 797/1242/17 800/1241/17 802/1246/17
f 806/1250/17 797/1242/17 802/1246/17
f 806/1250/17 802/1246/17 804/1248/17
f 812/1253/69 809/1254/219 810/1255/69
f 810/1255/69 811/1256/202 812/1253/69
f 811/1256/73 813/1257/73 814/1258/73
f 814/1258/73 812/1253/226 811/1256/73
f 813/1257/224 815/1259/214 816/1260/213
f 816/1260/213 814/1258/225 813/1257/224
f 815/1259/205 817/1261/234 818/1262/78
f 818/1262/78 816/1260/227 815/1259/205
f 817/1261/208 819/1263/207 820/1264/208
f 820/1264/208 818/1262/208 817/1261/208
f 819/1263/81 810/1255/81 809/1254/81
f 809/1254/81 820/1264/209 819/1263/81
f 818/1262/17 820/1264/17 809/1254/17
f 809/1254/17 812/1253/17 814/1258/17
f 818/1262/17 809/1254/17 814/1258/17
f 818/1262/17 814/1258/17 816/1260/17
f 824/1265/69 821/1266/219 822/1267/69
f 822/1267/69 823/1268/202 824/1265/69
f 823/1268/73 825/1269/73 826/1270/73
f 826/1270/73 824/1265/73 823/1268/73
f 825/1269/224 827/1271/214 828/1272/76
f 828/1272/76 826/1270/225 825/1269/224
f 827/1271/205 829/1273/234 830/1274/78
f 830/1274/78 828/1272/227 827/1271/205
f 829/1273/208 831/1275/235 832/1276/207
f 832/1276/207 830/1274/236 829/1273/208
f 831/1275/81 822/1267/216 821/1266/81
f 821/1266/81 832/1276/81 831/1275/81
f 830/1274/17 832/1276/17 821/1266/17
f 821/1266/17 824/1265/17 826/1270/17
f 830/1274/17 821/1266/17 826/1270/17
f 830/1274/17 826/1270/17 828/1272/17
f 361/580/3 374/583/3 358/527/3
f 358/527/3 357/526/3 361/580/3
f 395/648/3 408/651/3 392/595/3
f 392/595/3 391/594/3 395/648/3
f 429/716/3 442/719/3 426/663/3
f 426/663/3 425/662/3 429/716/3
f 463/784/3 476/787/3 460/731/3
f 460/731/3 459/730/3 463/784/3
f 513/872/3 526/875/3 510/819/3
f 510/819/3 509/818/3 513/872/3
f 547/940/3 560/943/3 544/887/3
f 544/887/3 543/886/3 547/940/3
f 581/1008/3 594/1011/3 578/955/3
f 578/955/3 577/954/3 581/1008/3
f 615/1076/3 628/1079/3 612/1023/3
f 612/1023/3 611/1022/3 615/1076/3
f 836/1277/2 833/1278/2 834/1279/2
f 834/1279/2 835/1280/2 836/1277/2
f 838/1281/18 834/1282/18 833/1283/18
f 833/1283/18 837/1284/18 838/1281/18
f 839/1285/36 835/1286/36 834/1282/36
f 834/1282/36 838/1281/36 839/1285/36
f 840/1287/17 836/1288/17 835/1286/17
f 835/1286/17 839/1285/17 840/1287/17
f 837/1289/33 833/1290/33 836/1288/33
f 836/1288/33 840/1287/33 837/1289/33
f 844/1291/2 841/1292/2 842/1293/2
f 842/1293/2 843/1294/2 844/1291/2
f 846/1295/18 842/1296/18 841/1297/18
f 841/1297/18 845/1298/18 846/1295/18
f 847/1299/36 843/1300/36 842/1296/36
f 842/1296/36 846/1295/36 847/1299/36
f 848/1301/17 844/1302/17 843/1300/17
f 843/1300/17 847/1299/17 848/1301/17
f 845/1303/33 841/1304/33 844/1302/33
f 844/1302/33 848/1301/33 845/1303/33
f 852/1305/18 849/1306/18 850/1307/18
f 850/1307/18 851/1308/18 852/1305/18
f 854/1309/36 853/1310/36 849/1306/36
f 849/1306/36 852/1305/36 854/1309/36
f 856/1311/17 855/1312/17 853/1310/17
f 853/1310/17 854/1309/17 856/1311/17
f 851/1313/33 850/1314/33 855/1312/33
f 855/1312/33 856/1311/33 851/1313/33
f 860/1315/18 857/1316/18 858/1317/18
f 858/1317/18 859/1318/18 860/1315/18
f 862/1319/36 861/1320/36 857/1316/36
f 857/1316/36 860/1315/36 862/1319/36
f 864/1321/17 863/1322/17 861/1320/17
f 861/1320/17 862/1319/17 864/1321/17
f 859/1323/33 858/1324/33 863/1322/33
f 863/1322/33 864/1321/33 859/1323/33
f 868/1325/17 865/1326/17 866/1327/17
f 866/1327/17 867/1328/17 868/1325/17
f 872/1329/18 869/1330/18 870/1331/18
f 870/1331/18 871/1332/18 872/1329/18
f 865/1333/2 871/1334/2 870/1335/2
f 870/1335/2 866/1336/2 865/1333/2
f 867/1328/3 869/1330/3 872/1329/3
f 872/1329/3 868/1325/3 867/1328/3
f 872/1337/33 871/1334/33 865/1333/33
f 865/1333/33 868/1338/33 872/1337/33
f 870/1335/36 869/1339/36 867/1340/36
f 867/1340/36 866/1336/36 870/1335/36
