# Blender 5.1.2
# www.blender.org
mtllib swing_body02.mtl
o Swing2
v 101.266663 146.948257 -2.423826
v 298.733337 146.948303 -2.423852
v 101.266663 145.234360 -1.713905
v 298.733337 145.234390 -1.713932
v 101.266663 144.524429 -0.000003
v 298.733337 144.524475 -0.000029
v 101.266663 145.234360 1.713899
v 298.733337 145.234390 1.713873
v 101.266663 146.948257 2.423820
v 298.733337 146.948303 2.423794
v 101.266663 148.662155 1.713899
v 298.733337 148.662201 1.713873
v 101.266663 149.372070 -0.000003
v 298.733337 149.372131 -0.000029
v 101.266663 148.662155 -1.713905
v 298.733337 148.662201 -1.713932
v 298.733337 146.948303 -0.000029
v 101.266663 146.948257 -0.000003
v 102.191071 146.948257 -3.639026
v 102.191071 144.375092 -2.573181
v 297.808899 144.375122 -2.573207
v 297.808899 146.948303 -3.639054
v 102.191071 143.309235 -0.000003
v 297.808899 143.309265 -0.000029
v 102.191071 144.375092 2.573176
v 297.808899 144.375122 2.573150
v 102.191071 146.948257 3.639023
v 297.808899 146.948303 3.638995
v 102.191071 149.521439 2.573177
v 297.808899 149.521469 2.573151
v 102.191071 150.587280 -0.000003
v 297.808899 150.587326 -0.000029
v 102.191071 149.521439 -2.573181
v 297.808899 149.521469 -2.573207
v 104.452202 146.948273 -3.639036
v 295.547791 146.948288 -3.639045
v 295.547791 144.375107 -2.573199
v 104.452202 144.375092 -2.573190
v 295.547791 143.309265 -0.000020
v 104.452202 143.309250 -0.000012
v 295.547791 144.375107 2.573158
v 104.452202 144.375092 2.573167
v 295.547791 146.948288 3.639004
v 104.452202 146.948273 3.639013
v 295.547791 149.521454 2.573159
v 104.452202 149.521454 2.573168
v 295.547791 150.587311 -0.000020
v 104.452202 150.587296 -0.000011
v 295.547791 149.521454 -2.573198
v 104.452202 149.521454 -2.573189
v 296.678345 146.948288 -3.639049
v 296.678345 144.375107 -2.573203
v 296.678345 143.309265 -0.000025
v 296.678345 144.375107 2.573154
v 296.678345 146.948288 3.639000
v 296.678345 149.521469 2.573154
v 296.678345 150.587326 -0.000025
v 296.678345 149.521469 -2.573202
v 103.321632 144.375092 -2.573186
v 103.321632 143.309235 -0.000007
v 103.321632 144.375092 2.573172
v 103.321632 146.948273 3.639018
v 103.321632 149.521454 2.573172
v 103.321632 150.587280 -0.000006
v 103.321632 149.521454 -2.573185
v 103.321632 146.948273 -3.639031
v 118.101891 146.948273 -3.639036
v 131.751587 146.948273 -3.639036
v 145.401260 146.948273 -3.639036
v 159.050934 146.948273 -3.639039
v 172.700623 146.948273 -3.639040
v 186.350311 146.948273 -3.639040
v 200.000000 146.948273 -3.639040
v 213.649673 146.948273 -3.639040
v 227.299362 146.948273 -3.639041
v 240.949051 146.948273 -3.639041
v 254.598724 146.948273 -3.639043
v 268.248413 146.948273 -3.639044
v 281.898102 146.948273 -3.639044
v 281.898102 144.375107 -2.573198
v 268.248413 144.375107 -2.573198
v 254.598724 144.375092 -2.573196
v 240.949036 144.375092 -2.573196
v 227.299362 144.375092 -2.573196
v 213.649673 144.375092 -2.573195
v 200.000000 144.375092 -2.573195
v 186.350311 144.375092 -2.573194
v 172.700623 144.375092 -2.573194
v 159.050934 144.375092 -2.573193
v 145.401260 144.375092 -2.573191
v 131.751572 144.375092 -2.573191
v 118.101883 144.375092 -2.573191
v 281.898102 143.309265 -0.000020
v 268.248413 143.309265 -0.000019
v 254.598724 143.309265 -0.000019
v 240.949036 143.309265 -0.000018
v 227.299362 143.309265 -0.000017
v 213.649673 143.309265 -0.000017
v 200.000000 143.309265 -0.000016
v 186.350311 143.309250 -0.000015
v 172.700623 143.309250 -0.000015
v 159.050934 143.309250 -0.000014
v 145.401260 143.309250 -0.000013
v 131.751572 143.309250 -0.000013
v 118.101883 143.309250 -0.000012
v 281.898102 144.375107 2.573159
v 268.248413 144.375107 2.573159
v 254.598724 144.375092 2.573160
v 240.949036 144.375092 2.573160
v 227.299362 144.375092 2.573162
v 213.649673 144.375092 2.573162
v 200.000000 144.375092 2.573163
v 186.350311 144.375092 2.573163
v 172.700623 144.375092 2.573164
v 159.050934 144.375092 2.573165
v 145.401260 144.375092 2.573165
v 131.751572 144.375092 2.573167
v 118.101883 144.375092 2.573167
v 281.898102 146.948273 3.639004
v 268.248413 146.948273 3.639005
v 254.598724 146.948273 3.639005
v 240.949036 146.948273 3.639007
v 227.299362 146.948273 3.639008
v 213.649673 146.948273 3.639008
v 200.000000 146.948273 3.639008
v 186.350311 146.948273 3.639008
v 172.700623 146.948273 3.639009
v 159.050934 146.948273 3.639010
v 145.401260 146.948273 3.639012
v 131.751572 146.948273 3.639013
v 118.101883 146.948273 3.639013
v 281.898102 149.521454 2.573159
v 268.248413 149.521454 2.573159
v 254.598724 149.521454 2.573161
v 240.949036 149.521454 2.573161
v 227.299362 149.521454 2.573162
v 213.649673 149.521454 2.573163
v 200.000000 149.521454 2.573164
v 186.350311 149.521454 2.573164
v 172.700623 149.521454 2.573164
v 159.050934 149.521454 2.573166
v 145.401260 149.521454 2.573166
v 131.751572 149.521454 2.573167
v 118.101883 149.521454 2.573167
v 281.898102 150.587311 -0.000020
v 268.248413 150.587311 -0.000019
v 254.598724 150.587311 -0.000019
v 240.949036 150.587311 -0.000017
v 227.299362 150.587311 -0.000016
v 213.649673 150.587311 -0.000016
v 199.999985 150.587296 -0.000015
v 186.350311 150.587296 -0.000015
v 172.700623 150.587296 -0.000015
v 159.050934 150.587296 -0.000014
v 145.401260 150.587296 -0.000012
v 131.751572 150.587296 -0.000012
v 118.101883 150.587296 -0.000011
v 281.898102 149.521454 -2.573197
v 268.248413 149.521454 -2.573197
v 254.598724 149.521454 -2.573196
v 240.949036 149.521454 -2.573196
v 227.299362 149.521454 -2.573195
v 213.649673 149.521454 -2.573194
v 199.999985 149.521454 -2.573194
v 186.350311 149.521454 -2.573193
v 172.700623 149.521454 -2.573193
v 159.050934 149.521454 -2.573192
v 145.401260 149.521454 -2.573191
v 131.751572 149.521454 -2.573190
v 118.101883 149.521454 -2.573190
v 108.847214 60.340103 -28.605114
v 108.847214 60.340103 28.605095
v 108.272964 58.953728 -28.605114
v 108.272972 58.953728 28.605095
v 106.886589 58.379478 -28.605114
v 106.886597 58.379478 28.605095
v 105.500221 58.953728 -28.605114
v 105.500229 58.953728 28.605095
v 104.925964 60.340103 -28.605114
v 104.925972 60.340103 28.605095
v 105.500214 61.726471 -28.605114
v 105.500221 61.726471 28.605095
v 106.886589 62.300720 -28.605114
v 106.886597 62.300720 28.605095
v 108.272964 61.726471 -28.605114
v 108.272964 61.726471 28.605095
v 108.847214 60.340103 -9.535042
v 108.847214 60.340103 -19.070076
v 108.847214 60.340103 -0.000007
v 108.847221 60.340103 9.535028
v 108.847221 60.340103 19.070065
v 108.272964 58.953728 19.070061
v 108.272964 58.953728 9.535028
v 108.272964 58.953728 -0.000007
v 108.272964 58.953728 -9.535042
v 108.272957 58.953728 -19.070076
v 106.886597 58.379478 19.070061
v 106.886597 58.379478 9.535028
v 106.886597 58.379478 -0.000007
v 106.886597 58.379478 -9.535042
v 106.886581 58.379478 -19.070076
v 105.500229 58.953728 19.070065
v 105.500229 58.953728 9.535027
v 105.500221 58.953728 -0.000007
v 105.500221 58.953728 -9.535043
v 105.500214 58.953728 -19.070076
v 104.925972 60.340103 19.070065
v 104.925972 60.340103 9.535028
v 104.925972 60.340103 -0.000007
v 104.925964 60.340103 -9.535043
v 104.925957 60.340103 -19.070076
v 105.500229 61.726471 19.070065
v 105.500229 61.726471 9.535027
v 105.500221 61.726471 -0.000008
v 105.500221 61.726471 -9.535044
v 105.500214 61.726471 -19.070076
v 106.886597 62.300720 19.070061
v 106.886597 62.300720 9.535028
v 106.886597 62.300720 -0.000008
v 106.886597 62.300720 -9.535043
v 106.886581 62.300720 -19.070076
v 108.272964 61.726471 19.070061
v 108.272964 61.726471 9.535028
v 108.272964 61.726471 -0.000008
v 108.272964 61.726471 -9.535043
v 108.272957 61.726471 -19.070076
v 106.889214 0.533112 29.385605
v 106.889214 99.942009 21.985626
v 108.825821 0.608917 29.875126
v 109.282906 100.103188 22.947071
v 109.317604 0.533417 31.813950
v 110.274429 100.492325 25.268208
v 108.825821 0.609543 33.748241
v 109.282906 100.881470 27.589340
v 106.889221 0.533707 34.242310
v 106.889206 101.042648 28.550785
v 104.952652 0.609528 33.748241
v 104.495491 100.881470 27.589340
v 104.460861 0.533401 31.813950
v 103.503983 100.492355 25.268208
v 104.952644 0.608887 29.875122
v 104.495491 100.103210 22.947075
v 106.889214 144.559845 14.340075
v 109.282921 145.226105 14.964045
v 110.274437 146.834564 16.470436
v 109.282921 148.443069 17.976826
v 106.889214 149.109329 18.600788
v 104.495499 148.443069 17.976822
v 103.503990 146.834564 16.470436
v 104.495506 145.226105 14.964040
v 106.889214 152.248489 -0.000016
v 109.282913 153.126755 -0.000017
v 110.274429 155.246979 -0.000017
v 109.282913 157.367249 -0.000017
v 106.889214 158.245499 -0.000017
v 104.495491 157.367249 -0.000017
v 103.503983 155.246964 -0.000017
v 104.495491 153.126755 -0.000017
v 106.889236 0.381790 31.818497
v 106.889214 1.455582 28.489132
v 109.213524 1.456406 29.451824
v 110.176292 1.458420 31.775978
v 109.213531 1.460419 34.100132
v 106.889221 1.461227 35.062828
v 104.564934 1.460403 34.100132
v 103.602173 1.458405 31.775970
v 104.564926 1.456406 29.451824
v 106.889221 20.810898 27.120434
v 109.282936 20.836533 28.110107
v 110.274452 20.898376 30.499367
v 109.282936 20.960197 32.888622
v 106.889229 20.985809 33.878284
v 104.495522 20.960190 32.888622
v 103.504013 20.898361 30.499363
v 104.495514 20.836533 28.110100
v 104.495491 131.317200 19.818745
v 106.889214 130.920105 18.966629
v 109.282906 131.317169 19.818745
v 110.274422 132.275772 21.875938
v 109.282906 133.234375 23.933132
v 104.495483 133.234344 23.933136
v 103.503967 132.275757 21.875938
v 106.889198 133.631439 24.785248
v 106.889236 0.533112 -29.385609
v 106.889214 99.942009 -21.985641
v 108.825821 0.608917 -29.875122
v 109.282921 100.103180 -22.947090
v 109.317596 0.533417 -31.813953
v 110.274437 100.492325 -25.268223
v 108.825821 0.609543 -33.748245
v 109.282928 100.881470 -27.589352
v 106.889244 0.533707 -34.242306
v 106.889221 101.042648 -28.550808
v 104.952652 0.609528 -33.748245
v 104.495506 100.881470 -27.589359
v 104.460861 0.533401 -31.813953
v 103.503998 100.492355 -25.268223
v 104.952652 0.608887 -29.875130
v 104.495514 100.103180 -22.947086
v 106.889198 144.559845 -14.340104
v 109.282906 145.226105 -14.964072
v 110.274429 146.834595 -16.470463
v 109.282913 148.443085 -17.976852
v 106.889206 149.109344 -18.600819
v 104.495491 148.443085 -17.976849
v 103.503990 146.834564 -16.470459
v 104.495499 145.226105 -14.964070
v 106.889236 0.381790 -31.818501
v 106.889236 1.455582 -28.489132
v 109.213539 1.456406 -29.451832
v 110.176300 1.458420 -31.775978
v 109.213539 1.460419 -34.100140
v 106.889236 1.461227 -35.062836
v 104.564926 1.460403 -34.100140
v 103.602180 1.458405 -31.775982
v 104.564941 1.456406 -29.451828
v 106.889236 20.810898 -27.120441
v 109.282944 20.836533 -28.110100
v 110.274460 20.898376 -30.499367
v 109.282944 20.960197 -32.888645
v 106.889229 20.985809 -33.878315
v 104.495529 20.960190 -32.888645
v 103.504021 20.898361 -30.499371
v 104.495522 20.836533 -28.110107
v 104.495491 131.317200 -19.818771
v 106.889183 130.920120 -18.966660
v 109.282906 131.317169 -19.818775
v 110.274429 132.275757 -21.875965
v 109.282913 133.234375 -23.933163
v 104.495491 133.234344 -23.933163
v 103.503990 132.275772 -21.875969
v 106.889206 133.631439 -24.785282
v 106.889214 59.605316 24.683025
v 109.274254 4.615723 29.199051
v 110.262169 4.626755 31.583294
v 109.274246 4.637787 33.967529
v 106.889229 4.642349 34.955116
v 104.504189 4.637772 33.967522
v 103.516281 4.626755 31.583286
v 104.504189 4.615707 29.199047
v 104.495514 138.492126 18.339148
v 106.889214 121.707245 20.168316
v 109.282898 121.979095 21.082550
v 110.274414 139.763062 20.210522
v 109.282890 123.291695 25.496857
v 104.495506 141.033966 22.081905
v 103.503998 122.635399 23.289703
v 106.889198 123.563560 26.411087
v 103.504005 152.722046 9.272548
v 104.495514 150.768036 8.429765
v 106.889214 155.485443 10.464420
v 104.495514 154.676071 10.115328
v 110.274414 152.722061 9.272548
v 109.282906 154.676071 10.115326
v 106.889214 149.958664 8.080675
v 109.282906 150.768036 8.429762
v 109.055046 0.885529 29.636326
v 106.889221 0.875397 28.769989
v 109.921715 0.876465 31.802391
v 109.055054 0.887070 33.967861
v 106.889244 0.877533 34.834789
v 104.723404 0.887054 33.967861
v 103.856743 0.876465 31.802383
v 104.723404 0.885529 29.636326
v 106.889214 4.611145 28.211464
v 109.282921 59.682899 25.666649
v 110.274429 59.870224 28.041313
v 109.282928 60.057541 30.415985
v 106.889221 60.135132 31.399601
v 104.495522 60.057541 30.415977
v 103.504005 59.870224 28.041313
v 104.495499 59.682907 25.666645
v 104.495499 121.979095 21.082554
v 106.889221 137.965683 17.563997
v 109.282921 138.492126 18.339146
v 110.274406 122.635399 23.289703
v 109.282898 141.033966 22.081905
v 104.495499 123.291733 25.496853
v 103.504013 139.763062 20.210522
v 106.889214 141.560425 22.857056
v 106.889229 59.605331 -24.683037
v 109.274269 4.615723 -29.199062
v 110.262177 4.626755 -31.583294
v 109.274254 4.637787 -33.967533
v 106.889229 4.642349 -34.955120
v 104.504196 4.637772 -33.967533
v 103.516281 4.626755 -31.583298
v 104.504204 4.615707 -29.199062
v 104.495506 138.492126 -18.339176
v 106.889214 121.707237 -20.168339
v 109.282928 121.979103 -21.082569
v 110.274429 139.763062 -20.210552
v 109.282913 123.291740 -25.496880
v 104.495522 141.033966 -22.081932
v 103.504005 122.635422 -23.289722
v 106.889214 123.563591 -26.411106
v 103.504005 152.722061 -9.272578
v 104.495506 150.768036 -8.429797
v 106.889191 155.485443 -10.464450
v 104.495506 154.676086 -10.115358
v 110.274414 152.722031 -9.272578
v 109.282906 154.676071 -10.115358
v 106.889214 149.958664 -8.080706
v 109.282906 150.768036 -8.429797
v 109.055061 0.885529 -29.636330
v 106.889221 0.875397 -28.769993
v 109.921707 0.876465 -31.802387
v 109.055061 0.887070 -33.967869
v 106.889236 0.877533 -34.834789
v 104.723396 0.887054 -33.967869
v 103.856743 0.876465 -31.802391
v 104.723396 0.885529 -29.636330
v 106.889221 4.611145 -28.211475
v 109.282944 59.682899 -25.666656
v 110.274437 59.870224 -28.041325
v 109.282936 60.057541 -30.415993
v 106.889229 60.135132 -31.399616
v 104.495514 60.057556 -30.415993
v 103.504013 59.870224 -28.041325
v 104.495514 59.682899 -25.666656
v 104.495506 121.979095 -21.082573
v 106.889214 137.965683 -17.564030
v 109.282906 138.492126 -18.339176
v 110.274422 122.635414 -23.289722
v 109.282921 141.033966 -22.081932
v 104.495499 123.291733 -25.496880
v 103.504005 139.763062 -20.210556
v 106.889221 141.560425 -22.857086
v 106.889221 12.123596 -27.665955
v 104.499855 12.138687 -28.654583
v 103.510147 12.175125 -31.041340
v 104.499855 12.211548 -33.428085
v 106.889221 12.226639 -34.416714
v 109.278595 12.211563 -33.428085
v 110.268318 12.175125 -31.041328
v 109.278603 12.138702 -28.654583
v 106.889214 12.123596 27.665955
v 104.499847 12.138687 28.654579
v 103.510132 12.175125 31.041325
v 104.499847 12.211548 33.428074
v 106.889221 12.226639 34.416698
v 109.278580 12.211563 33.428082
v 110.268303 12.175125 31.041332
v 109.278595 12.138702 28.654579
v 104.495506 112.086609 -26.543121
v 110.274429 111.563889 -24.278976
v 104.495522 111.041138 -22.014832
v 106.889214 112.303116 -27.480961
v 103.504005 111.563889 -24.278976
v 109.282928 112.086609 -26.543121
v 109.282928 111.041153 -22.014832
v 106.889214 110.824631 -21.076996
v 104.495499 112.086609 26.543091
v 110.274429 111.563873 24.278954
v 104.495499 111.041153 22.014812
v 106.889206 112.303116 27.480934
v 103.503998 111.563873 24.278954
v 109.282913 112.086609 26.543098
v 109.282913 111.041138 22.014809
v 106.889214 110.824631 21.076969
v 104.495514 73.156319 -24.760136
v 104.495506 86.629761 -23.853615
v 103.503998 73.410927 -27.116955
v 103.503998 86.951630 -26.192596
v 104.495514 73.665520 -29.473782
v 104.495506 87.273483 -28.531578
v 106.889229 73.770973 -30.450012
v 106.889214 87.406799 -29.500412
v 109.282936 73.665520 -29.473782
v 109.282921 87.273483 -28.531574
v 110.274437 73.410919 -27.116955
v 110.274429 86.951630 -26.192593
v 109.282936 73.156319 -24.760132
v 109.282913 86.629761 -23.853611
v 106.889214 86.496445 -22.884777
v 106.889214 73.050888 -23.783905
v 104.495514 33.785324 -27.295624
v 104.495514 46.734108 -26.481140
v 103.504021 33.888985 -29.680027
v 103.504021 46.879593 -28.860680
v 104.495522 33.992638 -32.064423
v 104.495522 47.025093 -31.240208
v 106.889221 34.035576 -33.052074
v 106.889229 47.085350 -32.225842
v 109.282936 33.992645 -32.064423
v 109.282936 47.025093 -31.240208
v 110.274445 33.888992 -29.680023
v 110.274437 46.879601 -28.860672
v 109.282944 33.785332 -27.295616
v 109.282944 46.734123 -26.481140
v 106.889229 46.673851 -25.495506
v 106.889229 33.742378 -26.307976
v 104.495499 33.785324 27.295612
v 104.495506 46.734108 26.481133
v 103.504005 33.888985 29.680012
v 103.504013 46.879585 28.860668
v 104.495506 33.992638 32.064411
v 104.495514 47.025085 31.240196
v 106.889214 34.035576 33.052059
v 106.889221 47.085350 32.225830
v 109.282928 33.992645 32.064415
v 109.282921 47.025085 31.240200
v 110.274429 33.888992 29.680019
v 110.274429 46.879601 28.860664
v 109.282928 33.785332 27.295616
v 109.282928 46.734116 26.481133
v 106.889214 46.673843 25.495499
v 106.889214 33.742378 26.307964
v 104.495499 73.156342 24.760120
v 104.495499 86.629768 23.853592
v 103.503998 73.410927 27.116951
v 103.503998 86.951630 26.192574
v 104.495499 73.665520 29.473766
v 104.495491 87.273499 28.531551
v 106.889214 73.770973 30.449993
v 106.889214 87.406815 29.500389
v 109.282906 73.665520 29.473770
v 109.282913 87.273499 28.531551
v 110.274429 73.410919 27.116943
v 110.274429 86.951630 26.192574
v 109.282906 73.156319 24.760124
v 109.282906 86.629761 23.853596
v 106.889214 86.496445 22.884758
v 106.889214 73.050888 23.783894
v 291.152771 60.340103 -28.605110
v 291.152771 60.340103 28.605099
v 291.727020 58.953720 -28.605110
v 291.727020 58.953720 28.605099
v 293.113403 58.379471 -28.605110
v 293.113403 58.379471 28.605099
v 294.499756 58.953720 -28.605110
v 294.499756 58.953720 28.605099
v 295.074036 60.340103 -28.605110
v 295.074005 60.340103 28.605099
v 294.499756 61.726471 -28.605110
v 294.499756 61.726471 28.605099
v 293.113403 62.300720 -28.605110
v 293.113403 62.300720 28.605099
v 291.727020 61.726471 -28.605110
v 291.727020 61.726471 28.605099
v 291.152771 60.340103 -9.535041
v 291.152771 60.340103 -19.070076
v 291.152771 60.340103 -0.000007
v 291.152771 60.340103 9.535030
v 291.152771 60.340103 19.070065
v 291.727020 58.953720 19.070061
v 291.727020 58.953720 9.535027
v 291.727020 58.953720 -0.000007
v 291.727020 58.953720 -9.535043
v 291.727020 58.953720 -19.070076
v 293.113403 58.379471 19.070061
v 293.113403 58.379471 9.535027
v 293.113403 58.379471 -0.000007
v 293.113403 58.379471 -9.535043
v 293.113403 58.379471 -19.070076
v 294.499756 58.953720 19.070061
v 294.499756 58.953720 9.535028
v 294.499756 58.953720 -0.000007
v 294.499756 58.953720 -9.535042
v 294.499756 58.953720 -19.070076
v 295.074005 60.340103 19.070061
v 295.074005 60.340103 9.535028
v 295.074005 60.340103 -0.000007
v 295.074036 60.340103 -9.535042
v 295.074005 60.340103 -19.070076
v 294.499756 61.726471 19.070061
v 294.499756 61.726471 9.535028
v 294.499756 61.726471 -0.000008
v 294.499756 61.726471 -9.535043
v 294.499756 61.726471 -19.070076
v 293.113403 62.300720 19.070061
v 293.113403 62.300720 9.535026
v 293.113403 62.300720 -0.000008
v 293.113403 62.300720 -9.535044
v 293.113403 62.300720 -19.070076
v 291.727020 61.726471 19.070061
v 291.727020 61.726471 9.535027
v 291.727020 61.726471 -0.000008
v 291.727020 61.726471 -9.535044
v 291.727020 61.726471 -19.070076
v 293.110779 0.533112 29.385612
v 293.110779 99.942001 21.985626
v 291.174164 0.608917 29.875130
v 290.717072 100.103188 22.947071
v 290.682373 0.533417 31.813953
v 289.725555 100.492325 25.268208
v 291.174164 0.609528 33.748245
v 290.717072 100.881470 27.589344
v 293.110779 0.533707 34.242313
v 293.110779 101.042648 28.550789
v 295.047333 0.609543 33.748245
v 295.504486 100.881470 27.589344
v 295.539124 0.533417 31.813953
v 296.495972 100.492348 25.268208
v 295.047333 0.608887 29.875126
v 295.504486 100.103203 22.947071
v 293.110779 144.559845 14.340075
v 290.717072 145.226105 14.964045
v 289.725555 146.834579 16.470436
v 290.717072 148.443069 17.976826
v 293.110779 149.109344 18.600788
v 295.504486 148.443069 17.976818
v 296.496002 146.834579 16.470434
v 295.504486 145.226105 14.964039
v 293.110779 152.248505 -0.000016
v 290.717072 153.126755 -0.000017
v 289.725555 155.246979 -0.000017
v 290.717072 157.367264 -0.000017
v 293.110779 158.245499 -0.000017
v 295.504486 157.367264 -0.000017
v 296.496002 155.246979 -0.000017
v 295.504486 153.126755 -0.000017
v 293.110748 0.381790 31.818504
v 293.110779 1.455582 28.489132
v 290.786438 1.456406 29.451824
v 289.823669 1.458420 31.775974
v 290.786438 1.460403 34.100136
v 293.110779 1.461243 35.062836
v 295.435059 1.460403 34.100136
v 296.397797 1.458405 31.775974
v 295.435059 1.456436 29.451824
v 293.110779 20.810928 27.120438
v 290.717041 20.836517 28.110107
v 289.725525 20.898354 30.499363
v 290.717041 20.960197 32.888630
v 293.110779 20.985817 33.878284
v 295.504456 20.960213 32.888630
v 296.495972 20.898361 30.499367
v 295.504456 20.836533 28.110104
v 295.504486 131.317215 19.818741
v 293.110779 130.920120 18.966629
v 290.717072 131.317169 19.818748
v 289.725555 132.275787 21.875938
v 290.717072 133.234375 23.933132
v 295.504486 133.234344 23.933132
v 296.496002 132.275772 21.875935
v 293.110779 133.631439 24.785248
v 293.110748 0.533112 -29.385605
v 293.110779 99.942001 -21.985641
v 291.174164 0.608917 -29.875118
v 290.717072 100.103180 -22.947090
v 290.682373 0.533417 -31.813950
v 289.725555 100.492325 -25.268223
v 291.174164 0.609528 -33.748241
v 290.717041 100.881454 -27.589352
v 293.110748 0.533707 -34.242302
v 293.110779 101.042633 -28.550804
v 295.047333 0.609543 -33.748241
v 295.504486 100.881454 -27.589355
v 295.539124 0.533417 -31.813950
v 296.495972 100.492340 -25.268223
v 295.047333 0.608887 -29.875126
v 295.504456 100.103180 -22.947090
v 293.110779 144.559845 -14.340104
v 290.717072 145.226105 -14.964072
v 289.725555 146.834595 -16.470463
v 290.717072 148.443085 -17.976852
v 293.110779 149.109344 -18.600819
v 295.504486 148.443085 -17.976852
v 296.496002 146.834579 -16.470463
v 295.504486 145.226105 -14.964074
v 293.110748 0.381790 -31.818497
v 293.110748 1.455582 -28.489132
v 290.786438 1.456406 -29.451828
v 289.823700 1.458420 -31.775982
v 290.786438 1.460403 -34.100136
v 293.110748 1.461243 -35.062828
v 295.435059 1.460403 -34.100136
v 296.397827 1.458405 -31.775978
v 295.435059 1.456436 -29.451824
v 293.110779 20.810928 -27.120441
v 290.717041 20.836517 -28.110100
v 289.725525 20.898354 -30.499371
v 290.717041 20.960197 -32.888638
v 293.110748 20.985817 -33.878307
v 295.504456 20.960213 -32.888638
v 296.495972 20.898361 -30.499371
v 295.504456 20.836533 -28.110104
v 295.504486 131.317215 -19.818775
v 293.110779 130.920135 -18.966660
v 290.717072 131.317169 -19.818775
v 289.725555 132.275772 -21.875965
v 290.717072 133.234375 -23.933163
v 295.504486 133.234344 -23.933167
v 296.496002 132.275787 -21.875973
v 293.110779 133.631439 -24.785282
v 293.110748 59.605301 24.683025
v 290.725708 4.615707 29.199059
v 289.737793 4.626755 31.583290
v 290.725708 4.637772 33.967533
v 293.110748 4.642349 34.955120
v 295.495789 4.637772 33.967525
v 296.483704 4.626755 31.583290
v 295.495789 4.615723 29.199051
v 295.504486 138.492142 18.339146
v 293.110779 121.707245 20.168316
v 290.717102 121.979103 21.082550
v 289.725586 139.763062 20.210526
v 290.717072 123.291710 25.496857
v 295.504486 141.033981 22.081902
v 296.495972 122.635414 23.289703
v 293.110779 123.563560 26.411087
v 296.495972 152.722061 9.272548
v 295.504456 150.768036 8.429765
v 293.110779 155.485458 10.464419
v 295.504456 154.676086 10.115329
v 289.725586 152.722076 9.272548
v 290.717072 154.676071 10.115326
v 293.110779 149.958664 8.080673
v 290.717072 150.768036 8.429762
v 290.944916 0.885529 29.636330
v 293.110748 0.875397 28.769993
v 290.078247 0.876465 31.802391
v 290.944946 0.887070 33.967869
v 293.110748 0.877548 34.834793
v 295.276581 0.887054 33.967869
v 296.143250 0.876465 31.802387
v 295.276581 0.885529 29.636330
v 293.110779 4.611160 28.211468
v 290.717041 59.682892 25.666649
v 289.725555 59.870209 28.041313
v 290.717041 60.057533 30.415989
v 293.110779 60.135124 31.399609
v 295.504456 60.057533 30.415981
v 296.495972 59.870209 28.041317
v 295.504456 59.682899 25.666645
v 295.504486 121.979103 21.082550
v 293.110779 137.965698 17.563997
v 290.717072 138.492142 18.339146
v 289.725555 122.635399 23.289703
v 290.717102 141.033981 22.081905
v 295.504456 123.291733 25.496857
v 296.495972 139.763062 20.210518
v 293.110779 141.560440 22.857056
v 293.110748 59.605324 -24.683037
v 290.725708 4.615707 -29.199059
v 289.737793 4.626755 -31.583298
v 290.725739 4.637772 -33.967529
v 293.110748 4.642349 -34.955116
v 295.495789 4.637772 -33.967529
v 296.483704 4.626755 -31.583294
v 295.495789 4.615723 -29.199059
v 295.504486 138.492142 -18.339180
v 293.110779 121.707245 -20.168339
v 290.717041 121.979118 -21.082569
v 289.725555 139.763062 -20.210552
v 290.717072 123.291756 -25.496876
v 295.504486 141.033981 -22.081932
v 296.495972 122.635437 -23.289726
v 293.110779 123.563599 -26.411106
v 296.495972 152.722076 -9.272578
v 295.504486 150.768036 -8.429796
v 293.110779 155.485458 -10.464451
v 295.504486 154.676102 -10.115358
v 289.725586 152.722046 -9.272578
v 290.717072 154.676071 -10.115358
v 293.110779 149.958664 -8.080707
v 290.717072 150.768036 -8.429796
v 290.944916 0.885529 -29.636322
v 293.110779 0.875397 -28.769993
v 290.078278 0.876465 -31.802391
v 290.944916 0.887070 -33.967869
v 293.110748 0.877548 -34.834785
v 295.276581 0.887054 -33.967861
v 296.143250 0.876465 -31.802387
v 295.276581 0.885529 -29.636322
v 293.110779 4.611160 -28.211472
v 290.717041 59.682892 -25.666656
v 289.725555 59.870209 -28.041325
v 290.717041 60.057533 -30.415989
v 293.110748 60.135124 -31.399609
v 295.504456 60.057541 -30.415989
v 296.495972 59.870209 -28.041325
v 295.504456 59.682892 -25.666656
v 295.504456 121.979103 -21.082573
v 293.110779 137.965698 -17.564030
v 290.717072 138.492142 -18.339176
v 289.725555 122.635414 -23.289722
v 290.717072 141.033981 -22.081932
v 295.504486 123.291733 -25.496876
v 296.495972 139.763062 -20.210556
v 293.110779 141.560440 -22.857082
v 293.110779 12.123611 -27.665955
v 295.500122 12.138702 -28.654579
v 296.489838 12.175125 -31.041332
v 295.500122 12.211548 -33.428078
v 293.110779 12.226639 -34.416710
v 290.721405 12.211533 -33.428078
v 289.731659 12.175125 -31.041332
v 290.721375 12.138687 -28.654579
v 293.110779 12.123611 27.665955
v 295.500122 12.138702 28.654579
v 296.489838 12.175125 31.041328
v 295.500122 12.211548 33.428078
v 293.110748 12.226639 34.416702
v 290.721405 12.211533 33.428085
v 289.731659 12.175125 31.041328
v 290.721375 12.138687 28.654579
v 295.504486 112.086594 -26.543118
v 289.725555 111.563873 -24.278976
v 295.504486 111.041138 -22.014835
v 293.110779 112.303116 -27.480957
v 296.495972 111.563889 -24.278976
v 290.717072 112.086594 -26.543121
v 290.717072 111.041153 -22.014832
v 293.110779 110.824623 -21.076996
v 295.504486 112.086594 26.543095
v 289.725555 111.563858 24.278954
v 295.504486 111.041153 22.014809
v 293.110779 112.303101 27.480934
v 296.495972 111.563858 24.278950
v 290.717072 112.086594 26.543098
v 290.717072 111.041138 22.014809
v 293.110779 110.824631 21.076969
v 295.504456 73.156319 -24.760139
v 295.504486 86.629745 -23.853615
v 296.495972 73.410919 -27.116955
v 296.495972 86.951614 -26.192596
v 295.504456 73.665520 -29.473778
v 295.504486 87.273468 -28.531574
v 293.110748 73.770973 -30.450008
v 293.110779 87.406799 -29.500408
v 290.717041 73.665520 -29.473778
v 290.717072 87.273468 -28.531574
v 289.725555 73.410919 -27.116955
v 289.725555 86.951614 -26.192593
v 290.717041 73.156319 -24.760132
v 290.717072 86.629745 -23.853611
v 293.110779 86.496429 -22.884777
v 293.110779 73.050880 -23.783905
v 295.504456 33.785332 -27.295620
v 295.504486 46.734123 -26.481140
v 296.495972 33.888992 -29.680023
v 296.495972 46.879616 -28.860680
v 295.504456 33.992661 -32.064419
v 295.504486 47.025101 -31.240204
v 293.110779 34.035583 -33.052067
v 293.110779 47.085358 -32.225838
v 290.717041 33.992645 -32.064419
v 290.717041 47.025085 -31.240204
v 289.725525 33.888985 -29.680027
v 289.725555 46.879601 -28.860672
v 290.717041 33.785324 -27.295616
v 290.717041 46.734108 -26.481140
v 293.110779 46.673859 -25.495506
v 293.110748 33.742393 -26.307976
v 295.504456 33.785332 27.295616
v 295.504486 46.734116 26.481133
v 296.495972 33.888992 29.680019
v 296.495972 46.879608 28.860668
v 295.504456 33.992661 32.064415
v 295.504456 47.025101 31.240200
v 293.110748 34.035583 33.052067
v 293.110779 47.085358 32.225834
v 290.717041 33.992645 32.064419
v 290.717072 47.025085 31.240204
v 289.725525 33.888985 29.680016
v 289.725555 46.879601 28.860664
v 290.717041 33.785324 27.295616
v 290.717041 46.734108 26.481133
v 293.110779 46.673859 25.495499
v 293.110748 33.742378 26.307964
v 295.504456 73.156334 24.760120
v 295.504486 86.629761 23.853588
v 296.495972 73.410919 27.116951
v 296.496002 86.951630 26.192574
v 295.504456 73.665520 29.473770
v 295.504486 87.273499 28.531555
v 293.110748 73.770973 30.449997
v 293.110779 87.406799 29.500389
v 290.717072 73.665520 29.473770
v 290.717072 87.273499 28.531555
v 289.725555 73.410919 27.116943
v 289.725555 86.951630 26.192574
v 290.717072 73.156319 24.760128
v 290.717072 86.629753 23.853596
v 293.110779 86.496437 22.884758
v 293.110748 73.050880 23.783894
v 100.202515 0.097260 38.796265
v 114.005936 0.097260 38.796268
v 100.202515 0.097260 24.935268
v 114.005928 0.097260 24.935268
v 100.752502 3.150345 25.487820
v 100.752510 3.150345 38.243710
v 113.455940 3.150375 38.243710
v 113.455933 3.150375 25.487820
v 100.691254 3.425735 28.061028
v 100.691254 3.425735 35.670498
v 113.517166 3.425751 35.670498
v 113.517166 3.425751 28.061031
v 100.069984 0.065308 27.689648
v 100.069992 0.065308 36.041882
v 114.138443 0.065308 36.041882
v 114.138443 0.065308 27.689648
v 100.257011 1.112411 38.731655
v 100.257011 1.112411 24.999882
v 113.951416 1.112427 38.731659
v 113.951416 1.112427 24.999882
v 114.189781 1.112427 27.801102
v 114.189789 1.112427 35.930431
v 100.018654 1.112411 35.930431
v 100.018646 1.112411 27.801102
v 103.351929 3.425735 38.295929
v 110.856499 3.425751 38.295937
v 110.856499 3.425751 25.435600
v 103.351929 3.425735 25.435600
v 102.985664 0.065308 38.919250
v 111.222763 0.065308 38.919250
v 111.222763 0.065308 24.812283
v 102.985664 0.065308 24.812283
v 111.234978 0.001389 27.677254
v 102.973442 0.001389 27.677254
v 111.234985 0.001389 36.054276
v 102.973450 0.001389 36.054272
v 110.795464 3.976517 35.608612
v 103.412964 3.976501 35.608608
v 110.795464 3.976517 28.122913
v 103.412964 3.976501 28.122913
v 111.112846 1.112427 24.780197
v 103.095581 1.112411 24.780197
v 103.095581 1.112411 38.951336
v 111.112846 1.112427 38.951340
v 100.701683 3.378571 37.652336
v 112.841583 3.378571 38.287060
v 113.506760 3.378571 26.079185
v 101.366867 3.378571 25.444473
v 100.092705 0.070786 38.205112
v 113.389549 0.070786 38.898170
v 114.115730 0.070786 25.526421
v 100.818886 0.070770 24.833366
v 100.146439 0.417068 24.887302
v 100.701675 3.378571 26.079185
v 100.691254 3.425735 31.865761
v 113.506767 3.378571 37.652340
v 113.517174 3.425751 31.865765
v 100.092705 0.070786 25.526421
v 100.069992 0.065308 31.865768
v 114.115738 0.070786 38.205112
v 114.138443 0.065308 31.865768
v 100.785149 0.009369 27.678802
v 100.785149 0.009369 36.052723
v 114.296677 0.409927 27.722168
v 114.296684 0.409927 36.009361
v 99.911751 0.409927 36.009361
v 99.911751 0.409927 27.722168
v 101.441612 3.907669 35.616348
v 101.441612 3.907669 28.115177
v 100.146446 0.417068 38.844231
v 114.061996 0.417084 38.844234
v 114.061989 0.417084 24.887302
v 100.018646 1.112411 31.865768
v 100.048454 1.112411 38.051979
v 114.189781 1.112427 31.865768
v 114.159988 1.112427 25.679558
v 100.969376 1.112411 24.807655
v 114.159996 1.112427 38.051979
v 113.239067 1.112427 38.923878
v 100.048454 1.112411 25.679558
v 101.366867 3.378571 38.287056
v 107.104218 3.425735 38.295933
v 112.841576 3.378571 25.444473
v 107.104210 3.425735 25.435600
v 100.818893 0.070770 38.898167
v 107.104218 0.065308 38.919250
v 113.389542 0.070786 24.833363
v 107.104210 0.065308 24.812283
v 113.423279 0.009384 27.678802
v 107.104210 0.001389 27.677254
v 113.423286 0.009384 36.052727
v 107.104218 0.001389 36.054272
v 112.766815 3.907654 35.616348
v 107.104210 3.976501 35.608608
v 112.766815 3.907654 28.115181
v 107.104210 3.976501 28.122913
v 113.239059 1.112427 24.807655
v 107.104210 1.112411 24.780197
v 100.969376 1.112411 38.923874
v 107.104218 1.112411 38.951336
v 103.412964 3.976501 31.865761
v 110.795464 3.976517 31.865765
v 103.405334 3.907639 37.575672
v 110.803093 3.907654 37.575676
v 102.973442 0.001389 31.865765
v 111.234993 0.001389 31.865768
v 102.974968 0.009369 25.493771
v 111.233452 0.009384 25.493771
v 102.974976 0.009369 38.237762
v 111.233459 0.009384 38.237766
v 103.017731 0.409927 24.670895
v 111.190689 0.409927 24.670895
v 111.190697 0.409927 39.060638
v 103.017738 0.409927 39.060635
v 103.405327 3.907639 26.155857
v 110.803093 3.907654 26.155861
v 112.774391 3.841370 26.147903
v 99.941338 0.411713 25.563435
v 100.854561 0.411713 39.033352
v 114.267113 0.411713 38.168098
v 113.353874 0.411713 24.698181
v 113.417076 0.017075 38.231846
v 113.417068 0.017075 25.499687
v 113.423286 0.009384 31.865768
v 114.267105 0.411713 25.563435
v 114.296684 0.409927 31.865768
v 99.941338 0.411713 38.168098
v 99.911751 0.409927 31.865768
v 112.774399 3.841370 37.583630
v 112.766823 3.907654 31.865765
v 101.441612 3.907639 31.865761
v 107.104210 3.976501 31.865761
v 101.434036 3.841354 37.583630
v 107.104218 3.907639 37.575672
v 100.785149 0.009369 31.865765
v 107.104218 0.001389 31.865765
v 100.791367 0.017075 25.499683
v 107.104210 0.009369 25.493771
v 100.791367 0.017075 38.231842
v 107.104218 0.009369 38.237762
v 100.854553 0.411713 24.698181
v 107.104210 0.409927 24.670891
v 113.353874 0.411713 39.033352
v 107.104218 0.409927 39.060635
v 101.434029 3.841354 26.147900
v 107.104210 3.907639 26.155857
v 299.797485 0.097275 38.796268
v 285.994049 0.097260 38.796265
v 299.797485 0.097275 24.935268
v 285.994049 0.097260 24.935268
v 299.247498 3.150375 25.487823
v 299.247498 3.150375 38.243710
v 286.544067 3.150375 38.243710
v 286.544037 3.150375 25.487823
v 299.308746 3.425751 28.061035
v 299.308746 3.425751 35.670502
v 286.482788 3.425735 35.670494
v 286.482788 3.425735 28.061031
v 299.929993 0.065308 27.689644
v 299.930023 0.065308 36.041878
v 285.861542 0.065308 36.041878
v 285.861542 0.065308 27.689648
v 299.742981 1.112427 38.731659
v 299.742981 1.112427 24.999882
v 286.048584 1.112427 38.731655
v 286.048553 1.112427 24.999882
v 285.810181 1.112427 27.801102
v 285.810211 1.112427 35.930428
v 299.981354 1.112427 35.930428
v 299.981354 1.112427 27.801102
v 296.648071 3.425751 38.295933
v 289.143494 3.425735 38.295933
v 289.143494 3.425735 25.435600
v 296.648041 3.425751 25.435600
v 297.014313 0.065308 38.919250
v 288.777222 0.065308 38.919250
v 288.777222 0.065308 24.812283
v 297.014313 0.065308 24.812283
v 288.764984 0.001389 27.677254
v 297.026550 0.001389 27.677258
v 288.765015 0.001389 36.054276
v 297.026550 0.001389 36.054276
v 289.204529 3.976501 35.608612
v 296.587006 3.976517 35.608612
v 289.204529 3.976501 28.122917
v 296.587006 3.976517 28.122917
v 288.887146 1.112427 24.780197
v 296.904419 1.112427 24.780197
v 296.904419 1.112427 38.951340
v 288.887146 1.112427 38.951336
v 299.298340 3.378571 37.652340
v 287.158417 3.378571 38.287056
v 286.493225 3.378571 26.079185
v 298.633118 3.378571 25.444473
v 299.907318 0.070786 38.205112
v 286.610443 0.070786 38.898167
v 285.884247 0.070786 25.526421
v 299.181091 0.070786 24.833366
v 299.853577 0.417068 24.887306
v 299.298309 3.378571 26.079189
v 299.308746 3.425751 31.865765
v 286.493225 3.378571 37.652336
v 286.482788 3.425735 31.865761
v 299.907288 0.070786 25.526417
v 299.930023 0.065308 31.865765
v 285.884247 0.070786 38.205112
v 285.861542 0.065308 31.865765
v 299.214844 0.009399 27.678806
v 299.214844 0.009399 36.052727
v 285.703308 0.409927 27.722168
v 285.703308 0.409927 36.009361
v 300.088257 0.409927 36.009361
v 300.088257 0.409927 27.722164
v 298.558380 3.907669 35.616352
v 298.558380 3.907669 28.115181
v 299.853577 0.417068 38.844231
v 285.937988 0.417068 38.844227
v 285.937988 0.417068 24.887306
v 299.981354 1.112427 31.865765
v 299.951538 1.112427 38.051975
v 285.810181 1.112427 31.865765
v 285.839996 1.112427 25.679558
v 299.030640 1.112427 24.807655
v 285.839996 1.112427 38.051975
v 286.760925 1.112427 38.923874
v 299.951538 1.112427 25.679558
v 298.633148 3.378571 38.287060
v 292.895782 3.425751 38.295937
v 287.158386 3.378571 25.444473
v 292.895752 3.425751 25.435600
v 299.181122 0.070786 38.898170
v 292.895782 0.065308 38.919250
v 286.610413 0.070786 24.833366
v 292.895752 0.065308 24.812283
v 286.576691 0.009384 27.678802
v 292.895752 0.001389 27.677254
v 286.576691 0.009384 36.052723
v 292.895782 0.001389 36.054276
v 287.233154 3.907654 35.616348
v 292.895752 3.976517 35.608612
v 287.233154 3.907654 28.115181
v 292.895752 3.976517 28.122917
v 286.760925 1.112427 24.807655
v 292.895752 1.112427 24.780197
v 299.030640 1.112427 38.923882
v 292.895782 1.112427 38.951340
v 296.587006 3.976517 31.865765
v 289.204529 3.976501 31.865761
v 296.594666 3.907669 37.575676
v 289.196899 3.907654 37.575672
v 297.026550 0.001389 31.865768
v 288.765015 0.001389 31.865765
v 297.024994 0.009399 25.493771
v 288.766541 0.009384 25.493771
v 297.025024 0.009399 38.237766
v 288.766541 0.009384 38.237762
v 296.982239 0.409927 24.670895
v 288.809296 0.409927 24.670895
v 288.809296 0.409927 39.060635
v 296.982239 0.409927 39.060638
v 296.594666 3.907669 26.155857
v 289.196899 3.907654 26.155861
v 287.225586 3.841354 26.147903
v 300.058655 0.411728 25.563431
v 299.145447 0.411728 39.033352
v 285.732880 0.411713 38.168098
v 286.646088 0.411713 24.698181
v 286.582916 0.017075 38.231842
v 286.582916 0.017075 25.499687
v 286.576691 0.009384 31.865765
v 285.732880 0.411713 25.563435
v 285.703308 0.409927 31.865765
v 300.058655 0.411728 38.168098
v 300.088257 0.409927 31.865765
v 287.225586 3.841354 37.583630
v 287.233154 3.907654 31.865761
v 298.558380 3.907669 31.865765
v 292.895752 3.976517 31.865765
v 298.565979 3.841354 37.583630
v 292.895782 3.907669 37.575676
v 299.214844 0.009399 31.865768
v 292.895782 0.001389 31.865768
v 299.208618 0.017075 25.499687
v 292.895752 0.009399 25.493771
v 299.208649 0.017075 38.231850
v 292.895782 0.009399 38.237766
v 299.145447 0.411728 24.698181
v 292.895752 0.409927 24.670891
v 286.646118 0.411713 39.033352
v 292.895782 0.409927 39.060638
v 298.565979 3.841354 26.147903
v 292.895752 3.907669 26.155857
v 100.202507 0.097260 -38.796268
v 114.005928 0.097260 -38.796265
v 100.202507 0.097260 -24.935268
v 114.005928 0.097260 -24.935268
v 100.752495 3.150345 -25.487827
v 100.752495 3.150345 -38.243710
v 113.455940 3.150375 -38.243710
v 113.455940 3.150375 -25.487827
v 100.691246 3.425735 -28.061043
v 100.691246 3.425735 -35.670502
v 113.517174 3.425751 -35.670494
v 113.517174 3.425751 -28.061039
v 100.069977 0.065308 -27.689644
v 100.069977 0.065308 -36.041878
v 114.138443 0.065308 -36.041878
v 114.138443 0.065308 -27.689648
v 100.257004 1.112411 -38.731659
v 100.257004 1.112411 -24.999878
v 113.951416 1.112427 -38.731655
v 113.951416 1.112427 -24.999878
v 114.189781 1.112427 -27.801102
v 114.189781 1.112427 -35.930428
v 100.018646 1.112411 -35.930428
v 100.018646 1.112411 -27.801102
v 103.351929 3.425735 -38.295933
v 110.856499 3.425751 -38.295933
v 110.856499 3.425751 -25.435604
v 103.351929 3.425735 -25.435604
v 102.985664 0.065308 -38.919250
v 111.222763 0.065308 -38.919250
v 111.222763 0.065308 -24.812283
v 102.985664 0.065308 -24.812283
v 111.234985 0.001389 -27.677254
v 102.973450 0.001389 -27.677254
v 111.234985 0.001389 -36.054276
v 102.973450 0.001389 -36.054276
v 110.795464 3.976517 -35.608612
v 103.412964 3.976501 -35.608612
v 110.795464 3.976517 -28.122921
v 103.412964 3.976501 -28.122921
v 111.112846 1.112427 -24.780193
v 103.095581 1.112411 -24.780193
v 103.095581 1.112411 -38.951340
v 111.112846 1.112427 -38.951336
v 100.701668 3.378571 -37.652340
v 112.841583 3.378571 -38.287056
v 113.506767 3.378571 -26.079193
v 101.366859 3.378571 -25.444481
v 100.092697 0.070786 -38.205112
v 113.389549 0.070786 -38.898167
v 114.115738 0.070786 -25.526417
v 100.818886 0.070770 -24.833366
v 100.146439 0.417068 -24.887302
v 100.701668 3.378571 -26.079197
v 100.691246 3.425735 -31.865768
v 113.506767 3.378571 -37.652336
v 113.517181 3.425751 -31.865765
v 100.092697 0.070786 -25.526417
v 100.069977 0.065308 -31.865765
v 114.115738 0.070786 -38.205112
v 114.138443 0.065308 -31.865765
v 100.785141 0.009369 -27.678806
v 100.785141 0.009369 -36.052727
v 114.296684 0.409927 -27.722168
v 114.296684 0.409927 -36.009361
v 99.911743 0.409927 -36.009361
v 99.911743 0.409927 -27.722164
v 101.441605 3.907669 -35.616352
v 101.441605 3.907669 -28.115185
v 100.146439 0.417068 -38.844231
v 114.061996 0.417084 -38.844227
v 114.061996 0.417084 -24.887302
v 100.018646 1.112411 -31.865765
v 100.048447 1.112411 -38.051975
v 114.189781 1.112427 -31.865765
v 114.159988 1.112427 -25.679558
v 100.969368 1.112411 -24.807655
v 114.159988 1.112427 -38.051975
v 113.239067 1.112427 -38.923874
v 100.048447 1.112411 -25.679554
v 101.366859 3.378571 -38.287060
v 107.104218 3.425735 -38.295937
v 112.841583 3.378571 -25.444481
v 107.104218 3.425735 -25.435604
v 100.818886 0.070770 -38.898170
v 107.104218 0.065308 -38.919250
v 113.389549 0.070786 -24.833363
v 107.104218 0.065308 -24.812283
v 113.423286 0.009384 -27.678802
v 107.104218 0.001389 -27.677254
v 113.423286 0.009384 -36.052723
v 107.104218 0.001389 -36.054276
v 112.766823 3.907654 -35.616348
v 107.104218 3.976501 -35.608612
v 112.766823 3.907654 -28.115185
v 107.104218 3.976501 -28.122921
v 113.239067 1.112427 -24.807652
v 107.104218 1.112411 -24.780193
v 100.969368 1.112411 -38.923882
v 107.104218 1.112411 -38.951340
v 103.412964 3.976501 -31.865768
v 110.795464 3.976517 -31.865765
v 103.405334 3.907639 -37.575676
v 110.803093 3.907654 -37.575672
v 102.973442 0.001389 -31.865765
v 111.234993 0.001389 -31.865765
v 102.974976 0.009369 -25.493771
v 111.233452 0.009384 -25.493771
v 102.974976 0.009369 -38.237766
v 111.233452 0.009384 -38.237762
v 103.017738 0.409927 -24.670895
v 111.190697 0.409927 -24.670891
v 111.190697 0.409927 -39.060635
v 103.017738 0.409927 -39.060638
v 103.405334 3.907639 -26.155861
v 110.803093 3.907654 -26.155865
v 112.774399 3.841370 -26.147907
v 99.941330 0.411713 -25.563431
v 100.854553 0.411713 -39.033352
v 114.267113 0.411713 -38.168098
v 113.353882 0.411713 -24.698181
v 113.417076 0.017075 -38.231842
v 113.417076 0.017075 -25.499687
v 113.423286 0.009384 -31.865765
v 114.267113 0.411713 -25.563435
v 114.296684 0.409927 -31.865765
v 99.941330 0.411713 -38.168098
v 99.911743 0.409927 -31.865765
v 112.774399 3.841370 -37.583630
v 112.766823 3.907654 -31.865765
v 101.441605 3.907639 -31.865768
v 107.104218 3.976501 -31.865768
v 101.434029 3.841354 -37.583630
v 107.104218 3.907639 -37.575676
v 100.785141 0.009369 -31.865765
v 107.104218 0.001389 -31.865765
v 100.791359 0.017075 -25.499687
v 107.104218 0.009369 -25.493771
v 100.791359 0.017075 -38.231850
v 107.104218 0.009369 -38.237766
v 100.854553 0.411713 -24.698181
v 107.104218 0.409927 -24.670891
v 113.353874 0.411713 -39.033352
v 107.104218 0.409927 -39.060638
v 101.434029 3.841354 -26.147907
v 107.104218 3.907639 -26.155861
v 299.797485 0.097275 -38.796265
v 285.994049 0.097260 -38.796268
v 299.797485 0.097275 -24.935268
v 285.994049 0.097260 -24.935268
v 299.247498 3.150375 -25.487823
v 299.247498 3.150375 -38.243710
v 286.544067 3.150375 -38.243710
v 286.544067 3.150375 -25.487823
v 299.308746 3.425751 -28.061035
v 299.308746 3.425751 -35.670498
v 286.482819 3.425735 -35.670498
v 286.482819 3.425735 -28.061039
v 299.929993 0.065308 -27.689648
v 299.929993 0.065308 -36.041882
v 285.861542 0.065308 -36.041882
v 285.861542 0.065308 -27.689648
v 299.742981 1.112427 -38.731655
v 299.742981 1.112427 -24.999878
v 286.048584 1.112427 -38.731659
v 286.048584 1.112427 -24.999878
v 285.810211 1.112427 -27.801102
v 285.810211 1.112427 -35.930431
v 299.981323 1.112427 -35.930431
v 299.981323 1.112427 -27.801102
v 296.648071 3.425751 -38.295929
v 289.143494 3.425735 -38.295937
v 289.143494 3.425735 -25.435604
v 296.648071 3.425751 -25.435604
v 297.014313 0.065308 -38.919250
v 288.777222 0.065308 -38.919250
v 288.777222 0.065308 -24.812283
v 297.014313 0.065308 -24.812283
v 288.765015 0.001389 -27.677254
v 297.026550 0.001389 -27.677254
v 288.765015 0.001389 -36.054276
v 297.026550 0.001389 -36.054272
v 289.204529 3.976501 -35.608612
v 296.587036 3.976517 -35.608608
v 289.204529 3.976501 -28.122921
v 296.587036 3.976517 -28.122921
v 288.887146 1.112427 -24.780193
v 296.904419 1.112427 -24.780193
v 296.904419 1.112427 -38.951336
v 288.887146 1.112427 -38.951340
v 299.298309 3.378571 -37.652336
v 287.158417 3.378571 -38.287060
v 286.493225 3.378571 -26.079193
v 298.633118 3.378571 -25.444477
v 299.907288 0.070786 -38.205112
v 286.610443 0.070786 -38.898170
v 285.884247 0.070786 -25.526417
v 299.181091 0.070786 -24.833363
v 299.853546 0.417068 -24.887302
v 299.298309 3.378571 -26.079193
v 299.308746 3.425751 -31.865765
v 286.493225 3.378571 -37.652340
v 286.482788 3.425735 -31.865768
v 299.907288 0.070786 -25.526417
v 299.929993 0.065308 -31.865765
v 285.884247 0.070786 -38.205112
v 285.861542 0.065308 -31.865765
v 299.214844 0.009399 -27.678802
v 299.214844 0.009399 -36.052723
v 285.703308 0.409927 -27.722168
v 285.703308 0.409927 -36.009361
v 300.088257 0.409927 -36.009361
v 300.088257 0.409927 -27.722168
v 298.558380 3.907669 -35.616348
v 298.558380 3.907669 -28.115185
v 299.853546 0.417068 -38.844231
v 285.937988 0.417068 -38.844234
v 285.937988 0.417068 -24.887302
v 299.981323 1.112427 -31.865765
v 299.951538 1.112427 -38.051979
v 285.810211 1.112427 -31.865765
v 285.839996 1.112427 -25.679554
v 299.030609 1.112427 -24.807652
v 285.839996 1.112427 -38.051979
v 286.760925 1.112427 -38.923878
v 299.951538 1.112427 -25.679558
v 298.633118 3.378571 -38.287056
v 292.895752 3.425751 -38.295933
v 287.158417 3.378571 -25.444477
v 292.895752 3.425751 -25.435604
v 299.181091 0.070786 -38.898167
v 292.895752 0.065308 -38.919250
v 286.610443 0.070786 -24.833363
v 292.895752 0.065308 -24.812283
v 286.576691 0.009384 -27.678802
v 292.895752 0.001389 -27.677254
v 286.576691 0.009384 -36.052727
v 292.895752 0.001389 -36.054272
v 287.233154 3.907654 -35.616348
v 292.895752 3.976517 -35.608608
v 287.233154 3.907654 -28.115185
v 292.895752 3.976517 -28.122921
v 286.760925 1.112427 -24.807652
v 292.895752 1.112427 -24.780193
v 299.030609 1.112427 -38.923874
v 292.895752 1.112427 -38.951336
v 296.587036 3.976517 -31.865765
v 289.204529 3.976501 -31.865768
v 296.594666 3.907669 -37.575672
v 289.196899 3.907654 -37.575676
v 297.026550 0.001389 -31.865765
v 288.764984 0.001389 -31.865765
v 297.025024 0.009399 -25.493767
v 288.766541 0.009384 -25.493771
v 297.025024 0.009399 -38.237762
v 288.766541 0.009384 -38.237766
v 296.982239 0.409927 -24.670891
v 288.809296 0.409927 -24.670891
v 288.809296 0.409927 -39.060638
v 296.982239 0.409927 -39.060635
v 296.594666 3.907669 -26.155861
v 289.196899 3.907654 -26.155865
v 287.225586 3.841354 -26.147907
v 300.058655 0.411728 -25.563435
v 299.145447 0.411728 -39.033352
v 285.732880 0.411713 -38.168098
v 286.646118 0.411713 -24.698181
v 286.582916 0.017075 -38.231846
v 286.582916 0.017075 -25.499687
v 286.576691 0.009384 -31.865765
v 285.732880 0.411713 -25.563435
v 285.703308 0.409927 -31.865765
v 300.058655 0.411728 -38.168098
v 300.088257 0.409927 -31.865765
v 287.225586 3.841354 -37.583630
v 287.233154 3.907654 -31.865768
v 298.558380 3.907669 -31.865765
v 292.895752 3.976517 -31.865765
v 298.565948 3.841354 -37.583630
v 292.895752 3.907669 -37.575672
v 299.214844 0.009399 -31.865765
v 292.895752 0.001389 -31.865765
v 299.208618 0.017075 -25.499683
v 292.895752 0.009399 -25.493771
v 299.208618 0.017075 -38.231842
v 292.895752 0.009399 -38.237762
v 299.145447 0.411728 -24.698181
v 292.895752 0.409927 -24.670891
v 286.646118 0.411713 -39.033352
v 292.895752 0.409927 -39.060635
v 298.565948 3.841354 -26.147903
v 292.895752 3.907669 -26.155861
v 132.338531 143.252609 4.670747
v 131.810715 143.291519 4.545401
v 131.419220 143.396667 4.182790
v 131.268951 143.539841 3.680058
v 131.400146 143.682648 3.171941
v 131.777695 143.786957 2.794574
v 132.300400 143.824677 2.649074
v 132.828201 143.785736 2.774422
v 133.219696 143.680618 3.137046
v 133.369965 143.537445 3.639764
v 133.238754 143.394608 4.147883
v 132.861221 143.290329 4.525258
v 132.316071 140.299393 3.111592
v 131.789062 140.412766 3.039360
v 131.399719 140.724106 2.821886
v 131.252411 141.150116 2.517458
v 131.386566 141.576569 2.207664
v 131.766251 141.889267 1.975491
v 132.289734 142.004318 1.883130
v 132.816757 141.891022 1.955362
v 133.206085 141.579651 2.172833
v 133.353409 141.153641 2.477246
v 133.219269 140.727158 2.787053
v 132.839569 140.414505 3.019248
v 132.836700 146.481445 0.450094
v 131.277466 147.376282 0.732868
v 133.247253 147.837753 0.897073
v 132.308899 146.357803 0.406103
v 131.427734 147.872711 0.896474
v 132.869720 148.210556 1.016702
v 133.378479 147.335907 0.733580
v 133.228210 146.839478 0.569980
v 131.786194 146.501633 0.449731
v 131.408661 146.874420 0.569342
v 131.819214 148.230743 1.016327
v 132.347031 148.354385 1.060354
v 132.252121 139.036087 0.074658
v 131.727768 139.180069 0.074657
v 131.345688 139.567047 0.074657
v 131.208298 140.093155 0.074657
v 131.352386 140.617615 0.074657
v 131.739334 140.999847 0.074660
v 132.265472 141.137405 0.074657
v 132.789841 140.993423 0.074657
v 133.171906 140.606476 0.074654
v 133.309311 140.080261 0.074654
v 133.165222 139.555878 0.074657
v 132.778290 139.173630 0.074661
v 132.347031 146.709534 3.750225
v 131.819214 146.638031 3.640147
v 131.408661 145.832230 2.461137
v 131.786209 145.608765 2.139662
v 133.228210 145.804077 2.440419
v 133.378479 146.099045 2.871953
v 132.869720 146.621796 3.628181
v 131.427734 146.426468 3.327449
v 132.308899 145.521042 2.017622
v 133.247253 146.398346 3.306695
v 131.277466 146.131516 2.895905
v 132.836700 145.592529 2.127697
v 132.338531 143.252609 -4.521439
v 131.810715 143.291519 -4.396093
v 131.419220 143.396667 -4.033480
v 131.268951 143.539841 -3.530751
v 131.400146 143.682648 -3.022623
v 131.777695 143.786957 -2.645261
v 132.300400 143.824677 -2.499764
v 132.828201 143.785736 -2.625109
v 133.219696 143.680618 -2.987730
v 133.369965 143.537445 -3.490448
v 133.238754 143.394608 -3.998576
v 132.861221 143.290359 -4.375945
v 132.316071 140.299393 -2.962273
v 131.789062 140.412766 -2.890044
v 131.399719 140.724106 -2.672575
v 131.252411 141.150085 -2.368151
v 131.386566 141.576599 -2.058352
v 131.766251 141.889267 -1.826177
v 132.289734 142.004318 -1.733823
v 132.816757 141.891022 -1.806052
v 133.206085 141.579651 -2.023520
v 133.353409 141.153641 -2.327935
v 133.219269 140.727142 -2.637738
v 132.839569 140.414520 -2.869935
v 132.836700 146.481461 -0.300796
v 131.277466 147.376282 -0.583554
v 133.247253 147.837753 -0.747756
v 132.308899 146.357773 -0.256790
v 131.427734 147.872711 -0.747169
v 132.869720 148.210556 -0.867389
v 133.378479 147.335907 -0.584276
v 133.228210 146.839447 -0.420670
v 131.786194 146.501633 -0.300414
v 131.408661 146.874420 -0.420032
v 131.819214 148.230743 -0.867016
v 132.347031 148.354385 -0.911036
v 132.347031 146.709518 -3.600916
v 131.819214 146.638031 -3.490830
v 131.408661 145.832230 -2.311832
v 131.786194 145.608765 -1.990349
v 133.228210 145.804077 -2.291105
v 133.378479 146.099014 -2.722646
v 132.869720 146.621826 -3.478874
v 131.427734 146.426468 -3.178142
v 132.308899 145.521042 -1.868324
v 133.247253 146.398346 -3.157378
v 131.277466 146.131516 -2.746589
v 132.836700 145.592529 -1.978390
v 178.925293 143.252609 4.670747
v 179.453110 143.291519 4.545401
v 179.844589 143.396667 4.182790
v 179.994873 143.539841 3.680058
v 179.863663 143.682648 3.171941
v 179.486130 143.786957 2.794574
v 178.963425 143.824677 2.649074
v 178.435623 143.785736 2.774422
v 178.044128 143.680618 3.137046
v 177.893860 143.537445 3.639764
v 178.025070 143.394608 4.147883
v 178.402603 143.290329 4.525258
v 178.947739 140.299393 3.111592
v 179.474762 140.412766 3.039360
v 179.864105 140.724106 2.821886
v 180.011414 141.150116 2.517458
v 179.877258 141.576569 2.207664
v 179.497574 141.889267 1.975491
v 178.974091 142.004318 1.883130
v 178.447067 141.891022 1.955362
v 178.057724 141.579651 2.172833
v 177.910416 141.153641 2.477246
v 178.044556 140.727158 2.787053
v 178.424255 140.414505 3.019248
v 178.427124 146.481445 0.450094
v 179.986359 147.376282 0.732868
v 178.016556 147.837753 0.897073
v 178.954910 146.357803 0.406103
v 179.836090 147.872711 0.896474
v 178.394104 148.210556 1.016702
v 177.885345 147.335907 0.733580
v 178.035614 146.839478 0.569980
v 179.477615 146.501633 0.449731
v 179.855148 146.874420 0.569342
v 179.444611 148.230743 1.016327
v 178.916794 148.354385 1.060354
v 179.011703 139.036087 0.074658
v 179.536057 139.180069 0.074657
v 179.918137 139.567047 0.074657
v 180.055527 140.093155 0.074657
v 179.911438 140.617615 0.074657
v 179.524490 140.999847 0.074660
v 178.998352 141.137405 0.074657
v 178.473984 140.993423 0.074657
v 178.091919 140.606476 0.074654
v 177.954514 140.080261 0.074654
v 178.098587 139.555878 0.074657
v 178.485535 139.173630 0.074661
v 178.916794 146.709534 3.750225
v 179.444611 146.638031 3.640147
v 179.855148 145.832230 2.461137
v 179.477615 145.608765 2.139662
v 178.035614 145.804077 2.440419
v 177.885345 146.099045 2.871953
v 178.394104 146.621796 3.628181
v 179.836090 146.426468 3.327449
v 178.954910 145.521042 2.017622
v 178.016556 146.398346 3.306695
v 179.986359 146.131516 2.895905
v 178.427124 145.592529 2.127697
v 178.925293 143.252609 -4.521439
v 179.453110 143.291519 -4.396093
v 179.844589 143.396667 -4.033480
v 179.994873 143.539841 -3.530751
v 179.863663 143.682648 -3.022623
v 179.486130 143.786957 -2.645261
v 178.963425 143.824677 -2.499764
v 178.435623 143.785736 -2.625109
v 178.044128 143.680618 -2.987730
v 177.893860 143.537445 -3.490448
v 178.025070 143.394608 -3.998576
v 178.402603 143.290359 -4.375945
v 178.947739 140.299393 -2.962273
v 179.474762 140.412766 -2.890044
v 179.864105 140.724106 -2.672575
v 180.011414 141.150085 -2.368151
v 179.877258 141.576599 -2.058352
v 179.497574 141.889267 -1.826177
v 178.974091 142.004318 -1.733823
v 178.447067 141.891022 -1.806052
v 178.057724 141.579651 -2.023520
v 177.910416 141.153641 -2.327935
v 178.044556 140.727142 -2.637738
v 178.424255 140.414520 -2.869935
v 178.427124 146.481461 -0.300796
v 179.986359 147.376282 -0.583554
v 178.016556 147.837753 -0.747756
v 178.954910 146.357773 -0.256790
v 179.836090 147.872711 -0.747169
v 178.394104 148.210556 -0.867389
v 177.885345 147.335907 -0.584276
v 178.035614 146.839447 -0.420670
v 179.477615 146.501633 -0.300414
v 179.855148 146.874420 -0.420032
v 179.444611 148.230743 -0.867016
v 178.916794 148.354385 -0.911036
v 178.916794 146.709518 -3.600916
v 179.444611 146.638031 -3.490830
v 179.855148 145.832230 -2.311832
v 179.477615 145.608765 -1.990349
v 178.035614 145.804077 -2.291105
v 177.885345 146.099014 -2.722646
v 178.394104 146.621826 -3.478874
v 179.836090 146.426468 -3.178142
v 178.954910 145.521042 -1.868324
v 178.016556 146.398346 -3.157378
v 179.986359 146.131516 -2.746589
v 178.427124 145.592529 -1.978390
v 108.847214 142.137573 -17.842396
v 108.847229 142.137573 17.842365
v 108.272964 140.751190 -17.842396
v 108.272972 140.751175 17.842369
v 106.886589 140.176941 -17.842396
v 106.886597 140.176941 17.842367
v 105.500221 140.751190 -17.842396
v 105.500229 140.751175 17.842369
v 104.925964 142.137573 -17.842392
v 104.925980 142.137573 17.842371
v 105.500221 143.523956 -17.842392
v 105.500229 143.523926 17.842371
v 106.886589 144.098190 -17.842396
v 106.886597 144.098160 17.842369
v 108.272964 143.523956 -17.842392
v 108.272972 143.523926 17.842371
v 108.847214 142.137573 -0.000013
v 108.847214 142.137573 -8.921203
v 108.847221 142.137573 8.921170
v 108.272964 140.751190 8.921174
v 108.272964 140.751190 -0.000016
v 108.272964 140.751190 -8.921203
v 106.886597 140.176971 8.921174
v 106.886597 140.176941 -0.000013
v 106.886597 140.176941 -8.921203
v 105.500229 140.751190 8.921174
v 105.500221 140.751190 -0.000016
v 105.500221 140.751190 -8.921203
v 104.925972 142.137573 8.921177
v 104.925964 142.137573 -0.000013
v 104.925964 142.137573 -8.921203
v 105.500229 143.523956 8.921177
v 105.500221 143.523956 -0.000016
v 105.500221 143.523956 -8.921199
v 106.886597 144.098190 8.921177
v 106.886597 144.098190 -0.000016
v 106.886589 144.098190 -8.921203
v 108.272964 143.523956 8.921177
v 108.272964 143.523956 -0.000016
v 108.272964 143.523956 -8.921199
v 267.661469 143.252609 4.670747
v 268.189270 143.291519 4.545401
v 268.580750 143.396667 4.182790
v 268.731018 143.539841 3.680058
v 268.599823 143.682648 3.171941
v 268.222290 143.786957 2.794574
v 267.699585 143.824677 2.649074
v 267.171783 143.785736 2.774422
v 266.780273 143.680618 3.137046
v 266.630005 143.537445 3.639764
v 266.761230 143.394608 4.147883
v 267.138763 143.290329 4.525258
v 267.683899 140.299393 3.111592
v 268.210938 140.412766 3.039360
v 268.600281 140.724106 2.821886
v 268.747589 141.150116 2.517458
v 268.613434 141.576569 2.207664
v 268.233734 141.889267 1.975491
v 267.710266 142.004318 1.883130
v 267.183228 141.891022 1.955362
v 266.793884 141.579651 2.172833
v 266.646576 141.153641 2.477246
v 266.780731 140.727158 2.787053
v 267.160400 140.414505 3.019248
v 267.163269 146.481445 0.450094
v 268.722534 147.376282 0.732868
v 266.752716 147.837753 0.897073
v 267.691071 146.357803 0.406103
v 268.572266 147.872711 0.896474
v 267.130249 148.210556 1.016702
v 266.621521 147.335907 0.733580
v 266.771790 146.839478 0.569980
v 268.213776 146.501633 0.449731
v 268.591309 146.874420 0.569342
v 268.180786 148.230743 1.016327
v 267.652954 148.354385 1.060354
v 267.747864 139.036087 0.074658
v 268.272217 139.180069 0.074657
v 268.654297 139.567047 0.074657
v 268.791687 140.093155 0.074657
v 268.647614 140.617615 0.074657
v 268.260651 140.999847 0.074660
v 267.734497 141.137405 0.074657
v 267.210144 140.993423 0.074657
v 266.828064 140.606476 0.074654
v 266.690674 140.080261 0.074654
v 266.834747 139.555878 0.074657
v 267.221710 139.173630 0.074661
v 267.652954 146.709534 3.750225
v 268.180786 146.638031 3.640147
v 268.591309 145.832230 2.461137
v 268.213776 145.608765 2.139662
v 266.771790 145.804077 2.440419
v 266.621521 146.099045 2.871953
v 267.130249 146.621796 3.628181
v 268.572266 146.426468 3.327449
v 267.691071 145.521042 2.017622
v 266.752716 146.398346 3.306695
v 268.722534 146.131516 2.895905
v 267.163269 145.592529 2.127697
v 267.661469 143.252609 -4.521439
v 268.189270 143.291519 -4.396093
v 268.580750 143.396667 -4.033480
v 268.731018 143.539841 -3.530751
v 268.599823 143.682648 -3.022623
v 268.222290 143.786957 -2.645261
v 267.699585 143.824677 -2.499764
v 267.171783 143.785736 -2.625109
v 266.780273 143.680618 -2.987730
v 266.630005 143.537445 -3.490448
v 266.761230 143.394608 -3.998576
v 267.138763 143.290359 -4.375945
v 267.683899 140.299393 -2.962273
v 268.210938 140.412766 -2.890044
v 268.600281 140.724106 -2.672575
v 268.747589 141.150085 -2.368151
v 268.613434 141.576599 -2.058352
v 268.233734 141.889267 -1.826177
v 267.710266 142.004318 -1.733823
v 267.183228 141.891022 -1.806052
v 266.793884 141.579651 -2.023520
v 266.646576 141.153641 -2.327935
v 266.780731 140.727142 -2.637738
v 267.160400 140.414520 -2.869935
v 267.163269 146.481461 -0.300796
v 268.722534 147.376282 -0.583554
v 266.752716 147.837753 -0.747756
v 267.691071 146.357773 -0.256790
v 268.572266 147.872711 -0.747169
v 267.130249 148.210556 -0.867389
v 266.621521 147.335907 -0.584276
v 266.771790 146.839447 -0.420670
v 268.213776 146.501633 -0.300414
v 268.591309 146.874420 -0.420032
v 268.180786 148.230743 -0.867016
v 267.652954 148.354385 -0.911036
v 267.652954 146.709518 -3.600916
v 268.180786 146.638031 -3.490830
v 268.591309 145.832230 -2.311832
v 268.213776 145.608765 -1.990349
v 266.771790 145.804077 -2.291105
v 266.621521 146.099014 -2.722646
v 267.130249 146.621826 -3.478874
v 268.572266 146.426468 -3.178142
v 267.691071 145.521042 -1.868324
v 266.752716 146.398346 -3.157378
v 268.722534 146.131516 -2.746589
v 267.163269 145.592529 -1.978390
v 221.074692 143.252609 4.670747
v 220.546875 143.291519 4.545401
v 220.155396 143.396667 4.182790
v 220.005112 143.539841 3.680058
v 220.136322 143.682648 3.171941
v 220.513855 143.786957 2.794574
v 221.036560 143.824677 2.649074
v 221.564362 143.785736 2.774422
v 221.955872 143.680618 3.137046
v 222.106125 143.537445 3.639764
v 221.974915 143.394608 4.147883
v 221.597382 143.290329 4.525258
v 221.052246 140.299393 3.111592
v 220.525223 140.412766 3.039360
v 220.135880 140.724106 2.821886
v 219.988571 141.150116 2.517458
v 220.122726 141.576569 2.207664
v 220.502411 141.889267 1.975491
v 221.025894 142.004318 1.883130
v 221.552917 141.891022 1.955362
v 221.942261 141.579651 2.172833
v 222.089569 141.153641 2.477246
v 221.955429 140.727158 2.787053
v 221.575729 140.414505 3.019248
v 221.572876 146.481445 0.450094
v 220.013626 147.376282 0.732868
v 221.983429 147.837753 0.897073
v 221.045074 146.357803 0.406103
v 220.163895 147.872711 0.896474
v 221.605896 148.210556 1.016702
v 222.114639 147.335907 0.733580
v 221.964355 146.839478 0.569980
v 220.522369 146.501633 0.449731
v 220.144836 146.874420 0.569342
v 220.555389 148.230743 1.016327
v 221.083191 148.354385 1.060354
v 220.988281 139.036087 0.074658
v 220.463928 139.180069 0.074657
v 220.081848 139.567047 0.074657
v 219.944458 140.093155 0.074657
v 220.088531 140.617615 0.074657
v 220.475494 140.999847 0.074660
v 221.001648 141.137405 0.074657
v 221.526001 140.993423 0.074657
v 221.908081 140.606476 0.074654
v 222.045471 140.080261 0.074654
v 221.901398 139.555878 0.074657
v 221.514450 139.173630 0.074661
v 221.083191 146.709534 3.750225
v 220.555389 146.638031 3.640147
v 220.144836 145.832230 2.461137
v 220.522369 145.608765 2.139662
v 221.964355 145.804077 2.440419
v 222.114639 146.099045 2.871953
v 221.605896 146.621796 3.628181
v 220.163895 146.426468 3.327449
v 221.045074 145.521042 2.017622
v 221.983429 146.398346 3.306695
v 220.013626 146.131516 2.895905
v 221.572876 145.592529 2.127697
v 221.074692 143.252609 -4.521439
v 220.546875 143.291519 -4.396093
v 220.155396 143.396667 -4.033480
v 220.005112 143.539841 -3.530751
v 220.136322 143.682648 -3.022623
v 220.513855 143.786957 -2.645261
v 221.036560 143.824677 -2.499764
v 221.564362 143.785736 -2.625109
v 221.955872 143.680618 -2.987730
v 222.106125 143.537445 -3.490448
v 221.974915 143.394608 -3.998576
v 221.597382 143.290359 -4.375945
v 221.052246 140.299393 -2.962273
v 220.525223 140.412766 -2.890044
v 220.135880 140.724106 -2.672575
v 219.988571 141.150085 -2.368151
v 220.122726 141.576599 -2.058352
v 220.502411 141.889267 -1.826177
v 221.025894 142.004318 -1.733823
v 221.552917 141.891022 -1.806052
v 221.942261 141.579651 -2.023520
v 222.089569 141.153641 -2.327935
v 221.955429 140.727142 -2.637738
v 221.575729 140.414520 -2.869935
v 221.572876 146.481461 -0.300796
v 220.013626 147.376282 -0.583554
v 221.983429 147.837753 -0.747756
v 221.045074 146.357773 -0.256790
v 220.163895 147.872711 -0.747169
v 221.605896 148.210556 -0.867389
v 222.114639 147.335907 -0.584276
v 221.964355 146.839447 -0.420670
v 220.522369 146.501633 -0.300414
v 220.144836 146.874420 -0.420032
v 220.555389 148.230743 -0.867016
v 221.083191 148.354385 -0.911036
v 221.083191 146.709518 -3.600916
v 220.555389 146.638031 -3.490830
v 220.144836 145.832230 -2.311832
v 220.522369 145.608765 -1.990349
v 221.964355 145.804077 -2.291105
v 222.114639 146.099014 -2.722646
v 221.605896 146.621826 -3.478874
v 220.163895 146.426468 -3.178142
v 221.045074 145.521042 -1.868324
v 221.983429 146.398346 -3.157378
v 220.013626 146.131516 -2.746589
v 221.572876 145.592529 -1.978390
v 291.152771 142.137573 -17.842396
v 291.152771 142.137573 17.842365
v 291.727020 140.751190 -17.842396
v 291.727020 140.751175 17.842369
v 293.113403 140.176941 -17.842396
v 293.113403 140.176941 17.842367
v 294.499756 140.751190 -17.842396
v 294.499756 140.751175 17.842369
v 295.074036 142.137573 -17.842392
v 295.074005 142.137573 17.842371
v 294.499756 143.523956 -17.842392
v 294.499756 143.523926 17.842371
v 293.113403 144.098190 -17.842396
v 293.113403 144.098160 17.842369
v 291.727020 143.523956 -17.842392
v 291.727020 143.523926 17.842371
v 291.152771 142.137573 -0.000013
v 291.152771 142.137573 -8.921203
v 291.152771 142.137573 8.921170
v 291.727020 140.751190 8.921174
v 291.727020 140.751190 -0.000016
v 291.727020 140.751190 -8.921203
v 293.113403 140.176971 8.921174
v 293.113403 140.176941 -0.000013
v 293.113403 140.176941 -8.921203
v 294.499756 140.751190 8.921174
v 294.499756 140.751190 -0.000016
v 294.499756 140.751190 -8.921203
v 295.074005 142.137573 8.921177
v 295.074036 142.137573 -0.000013
v 295.074036 142.137573 -8.921203
v 294.499756 143.523956 8.921177
v 294.499756 143.523956 -0.000016
v 294.499756 143.523956 -8.921199
v 293.113403 144.098190 8.921177
v 293.113403 144.098190 -0.000016
v 293.113403 144.098190 -8.921203
v 291.727020 143.523956 8.921177
v 291.727020 143.523956 -0.000016
v 291.727020 143.523956 -8.921199
vn -0.0000 -0.0000 -1.0000
vn 0.4060 -0.0000 -0.9139
vn 0.4060 -0.6462 -0.6462
vn -0.0000 -0.7071 -0.7071
vn 0.4060 -0.9139 -0.0000
vn -0.0000 -1.0000 -0.0000
vn 0.4060 -0.6462 0.6462
vn -0.0000 -0.7071 0.7071
vn 0.4060 -0.0000 0.9139
vn -0.0000 -0.0000 1.0000
vn 0.4060 0.6462 0.6462
vn -0.0000 0.7071 0.7071
vn 0.4060 0.9139 -0.0000
vn -0.0000 1.0000 -0.0000
vn 0.9220 -0.0000 0.3872
vn 1.0000 -0.0000 -0.0000
vn 0.9220 0.3872 -0.0000
vn 0.9220 0.2738 0.2738
vn 0.4060 0.6462 -0.6462
vn -0.0000 0.7071 -0.7071
vn -0.9220 -0.0000 -0.3872
vn -1.0000 -0.0000 -0.0000
vn -0.9220 0.3872 -0.0000
vn -0.9220 0.2738 -0.2738
vn -0.9220 -0.0000 0.3872
vn -0.9220 0.2738 0.2738
vn -0.9220 -0.3872 -0.0000
vn -0.9220 -0.2738 0.2738
vn -0.9220 -0.2738 -0.2738
vn 0.9220 -0.0000 -0.3872
vn 0.9220 0.2738 -0.2738
vn 0.9220 -0.3872 -0.0000
vn 0.9220 -0.2738 -0.2738
vn 0.9220 -0.2738 0.2738
vn -0.4060 -0.0000 -0.9139
vn -0.4060 -0.6462 -0.6462
vn -0.4060 -0.9139 -0.0000
vn -0.4060 -0.6462 0.6462
vn -0.4060 -0.0000 0.9139
vn -0.4060 0.6462 0.6462
vn -0.4060 0.9139 -0.0000
vn -0.4060 0.6462 -0.6462
vn 0.7071 -0.7071 -0.0000
vn -0.7071 -0.7071 -0.0000
vn -0.7071 0.7071 -0.0000
vn 0.7071 0.7071 -0.0000
vn 1.0000 0.0002 -0.0000
vn 1.0000 0.0002 0.0006
vn 0.7058 -0.0460 -0.7069
vn 0.7045 -0.0476 -0.7081
vn -0.0000 -0.0627 -0.9980
vn 0.7063 -0.0444 -0.7065
vn 0.7065 -0.0445 -0.7063
vn 0.7045 0.0490 0.7080
vn 0.7052 0.0469 0.7074
vn 1.0000 -0.0003 0.0001
vn -0.0000 0.0693 0.9976
vn -0.0000 0.0662 0.9978
vn 0.7063 0.0447 0.7065
vn 0.7064 0.0439 0.7064
vn -0.7045 0.0490 0.7080
vn -0.7052 0.0469 0.7074
vn -0.0000 0.0632 0.9980
vn -0.0000 0.0622 0.9981
vn -1.0000 0.0002 -0.0000
vn -1.0000 0.0002 0.0006
vn -0.7063 0.0447 0.7065
vn -0.7064 0.0439 0.7064
vn -0.6886 -0.1220 -0.7148
vn -0.6986 -0.2342 -0.6761
vn -0.0000 -0.3165 -0.9486
vn -0.0000 -0.1633 -0.9866
vn -1.0000 -0.0003 0.0001
vn -0.7089 -0.4361 -0.5544
vn -0.0000 -0.6089 -0.7932
vn -0.7045 -0.0476 -0.7081
vn -0.7058 -0.0460 -0.7069
vn -0.0000 -0.0669 -0.9978
vn -0.0000 -0.0648 -0.9979
vn -0.7063 -0.0444 -0.7065
vn -0.7065 -0.0445 -0.7063
vn 0.6986 -0.2342 -0.6761
vn 0.6886 -0.1220 -0.7148
vn 0.7089 -0.4361 -0.5544
vn 1.0000 0.0019 0.0079
vn 0.9994 0.0075 0.0339
vn 0.6685 0.2690 0.6934
vn 0.6809 0.1417 0.7185
vn 0.9987 0.0305 0.0415
vn 0.6617 0.4857 0.5712
vn -0.6809 0.1417 0.7185
vn -0.6685 0.2690 0.6934
vn -0.9994 0.0075 0.0339
vn -1.0000 0.0019 0.0079
vn -0.6617 0.4857 0.5712
vn -0.9987 0.0305 0.0415
vn -0.0000 0.3708 0.9287
vn -0.0000 0.1978 0.9802
vn -0.0000 0.6532 0.7572
vn -0.9985 0.0489 0.0265
vn -0.7063 -0.6255 -0.3315
vn -0.9975 0.0706 -0.0000
vn -0.7147 -0.6995 -0.0000
vn -0.0000 0.8959 0.4443
vn -0.6555 0.6753 0.3380
vn -0.6500 0.7599 -0.0000
vn 0.9985 0.0489 0.0265
vn 0.6555 0.6753 0.3380
vn 0.9975 0.0706 -0.0000
vn 0.6500 0.7599 -0.0000
vn -0.0000 -0.8801 -0.4747
vn 0.7063 -0.6255 -0.3315
vn 0.7147 -0.6995 -0.0000
vn -0.3557 -0.9346 0.0020
vn -0.2783 -0.9203 -0.2751
vn -0.0000 -0.9370 -0.3494
vn -0.0000 -1.0000 0.0003
vn 0.3556 -0.9346 0.0020
vn 0.2813 -0.9164 0.2847
vn -0.0000 -0.9322 0.3620
vn 0.2783 -0.9203 -0.2751
vn -0.2813 -0.9164 0.2846
vn -0.0000 -0.6202 -0.7845
vn 0.5571 -0.6210 -0.5514
vn -0.0000 -0.2467 -0.9691
vn 0.6896 -0.2340 -0.6853
vn 0.8004 -0.5995 0.0059
vn 0.9800 -0.1992 0.0041
vn 0.5668 -0.5923 0.5726
vn 0.6954 -0.1666 0.6990
vn -0.0000 -0.5781 0.8160
vn -0.0000 -0.1512 0.9885
vn -0.5668 -0.5923 0.5726
vn -0.6954 -0.1666 0.6990
vn -0.8004 -0.5995 0.0059
vn -0.9800 -0.1992 0.0041
vn -0.5571 -0.6210 -0.5514
vn -0.6896 -0.2341 -0.6853
vn -0.7059 -0.0481 -0.7067
vn -0.0000 -0.0675 -0.9977
vn -0.0000 -0.0799 -0.9968
vn -0.7068 -0.0605 -0.7048
vn -1.0000 -0.0009 -0.0012
vn -0.9999 -0.0137 0.0015
vn -0.7071 0.0465 0.7056
vn -0.7062 0.0329 0.7072
vn -0.0000 0.0661 0.9978
vn -0.0000 0.0521 0.9986
vn 0.7071 0.0465 0.7056
vn 0.7062 0.0329 0.7072
vn 1.0000 -0.0009 -0.0012
vn 0.9999 -0.0137 0.0015
vn 0.7059 -0.0481 -0.7067
vn 0.7068 -0.0605 -0.7048
vn -0.6973 0.0666 0.7137
vn -0.0000 0.0938 0.9956
vn -0.0000 0.1269 0.9919
vn -0.6883 0.0902 0.7198
vn 1.0000 0.0008 -0.0005
vn 0.6972 -0.0609 -0.7143
vn 0.6947 -0.0788 -0.7150
vn 1.0000 0.0011 0.0064
vn -0.6972 -0.0609 -0.7143
vn -1.0000 0.0008 -0.0005
vn -1.0000 0.0011 0.0064
vn -0.6947 -0.0788 -0.7150
vn 0.6973 0.0666 0.7137
vn 0.6883 0.0902 0.7198
vn -0.0000 -0.0841 -0.9965
vn -0.0000 -0.1070 -0.9943
vn -0.0000 -0.0627 0.9980
vn 0.7061 -0.0445 0.7067
vn 0.7058 -0.0460 0.7069
vn -0.0000 -0.0648 0.9979
vn -0.0000 -0.0669 0.9978
vn 0.7031 -0.0477 0.7095
vn 0.7021 -0.0541 0.7100
vn -0.0000 -0.0753 0.9972
vn 1.0000 0.0002 -0.0006
vn 1.0000 0.0002 0.0001
vn 1.0000 0.0005 -0.0024
vn 0.7061 0.0447 -0.7067
vn 0.7052 0.0469 -0.7074
vn 0.7031 0.0491 -0.7094
vn 0.6996 0.0579 -0.7122
vn -0.0000 0.0632 -0.9980
vn -0.0000 0.0662 -0.9978
vn -0.0000 0.0693 -0.9976
vn -0.0000 0.0818 -0.9966
vn -0.7061 0.0447 -0.7067
vn -0.7052 0.0469 -0.7074
vn -0.7031 0.0491 -0.7094
vn -0.6996 0.0579 -0.7122
vn -1.0000 0.0002 -0.0006
vn -1.0000 0.0002 0.0001
vn -1.0000 0.0005 -0.0024
vn -0.0000 -0.6089 0.7932
vn -0.7089 -0.4361 0.5544
vn -0.6986 -0.2342 0.6761
vn -0.0000 -0.3165 0.9486
vn -0.7061 -0.0445 0.7067
vn -0.7058 -0.0460 0.7069
vn -0.6886 -0.1220 0.7148
vn -0.0000 -0.1633 0.9866
vn -0.7068 -0.0605 0.7048
vn -0.0000 -0.0799 0.9968
vn -0.0000 -0.0675 0.9977
vn -0.7059 -0.0481 0.7067
vn -0.7031 -0.0477 0.7095
vn -0.7021 -0.0541 0.7100
vn -0.9999 -0.0137 -0.0015
vn -1.0000 -0.0009 0.0012
vn -0.7062 0.0329 -0.7072
vn -0.7071 0.0465 -0.7056
vn -0.0000 0.0521 -0.9986
vn -0.0000 0.0661 -0.9978
vn 0.7089 -0.4361 0.5544
vn 0.6986 -0.2342 0.6761
vn 0.7062 0.0329 -0.7072
vn 0.7071 0.0465 -0.7056
vn 0.6617 0.4857 -0.5712
vn 0.9987 0.0305 -0.0415
vn 0.9994 0.0075 -0.0339
vn 0.6685 0.2690 -0.6934
vn 0.6886 -0.1220 0.7148
vn 0.9999 -0.0137 -0.0015
vn 1.0000 -0.0009 0.0012
vn 0.7068 -0.0605 0.7048
vn 0.7059 -0.0481 0.7067
vn -0.9987 0.0305 -0.0415
vn -0.6617 0.4857 -0.5712
vn -0.6685 0.2690 -0.6934
vn -0.9994 0.0075 -0.0339
vn 1.0000 0.0019 -0.0079
vn 0.6809 0.1417 -0.7185
vn -0.0000 0.6532 -0.7572
vn -0.0000 0.3708 -0.9287
vn -0.6809 0.1417 -0.7185
vn -1.0000 0.0019 -0.0079
vn -0.0000 0.1978 -0.9802
vn -0.6883 0.0902 -0.7198
vn -0.0000 0.1269 -0.9919
vn -0.0000 0.0938 -0.9956
vn -0.6973 0.0666 -0.7137
vn -0.9985 0.0489 -0.0265
vn -0.7063 -0.6255 0.3315
vn 1.0000 0.0011 -0.0064
vn 0.6947 -0.0788 0.7150
vn 0.6972 -0.0609 0.7143
vn 1.0000 0.0008 0.0005
vn -0.6947 -0.0788 0.7150
vn -1.0000 0.0011 -0.0064
vn -1.0000 0.0008 0.0005
vn -0.6972 -0.0609 0.7143
vn -0.0000 0.8959 -0.4443
vn -0.6555 0.6753 -0.3380
vn 0.6883 0.0902 -0.7198
vn 0.6973 0.0666 -0.7137
vn 0.9985 0.0489 -0.0265
vn 0.6555 0.6753 -0.3380
vn -0.0000 -0.1070 0.9943
vn -0.0000 -0.0841 0.9965
vn -0.0000 -0.8801 0.4747
vn 0.7063 -0.6255 0.3315
vn -0.6996 0.0579 0.7122
vn -0.0000 0.0818 0.9966
vn 1.0000 0.0005 0.0024
vn 0.7021 -0.0541 -0.7100
vn -0.7021 -0.0541 -0.7100
vn -1.0000 0.0005 0.0024
vn 0.6996 0.0579 0.7122
vn -0.0000 -0.0753 -0.9972
vn 0.7045 -0.0476 0.7081
vn 0.7045 0.0490 -0.7080
vn -0.0000 -1.0000 -0.0003
vn -0.0000 -0.9370 0.3494
vn -0.2783 -0.9203 0.2751
vn -0.3557 -0.9346 -0.0020
vn -0.7045 0.0490 -0.7080
vn -0.0000 -0.9322 -0.3620
vn 0.2813 -0.9164 -0.2846
vn 0.3556 -0.9346 -0.0020
vn 0.2783 -0.9203 0.2751
vn -0.7045 -0.0476 0.7081
vn -0.2813 -0.9164 -0.2846
vn -0.0000 -0.2467 0.9691
vn -0.0000 -0.6202 0.7845
vn 0.5571 -0.6210 0.5514
vn 0.6896 -0.2341 0.6853
vn 0.8004 -0.5995 -0.0059
vn 0.9800 -0.1992 -0.0041
vn 0.7063 -0.0444 0.7065
vn 0.5668 -0.5923 -0.5726
vn 0.6954 -0.1666 -0.6990
vn 0.7065 -0.0445 0.7063
vn -0.0000 -0.5781 -0.8159
vn -0.0000 -0.1512 -0.9885
vn 1.0000 -0.0003 -0.0001
vn 0.7063 0.0447 -0.7065
vn -0.5668 -0.5923 -0.5726
vn -0.6954 -0.1666 -0.6990
vn 0.7064 0.0439 -0.7064
vn -0.8004 -0.5995 -0.0059
vn -0.9800 -0.1992 -0.0041
vn -0.0000 0.0622 -0.9981
vn -0.7063 0.0447 -0.7065
vn -0.5571 -0.6210 0.5514
vn -0.6896 -0.2340 0.6853
vn -0.7064 0.0439 -0.7064
vn -1.0000 -0.0003 -0.0001
vn -0.7063 -0.0444 0.7065
vn -0.7065 -0.0445 0.7063
vn 0.7061 -0.0445 -0.7067
vn 0.7061 0.0447 0.7067
vn -0.7061 0.0447 0.7067
vn -0.7061 -0.0445 -0.7067
vn 1.0000 0.0002 -0.0001
vn 0.7031 -0.0477 -0.7095
vn 0.7031 0.0491 0.7094
vn -0.7031 0.0491 0.7094
vn -1.0000 0.0002 -0.0001
vn -0.7031 -0.0477 -0.7095
vn 0.7063 -0.6255 -0.3316
vn -0.3556 -0.9346 0.0020
vn -0.0000 -0.9322 0.3621
vn -0.2814 -0.9164 0.2847
vn -0.2782 -0.9203 -0.2751
vn -1.0000 -0.0009 0.0011
vn -0.0000 -0.9322 -0.3621
vn -0.2813 -0.9164 -0.2847
vn 0.2813 -0.9164 -0.2847
vn -0.6896 -0.2341 0.6853
vn -0.0000 -0.5781 -0.8160
vn 0.6896 -0.2340 0.6853
vn 0.0172 0.9997 -0.0173
vn 0.2958 0.9551 -0.0150
vn 0.2553 0.9301 -0.2641
vn 0.0149 0.9523 -0.3047
vn 0.7992 0.6009 -0.0100
vn 0.7543 0.6276 -0.1928
vn 0.6036 0.4962 -0.6241
vn 0.1810 0.6193 -0.7640
vn 0.0096 0.5907 -0.8068
vn -0.9764 0.2159 -0.0066
vn -0.9630 0.2310 -0.1386
vn -0.9851 -0.0942 -0.1440
vn -0.9906 -0.1369 -0.0067
vn -0.6698 0.2729 -0.6905
vn -0.6971 -0.0512 -0.7151
vn -0.5015 -0.6882 -0.5243
vn -0.6072 -0.7881 -0.1013
vn -0.5746 -0.8184 -0.0046
vn -0.0060 0.2141 0.9768
vn -0.1234 0.2276 0.9659
vn -0.1282 -0.0766 0.9888
vn -0.0062 -0.1150 0.9933
vn -0.6698 0.2729 0.6905
vn -0.6971 -0.0512 0.7151
vn -0.5015 -0.6882 0.5243
vn -0.0926 -0.7778 0.6216
vn -0.0044 -0.8054 0.5927
vn 0.9764 0.2159 0.0066
vn 0.9630 0.2310 0.1386
vn 0.9851 -0.0942 0.1440
vn 0.9906 -0.1369 0.0067
vn 0.6698 0.2729 0.6905
vn 0.6971 -0.0512 0.7151
vn 0.5015 -0.6882 0.5243
vn 0.6072 -0.7881 0.1014
vn 0.5746 -0.8184 0.0046
vn 0.0060 0.2141 -0.9768
vn 0.1234 0.2276 -0.9659
vn 0.1282 -0.0766 -0.9888
vn 0.0062 -0.1150 -0.9933
vn 0.6698 0.2729 -0.6905
vn 0.6971 -0.0512 -0.7151
vn 0.5015 -0.6882 -0.5243
vn 0.0926 -0.7778 -0.6216
vn 0.0044 -0.8054 -0.5927
vn 0.0018 -1.0000 0.0018
vn 0.0407 -0.9992 0.0018
vn 0.0384 -0.9985 0.0401
vn 0.0018 -0.9991 0.0426
vn 0.0926 -0.7778 0.6216
vn 0.0044 -0.8054 0.5927
vn 0.0384 -0.9985 -0.0401
vn 0.0018 -0.9991 -0.0426
vn 0.6072 -0.7881 -0.1013
vn 0.5746 -0.8184 -0.0046
vn 0.0407 -0.9992 -0.0018
vn 0.0018 -1.0000 -0.0018
vn 0.0408 -0.9992 -0.0000
vn 0.0018 -1.0000 -0.0000
vn 0.5722 -0.8201 -0.0000
vn 0.9630 0.2310 -0.1386
vn 0.9851 -0.0942 -0.1440
vn 0.9764 0.2159 -0.0066
vn 0.9906 -0.1369 -0.0067
vn 0.9766 0.2153 -0.0000
vn 0.9903 -0.1393 -0.0000
vn -0.9630 0.2310 0.1386
vn -0.9851 -0.0942 0.1440
vn -0.9764 0.2159 0.0066
vn -0.9906 -0.1369 0.0067
vn -0.5746 -0.8184 0.0046
vn -0.6072 -0.7881 0.1013
vn -0.9766 0.2153 -0.0000
vn -0.9903 -0.1393 -0.0000
vn -0.5722 -0.8201 -0.0000
vn 0.0096 0.5907 0.8068
vn 0.1810 0.6193 0.7640
vn 0.2553 0.9301 0.2641
vn 0.0149 0.9523 0.3047
vn 0.6036 0.4962 0.6241
vn 0.7543 0.6276 0.1928
vn 0.7992 0.6009 0.0100
vn 0.2958 0.9551 0.0150
vn 0.0172 0.9997 0.0173
vn 0.2983 0.9545 -0.0000
vn 0.0175 0.9998 -0.0000
vn 0.8012 0.5983 -0.0000
vn -0.7992 0.6009 0.0100
vn -0.7543 0.6276 0.1928
vn -0.8012 0.5983 -0.0000
vn -0.6036 0.4962 0.6241
vn -0.1810 0.6193 0.7640
vn -0.6036 0.4962 -0.6241
vn -0.7543 0.6276 -0.1928
vn -0.0096 0.5907 0.8068
vn 0.0060 0.2141 0.9768
vn 0.1234 0.2276 0.9659
vn -0.7992 0.6009 -0.0100
vn -0.0000 0.2136 0.9769
vn -0.0000 0.5880 0.8088
vn -0.0096 0.5907 -0.8068
vn -0.0060 0.2141 -0.9768
vn -0.1234 0.2276 -0.9659
vn -0.1810 0.6193 -0.7640
vn -0.0000 0.2136 -0.9769
vn -0.0000 0.5880 -0.8088
vn -0.2958 0.9551 0.0150
vn -0.2983 0.9545 -0.0000
vn -0.0172 0.9997 0.0173
vn -0.0175 0.9998 -0.0000
vn -0.0172 0.9997 -0.0173
vn -0.2958 0.9551 -0.0150
vn -0.0000 0.9998 0.0175
vn -0.0000 0.9998 -0.0175
vn -0.2553 0.9301 0.2641
vn -0.0149 0.9523 0.3047
vn -0.0000 0.9516 0.3073
vn -0.0407 -0.9992 -0.0018
vn -0.0408 -0.9992 -0.0000
vn -0.0018 -1.0000 -0.0018
vn -0.0018 -1.0000 -0.0000
vn -0.0018 -1.0000 0.0018
vn -0.0407 -0.9992 0.0018
vn -0.0000 -1.0000 -0.0018
vn -0.0000 -1.0000 0.0018
vn -0.0926 -0.7778 -0.6216
vn -0.0384 -0.9985 -0.0401
vn -0.0044 -0.8054 -0.5927
vn -0.0018 -0.9991 -0.0426
vn -0.0000 -0.8070 -0.5905
vn -0.0000 -0.9991 -0.0428
vn -0.0384 -0.9985 0.0401
vn -0.0018 -0.9991 0.0426
vn -0.0000 -0.9991 0.0428
vn -0.0000 -0.8070 0.5905
vn -0.1282 -0.0766 -0.9888
vn -0.0062 -0.1150 -0.9933
vn -0.0000 -0.1172 -0.9931
vn 0.1282 -0.0766 0.9888
vn 0.0062 -0.1150 0.9933
vn -0.0000 -0.1172 0.9931
vn -0.2553 0.9301 -0.2641
vn -0.0149 0.9523 -0.3047
vn -0.0000 0.9516 -0.3073
vn 0.6699 0.2729 -0.6905
vn -0.6072 -0.7881 0.1014
vn -0.6699 0.2729 -0.6905
vn 0.9906 -0.1368 0.0067
vn -0.0000 0.5880 0.8089
vn -0.0000 0.5880 -0.8089
vn 0.6072 -0.7881 -0.1014
vn 0.6699 0.2729 0.6905
vn 0.9765 0.2153 -0.0000
vn -0.8013 0.5983 -0.0000
vn 0.0175 -0.1208 0.9925
vn -0.4560 -0.0988 0.8845
vn -0.4685 -0.6487 0.5997
vn 0.0102 -0.7423 0.6700
vn -0.8265 -0.0456 0.5610
vn -0.8353 -0.3924 0.3851
vn -0.9966 0.0088 0.0816
vn -0.9973 -0.0375 0.0626
vn -0.8974 0.0318 -0.4401
vn -0.8967 0.3231 -0.3025
vn -0.5362 0.0227 -0.8438
vn -0.5365 0.5890 -0.6044
vn -0.0199 0.0116 -0.9997
vn -0.0113 0.6849 -0.7285
vn 0.5027 0.0188 -0.8642
vn 0.5162 0.5873 -0.6234
vn 0.8800 0.0251 -0.4742
vn 0.8852 0.3227 -0.3352
vn 0.9990 0.0018 0.0445
vn 0.9990 -0.0369 0.0266
vn 0.8461 -0.0506 0.5306
vn 0.8480 -0.3926 0.3560
vn 0.4870 -0.1013 0.8675
vn 0.4872 -0.6495 0.5838
vn -0.8453 -0.5342 -0.0000
vn -0.4846 -0.8748 -0.0000
vn -0.9980 -0.0633 -0.0000
vn -0.9013 0.4332 -0.0000
vn -0.5493 0.8356 -0.0000
vn -0.0041 1.0000 -0.0000
vn 0.5460 0.8378 -0.0000
vn 0.9025 0.4306 -0.0000
vn 0.9976 -0.0694 -0.0000
vn 0.8424 -0.5389 -0.0000
vn 0.4816 -0.8764 -0.0000
vn -0.0012 -1.0000 -0.0000
vn 0.0178 0.5967 0.8023
vn 0.4883 0.5210 0.7001
vn 0.4789 0.7503 0.4557
vn 0.0161 0.8537 0.5205
vn -0.5380 -0.5510 -0.6380
vn -0.8985 -0.2763 -0.3411
vn -0.8771 -0.4213 -0.2307
vn -0.5072 -0.7611 -0.4044
vn 0.8807 -0.2998 -0.3667
vn 0.5044 -0.5651 -0.6529
vn 0.4732 -0.7775 -0.4142
vn 0.8576 -0.4506 -0.2479
vn -0.4567 0.5331 0.7122
vn -0.4495 0.7639 0.4630
vn 0.8473 0.3196 0.4242
vn 0.8466 0.4565 0.2738
vn -0.9967 0.0525 0.0617
vn -0.9985 0.0465 0.0294
vn -0.0196 -0.6633 -0.7481
vn -0.0194 -0.8855 -0.4642
vn 0.9991 0.0268 0.0337
vn 0.9999 0.0135 0.0104
vn -0.8272 0.3410 0.4466
vn -0.8271 0.4825 0.2883
vn 0.0175 -0.1208 -0.9925
vn 0.0102 -0.7423 -0.6700
vn -0.4685 -0.6487 -0.5997
vn -0.4560 -0.0988 -0.8845
vn -0.8353 -0.3924 -0.3851
vn -0.8265 -0.0456 -0.5610
vn -0.9973 -0.0375 -0.0626
vn -0.9966 0.0088 -0.0816
vn -0.8967 0.3231 0.3025
vn -0.8974 0.0318 0.4401
vn -0.5365 0.5890 0.6044
vn -0.5362 0.0227 0.8438
vn -0.0113 0.6849 0.7285
vn -0.0199 0.0116 0.9997
vn 0.5162 0.5873 0.6234
vn 0.5027 0.0188 0.8642
vn 0.8852 0.3227 0.3352
vn 0.8800 0.0251 0.4742
vn 0.9990 -0.0369 -0.0266
vn 0.9990 0.0018 -0.0445
vn 0.8480 -0.3926 -0.3560
vn 0.8461 -0.0506 -0.5306
vn 0.4872 -0.6495 -0.5838
vn 0.4870 -0.1013 -0.8675
vn 0.0178 0.5967 -0.8023
vn 0.0161 0.8537 -0.5205
vn 0.4789 0.7504 -0.4557
vn 0.4883 0.5210 -0.7000
vn -0.5380 -0.5510 0.6380
vn -0.5072 -0.7611 0.4044
vn -0.8771 -0.4213 0.2307
vn -0.8985 -0.2763 0.3411
vn 0.8807 -0.2998 0.3667
vn 0.8576 -0.4506 0.2479
vn 0.4732 -0.7775 0.4142
vn 0.5044 -0.5651 0.6529
vn -0.4567 0.5331 -0.7122
vn -0.4495 0.7639 -0.4630
vn 0.8466 0.4565 -0.2738
vn 0.8473 0.3196 -0.4242
vn -0.9985 0.0465 -0.0294
vn -0.9967 0.0525 -0.0617
vn -0.0194 -0.8855 0.4642
vn -0.0196 -0.6633 0.7481
vn 0.9999 0.0135 -0.0104
vn 0.9991 0.0268 -0.0337
vn -0.8271 0.4825 -0.2883
vn -0.8272 0.3410 -0.4466
vn -0.0175 -0.1208 0.9925
vn -0.0102 -0.7423 0.6700
vn 0.4685 -0.6487 0.5997
vn 0.4560 -0.0988 0.8845
vn 0.8353 -0.3924 0.3851
vn 0.8265 -0.0456 0.5610
vn 0.9973 -0.0375 0.0626
vn 0.9966 0.0088 0.0816
vn 0.8967 0.3231 -0.3025
vn 0.8974 0.0318 -0.4401
vn 0.5365 0.5890 -0.6044
vn 0.5362 0.0227 -0.8438
vn 0.0113 0.6849 -0.7285
vn 0.0199 0.0116 -0.9997
vn -0.5162 0.5873 -0.6234
vn -0.5027 0.0188 -0.8642
vn -0.8852 0.3227 -0.3352
vn -0.8800 0.0251 -0.4742
vn -0.9990 -0.0369 0.0266
vn -0.9990 0.0018 0.0445
vn -0.8480 -0.3926 0.3560
vn -0.8461 -0.0506 0.5306
vn -0.4872 -0.6495 0.5838
vn -0.4870 -0.1013 0.8675
vn 0.4846 -0.8748 -0.0000
vn 0.8453 -0.5342 -0.0000
vn 0.9980 -0.0632 -0.0000
vn 0.9013 0.4332 -0.0000
vn 0.5493 0.8356 -0.0000
vn 0.0041 1.0000 -0.0000
vn -0.5460 0.8378 -0.0000
vn -0.9025 0.4306 -0.0000
vn -0.9976 -0.0694 -0.0000
vn -0.8424 -0.5389 -0.0000
vn -0.4816 -0.8764 -0.0000
vn 0.0012 -1.0000 -0.0000
vn -0.0178 0.5967 0.8023
vn -0.0161 0.8537 0.5205
vn -0.4789 0.7504 0.4557
vn -0.4883 0.5210 0.7001
vn 0.5380 -0.5510 -0.6380
vn 0.5072 -0.7611 -0.4044
vn 0.8771 -0.4214 -0.2307
vn 0.8985 -0.2763 -0.3411
vn -0.8807 -0.2998 -0.3667
vn -0.8576 -0.4506 -0.2479
vn -0.4732 -0.7775 -0.4142
vn -0.5044 -0.5651 -0.6529
vn 0.4567 0.5331 0.7122
vn 0.4495 0.7639 0.4630
vn -0.8466 0.4565 0.2738
vn -0.8473 0.3196 0.4242
vn 0.9985 0.0464 0.0294
vn 0.9967 0.0525 0.0617
vn 0.0194 -0.8855 -0.4642
vn 0.0196 -0.6633 -0.7481
vn -0.9999 0.0135 0.0104
vn -0.9991 0.0268 0.0337
vn 0.8271 0.4825 0.2883
vn 0.8272 0.3410 0.4466
vn -0.0175 -0.1208 -0.9925
vn 0.4560 -0.0988 -0.8845
vn 0.4685 -0.6487 -0.5997
vn -0.0102 -0.7423 -0.6700
vn 0.8265 -0.0456 -0.5610
vn 0.8353 -0.3924 -0.3851
vn 0.9966 0.0088 -0.0816
vn 0.9973 -0.0375 -0.0626
vn 0.8974 0.0318 0.4401
vn 0.8967 0.3231 0.3025
vn 0.5362 0.0227 0.8438
vn 0.5365 0.5890 0.6044
vn 0.0199 0.0116 0.9997
vn 0.0113 0.6849 0.7285
vn -0.5027 0.0188 0.8642
vn -0.5162 0.5873 0.6234
vn -0.8800 0.0251 0.4742
vn -0.8852 0.3227 0.3352
vn -0.9990 0.0018 -0.0445
vn -0.9990 -0.0369 -0.0266
vn -0.8461 -0.0506 -0.5306
vn -0.8480 -0.3926 -0.3560
vn -0.4870 -0.1013 -0.8675
vn -0.4872 -0.6495 -0.5838
vn -0.0178 0.5967 -0.8023
vn -0.4883 0.5210 -0.7000
vn -0.4789 0.7504 -0.4557
vn -0.0161 0.8537 -0.5205
vn 0.5380 -0.5510 0.6380
vn 0.8985 -0.2763 0.3411
vn 0.8771 -0.4214 0.2307
vn 0.5072 -0.7611 0.4044
vn -0.8807 -0.2998 0.3667
vn -0.5044 -0.5651 0.6529
vn -0.4732 -0.7775 0.4142
vn -0.8576 -0.4506 0.2479
vn 0.4567 0.5331 -0.7122
vn 0.4495 0.7639 -0.4630
vn -0.8473 0.3196 -0.4242
vn -0.8466 0.4565 -0.2738
vn 0.9967 0.0525 -0.0617
vn 0.9985 0.0464 -0.0294
vn 0.0196 -0.6633 0.7481
vn 0.0194 -0.8855 0.4642
vn -0.9991 0.0268 -0.0337
vn -0.9999 0.0135 -0.0104
vn 0.8272 0.3410 -0.4466
vn 0.8271 0.4825 -0.2883
vn 0.9980 -0.0633 -0.0000
vn -0.4789 0.7503 0.4557
vn 0.8985 -0.2764 -0.3411
vn -0.9999 0.0134 0.0104
vn 0.8265 -0.0455 -0.5610
vn -0.8466 0.4564 -0.2738
vn -0.8771 -0.4214 -0.2307
vn -0.9985 0.0464 0.0294
vn -0.8771 -0.4214 0.2307
vn -0.9985 0.0464 -0.0294
vt 0.910082 0.081769
vt 0.915350 0.081769
vt 0.915350 0.094746
vt 0.910082 0.094746
vt 0.915350 0.107723
vt 0.910082 0.107723
vt 0.910082 0.003906
vt 0.915350 0.003906
vt 0.915350 0.016883
vt 0.910082 0.016883
vt 0.915350 0.029860
vt 0.910082 0.029860
vt 0.915350 0.042837
vt 0.910082 0.042837
vt 0.915350 0.055814
vt 0.910082 0.055814
vt 0.977351 0.066886
vt 0.967088 0.062511
vt 0.971461 0.052248
vt 0.977438 0.058347
vt 0.915350 0.068792
vt 0.910082 0.068792
vt 0.977351 0.025185
vt 0.967088 0.020811
vt 0.971461 0.010547
vt 0.977438 0.016647
vt 0.956826 0.016436
vt 0.962923 0.010459
vt 0.962716 0.031074
vt 0.956739 0.024975
vt 0.971253 0.031163
vt 0.956826 0.058137
vt 0.962923 0.052159
vt 0.962716 0.072775
vt 0.956739 0.066676
vt 0.971253 0.072864
vt 0.983990 0.027812
vt 0.974091 0.037715
vt 0.950186 0.069512
vt 0.950186 0.055511
vt 0.960084 0.037713
vt 0.960084 0.079413
vt 0.950186 0.027811
vt 0.974091 0.079416
vt 0.950186 0.013810
vt 0.983990 0.069512
vt 0.960086 0.003906
vt 0.983991 0.055512
vt 0.974093 0.003909
vt 0.974092 0.045610
vt 0.983991 0.013811
vt 0.960086 0.045607
vt 0.009174 0.068792
vt 0.014442 0.068792
vt 0.014442 0.081769
vt 0.009174 0.081769
vt 0.841217 0.068792
vt 0.904815 0.068792
vt 0.904815 0.081769
vt 0.841217 0.081769
vt 0.009174 0.055814
vt 0.014442 0.055814
vt 0.841217 0.055814
vt 0.904815 0.055814
vt 0.009174 0.042837
vt 0.014442 0.042837
vt 0.841217 0.042837
vt 0.904815 0.042837
vt 0.009174 0.029860
vt 0.014442 0.029860
vt 0.841217 0.029860
vt 0.904815 0.029860
vt 0.009174 0.016883
vt 0.014442 0.016883
vt 0.841217 0.016883
vt 0.904815 0.016883
vt 0.009174 0.003906
vt 0.014442 0.003906
vt 0.841217 0.003906
vt 0.904815 0.003906
vt 0.009174 0.094746
vt 0.014442 0.094746
vt 0.014442 0.107723
vt 0.009174 0.107723
vt 0.841217 0.094746
vt 0.904815 0.094746
vt 0.904815 0.107723
vt 0.841217 0.107723
vt 0.003906 0.081769
vt 0.003906 0.094746
vt 0.003906 0.107723
vt 0.003906 0.003906
vt 0.003906 0.016883
vt 0.003906 0.029860
vt 0.003906 0.042837
vt 0.003906 0.055814
vt 0.003906 0.068792
vt 0.078040 0.081769
vt 0.078040 0.094746
vt 0.141638 0.081769
vt 0.141638 0.094746
vt 0.205236 0.081769
vt 0.205236 0.094746
vt 0.268834 0.081769
vt 0.268834 0.094746
vt 0.332432 0.081769
vt 0.332432 0.094746
vt 0.396030 0.081769
vt 0.396030 0.094746
vt 0.459628 0.081769
vt 0.459628 0.094746
vt 0.523226 0.081769
vt 0.523226 0.094746
vt 0.586824 0.081769
vt 0.586824 0.094746
vt 0.650422 0.081769
vt 0.650422 0.094746
vt 0.714020 0.081769
vt 0.714020 0.094746
vt 0.777619 0.081769
vt 0.777619 0.094746
vt 0.078040 0.107723
vt 0.141638 0.107723
vt 0.205236 0.107723
vt 0.268834 0.107723
vt 0.332432 0.107723
vt 0.396030 0.107723
vt 0.459628 0.107723
vt 0.523226 0.107723
vt 0.586824 0.107723
vt 0.650422 0.107723
vt 0.714020 0.107723
vt 0.777619 0.107723
vt 0.078040 0.003906
vt 0.078040 0.016883
vt 0.141638 0.003906
vt 0.141638 0.016883
vt 0.205236 0.003906
vt 0.205236 0.016883
vt 0.268834 0.003906
vt 0.268834 0.016883
vt 0.332432 0.003906
vt 0.332432 0.016883
vt 0.396030 0.003906
vt 0.396030 0.016883
vt 0.459628 0.003906
vt 0.459628 0.016883
vt 0.523226 0.003906
vt 0.523226 0.016883
vt 0.586824 0.003906
vt 0.586824 0.016883
vt 0.650422 0.003906
vt 0.650422 0.016883
vt 0.714020 0.003906
vt 0.714020 0.016883
vt 0.777619 0.003906
vt 0.777619 0.016883
vt 0.078040 0.029860
vt 0.141638 0.029860
vt 0.205236 0.029860
vt 0.268834 0.029860
vt 0.332432 0.029860
vt 0.396030 0.029860
vt 0.459628 0.029860
vt 0.523226 0.029860
vt 0.586824 0.029860
vt 0.650422 0.029860
vt 0.714020 0.029860
vt 0.777619 0.029860
vt 0.078040 0.042837
vt 0.141638 0.042837
vt 0.205236 0.042837
vt 0.268834 0.042837
vt 0.332432 0.042837
vt 0.396030 0.042837
vt 0.459628 0.042837
vt 0.523226 0.042837
vt 0.586824 0.042837
vt 0.650422 0.042837
vt 0.714020 0.042837
vt 0.777619 0.042837
vt 0.078040 0.055814
vt 0.141638 0.055814
vt 0.205236 0.055814
vt 0.268834 0.055814
vt 0.332432 0.055814
vt 0.396030 0.055814
vt 0.459628 0.055814
vt 0.523226 0.055814
vt 0.586824 0.055814
vt 0.650422 0.055814
vt 0.714020 0.055814
vt 0.777619 0.055814
vt 0.078040 0.068792
vt 0.141638 0.068792
vt 0.205236 0.068792
vt 0.268834 0.068792
vt 0.332432 0.068792
vt 0.396030 0.068792
vt 0.459628 0.068792
vt 0.523226 0.068792
vt 0.586824 0.068792
vt 0.650422 0.068792
vt 0.714020 0.068792
vt 0.777619 0.068792
vt 0.596840 0.609968
vt 0.552414 0.609968
vt 0.552414 0.602976
vt 0.596840 0.602976
vt 0.552414 0.595985
vt 0.596840 0.595985
vt 0.596840 0.651919
vt 0.552414 0.651919
vt 0.552414 0.644927
vt 0.596840 0.644927
vt 0.552414 0.637935
vt 0.596840 0.637935
vt 0.552414 0.630943
vt 0.596840 0.630943
vt 0.552414 0.623952
vt 0.596840 0.623952
vt 0.730120 0.623952
vt 0.685694 0.623952
vt 0.685694 0.616960
vt 0.730120 0.616960
vt 0.552414 0.616960
vt 0.596840 0.616960
vt 0.774547 0.623952
vt 0.774547 0.616960
vt 0.818974 0.623952
vt 0.818974 0.616960
vt 0.641267 0.616960
vt 0.641267 0.609968
vt 0.685694 0.609968
vt 0.730120 0.609968
vt 0.774547 0.609968
vt 0.818974 0.609968
vt 0.641267 0.623952
vt 0.818974 0.630943
vt 0.774547 0.630943
vt 0.730120 0.630943
vt 0.685694 0.630943
vt 0.641267 0.630943
vt 0.818974 0.637935
vt 0.774547 0.637935
vt 0.730120 0.637935
vt 0.685694 0.637935
vt 0.641267 0.637935
vt 0.818974 0.644927
vt 0.774547 0.644927
vt 0.730120 0.644927
vt 0.685694 0.644927
vt 0.641267 0.644927
vt 0.818974 0.651919
vt 0.774547 0.651919
vt 0.730120 0.651919
vt 0.685694 0.651919
vt 0.641267 0.651919
vt 0.818974 0.602976
vt 0.774547 0.602976
vt 0.774547 0.595985
vt 0.818974 0.595985
vt 0.730120 0.602976
vt 0.730120 0.595985
vt 0.685694 0.602976
vt 0.685694 0.595985
vt 0.641267 0.602976
vt 0.641267 0.595985
vt 0.341158 0.139770
vt 0.277831 0.139756
vt 0.277689 0.127722
vt 0.340728 0.127784
vt 0.156665 0.115616
vt 0.156579 0.127700
vt 0.096030 0.127700
vt 0.096181 0.115615
vt 0.341587 0.151759
vt 0.277973 0.151786
vt 0.156367 0.139758
vt 0.095637 0.139770
vt 0.341764 0.163839
vt 0.278034 0.163858
vt 0.156154 0.151819
vt 0.095240 0.151840
vt 0.341592 0.175919
vt 0.277982 0.175931
vt 0.156069 0.163907
vt 0.095078 0.163929
vt 0.341171 0.187908
vt 0.277848 0.187964
vt 0.156164 0.175995
vt 0.095251 0.176017
vt 0.614666 0.198766
vt 0.650152 0.197471
vt 0.649851 0.209325
vt 0.614242 0.210777
vt 0.156387 0.188056
vt 0.095660 0.188088
vt 0.687926 0.196912
vt 0.687640 0.208726
vt 0.340749 0.199893
vt 0.277714 0.200001
vt 0.340590 0.211966
vt 0.277670 0.212081
vt 0.156609 0.200115
vt 0.096063 0.200159
vt 0.614166 0.117034
vt 0.650047 0.117816
vt 0.650335 0.129792
vt 0.614655 0.128963
vt 0.156705 0.212200
vt 0.096221 0.212248
vt 0.687579 0.119148
vt 0.687743 0.130973
vt 0.616784 0.140209
vt 0.652131 0.141051
vt 0.653863 0.152250
vt 0.618832 0.151549
vt 0.689017 0.141770
vt 0.690137 0.152465
vt 0.618671 0.175880
vt 0.654019 0.175700
vt 0.652162 0.186554
vt 0.616663 0.187361
vt 0.690060 0.175481
vt 0.689071 0.186160
vt 0.654586 0.164042
vt 0.619538 0.163690
vt 0.690454 0.163978
vt 0.732107 0.185842
vt 0.730926 0.196444
vt 0.776959 0.187054
vt 0.773333 0.197982
vt 0.733450 0.163842
vt 0.733065 0.175355
vt 0.781359 0.163071
vt 0.780224 0.175805
vt 0.731829 0.141958
vt 0.733029 0.152357
vt 0.776007 0.139561
vt 0.779638 0.150478
vt 0.729525 0.119671
vt 0.730363 0.131467
vt 0.769959 0.117186
vt 0.772174 0.128978
vt 0.730184 0.208280
vt 0.771289 0.209890
vt 0.947656 0.228901
vt 0.946372 0.219730
vt 0.953756 0.214104
vt 0.958076 0.224544
vt 0.968531 0.220278
vt 0.969717 0.229420
vt 0.962379 0.234979
vt 0.962955 0.212869
vt 0.953264 0.236212
vt 0.952520 0.211045
vt 0.963751 0.211002
vt 0.951299 0.208249
vt 0.964773 0.208249
vt 0.971541 0.219046
vt 0.974265 0.217772
vt 0.971539 0.230200
vt 0.974231 0.231207
vt 0.963575 0.237954
vt 0.964746 0.240667
vt 0.952456 0.238023
vt 0.951343 0.240667
vt 0.944632 0.230100
vt 0.941850 0.231218
vt 0.944517 0.218906
vt 0.941812 0.217778
vt 0.055403 0.200152
vt 0.055545 0.212223
vt 0.020239 0.211819
vt 0.020181 0.199802
vt 0.054907 0.188094
vt 0.019629 0.187836
vt 0.005417 0.211274
vt 0.005403 0.199518
vt 0.054379 0.176028
vt 0.019009 0.175899
vt 0.004839 0.187716
vt 0.054148 0.163939
vt 0.018736 0.163961
vt 0.004195 0.175878
vt 0.054354 0.151852
vt 0.018984 0.152022
vt 0.003906 0.164000
vt 0.054863 0.139790
vt 0.019586 0.140082
vt 0.004153 0.152109
vt 0.055352 0.127738
vt 0.020133 0.128109
vt 0.004766 0.140242
vt 0.055498 0.115677
vt 0.020202 0.116080
vt 0.005316 0.128405
vt 0.521017 0.175941
vt 0.521561 0.163794
vt 0.573594 0.163817
vt 0.572972 0.175920
vt 0.005334 0.116614
vt 0.519631 0.139840
vt 0.518283 0.128084
vt 0.569899 0.128450
vt 0.571434 0.140064
vt 0.518303 0.199467
vt 0.519660 0.187726
vt 0.571422 0.187551
vt 0.569873 0.199147
vt 0.520993 0.151641
vt 0.572975 0.151709
vt 0.517830 0.116040
vt 0.569482 0.116427
vt 0.517842 0.211501
vt 0.569440 0.211158
vt 0.217174 0.420163
vt 0.217152 0.408081
vt 0.277713 0.408015
vt 0.277668 0.420094
vt 0.403508 0.419857
vt 0.403777 0.407794
vt 0.466886 0.407643
vt 0.466552 0.419697
vt 0.217118 0.396033
vt 0.277846 0.395980
vt 0.404493 0.395862
vt 0.467798 0.395764
vt 0.217085 0.383983
vt 0.277981 0.383948
vt 0.405211 0.383921
vt 0.468711 0.383887
vt 0.217068 0.371897
vt 0.278034 0.371876
vt 0.405505 0.371838
vt 0.469086 0.371836
vt 0.217075 0.359810
vt 0.277975 0.359803
vt 0.405203 0.359753
vt 0.468714 0.359783
vt 0.217098 0.347759
vt 0.277833 0.347771
vt 0.404478 0.347808
vt 0.467803 0.347901
vt 0.687323 0.327214
vt 0.687571 0.339033
vt 0.650188 0.338134
vt 0.649944 0.326215
vt 0.217123 0.335710
vt 0.277692 0.335736
vt 0.614716 0.336860
vt 0.614295 0.324838
vt 0.020133 0.336122
vt 0.020202 0.324093
vt 0.055498 0.323690
vt 0.055352 0.335751
vt 0.403758 0.335872
vt 0.466892 0.336017
vt 0.019586 0.348096
vt 0.054863 0.347803
vt 0.217137 0.323628
vt 0.277639 0.323657
vt 0.018984 0.360035
vt 0.054354 0.359865
vt 0.403485 0.323807
vt 0.466558 0.323959
vt 0.018736 0.371974
vt 0.054148 0.371952
vt 0.688090 0.404954
vt 0.687891 0.416781
vt 0.649961 0.417690
vt 0.650286 0.405796
vt 0.019009 0.383913
vt 0.054379 0.384041
vt 0.690106 0.383510
vt 0.689168 0.394190
vt 0.652172 0.394766
vt 0.653933 0.383782
vt 0.614138 0.418613
vt 0.614618 0.406688
vt 0.019629 0.395850
vt 0.054907 0.396107
vt 0.020181 0.407816
vt 0.055403 0.408165
vt 0.688918 0.349805
vt 0.690096 0.360488
vt 0.653951 0.360343
vt 0.652118 0.349275
vt 0.616745 0.395455
vt 0.618804 0.384140
vt 0.020240 0.419832
vt 0.055546 0.420236
vt 0.690457 0.372004
vt 0.654586 0.372077
vt 0.618683 0.359812
vt 0.616697 0.348295
vt 0.619529 0.372016
vt 0.573008 0.359692
vt 0.573596 0.371787
vt 0.521563 0.371839
vt 0.520998 0.359687
vt 0.771897 0.336362
vt 0.775813 0.346915
vt 0.731675 0.349680
vt 0.730130 0.339200
vt 0.571396 0.395578
vt 0.569872 0.407218
vt 0.518298 0.407522
vt 0.519656 0.395779
vt 0.569903 0.336514
vt 0.571462 0.348085
vt 0.519637 0.347892
vt 0.518288 0.336140
vt 0.779530 0.357802
vt 0.781349 0.370382
vt 0.733448 0.371555
vt 0.732948 0.360072
vt 0.572941 0.383907
vt 0.521015 0.383989
vt 0.780312 0.383125
vt 0.777135 0.394401
vt 0.732257 0.393562
vt 0.733142 0.383069
vt 0.569455 0.419260
vt 0.517836 0.419557
vt 0.773594 0.405357
vt 0.771648 0.417282
vt 0.730506 0.416011
vt 0.731153 0.404171
vt 0.569467 0.324519
vt 0.517836 0.324098
vt 0.468718 0.175855
vt 0.469085 0.163806
vt 0.769582 0.324588
vt 0.729194 0.327410
vt 0.467789 0.139862
vt 0.466876 0.127971
vt 0.466900 0.199598
vt 0.467810 0.187725
vt 0.468704 0.151750
vt 0.466539 0.115909
vt 0.466570 0.211649
vt 0.340593 0.419981
vt 0.340752 0.407910
vt 0.341174 0.395924
vt 0.341594 0.383935
vt 0.955922 0.143913
vt 0.960223 0.133479
vt 0.967641 0.139106
vt 0.966327 0.148269
vt 0.341765 0.371854
vt 0.341585 0.359774
vt 0.951623 0.154355
vt 0.944288 0.148812
vt 0.945464 0.139674
vt 0.341156 0.347786
vt 0.951011 0.132236
vt 0.340727 0.335800
vt 0.340560 0.323728
vt 0.960726 0.155582
vt 0.962676 0.127622
vt 0.961457 0.130420
vt 0.950209 0.130372
vt 0.949182 0.127622
vt 0.942449 0.138451
vt 0.939719 0.137188
vt 0.156705 0.420213
vt 0.156610 0.408128
vt 0.942467 0.149596
vt 0.939777 0.150608
vt 0.096221 0.420261
vt 0.096063 0.408173
vt 0.156388 0.396069
vt 0.950429 0.157332
vt 0.949260 0.160046
vt 0.095661 0.396102
vt 0.156165 0.384008
vt 0.961534 0.157393
vt 0.962646 0.160037
vt 0.095252 0.384031
vt 0.156069 0.371920
vt 0.969350 0.149476
vt 0.972130 0.150601
vt 0.095078 0.371942
vt 0.156154 0.359832
vt 0.969495 0.138281
vt 0.972200 0.137155
vt 0.095240 0.359853
vt 0.156367 0.347771
vt 0.095638 0.347783
vt 0.156579 0.335712
vt 0.005316 0.336419
vt 0.005334 0.324628
vt 0.096030 0.335713
vt 0.156665 0.323629
vt 0.096181 0.323628
vt 0.004766 0.348255
vt 0.217135 0.115615
vt 0.217122 0.127697
vt 0.277636 0.115644
vt 0.004153 0.360122
vt 0.217097 0.139746
vt 0.003906 0.372013
vt 0.217074 0.151797
vt 0.004195 0.383892
vt 0.217068 0.163884
vt 0.004839 0.395729
vt 0.217085 0.175970
vt 0.005403 0.407531
vt 0.217118 0.188019
vt 0.005417 0.419288
vt 0.217152 0.200068
vt 0.217174 0.212150
vt 0.404480 0.139791
vt 0.403757 0.127859
vt 0.405205 0.151731
vt 0.405505 0.163814
vt 0.405208 0.175899
vt 0.404490 0.187844
vt 0.403776 0.199780
vt 0.403511 0.211845
vt 0.403480 0.115796
vt 0.340561 0.115713
vt 0.772454 0.546142
vt 0.772453 0.539150
vt 0.816880 0.539150
vt 0.816880 0.546142
vt 0.772453 0.532158
vt 0.816880 0.532158
vt 0.772453 0.588092
vt 0.772453 0.581101
vt 0.816880 0.581101
vt 0.816880 0.588092
vt 0.772453 0.574109
vt 0.816880 0.574109
vt 0.772453 0.567117
vt 0.816880 0.567117
vt 0.772453 0.560125
vt 0.816880 0.560125
vt 0.639174 0.560125
vt 0.639174 0.553134
vt 0.683600 0.553134
vt 0.683600 0.560125
vt 0.772453 0.553134
vt 0.816880 0.553134
vt 0.594747 0.560125
vt 0.594747 0.553134
vt 0.550320 0.560125
vt 0.550320 0.553134
vt 0.728027 0.553134
vt 0.728027 0.546142
vt 0.683600 0.546142
vt 0.639174 0.546142
vt 0.594747 0.546142
vt 0.550320 0.546142
vt 0.728027 0.560125
vt 0.550320 0.567117
vt 0.594747 0.567117
vt 0.639174 0.567117
vt 0.683600 0.567117
vt 0.728027 0.567117
vt 0.550320 0.574109
vt 0.594747 0.574109
vt 0.639174 0.574109
vt 0.683600 0.574109
vt 0.728027 0.574109
vt 0.550320 0.581101
vt 0.594747 0.581101
vt 0.639174 0.581101
vt 0.683600 0.581101
vt 0.728027 0.581101
vt 0.550320 0.588092
vt 0.594747 0.588092
vt 0.639174 0.588092
vt 0.683600 0.588092
vt 0.728027 0.588092
vt 0.550320 0.539150
vt 0.550320 0.532158
vt 0.594747 0.532158
vt 0.594747 0.539150
vt 0.639174 0.532158
vt 0.639174 0.539150
vt 0.683600 0.532158
vt 0.683600 0.539150
vt 0.728027 0.532158
vt 0.728027 0.539150
vt 0.444107 0.243778
vt 0.444537 0.231792
vt 0.507576 0.231730
vt 0.507434 0.243764
vt 0.628600 0.219623
vt 0.689085 0.219623
vt 0.689235 0.231708
vt 0.628686 0.231707
vt 0.443679 0.255767
vt 0.507292 0.255794
vt 0.689628 0.243778
vt 0.628899 0.243766
vt 0.443501 0.267846
vt 0.507231 0.267866
vt 0.690026 0.255848
vt 0.629111 0.255827
vt 0.443673 0.279927
vt 0.507284 0.279939
vt 0.690188 0.267936
vt 0.629197 0.267915
vt 0.444095 0.291915
vt 0.507417 0.291972
vt 0.690014 0.280025
vt 0.629101 0.280003
vt 0.170599 0.302773
vt 0.171023 0.314785
vt 0.135414 0.313333
vt 0.135113 0.301479
vt 0.689605 0.292096
vt 0.628878 0.292064
vt 0.097625 0.312733
vt 0.097339 0.300919
vt 0.444516 0.303901
vt 0.507551 0.304009
vt 0.444675 0.315974
vt 0.507595 0.316089
vt 0.689202 0.304167
vt 0.628656 0.304123
vt 0.171100 0.221041
vt 0.170611 0.232970
vt 0.134930 0.233799
vt 0.135218 0.221823
vt 0.689044 0.316256
vt 0.628560 0.316207
vt 0.097522 0.234981
vt 0.097686 0.223156
vt 0.168481 0.244216
vt 0.166434 0.255556
vt 0.131402 0.256257
vt 0.133134 0.245059
vt 0.095128 0.256472
vt 0.096248 0.245777
vt 0.166594 0.279888
vt 0.168602 0.291369
vt 0.133103 0.290562
vt 0.131246 0.279707
vt 0.096194 0.290167
vt 0.095205 0.279489
vt 0.165727 0.267697
vt 0.130680 0.268050
vt 0.094811 0.267985
vt 0.054339 0.300451
vt 0.053158 0.289849
vt 0.011932 0.301989
vt 0.008306 0.291061
vt 0.052200 0.279362
vt 0.051815 0.267849
vt 0.005041 0.279812
vt 0.003906 0.267078
vt 0.052237 0.256364
vt 0.053436 0.245965
vt 0.005627 0.254485
vt 0.009259 0.243568
vt 0.054902 0.235474
vt 0.055740 0.223678
vt 0.013091 0.232985
vt 0.015307 0.221193
vt 0.055081 0.312287
vt 0.013975 0.313897
vt 0.968421 0.188590
vt 0.958002 0.184233
vt 0.962321 0.173793
vt 0.969705 0.179419
vt 0.947547 0.179968
vt 0.953698 0.194668
vt 0.946360 0.189109
vt 0.953123 0.172558
vt 0.962813 0.195902
vt 0.952326 0.170692
vt 0.963557 0.170734
vt 0.951304 0.167938
vt 0.964779 0.167938
vt 0.944537 0.178735
vt 0.941812 0.177461
vt 0.944538 0.189889
vt 0.941846 0.190896
vt 0.952502 0.197644
vt 0.951331 0.200357
vt 0.963621 0.197713
vt 0.964734 0.200356
vt 0.971445 0.189790
vt 0.974227 0.190908
vt 0.971560 0.178595
vt 0.974265 0.177467
vt 0.729863 0.304160
vt 0.765084 0.303810
vt 0.765026 0.315826
vt 0.729720 0.316231
vt 0.730358 0.292101
vt 0.765636 0.291844
vt 0.779862 0.303525
vt 0.779848 0.315282
vt 0.730886 0.280036
vt 0.766256 0.279907
vt 0.780426 0.291724
vt 0.731117 0.267947
vt 0.766530 0.267969
vt 0.781070 0.279886
vt 0.730912 0.255859
vt 0.766282 0.256030
vt 0.781359 0.268008
vt 0.730402 0.243798
vt 0.765679 0.244090
vt 0.781112 0.256117
vt 0.729914 0.231746
vt 0.765133 0.232117
vt 0.780499 0.244249
vt 0.729767 0.219684
vt 0.765064 0.220088
vt 0.779949 0.232413
vt 0.264249 0.279949
vt 0.212293 0.279928
vt 0.211672 0.267825
vt 0.263704 0.267801
vt 0.779931 0.220622
vt 0.265634 0.243848
vt 0.213831 0.244071
vt 0.215366 0.232458
vt 0.266983 0.232092
vt 0.266962 0.303474
vt 0.215392 0.303154
vt 0.213843 0.291559
vt 0.265606 0.291734
vt 0.212291 0.255717
vt 0.264273 0.255648
vt 0.215783 0.220435
vt 0.267435 0.220048
vt 0.267424 0.315508
vt 0.215825 0.315166
vt 0.568082 0.524168
vt 0.507587 0.524099
vt 0.507543 0.512020
vt 0.568104 0.512086
vt 0.381747 0.523862
vt 0.318703 0.523703
vt 0.318369 0.511649
vt 0.381478 0.511799
vt 0.507409 0.499985
vt 0.568137 0.500038
vt 0.317457 0.499770
vt 0.380762 0.499867
vt 0.507274 0.487953
vt 0.568170 0.487988
vt 0.316545 0.487893
vt 0.380044 0.487927
vt 0.507221 0.475881
vt 0.568187 0.475902
vt 0.316169 0.475842
vt 0.379750 0.475844
vt 0.507280 0.463809
vt 0.568180 0.463815
vt 0.316541 0.463789
vt 0.380052 0.463759
vt 0.507422 0.451776
vt 0.568157 0.451764
vt 0.317452 0.451907
vt 0.380777 0.451814
vt 0.097932 0.431221
vt 0.135311 0.430221
vt 0.135067 0.442141
vt 0.097684 0.443039
vt 0.507563 0.439741
vt 0.568132 0.439715
vt 0.170959 0.428844
vt 0.170539 0.440867
vt 0.765122 0.440127
vt 0.729903 0.439756
vt 0.729757 0.427695
vt 0.765053 0.428098
vt 0.318363 0.440023
vt 0.381497 0.439877
vt 0.765669 0.452101
vt 0.730392 0.451808
vt 0.507616 0.427662
vt 0.568118 0.427633
vt 0.766271 0.464041
vt 0.730901 0.463870
vt 0.318696 0.427965
vt 0.381770 0.427812
vt 0.766519 0.475980
vt 0.731107 0.475958
vt 0.097165 0.508961
vt 0.134969 0.509803
vt 0.135294 0.521697
vt 0.097364 0.520788
vt 0.766246 0.487918
vt 0.730876 0.488046
vt 0.095149 0.487516
vt 0.131322 0.487789
vt 0.133083 0.498772
vt 0.096087 0.498196
vt 0.170637 0.510695
vt 0.171117 0.522619
vt 0.765626 0.499855
vt 0.730348 0.500112
vt 0.765074 0.511821
vt 0.729852 0.512171
vt 0.096337 0.453811
vt 0.133137 0.453281
vt 0.131304 0.464349
vt 0.095159 0.464494
vt 0.166451 0.488146
vt 0.168510 0.499462
vt 0.765015 0.523837
vt 0.729709 0.524241
vt 0.094798 0.476010
vt 0.130669 0.476083
vt 0.168558 0.452301
vt 0.166572 0.463818
vt 0.165726 0.476022
vt 0.212247 0.463699
vt 0.264257 0.463693
vt 0.263692 0.475845
vt 0.211659 0.475793
vt 0.013358 0.440369
vt 0.055125 0.443207
vt 0.053580 0.453687
vt 0.009442 0.450921
vt 0.213859 0.499585
vt 0.265599 0.499784
vt 0.266957 0.511528
vt 0.215383 0.511224
vt 0.215352 0.440520
vt 0.266967 0.440146
vt 0.265618 0.451898
vt 0.213793 0.452091
vt 0.005725 0.461809
vt 0.052307 0.464079
vt 0.051807 0.475562
vt 0.003906 0.474389
vt 0.264240 0.487995
vt 0.212314 0.487913
vt 0.004943 0.487132
vt 0.052113 0.487076
vt 0.052998 0.497569
vt 0.008120 0.498407
vt 0.267419 0.523563
vt 0.215800 0.523266
vt 0.011661 0.509364
vt 0.054102 0.508178
vt 0.054750 0.520017
vt 0.013607 0.521288
vt 0.215787 0.428525
vt 0.267419 0.428104
vt 0.316547 0.279863
vt 0.316180 0.267814
vt 0.015673 0.428595
vt 0.056061 0.431416
vt 0.317476 0.243869
vt 0.318389 0.231979
vt 0.318365 0.303606
vt 0.317455 0.291733
vt 0.316561 0.255758
vt 0.318726 0.219917
vt 0.318695 0.315657
vt 0.444662 0.523987
vt 0.444503 0.511915
vt 0.444082 0.499929
vt 0.443661 0.487940
vt 0.955922 0.103438
vt 0.966327 0.099082
vt 0.967641 0.108245
vt 0.960223 0.113872
vt 0.443490 0.475860
vt 0.443670 0.463780
vt 0.951623 0.092996
vt 0.945464 0.107677
vt 0.944288 0.098539
vt 0.444099 0.451791
vt 0.951011 0.115115
vt 0.444528 0.439806
vt 0.444695 0.427733
vt 0.960726 0.091769
vt 0.962676 0.119729
vt 0.949182 0.119729
vt 0.950209 0.116979
vt 0.961457 0.116931
vt 0.939719 0.110163
vt 0.942449 0.108900
vt 0.628550 0.524218
vt 0.628645 0.512133
vt 0.939777 0.096743
vt 0.942467 0.097756
vt 0.689034 0.524266
vt 0.689192 0.512178
vt 0.628868 0.500074
vt 0.949260 0.087305
vt 0.950429 0.090019
vt 0.689595 0.500107
vt 0.629090 0.488013
vt 0.962646 0.087314
vt 0.961534 0.089958
vt 0.690003 0.488036
vt 0.629186 0.475925
vt 0.972130 0.096750
vt 0.969350 0.097875
vt 0.690177 0.475947
vt 0.629101 0.463837
vt 0.972200 0.110196
vt 0.969495 0.109070
vt 0.690015 0.463858
vt 0.628888 0.451776
vt 0.689617 0.451788
vt 0.628676 0.439717
vt 0.779939 0.440424
vt 0.779921 0.428633
vt 0.689225 0.439718
vt 0.628590 0.427634
vt 0.689074 0.427633
vt 0.780489 0.452260
vt 0.568130 0.219623
vt 0.568143 0.231705
vt 0.507629 0.219652
vt 0.781102 0.464127
vt 0.568168 0.243754
vt 0.781349 0.476018
vt 0.568191 0.255805
vt 0.781060 0.487897
vt 0.568198 0.267891
vt 0.780416 0.499734
vt 0.568180 0.279978
vt 0.779852 0.511536
vt 0.568147 0.292027
vt 0.779838 0.523293
vt 0.568113 0.304075
vt 0.568091 0.316157
vt 0.380785 0.243799
vt 0.381508 0.231866
vt 0.380060 0.255739
vt 0.379760 0.267822
vt 0.380057 0.279907
vt 0.380776 0.291851
vt 0.381489 0.303788
vt 0.381754 0.315853
vt 0.381785 0.219804
vt 0.444704 0.219721
vt 0.681978 0.689613
vt 0.682320 0.680548
vt 0.690539 0.681713
vt 0.690916 0.690275
vt 0.683047 0.676431
vt 0.691338 0.678176
vt 0.693925 0.678599
vt 0.693871 0.681280
vt 0.694942 0.690014
vt 0.681126 0.747252
vt 0.691961 0.744717
vt 0.693689 0.747540
vt 0.681912 0.750509
vt 0.695287 0.742814
vt 0.697403 0.745304
vt 0.554926 0.732946
vt 0.551504 0.731540
vt 0.552506 0.730475
vt 0.555072 0.731214
vt 0.565170 0.733833
vt 0.565125 0.732043
vt 0.622554 0.720779
vt 0.623654 0.731052
vt 0.620387 0.731937
vt 0.619359 0.721161
vt 0.625485 0.734710
vt 0.622708 0.736461
vt 0.619022 0.735068
vt 0.617858 0.734137
vt 0.618524 0.731704
vt 0.617682 0.721276
vt 0.644515 0.664313
vt 0.633605 0.667852
vt 0.631462 0.665339
vt 0.643407 0.661140
vt 0.630339 0.670339
vt 0.627757 0.668292
vt 0.620576 0.667253
vt 0.623966 0.669004
vt 0.622775 0.669876
vt 0.620169 0.668916
vt 0.609780 0.665781
vt 0.609612 0.667547
vt 0.705749 0.687282
vt 0.702981 0.676383
vt 0.705711 0.674529
vt 0.708988 0.686394
vt 0.700773 0.672924
vt 0.703196 0.670703
vt 0.554233 0.667301
vt 0.555826 0.663926
vt 0.556836 0.665000
vt 0.555919 0.667550
vt 0.552954 0.677621
vt 0.554706 0.677655
vt 0.607317 0.681218
vt 0.609064 0.670892
vt 0.619608 0.672053
vt 0.617378 0.682254
vt 0.622926 0.672415
vt 0.620472 0.682673
vt 0.559056 0.667774
vt 0.557922 0.677914
vt 0.559346 0.664488
vt 0.569425 0.664774
vt 0.569149 0.668171
vt 0.568192 0.678602
vt 0.588971 0.669359
vt 0.587769 0.679767
vt 0.589365 0.665991
vt 0.697669 0.670463
vt 0.699828 0.667909
vt 0.686999 0.665968
vt 0.688274 0.662881
vt 0.559328 0.662741
vt 0.569678 0.662996
vt 0.665812 0.663138
vt 0.665890 0.659811
vt 0.589570 0.664222
vt 0.628401 0.737540
vt 0.625914 0.739788
vt 0.638866 0.743080
vt 0.637282 0.746025
vt 0.615544 0.736484
vt 0.604808 0.736480
vt 0.604874 0.734702
vt 0.615312 0.734781
vt 0.660020 0.747203
vt 0.659657 0.750509
vt 0.584830 0.735208
vt 0.584861 0.733426
vt 0.635596 0.687034
vt 0.636688 0.679047
vt 0.640201 0.679663
vt 0.639513 0.687624
vt 0.636865 0.676474
vt 0.639492 0.676319
vt 0.648043 0.674831
vt 0.648595 0.678900
vt 0.648444 0.687824
vt 0.665500 0.678794
vt 0.665189 0.688177
vt 0.665637 0.674506
vt 0.643887 0.733140
vt 0.635682 0.730816
vt 0.661214 0.735869
vt 0.633107 0.730127
vt 0.633454 0.727572
vt 0.689977 0.735482
vt 0.687370 0.735542
vt 0.633277 0.719271
vt 0.625186 0.683867
vt 0.628007 0.673808
vt 0.678767 0.736367
vt 0.623010 0.702277
vt 0.634056 0.703036
vt 0.692520 0.724678
vt 0.702784 0.729075
vt 0.697930 0.739638
vt 0.690515 0.732855
vt 0.706162 0.708243
vt 0.694821 0.707515
vt 0.644985 0.729163
vt 0.661710 0.731607
vt 0.646030 0.720340
vt 0.662694 0.722264
vt 0.679532 0.723140
vt 0.678625 0.732212
vt 0.647225 0.704053
vt 0.664219 0.705234
vt 0.681365 0.706448
vt 0.636849 0.727477
vt 0.637246 0.719272
vt 0.638105 0.703351
vt 0.565238 0.728648
vt 0.584915 0.730040
vt 0.565579 0.718257
vt 0.585097 0.719608
vt 0.604495 0.720827
vt 0.604773 0.731307
vt 0.566533 0.698416
vt 0.585949 0.699685
vt 0.605111 0.700971
vt 0.552044 0.727760
vt 0.555137 0.727949
vt 0.552125 0.717479
vt 0.555345 0.717642
vt 0.553113 0.697538
vt 0.556316 0.697744
vt 0.615177 0.731553
vt 0.614559 0.721227
vt 0.615008 0.701681
vt 0.618102 0.701909
vt 0.700391 0.741919
vt 0.705815 0.730493
vt 0.550320 0.727796
vt 0.550377 0.717291
vt 0.709483 0.708485
vt 0.551369 0.697425
vt 0.624853 0.672456
vt 0.622118 0.683034
vt 0.619787 0.702034
vt 0.687065 0.731994
vt 0.688574 0.723801
vt 0.690673 0.707185
vt 0.887144 0.707545
vt 0.896082 0.706883
vt 0.895706 0.715445
vt 0.887487 0.716610
vt 0.896505 0.718982
vt 0.888214 0.720727
vt 0.899038 0.715878
vt 0.899092 0.718559
vt 0.900109 0.707144
vt 0.886293 0.649906
vt 0.887078 0.646649
vt 0.898856 0.649618
vt 0.897127 0.652440
vt 0.902569 0.651854
vt 0.900453 0.654344
vt 0.760093 0.664210
vt 0.760239 0.665943
vt 0.757673 0.666681
vt 0.756671 0.665616
vt 0.770337 0.663324
vt 0.770292 0.665113
vt 0.827721 0.676378
vt 0.824526 0.675997
vt 0.825554 0.665221
vt 0.828821 0.666105
vt 0.827875 0.660697
vt 0.830652 0.662448
vt 0.823690 0.665454
vt 0.823025 0.663021
vt 0.824189 0.662089
vt 0.822849 0.675882
vt 0.849681 0.732845
vt 0.848573 0.736018
vt 0.836627 0.731818
vt 0.838771 0.729306
vt 0.832923 0.728865
vt 0.835505 0.726819
vt 0.825742 0.729904
vt 0.825335 0.728242
vt 0.827941 0.727281
vt 0.829132 0.728154
vt 0.814946 0.731376
vt 0.814778 0.729611
vt 0.910916 0.709876
vt 0.914155 0.710764
vt 0.910878 0.722629
vt 0.908148 0.720775
vt 0.908363 0.726455
vt 0.905939 0.724234
vt 0.759399 0.729856
vt 0.761085 0.729606
vt 0.762001 0.732156
vt 0.760992 0.733231
vt 0.758121 0.719535
vt 0.759872 0.719501
vt 0.812483 0.715939
vt 0.822544 0.714903
vt 0.824774 0.725105
vt 0.814230 0.726265
vt 0.828092 0.724743
vt 0.825638 0.714484
vt 0.763088 0.719243
vt 0.764222 0.729383
vt 0.764512 0.732668
vt 0.774315 0.728986
vt 0.774591 0.732382
vt 0.773359 0.718555
vt 0.792935 0.717390
vt 0.794137 0.727798
vt 0.794531 0.731166
vt 0.904994 0.729249
vt 0.902836 0.726695
vt 0.893441 0.734277
vt 0.892166 0.731190
vt 0.764494 0.734415
vt 0.774844 0.734160
vt 0.871056 0.737348
vt 0.870978 0.734020
vt 0.794736 0.732935
vt 0.831080 0.657370
vt 0.833567 0.659618
vt 0.842449 0.651133
vt 0.844033 0.654077
vt 0.820711 0.660673
vt 0.820479 0.662376
vt 0.810041 0.662455
vt 0.809975 0.660677
vt 0.864823 0.646649
vt 0.865186 0.649955
vt 0.789997 0.661949
vt 0.790028 0.663731
vt 0.840762 0.710124
vt 0.844679 0.709534
vt 0.845367 0.717495
vt 0.841855 0.718110
vt 0.844658 0.720839
vt 0.842031 0.720684
vt 0.853761 0.718258
vt 0.853210 0.722327
vt 0.853610 0.709334
vt 0.870356 0.708981
vt 0.870666 0.718365
vt 0.870804 0.722652
vt 0.849053 0.664018
vt 0.840849 0.666341
vt 0.866380 0.661289
vt 0.838274 0.667031
vt 0.838621 0.669586
vt 0.895144 0.661676
vt 0.892537 0.661616
vt 0.838443 0.677887
vt 0.833173 0.723349
vt 0.830352 0.713291
vt 0.883934 0.660791
vt 0.839223 0.694122
vt 0.828177 0.694881
vt 0.897686 0.672480
vt 0.895681 0.664303
vt 0.903097 0.657520
vt 0.907951 0.668083
vt 0.899988 0.689643
vt 0.911328 0.688915
vt 0.866877 0.665551
vt 0.850152 0.667995
vt 0.867860 0.674894
vt 0.851197 0.676818
vt 0.883791 0.664946
vt 0.884699 0.674018
vt 0.869386 0.691924
vt 0.852392 0.693105
vt 0.886532 0.690710
vt 0.842016 0.669681
vt 0.842413 0.677886
vt 0.843271 0.693807
vt 0.790082 0.667117
vt 0.770405 0.668509
vt 0.790264 0.677549
vt 0.770746 0.678900
vt 0.809940 0.665851
vt 0.809662 0.676330
vt 0.791116 0.697472
vt 0.771699 0.698740
vt 0.810278 0.696186
vt 0.760304 0.669207
vt 0.757211 0.669397
vt 0.760511 0.679514
vt 0.757292 0.679677
vt 0.761483 0.699412
vt 0.758279 0.699619
vt 0.820344 0.665604
vt 0.819725 0.675930
vt 0.820174 0.695476
vt 0.823268 0.695248
vt 0.905557 0.655238
vt 0.910982 0.666665
vt 0.755487 0.669360
vt 0.755544 0.679865
vt 0.914649 0.688673
vt 0.756536 0.699731
vt 0.830019 0.724701
vt 0.827284 0.714124
vt 0.824954 0.695124
vt 0.892232 0.665164
vt 0.893741 0.673357
vt 0.895839 0.689973
vt 0.851609 0.378428
vt 0.850518 0.369629
vt 0.858717 0.369220
vt 0.860425 0.377376
vt 0.862052 0.368046
vt 0.864398 0.376273
vt 0.858800 0.365817
vt 0.861353 0.365465
vt 0.850503 0.365652
vt 0.795651 0.376947
vt 0.792485 0.375834
vt 0.796665 0.363991
vt 0.799227 0.366094
vt 0.799509 0.360307
vt 0.801543 0.362865
vt 0.798424 0.353190
vt 0.800082 0.352766
vt 0.801063 0.355355
vt 0.800203 0.356555
vt 0.796872 0.342421
vt 0.798636 0.342237
vt 0.818356 0.438082
vt 0.817448 0.441316
vt 0.805603 0.437996
vt 0.807473 0.435276
vt 0.801791 0.435466
vt 0.804027 0.433056
vt 0.798015 0.286875
vt 0.798276 0.288560
vt 0.795732 0.289494
vt 0.794651 0.288492
vt 0.808330 0.285526
vt 0.808376 0.287277
vt 0.878521 0.413660
vt 0.881780 0.414453
vt 0.878747 0.426316
vt 0.875973 0.424535
vt 0.876393 0.430044
vt 0.873903 0.427895
vt 0.863690 0.287148
vt 0.861958 0.287305
vt 0.861204 0.284744
vt 0.862262 0.283735
vt 0.864644 0.297389
vt 0.862854 0.297355
vt 0.851963 0.354904
vt 0.852327 0.351702
vt 0.863107 0.352699
vt 0.862240 0.355983
vt 0.867645 0.355027
vt 0.865905 0.357814
vt 0.862863 0.350827
vt 0.865292 0.350142
vt 0.866229 0.351301
vt 0.852432 0.350021
vt 0.849069 0.297894
vt 0.848386 0.287662
vt 0.858694 0.287390
vt 0.859459 0.297489
vt 0.858485 0.284299
vt 0.848202 0.284443
vt 0.852365 0.346892
vt 0.862693 0.347469
vt 0.865922 0.347586
vt 0.862381 0.337041
vt 0.865777 0.337124
vt 0.851900 0.336815
vt 0.850551 0.317409
vt 0.860983 0.317167
vt 0.864369 0.317093
vt 0.870985 0.358237
vt 0.868746 0.360735
vt 0.877260 0.369631
vt 0.874320 0.371225
vt 0.867625 0.347808
vt 0.867555 0.337047
vt 0.881780 0.392085
vt 0.878475 0.392454
vt 0.866150 0.317051
vt 0.799016 0.432088
vt 0.801583 0.429946
vt 0.794049 0.420533
vt 0.797144 0.419277
vt 0.793491 0.292003
vt 0.795237 0.292008
vt 0.795592 0.302085
vt 0.793816 0.302351
vt 0.791077 0.398202
vt 0.794405 0.398142
vt 0.795174 0.322232
vt 0.796942 0.322013
vt 0.855866 0.424983
vt 0.855006 0.421038
vt 0.863203 0.419561
vt 0.864118 0.423000
vt 0.866713 0.419865
vt 0.866794 0.422463
vt 0.863455 0.411103
vt 0.867614 0.411260
vt 0.854379 0.411987
vt 0.853541 0.395122
vt 0.862883 0.394148
vt 0.867145 0.393656
vt 0.807632 0.415377
vt 0.809335 0.423656
vt 0.805776 0.398011
vt 0.809743 0.426241
vt 0.812425 0.426197
vt 0.807904 0.369301
vt 0.807577 0.371924
vt 0.821156 0.427295
vt 0.870725 0.430507
vt 0.860138 0.435273
vt 0.806132 0.380470
vt 0.838663 0.427225
vt 0.839305 0.438560
vt 0.818332 0.368036
vt 0.810422 0.369131
vt 0.805031 0.360516
vt 0.815081 0.357645
vt 0.834286 0.366461
vt 0.833468 0.355408
vt 0.810065 0.397880
vt 0.811754 0.414664
vt 0.819450 0.397584
vt 0.820826 0.414347
vt 0.810197 0.381019
vt 0.819119 0.380870
vt 0.836511 0.396632
vt 0.837672 0.413775
vt 0.835336 0.379636
vt 0.812877 0.422872
vt 0.821441 0.423275
vt 0.838360 0.423078
vt 0.800307 0.321594
vt 0.801977 0.341661
vt 0.810711 0.320317
vt 0.812295 0.339834
vt 0.798987 0.301785
vt 0.809414 0.300755
vt 0.830626 0.318372
vt 0.832044 0.337520
vt 0.829226 0.298967
vt 0.803212 0.352173
vt 0.803597 0.355475
vt 0.813403 0.349866
vt 0.813848 0.352949
vt 0.832821 0.347409
vt 0.833070 0.350501
vt 0.798522 0.291695
vt 0.808657 0.290491
vt 0.828486 0.288756
vt 0.828258 0.285554
vt 0.803651 0.357392
vt 0.814222 0.354589
vt 0.833205 0.352187
vt 0.872960 0.433001
vt 0.861514 0.438319
vt 0.858510 0.282574
vt 0.848003 0.282696
vt 0.839521 0.441883
vt 0.828134 0.283811
vt 0.810960 0.372651
vt 0.818920 0.371954
vt 0.834615 0.370512
vt 0.821249 0.211472
vt 0.812433 0.210419
vt 0.814140 0.202263
vt 0.822340 0.202673
vt 0.808460 0.209316
vt 0.810806 0.201089
vt 0.811505 0.198508
vt 0.814058 0.198860
vt 0.822355 0.198695
vt 0.877207 0.209992
vt 0.873632 0.199140
vt 0.876194 0.197036
vt 0.880373 0.208879
vt 0.871316 0.195911
vt 0.873350 0.193353
vt 0.874435 0.186237
vt 0.872656 0.189602
vt 0.871796 0.188402
vt 0.872777 0.185812
vt 0.875988 0.175468
vt 0.874225 0.175284
vt 0.854502 0.271126
vt 0.865384 0.268321
vt 0.867255 0.271040
vt 0.855410 0.274361
vt 0.868831 0.266100
vt 0.871067 0.268511
vt 0.874853 0.119925
vt 0.878217 0.121542
vt 0.877135 0.122544
vt 0.874591 0.121609
vt 0.864538 0.118574
vt 0.864492 0.120325
vt 0.794337 0.246704
vt 0.796884 0.257579
vt 0.794111 0.259360
vt 0.791077 0.247497
vt 0.798955 0.260939
vt 0.796465 0.263088
vt 0.809179 0.120187
vt 0.810607 0.116774
vt 0.811666 0.117783
vt 0.810911 0.120344
vt 0.808224 0.130428
vt 0.810014 0.130394
vt 0.820896 0.187947
vt 0.810618 0.189025
vt 0.809750 0.185741
vt 0.820532 0.184745
vt 0.806953 0.190857
vt 0.805213 0.188069
vt 0.806628 0.184341
vt 0.807566 0.183183
vt 0.809995 0.183869
vt 0.820427 0.183064
vt 0.823798 0.130935
vt 0.813409 0.130529
vt 0.814175 0.120430
vt 0.824483 0.120704
vt 0.814385 0.117339
vt 0.824667 0.117485
vt 0.810166 0.180511
vt 0.820494 0.179935
vt 0.806937 0.180626
vt 0.807084 0.170163
vt 0.810479 0.170082
vt 0.820961 0.169857
vt 0.811881 0.150207
vt 0.822313 0.150450
vt 0.808495 0.150132
vt 0.804112 0.193777
vt 0.801873 0.191280
vt 0.798538 0.204268
vt 0.795598 0.202674
vt 0.805233 0.180847
vt 0.805306 0.170087
vt 0.794383 0.225498
vt 0.791077 0.225128
vt 0.806714 0.150090
vt 0.871275 0.262990
vt 0.873842 0.265133
vt 0.875714 0.252321
vt 0.878808 0.253578
vt 0.879377 0.125053
vt 0.879050 0.135401
vt 0.877273 0.135135
vt 0.877630 0.125058
vt 0.878453 0.231187
vt 0.881781 0.231247
vt 0.877688 0.155281
vt 0.875921 0.155062
vt 0.816992 0.258027
vt 0.808739 0.256044
vt 0.809654 0.252605
vt 0.817852 0.254082
vt 0.806064 0.255507
vt 0.806145 0.252908
vt 0.805243 0.244304
vt 0.809403 0.244147
vt 0.818478 0.245031
vt 0.809975 0.227191
vt 0.819317 0.228166
vt 0.805713 0.226700
vt 0.865226 0.248422
vt 0.863523 0.256701
vt 0.867082 0.231056
vt 0.863115 0.259285
vt 0.860432 0.259242
vt 0.864954 0.202347
vt 0.865282 0.204969
vt 0.851702 0.260340
vt 0.812720 0.268317
vt 0.802133 0.263551
vt 0.866726 0.213515
vt 0.833553 0.271604
vt 0.834195 0.260269
vt 0.854526 0.201082
vt 0.857778 0.190690
vt 0.867828 0.193562
vt 0.862436 0.202177
vt 0.839391 0.188453
vt 0.838572 0.199506
vt 0.861103 0.247709
vt 0.862793 0.230925
vt 0.852032 0.247391
vt 0.853408 0.230628
vt 0.853739 0.213915
vt 0.862661 0.214064
vt 0.835185 0.246819
vt 0.836347 0.229676
vt 0.837522 0.212681
vt 0.859980 0.255916
vt 0.851417 0.256319
vt 0.834498 0.256122
vt 0.870883 0.174708
vt 0.872556 0.154643
vt 0.860566 0.172881
vt 0.862152 0.153364
vt 0.863452 0.133803
vt 0.873879 0.134834
vt 0.840817 0.170565
vt 0.842237 0.151417
vt 0.843640 0.132012
vt 0.869262 0.188521
vt 0.869647 0.185220
vt 0.859011 0.185995
vt 0.859456 0.182912
vt 0.839789 0.183546
vt 0.840038 0.180454
vt 0.874346 0.124745
vt 0.864211 0.123539
vt 0.844382 0.121801
vt 0.844610 0.118599
vt 0.869208 0.190438
vt 0.858637 0.187635
vt 0.839654 0.185231
vt 0.799898 0.266045
vt 0.811344 0.271363
vt 0.814359 0.115614
vt 0.824867 0.115738
vt 0.833337 0.274927
vt 0.844735 0.116856
vt 0.861899 0.205696
vt 0.853938 0.204999
vt 0.838243 0.203556
vt 0.310601 0.747259
vt 0.310601 0.744738
vt 0.322951 0.744738
vt 0.322951 0.747259
vt 0.310601 0.742285
vt 0.322951 0.742285
vt 0.310601 0.739902
vt 0.322951 0.739902
vt 0.310601 0.737523
vt 0.322951 0.737523
vt 0.310601 0.735074
vt 0.322951 0.735074
vt 0.310601 0.732557
vt 0.322951 0.732557
vt 0.310601 0.761960
vt 0.310601 0.759440
vt 0.322951 0.759440
vt 0.322951 0.761960
vt 0.310601 0.756987
vt 0.322951 0.756987
vt 0.310601 0.754605
vt 0.322951 0.754605
vt 0.310601 0.752225
vt 0.322951 0.752225
vt 0.310601 0.749776
vt 0.322951 0.749776
vt 0.335261 0.742285
vt 0.335261 0.744738
vt 0.335261 0.739902
vt 0.335261 0.737523
vt 0.335261 0.735074
vt 0.335261 0.732557
vt 0.335261 0.759440
vt 0.335261 0.761960
vt 0.335261 0.756987
vt 0.335261 0.754605
vt 0.335261 0.752225
vt 0.335261 0.749776
vt 0.335261 0.747259
vt 0.298083 0.747259
vt 0.298083 0.749776
vt 0.286534 0.749776
vt 0.286534 0.747259
vt 0.298083 0.735074
vt 0.298083 0.737523
vt 0.286534 0.737523
vt 0.286534 0.735074
vt 0.298083 0.756987
vt 0.298083 0.759440
vt 0.286534 0.759440
vt 0.286534 0.756987
vt 0.298083 0.744738
vt 0.286534 0.744738
vt 0.298083 0.752225
vt 0.286534 0.752225
vt 0.298083 0.739902
vt 0.286534 0.739902
vt 0.298083 0.761960
vt 0.286534 0.761960
vt 0.298083 0.754605
vt 0.286534 0.754605
vt 0.298083 0.742285
vt 0.286534 0.742285
vt 0.298083 0.732557
vt 0.286534 0.732557
vt 0.359921 0.747259
vt 0.347571 0.747259
vt 0.347571 0.744738
vt 0.359921 0.744738
vt 0.347571 0.742285
vt 0.359921 0.742285
vt 0.347571 0.739902
vt 0.359921 0.739902
vt 0.347571 0.737523
vt 0.359921 0.737523
vt 0.347571 0.735074
vt 0.359921 0.735074
vt 0.347571 0.732557
vt 0.359921 0.732557
vt 0.359921 0.761960
vt 0.347571 0.761960
vt 0.347571 0.759440
vt 0.359921 0.759440
vt 0.347571 0.756987
vt 0.359921 0.756987
vt 0.347571 0.754605
vt 0.359921 0.754605
vt 0.347571 0.752225
vt 0.359921 0.752225
vt 0.347571 0.749776
vt 0.359921 0.749776
vt 0.372439 0.747259
vt 0.383988 0.747259
vt 0.383988 0.749776
vt 0.372439 0.749776
vt 0.372439 0.735074
vt 0.383988 0.735074
vt 0.383988 0.737523
vt 0.372439 0.737523
vt 0.372439 0.756987
vt 0.383988 0.756987
vt 0.383988 0.759440
vt 0.372439 0.759440
vt 0.372439 0.744738
vt 0.383988 0.744738
vt 0.383988 0.752225
vt 0.372439 0.752225
vt 0.383988 0.739902
vt 0.372439 0.739902
vt 0.383988 0.761960
vt 0.372439 0.761960
vt 0.383988 0.754605
vt 0.372439 0.754605
vt 0.383988 0.742285
vt 0.372439 0.742285
vt 0.372439 0.732557
vt 0.383988 0.732557
vt 0.524142 0.759074
vt 0.536492 0.759074
vt 0.536492 0.761595
vt 0.524142 0.761595
vt 0.536492 0.764049
vt 0.524142 0.764049
vt 0.536492 0.766431
vt 0.524142 0.766431
vt 0.536492 0.768811
vt 0.524142 0.768811
vt 0.536492 0.771259
vt 0.524142 0.771259
vt 0.536492 0.773777
vt 0.524142 0.773777
vt 0.524142 0.744373
vt 0.536492 0.744373
vt 0.536492 0.746893
vt 0.524142 0.746893
vt 0.536492 0.749347
vt 0.524142 0.749347
vt 0.536492 0.751729
vt 0.524142 0.751729
vt 0.536492 0.754109
vt 0.524142 0.754109
vt 0.536492 0.756557
vt 0.524142 0.756557
vt 0.548802 0.761595
vt 0.548802 0.764049
vt 0.548802 0.766431
vt 0.548802 0.768811
vt 0.548802 0.771259
vt 0.548802 0.773777
vt 0.548802 0.744373
vt 0.548802 0.746893
vt 0.548802 0.749347
vt 0.548802 0.751729
vt 0.548802 0.754109
vt 0.548802 0.756557
vt 0.548802 0.759074
vt 0.511624 0.759074
vt 0.500075 0.759074
vt 0.500075 0.756557
vt 0.511624 0.756557
vt 0.511624 0.771259
vt 0.500075 0.771259
vt 0.500075 0.768811
vt 0.511624 0.768811
vt 0.511624 0.749347
vt 0.500075 0.749347
vt 0.500075 0.746893
vt 0.511624 0.746893
vt 0.511624 0.761595
vt 0.500075 0.761595
vt 0.500075 0.754109
vt 0.511624 0.754109
vt 0.500075 0.766431
vt 0.511624 0.766431
vt 0.500075 0.744373
vt 0.511624 0.744373
vt 0.500075 0.751729
vt 0.511624 0.751729
vt 0.500075 0.764049
vt 0.511624 0.764049
vt 0.511624 0.773777
vt 0.500075 0.773777
vt 0.573462 0.759074
vt 0.573462 0.761595
vt 0.561112 0.761595
vt 0.561112 0.759074
vt 0.573462 0.764049
vt 0.561112 0.764049
vt 0.573462 0.766431
vt 0.561112 0.766431
vt 0.573462 0.768811
vt 0.561112 0.768811
vt 0.573462 0.771259
vt 0.561112 0.771259
vt 0.573462 0.773777
vt 0.561112 0.773777
vt 0.573462 0.744373
vt 0.573462 0.746893
vt 0.561112 0.746893
vt 0.561112 0.744373
vt 0.573462 0.749347
vt 0.561112 0.749347
vt 0.573462 0.751729
vt 0.561112 0.751729
vt 0.573462 0.754109
vt 0.561112 0.754109
vt 0.573462 0.756557
vt 0.561112 0.756557
vt 0.585980 0.759074
vt 0.585980 0.756557
vt 0.597529 0.756557
vt 0.597529 0.759074
vt 0.585980 0.771259
vt 0.585980 0.768811
vt 0.597529 0.768811
vt 0.597529 0.771259
vt 0.585980 0.749347
vt 0.585980 0.746893
vt 0.597529 0.746893
vt 0.597529 0.749347
vt 0.585980 0.761595
vt 0.597529 0.761595
vt 0.585980 0.754109
vt 0.597529 0.754109
vt 0.585980 0.766431
vt 0.597529 0.766431
vt 0.585980 0.744373
vt 0.597529 0.744373
vt 0.585980 0.751729
vt 0.597529 0.751729
vt 0.585980 0.764049
vt 0.597529 0.764049
vt 0.585980 0.773777
vt 0.597529 0.773777
vt 0.900021 0.489687
vt 0.900021 0.448121
vt 0.907013 0.448121
vt 0.907013 0.489687
vt 0.914005 0.448121
vt 0.914005 0.489687
vt 0.858071 0.489687
vt 0.858071 0.448121
vt 0.865062 0.448121
vt 0.865062 0.489687
vt 0.872054 0.448121
vt 0.872054 0.489687
vt 0.879046 0.448121
vt 0.879046 0.489687
vt 0.886038 0.448121
vt 0.886038 0.489687
vt 0.879046 0.572820
vt 0.879046 0.531254
vt 0.886038 0.531254
vt 0.886038 0.572820
vt 0.893029 0.448121
vt 0.893029 0.489687
vt 0.879046 0.614387
vt 0.886038 0.614387
vt 0.893029 0.531254
vt 0.893029 0.572820
vt 0.893029 0.614387
vt 0.900021 0.531254
vt 0.900021 0.572820
vt 0.900021 0.614387
vt 0.872054 0.614387
vt 0.872054 0.572820
vt 0.872054 0.531254
vt 0.865062 0.614387
vt 0.865062 0.572820
vt 0.865062 0.531254
vt 0.858071 0.614387
vt 0.858071 0.572820
vt 0.858071 0.531254
vt 0.907013 0.614387
vt 0.907013 0.572820
vt 0.914005 0.572820
vt 0.914005 0.614387
vt 0.907013 0.531254
vt 0.914005 0.531254
vt 0.417372 0.747258
vt 0.429722 0.747258
vt 0.429722 0.749779
vt 0.417372 0.749779
vt 0.429722 0.752232
vt 0.417372 0.752232
vt 0.429722 0.754615
vt 0.417372 0.754615
vt 0.429722 0.756994
vt 0.417372 0.756994
vt 0.429722 0.759443
vt 0.417372 0.759443
vt 0.429722 0.761960
vt 0.417372 0.761960
vt 0.417372 0.732557
vt 0.429722 0.732557
vt 0.429722 0.735077
vt 0.417372 0.735077
vt 0.429722 0.737530
vt 0.417372 0.737530
vt 0.429722 0.739912
vt 0.417372 0.739912
vt 0.429722 0.742292
vt 0.417372 0.742292
vt 0.429722 0.744741
vt 0.417372 0.744741
vt 0.442032 0.749779
vt 0.442032 0.752232
vt 0.442032 0.754615
vt 0.442032 0.756994
vt 0.442032 0.759443
vt 0.442032 0.761960
vt 0.442032 0.732557
vt 0.442032 0.735077
vt 0.442032 0.737530
vt 0.442032 0.739912
vt 0.442032 0.742292
vt 0.442032 0.744741
vt 0.442032 0.747258
vt 0.404853 0.747258
vt 0.393305 0.747258
vt 0.393305 0.744741
vt 0.404853 0.744741
vt 0.404853 0.759443
vt 0.393305 0.759443
vt 0.393305 0.756994
vt 0.404853 0.756994
vt 0.404853 0.737530
vt 0.393305 0.737530
vt 0.393305 0.735077
vt 0.404853 0.735077
vt 0.404853 0.749779
vt 0.393305 0.749779
vt 0.393305 0.742292
vt 0.404853 0.742292
vt 0.393305 0.754615
vt 0.404853 0.754615
vt 0.393305 0.732557
vt 0.404853 0.732557
vt 0.393305 0.739912
vt 0.404853 0.739912
vt 0.393305 0.752232
vt 0.404853 0.752232
vt 0.404853 0.761960
vt 0.393305 0.761960
vt 0.466691 0.747258
vt 0.466691 0.749779
vt 0.454341 0.749779
vt 0.454341 0.747258
vt 0.466691 0.752232
vt 0.454341 0.752232
vt 0.466691 0.754615
vt 0.454341 0.754615
vt 0.466691 0.756994
vt 0.454341 0.756994
vt 0.466691 0.759443
vt 0.454341 0.759443
vt 0.466691 0.761960
vt 0.454341 0.761960
vt 0.466691 0.732557
vt 0.466691 0.735077
vt 0.454341 0.735077
vt 0.454341 0.732557
vt 0.466691 0.737530
vt 0.454341 0.737530
vt 0.466691 0.739912
vt 0.454341 0.739912
vt 0.466691 0.742292
vt 0.454341 0.742292
vt 0.466691 0.744741
vt 0.454341 0.744741
vt 0.479210 0.747258
vt 0.479210 0.744741
vt 0.490759 0.744741
vt 0.490759 0.747258
vt 0.479210 0.759443
vt 0.479210 0.756994
vt 0.490759 0.756994
vt 0.490759 0.759443
vt 0.479210 0.737530
vt 0.479210 0.735077
vt 0.490759 0.735077
vt 0.490759 0.737530
vt 0.479210 0.749779
vt 0.490759 0.749779
vt 0.479210 0.742292
vt 0.490759 0.742292
vt 0.479210 0.754615
vt 0.490759 0.754615
vt 0.479210 0.732557
vt 0.490759 0.732557
vt 0.479210 0.739912
vt 0.490759 0.739912
vt 0.479210 0.752232
vt 0.490759 0.752232
vt 0.479210 0.761960
vt 0.490759 0.761960
vt 0.203831 0.746171
vt 0.203831 0.743650
vt 0.216181 0.743650
vt 0.216181 0.746171
vt 0.203831 0.741197
vt 0.216181 0.741197
vt 0.203831 0.738814
vt 0.216181 0.738814
vt 0.203831 0.736434
vt 0.216181 0.736434
vt 0.203831 0.733986
vt 0.216181 0.733986
vt 0.203831 0.731469
vt 0.216181 0.731469
vt 0.203831 0.760872
vt 0.203831 0.758352
vt 0.216181 0.758352
vt 0.216181 0.760872
vt 0.203831 0.755899
vt 0.216181 0.755899
vt 0.203831 0.753516
vt 0.216181 0.753516
vt 0.203831 0.751137
vt 0.216181 0.751137
vt 0.203831 0.748688
vt 0.216181 0.748688
vt 0.228491 0.741197
vt 0.228491 0.743650
vt 0.228491 0.738814
vt 0.228491 0.736434
vt 0.228491 0.733986
vt 0.228491 0.731469
vt 0.228491 0.758352
vt 0.228491 0.760872
vt 0.228491 0.755899
vt 0.228491 0.753516
vt 0.228491 0.751137
vt 0.228491 0.748688
vt 0.228491 0.746171
vt 0.191312 0.746171
vt 0.191312 0.748688
vt 0.179764 0.748688
vt 0.179764 0.746171
vt 0.191312 0.733986
vt 0.191312 0.736434
vt 0.179764 0.736434
vt 0.179764 0.733986
vt 0.191312 0.755899
vt 0.191312 0.758352
vt 0.179764 0.758352
vt 0.179764 0.755899
vt 0.191312 0.743650
vt 0.179764 0.743650
vt 0.191312 0.751137
vt 0.179764 0.751137
vt 0.191312 0.738814
vt 0.179764 0.738814
vt 0.191312 0.760872
vt 0.179764 0.760872
vt 0.191312 0.753516
vt 0.179764 0.753516
vt 0.191312 0.741197
vt 0.179764 0.741197
vt 0.191312 0.731469
vt 0.179764 0.731469
vt 0.253150 0.746171
vt 0.240800 0.746171
vt 0.240800 0.743650
vt 0.253150 0.743650
vt 0.240800 0.741197
vt 0.253150 0.741197
vt 0.240800 0.738814
vt 0.253150 0.738814
vt 0.240800 0.736434
vt 0.253150 0.736434
vt 0.240800 0.733986
vt 0.253150 0.733986
vt 0.240800 0.731469
vt 0.253150 0.731469
vt 0.253150 0.760872
vt 0.240800 0.760872
vt 0.240800 0.758352
vt 0.253150 0.758352
vt 0.240800 0.755899
vt 0.253150 0.755899
vt 0.240800 0.753516
vt 0.253150 0.753516
vt 0.240800 0.751137
vt 0.253150 0.751137
vt 0.240800 0.748688
vt 0.253150 0.748688
vt 0.265669 0.746171
vt 0.277217 0.746171
vt 0.277217 0.748688
vt 0.265669 0.748688
vt 0.265669 0.733986
vt 0.277217 0.733986
vt 0.277217 0.736434
vt 0.265669 0.736434
vt 0.265669 0.755899
vt 0.277217 0.755899
vt 0.277217 0.758352
vt 0.265669 0.758352
vt 0.265669 0.743650
vt 0.277217 0.743650
vt 0.277217 0.751137
vt 0.265669 0.751137
vt 0.277217 0.738814
vt 0.265669 0.738814
vt 0.277217 0.760872
vt 0.265669 0.760872
vt 0.277217 0.753516
vt 0.265669 0.753516
vt 0.277217 0.741197
vt 0.265669 0.741197
vt 0.265669 0.731469
vt 0.277217 0.731469
vt 0.045473 0.773875
vt 0.045473 0.780867
vt 0.003906 0.780867
vt 0.003906 0.773875
vt 0.045473 0.787858
vt 0.003906 0.787859
vt 0.045473 0.731925
vt 0.045473 0.738916
vt 0.003906 0.738916
vt 0.003906 0.731925
vt 0.045473 0.745908
vt 0.003906 0.745908
vt 0.045473 0.752900
vt 0.003906 0.752900
vt 0.045473 0.759892
vt 0.003906 0.759892
vt 0.128606 0.752900
vt 0.128606 0.759892
vt 0.087039 0.759892
vt 0.087039 0.752900
vt 0.045473 0.766883
vt 0.003906 0.766883
vt 0.170173 0.752900
vt 0.170173 0.759891
vt 0.087039 0.766883
vt 0.128606 0.766883
vt 0.170173 0.766883
vt 0.087039 0.773875
vt 0.128606 0.773875
vt 0.170173 0.773875
vt 0.170173 0.745908
vt 0.128606 0.745908
vt 0.087039 0.745908
vt 0.170173 0.738916
vt 0.128606 0.738916
vt 0.087039 0.738916
vt 0.170173 0.731924
vt 0.128606 0.731924
vt 0.087039 0.731924
vt 0.170173 0.780867
vt 0.170173 0.787859
vt 0.128606 0.787858
vt 0.128606 0.780867
vt 0.087039 0.787859
vt 0.087039 0.780867
s 1
usemtl set1.003
f 51/1/1 22/2/2 21/3/3 52/4/4
f 52/4/4 21/3/3 24/5/5 53/6/6
f 53/7/6 24/8/5 26/9/7 54/10/8
f 54/10/8 26/9/7 28/11/9 55/12/10
f 55/12/10 28/11/9 30/13/11 56/14/12
f 56/14/12 30/13/11 32/15/13 57/16/14
f 10/17/15 17/18/16 14/19/17 12/20/18
f 57/16/14 32/15/13 34/21/19 58/22/20
f 58/22/20 34/21/19 22/2/2 51/1/1
f 1/23/21 18/24/22 13/25/23 15/26/24
f 18/24/22 9/27/25 11/28/26 13/25/23
f 5/29/27 7/30/28 9/27/25 18/24/22
f 3/31/29 5/29/27 18/24/22 1/23/21
f 17/18/16 2/32/30 16/33/31 14/19/17
f 6/34/32 4/35/33 2/32/30 17/18/16
f 8/36/34 6/34/32 17/18/16 10/17/15
f 3/31/29 1/23/21 19/37/35 20/38/36
f 2/32/30 4/35/33 21/39/3 22/40/2
f 5/29/27 3/31/29 20/38/36 23/41/37
f 4/35/33 6/34/32 24/42/5 21/39/3
f 7/30/28 5/29/27 23/41/37 25/43/38
f 6/34/32 8/36/34 26/44/7 24/42/5
f 9/27/25 7/30/28 25/43/38 27/45/39
f 8/36/34 10/17/15 28/46/9 26/44/7
f 11/28/26 9/27/25 27/45/39 29/47/40
f 10/17/15 12/20/18 30/48/11 28/46/9
f 13/25/23 11/28/26 29/47/40 31/49/41
f 12/20/18 14/19/17 32/50/13 30/48/11
f 15/26/24 13/25/23 31/49/41 33/51/42
f 14/19/17 16/33/31 34/52/19 32/50/13
f 1/23/21 15/26/24 33/51/42 19/37/35
f 16/33/31 2/32/30 22/40/2 34/52/19
f 65/53/20 50/54/20 35/55/1 66/56/1
f 158/57/20 49/58/20 36/59/1 79/60/1
f 64/61/14 48/62/14 50/54/20 65/53/20
f 145/63/14 47/64/14 49/58/20 158/57/20
f 63/65/12 46/66/12 48/62/14 64/61/14
f 132/67/12 45/68/12 47/64/14 145/63/14
f 62/69/10 44/70/10 46/66/12 63/65/12
f 119/71/10 43/72/10 45/68/12 132/67/12
f 61/73/8 42/74/8 44/70/10 62/69/10
f 106/75/8 41/76/8 43/72/10 119/71/10
f 60/77/6 40/78/6 42/74/8 61/73/8
f 93/79/6 39/80/6 41/76/8 106/75/8
f 59/81/4 38/82/4 40/83/6 60/84/6
f 80/85/4 37/86/4 39/87/6 93/88/6
f 66/56/1 35/55/1 38/82/4 59/81/4
f 79/60/1 36/59/1 37/86/4 80/85/4
f 49/58/20 58/22/20 51/1/1 36/59/1
f 47/64/14 57/16/14 58/22/20 49/58/20
f 45/68/12 56/14/12 57/16/14 47/64/14
f 43/72/10 55/12/10 56/14/12 45/68/12
f 41/76/8 54/10/8 55/12/10 43/72/10
f 39/80/6 53/7/6 54/10/8 41/76/8
f 37/86/4 52/4/4 53/6/6 39/87/6
f 36/59/1 51/1/1 52/4/4 37/86/4
f 19/89/35 66/56/1 59/81/4 20/90/36
f 20/90/36 59/81/4 60/84/6 23/91/37
f 23/92/37 60/77/6 61/73/8 25/93/38
f 25/93/38 61/73/8 62/69/10 27/94/39
f 27/94/39 62/69/10 63/65/12 29/95/40
f 29/95/40 63/65/12 64/61/14 31/96/41
f 31/96/41 64/61/14 65/53/20 33/97/42
f 33/97/42 65/53/20 66/56/1 19/89/35
f 35/55/1 67/98/1 92/99/4 38/82/4
f 67/98/1 68/100/1 91/101/4 92/99/4
f 68/100/1 69/102/1 90/103/4 91/101/4
f 69/102/1 70/104/1 89/105/4 90/103/4
f 70/104/1 71/106/1 88/107/4 89/105/4
f 71/106/1 72/108/1 87/109/4 88/107/4
f 72/108/1 73/110/1 86/111/4 87/109/4
f 73/110/1 74/112/1 85/113/4 86/111/4
f 74/112/1 75/114/1 84/115/4 85/113/4
f 75/114/1 76/116/1 83/117/4 84/115/4
f 76/116/1 77/118/1 82/119/4 83/117/4
f 77/118/1 78/120/1 81/121/4 82/119/4
f 78/120/1 79/60/1 80/85/4 81/121/4
f 38/82/4 92/99/4 105/122/6 40/83/6
f 92/99/4 91/101/4 104/123/6 105/122/6
f 91/101/4 90/103/4 103/124/6 104/123/6
f 90/103/4 89/105/4 102/125/6 103/124/6
f 89/105/4 88/107/4 101/126/6 102/125/6
f 88/107/4 87/109/4 100/127/6 101/126/6
f 87/109/4 86/111/4 99/128/6 100/127/6
f 86/111/4 85/113/4 98/129/6 99/128/6
f 85/113/4 84/115/4 97/130/6 98/129/6
f 84/115/4 83/117/4 96/131/6 97/130/6
f 83/117/4 82/119/4 95/132/6 96/131/6
f 82/119/4 81/121/4 94/133/6 95/132/6
f 81/121/4 80/85/4 93/88/6 94/133/6
f 40/78/6 105/134/6 118/135/8 42/74/8
f 105/134/6 104/136/6 117/137/8 118/135/8
f 104/136/6 103/138/6 116/139/8 117/137/8
f 103/138/6 102/140/6 115/141/8 116/139/8
f 102/140/6 101/142/6 114/143/8 115/141/8
f 101/142/6 100/144/6 113/145/8 114/143/8
f 100/144/6 99/146/6 112/147/8 113/145/8
f 99/146/6 98/148/6 111/149/8 112/147/8
f 98/148/6 97/150/6 110/151/8 111/149/8
f 97/150/6 96/152/6 109/153/8 110/151/8
f 96/152/6 95/154/6 108/155/8 109/153/8
f 95/154/6 94/156/6 107/157/8 108/155/8
f 94/156/6 93/79/6 106/75/8 107/157/8
f 42/74/8 118/135/8 131/158/10 44/70/10
f 118/135/8 117/137/8 130/159/10 131/158/10
f 117/137/8 116/139/8 129/160/10 130/159/10
f 116/139/8 115/141/8 128/161/10 129/160/10
f 115/141/8 114/143/8 127/162/10 128/161/10
f 114/143/8 113/145/8 126/163/10 127/162/10
f 113/145/8 112/147/8 125/164/10 126/163/10
f 112/147/8 111/149/8 124/165/10 125/164/10
f 111/149/8 110/151/8 123/166/10 124/165/10
f 110/151/8 109/153/8 122/167/10 123/166/10
f 109/153/8 108/155/8 121/168/10 122/167/10
f 108/155/8 107/157/8 120/169/10 121/168/10
f 107/157/8 106/75/8 119/71/10 120/169/10
f 44/70/10 131/158/10 144/170/12 46/66/12
f 131/158/10 130/159/10 143/171/12 144/170/12
f 130/159/10 129/160/10 142/172/12 143/171/12
f 129/160/10 128/161/10 141/173/12 142/172/12
f 128/161/10 127/162/10 140/174/12 141/173/12
f 127/162/10 126/163/10 139/175/12 140/174/12
f 126/163/10 125/164/10 138/176/12 139/175/12
f 125/164/10 124/165/10 137/177/12 138/176/12
f 124/165/10 123/166/10 136/178/12 137/177/12
f 123/166/10 122/167/10 135/179/12 136/178/12
f 122/167/10 121/168/10 134/180/12 135/179/12
f 121/168/10 120/169/10 133/181/12 134/180/12
f 120/169/10 119/71/10 132/67/12 133/181/12
f 46/66/12 144/170/12 157/182/14 48/62/14
f 144/170/12 143/171/12 156/183/14 157/182/14
f 143/171/12 142/172/12 155/184/14 156/183/14
f 142/172/12 141/173/12 154/185/14 155/184/14
f 141/173/12 140/174/12 153/186/14 154/185/14
f 140/174/12 139/175/12 152/187/14 153/186/14
f 139/175/12 138/176/12 151/188/14 152/187/14
f 138/176/12 137/177/12 150/189/14 151/188/14
f 137/177/12 136/178/12 149/190/14 150/189/14
f 136/178/12 135/179/12 148/191/14 149/190/14
f 135/179/12 134/180/12 147/192/14 148/191/14
f 134/180/12 133/181/12 146/193/14 147/192/14
f 133/181/12 132/67/12 145/63/14 146/193/14
f 48/62/14 157/182/14 170/194/20 50/54/20
f 157/182/14 156/183/14 169/195/20 170/194/20
f 156/183/14 155/184/14 168/196/20 169/195/20
f 155/184/14 154/185/14 167/197/20 168/196/20
f 154/185/14 153/186/14 166/198/20 167/197/20
f 153/186/14 152/187/14 165/199/20 166/198/20
f 152/187/14 151/188/14 164/200/20 165/199/20
f 151/188/14 150/189/14 163/201/20 164/200/20
f 150/189/14 149/190/14 162/202/20 163/201/20
f 149/190/14 148/191/14 161/203/20 162/202/20
f 148/191/14 147/192/14 160/204/20 161/203/20
f 147/192/14 146/193/14 159/205/20 160/204/20
f 146/193/14 145/63/14 158/57/20 159/205/20
f 50/54/20 170/194/20 67/98/1 35/55/1
f 170/194/20 169/195/20 68/100/1 67/98/1
f 169/195/20 168/196/20 69/102/1 68/100/1
f 168/196/20 167/197/20 70/104/1 69/102/1
f 167/197/20 166/198/20 71/106/1 70/104/1
f 166/198/20 165/199/20 72/108/1 71/106/1
f 165/199/20 164/200/20 73/110/1 72/108/1
f 164/200/20 163/201/20 74/112/1 73/110/1
f 163/201/20 162/202/20 75/114/1 74/112/1
f 162/202/20 161/203/20 76/116/1 75/114/1
f 161/203/20 160/204/20 77/118/1 76/116/1
f 160/204/20 159/205/20 78/120/1 77/118/1
f 159/205/20 158/57/20 79/60/1 78/120/1
f 191/206/16 172/207/16 174/208/43 192/209/43
f 192/209/43 174/208/43 176/210/6 197/211/6
f 197/212/6 176/213/6 178/214/44 202/215/44
f 202/215/44 178/214/44 180/216/22 207/217/22
f 207/217/22 180/216/22 182/218/45 212/219/45
f 212/219/45 182/218/45 184/220/14 217/221/14
f 220/222/14 219/223/14 224/224/46 225/225/46
f 217/221/14 184/220/14 186/226/46 222/227/46
f 222/227/46 186/226/46 172/207/16 191/206/16
f 221/228/14 220/222/14 225/225/46 226/229/46
f 183/230/14 221/228/14 226/229/46 185/231/46
f 223/232/46 222/227/46 191/206/16 190/233/16
f 224/224/46 223/232/46 190/233/16 189/234/16
f 225/225/46 224/224/46 189/234/16 187/235/16
f 226/229/46 225/225/46 187/235/16 188/236/16
f 185/231/46 226/229/46 188/236/16 171/237/16
f 219/223/14 218/238/14 223/232/46 224/224/46
f 218/238/14 217/221/14 222/227/46 223/232/46
f 181/239/45 216/240/45 221/228/14 183/230/14
f 216/240/45 215/241/45 220/222/14 221/228/14
f 215/241/45 214/242/45 219/223/14 220/222/14
f 214/242/45 213/243/45 218/238/14 219/223/14
f 213/243/45 212/219/45 217/221/14 218/238/14
f 179/244/22 211/245/22 216/240/45 181/239/45
f 211/245/22 210/246/22 215/241/45 216/240/45
f 210/246/22 209/247/22 214/242/45 215/241/45
f 209/247/22 208/248/22 213/243/45 214/242/45
f 208/248/22 207/217/22 212/219/45 213/243/45
f 177/249/44 206/250/44 211/245/22 179/244/22
f 206/250/44 205/251/44 210/246/22 211/245/22
f 205/251/44 204/252/44 209/247/22 210/246/22
f 204/252/44 203/253/44 208/248/22 209/247/22
f 203/253/44 202/215/44 207/217/22 208/248/22
f 175/254/6 201/255/6 206/250/44 177/249/44
f 201/255/6 200/256/6 205/251/44 206/250/44
f 200/256/6 199/257/6 204/252/44 205/251/44
f 199/257/6 198/258/6 203/253/44 204/252/44
f 198/258/6 197/212/6 202/215/44 203/253/44
f 173/259/43 196/260/43 201/261/6 175/262/6
f 196/260/43 195/263/43 200/264/6 201/261/6
f 195/263/43 194/265/43 199/266/6 200/264/6
f 194/265/43 193/267/43 198/268/6 199/266/6
f 193/267/43 192/209/43 197/211/6 198/268/6
f 171/237/16 188/236/16 196/260/43 173/259/43
f 188/236/16 187/235/16 195/263/43 196/260/43
f 187/235/16 189/234/16 194/265/43 195/263/43
f 189/234/16 190/233/16 193/267/43 194/265/43
f 190/233/16 191/206/16 192/209/43 193/267/43
f 519/269/47 367/270/48 366/271/49 521/272/50
f 508/273/51 505/274/52 269/275/53 268/276/51
f 517/277/54 368/278/55 367/270/48 519/269/47
f 505/274/52 503/279/16 270/280/56 269/275/53
f 515/281/57 369/282/58 368/278/55 517/277/54
f 503/279/16 501/283/59 271/284/60 270/280/56
f 513/285/61 370/286/62 369/282/58 515/281/57
f 501/283/59 499/287/63 272/288/64 271/284/60
f 511/289/65 371/290/66 370/286/62 513/285/61
f 499/287/63 497/291/67 273/292/68 272/288/64
f 276/293/69 341/294/70 374/295/71 277/296/72
f 497/291/67 495/297/22 274/298/73 273/292/68
f 374/295/71 341/294/70 250/299/74 243/300/75
f 509/301/76 372/302/77 371/290/66 511/289/65
f 524/303/78 333/304/79 372/302/77 509/301/76
f 495/297/22 493/305/80 275/306/81 274/298/73
f 277/307/72 374/308/71 375/309/82 278/310/83
f 493/305/80 508/311/51 268/312/51 275/306/81
f 375/309/82 374/308/71 243/313/75 244/314/84
f 279/315/85 344/316/86 377/317/87 280/318/88
f 377/317/87 344/316/86 245/319/89 246/320/90
f 281/321/91 346/322/92 379/323/93 282/324/94
f 379/323/93 346/322/92 248/325/95 249/326/96
f 280/318/88 377/317/87 380/327/97 283/328/98
f 380/327/97 377/317/87 246/320/90 247/329/99
f 282/324/94 379/323/93 341/294/70 276/293/69
f 341/294/70 379/323/93 249/326/96 250/299/74
f 278/310/83 375/309/82 344/316/86 279/315/85
f 344/316/86 375/309/82 244/314/84 245/319/89
f 283/328/98 380/327/97 346/322/92 281/321/91
f 346/322/92 380/327/97 247/329/99 248/325/95
f 250/299/74 249/326/96 349/330/100 350/331/101
f 350/331/101 349/330/100 257/332/102 258/333/103
f 248/325/95 247/329/99 351/334/104 352/335/105
f 352/335/105 351/334/104 255/336/14 256/337/106
f 246/320/90 245/319/89 353/338/107 354/339/108
f 354/339/108 353/338/107 253/340/109 254/341/110
f 244/314/84 243/313/75 355/342/111 356/343/112
f 356/343/112 355/342/111 251/344/6 252/345/113
f 243/300/75 250/299/74 350/331/101 355/346/111
f 355/346/111 350/331/101 258/333/103 251/347/6
f 249/326/96 248/325/95 352/335/105 349/330/100
f 349/330/100 352/335/105 256/337/106 257/332/102
f 247/329/99 246/320/90 354/339/108 351/334/104
f 351/334/104 354/339/108 254/341/110 255/336/14
f 245/319/89 244/314/84 356/343/112 353/338/107
f 353/338/107 356/343/112 252/345/113 253/340/109
f 239/348/114 241/349/115 227/350/116 259/351/117
f 231/352/118 233/353/119 235/354/120 259/351/117
f 227/350/116 229/355/121 231/352/118 259/351/117
f 235/354/120 237/356/122 239/348/114 259/351/117
f 227/350/116 358/357/123 357/358/124 229/355/121
f 357/358/124 358/357/123 260/359/125 261/360/126
f 229/355/121 357/358/124 359/361/127 231/352/118
f 359/361/127 357/358/124 261/360/126 262/362/128
f 231/352/118 359/361/127 360/363/129 233/353/119
f 360/363/129 359/361/127 262/362/128 263/364/130
f 233/353/119 360/363/129 361/365/131 235/354/120
f 361/365/131 360/363/129 263/364/130 264/366/132
f 235/354/120 361/365/131 362/367/133 237/356/122
f 362/367/133 361/365/131 264/366/132 265/368/134
f 237/356/122 362/367/133 363/369/135 239/348/114
f 363/369/135 362/367/133 265/368/134 266/370/136
f 239/348/114 363/369/135 364/371/137 241/349/115
f 364/371/137 363/369/135 266/370/136 267/372/138
f 241/349/115 364/371/137 358/357/123 227/350/116
f 358/357/123 364/371/137 267/372/138 260/359/125
f 438/373/139 437/374/140 365/375/141 340/376/142
f 439/377/143 438/373/139 340/376/142 339/378/144
f 340/376/142 365/375/141 260/379/125 267/380/138
f 440/381/145 439/377/143 339/378/144 338/382/146
f 339/378/144 340/376/142 267/380/138 266/383/136
f 441/384/147 440/381/145 338/382/146 337/385/148
f 338/382/146 339/378/144 266/383/136 265/386/134
f 442/387/149 441/384/147 337/385/148 336/388/150
f 337/385/148 338/382/146 265/386/134 264/389/132
f 443/390/151 442/387/149 336/388/150 335/391/152
f 336/388/150 337/385/148 264/389/132 263/392/130
f 444/393/153 443/390/151 335/391/152 334/394/154
f 335/391/152 336/388/150 263/392/130 262/395/128
f 437/396/140 444/393/153 334/394/154 365/397/141
f 334/394/154 335/391/152 262/395/128 261/398/126
f 453/399/155 456/400/156 348/401/157 378/402/158
f 365/397/141 334/394/154 261/398/126 260/403/125
f 378/402/158 348/401/157 283/328/98 281/321/91
f 454/404/159 459/405/160 343/406/161 376/407/162
f 376/407/162 343/406/161 278/310/83 279/315/85
f 455/408/163 457/409/164 347/410/165 373/411/166
f 373/411/166 347/410/165 282/324/94 276/293/69
f 456/400/156 458/412/167 345/413/168 348/401/157
f 348/401/157 345/413/168 280/318/88 283/328/98
f 457/409/164 453/399/155 378/402/158 347/410/165
f 347/410/165 378/402/158 281/321/91 282/324/94
f 458/412/167 454/404/159 376/407/162 345/413/168
f 345/413/168 376/407/162 279/315/85 280/318/88
f 459/405/160 460/414/169 342/415/170 343/406/161
f 343/406/161 342/415/170 277/307/72 278/310/83
f 460/416/169 455/408/163 373/411/166 342/417/170
f 342/417/170 373/411/166 276/293/69 277/296/72
f 491/418/171 490/419/172 414/420/173 381/421/174
f 475/422/175 474/423/176 287/424/177 285/425/178
f 490/419/172 488/426/16 415/427/179 414/420/173
f 474/423/176 472/428/180 289/429/181 287/424/177
f 488/426/16 486/430/182 416/431/183 415/427/179
f 472/428/180 470/432/184 291/433/185 289/429/181
f 486/430/182 484/434/186 417/435/187 416/431/183
f 470/432/184 468/436/188 293/437/189 291/433/185
f 484/434/186 482/438/190 418/439/191 417/435/187
f 468/436/188 466/440/192 295/441/193 293/437/189
f 482/438/190 480/442/22 419/443/194 418/439/191
f 466/440/192 464/444/195 297/445/196 295/441/193
f 300/446/197 307/447/198 389/448/199 422/449/200
f 480/442/22 478/450/201 420/451/202 419/443/194
f 422/449/200 389/448/199 325/452/203 326/453/204
f 388/454/205 413/455/206 429/456/207 430/457/208
f 464/444/195 462/458/209 299/459/210 297/445/196
f 387/460/211 388/454/205 430/457/208 431/461/212
f 478/450/201 491/462/171 381/463/174 420/451/202
f 386/464/213 387/460/211 431/461/212 432/465/214
f 462/458/209 475/466/175 285/467/178 299/459/210
f 385/468/215 386/464/213 432/465/214 433/469/216
f 301/470/217 300/471/197 422/472/200 423/473/218
f 384/474/219 385/468/215 433/469/216 434/475/220
f 303/476/221 302/477/222 392/478/223 425/479/224
f 423/473/218 422/472/200 326/480/204 327/481/225
f 383/482/226 384/474/219 434/475/220 435/483/227
f 382/484/228 383/482/226 435/483/227 436/485/229
f 306/486/230 305/487/231 394/488/232 427/489/233
f 425/479/224 392/478/223 328/490/234 329/491/235
f 413/492/206 382/484/228 436/485/229 429/493/207
f 275/306/81 268/312/51 437/374/140 438/373/139
f 304/494/236 303/476/221 425/479/224 428/495/237
f 427/489/233 394/488/232 330/496/238 331/497/239
f 274/298/73 275/306/81 438/373/139 439/377/143
f 273/292/68 274/298/73 439/377/143 440/381/145
f 307/447/198 306/486/230 427/489/233 389/448/199
f 428/495/237 425/479/224 329/491/235 332/498/240
f 272/288/64 273/292/68 440/381/145 441/384/147
f 271/284/60 272/288/64 441/384/147 442/387/149
f 302/477/222 301/470/217 423/473/218 392/478/223
f 389/448/199 427/489/233 331/497/239 325/452/203
f 270/280/56 271/284/60 442/387/149 443/390/151
f 269/275/53 270/280/56 443/390/151 444/393/153
f 305/487/231 304/494/236 428/495/237 394/488/232
f 392/478/223 423/473/218 327/481/225 328/490/234
f 268/276/51 269/275/53 444/393/153 437/396/140
f 426/499/241 396/500/242 448/501/243 445/502/244
f 258/503/103 257/504/102 397/505/245 398/506/246
f 394/488/232 428/495/237 332/498/240 330/496/238
f 424/507/247 391/508/248 451/509/249 446/510/250
f 421/511/251 395/512/252 449/513/253 447/514/254
f 256/515/106 255/516/14 399/517/255 400/518/256
f 398/506/246 397/505/245 306/486/230 307/447/198
f 396/500/242 393/519/257 450/520/258 448/501/243
f 395/512/252 426/499/241 445/502/244 449/513/253
f 254/521/110 253/522/109 401/523/259 402/524/260
f 400/518/256 399/517/255 304/494/236 305/487/231
f 393/519/257 424/507/247 446/510/250 450/520/258
f 391/508/248 390/525/261 452/526/262 451/509/249
f 252/527/113 251/528/6 403/529/263 404/530/264
f 402/524/260 401/523/259 302/477/222 303/476/221
f 390/531/261 421/511/251 447/514/254 452/532/262
f 238/533/265 236/534/266 456/400/156 453/399/155
f 251/535/6 258/503/103 398/506/246 403/536/263
f 404/530/264 403/529/263 300/471/197 301/470/217
f 232/537/267 230/538/268 459/405/160 454/404/159
f 242/539/269 240/540/270 457/409/164 455/408/163
f 257/504/102 256/515/106 400/518/256 397/505/245
f 403/536/263 398/506/246 307/447/198 300/446/197
f 236/534/266 234/541/271 458/412/167 456/400/156
f 240/540/270 238/533/265 453/399/155 457/409/164
f 255/516/14 254/521/110 402/524/260 399/517/255
f 397/505/245 400/518/256 305/487/231 306/486/230
f 234/541/271 232/537/267 454/404/159 458/412/167
f 230/538/268 228/542/272 460/414/169 459/405/160
f 253/522/109 252/527/113 404/530/264 401/523/259
f 399/517/255 402/524/260 303/476/221 304/494/236
f 228/543/272 242/539/269 455/408/163 460/416/169
f 476/544/175 473/545/273 474/423/176 475/422/175
f 471/546/47 469/547/274 470/432/184 472/428/180
f 401/523/259 404/530/264 301/470/217 302/477/222
f 381/421/174 414/420/173 473/545/273 476/544/175
f 473/545/273 471/546/47 472/428/180 474/423/176
f 415/427/179 416/431/183 469/547/274 471/546/47
f 414/420/173 415/427/179 471/546/47 473/545/273
f 308/548/275 284/549/276 298/550/277 296/551/278
f 416/431/183 417/435/187 467/552/188 469/547/274
f 467/552/188 465/553/279 466/440/192 468/436/188
f 469/547/274 467/552/188 468/436/188 470/432/184
f 292/554/280 290/555/281 288/556/282 308/548/275
f 465/553/279 463/557/65 464/444/195 466/440/192
f 418/439/191 419/443/194 463/557/65 465/553/279
f 417/435/187 418/439/191 465/553/279 467/552/188
f 308/548/275 288/556/282 286/558/283 284/549/276
f 419/443/194 420/451/202 461/559/284 463/557/65
f 461/559/284 476/560/175 475/466/175 462/458/209
f 463/557/65 461/559/284 462/458/209 464/444/195
f 292/554/280 308/548/275 296/551/278 294/561/285
f 309/562/286 406/563/287 405/564/288 310/565/289
f 310/565/289 405/564/288 407/566/290 311/567/291
f 405/564/288 406/563/287 284/549/276 286/558/283
f 420/451/202 381/463/174 476/560/175 461/559/284
f 492/568/171 489/569/292 490/419/172 491/418/171
f 311/567/291 407/566/290 408/570/293 312/571/294
f 407/566/290 405/564/288 286/558/283 288/556/282
f 317/572/171 318/573/295 489/569/292 492/568/171
f 489/569/292 487/574/16 488/426/16 490/419/172
f 312/571/294 408/570/293 409/575/296 313/576/297
f 408/570/293 407/566/290 288/556/282 290/555/281
f 318/573/295 319/577/298 487/574/16 489/569/292
f 487/574/16 485/578/299 486/430/182 488/426/16
f 313/576/297 409/575/296 410/579/300 314/580/301
f 409/575/296 408/570/293 290/555/281 292/554/280
f 319/577/298 320/581/302 485/578/299 487/574/16
f 485/578/299 483/582/186 484/434/186 486/430/182
f 314/580/301 410/579/300 411/583/303 315/584/304
f 410/579/300 409/575/296 292/554/280 294/561/285
f 320/581/302 321/585/305 483/582/186 485/578/299
f 483/582/186 481/586/306 482/438/190 484/434/186
f 315/584/304 411/583/303 412/587/307 316/588/308
f 411/583/303 410/579/300 294/561/285 296/551/278
f 321/585/305 322/589/309 481/586/306 483/582/186
f 481/586/306 479/590/22 480/442/22 482/438/190
f 316/588/308 412/587/307 406/563/287 309/562/286
f 412/587/307 411/583/303 296/551/278 298/550/277
f 322/589/309 323/591/310 479/590/22 481/586/306
f 479/590/22 477/592/311 478/450/201 480/442/22
f 316/593/308 309/594/286 413/455/206 388/454/205
f 406/563/287 412/587/307 298/550/277 284/549/276
f 323/591/310 324/595/312 477/592/311 479/590/22
f 477/592/311 492/596/171 491/462/171 478/450/201
f 430/457/208 429/456/207 317/597/171 324/595/312
f 324/595/312 317/597/171 492/596/171 477/592/311
f 315/598/304 316/593/308 388/454/205 387/460/211
f 507/599/51 506/600/313 505/274/52 508/273/51
f 431/461/212 430/457/208 324/595/312 323/591/310
f 333/601/79 366/271/49 506/600/313 507/599/51
f 314/602/301 315/598/304 387/460/211 386/464/213
f 506/600/313 504/603/16 503/279/16 505/274/52
f 432/465/214 431/461/212 323/591/310 322/589/309
f 366/271/49 367/270/48 504/603/16 506/600/313
f 313/604/297 314/602/301 386/464/213 385/468/215
f 504/603/16 502/605/314 501/283/59 503/279/16
f 433/469/216 432/465/214 322/589/309 321/585/305
f 367/270/48 368/278/55 502/605/314 504/603/16
f 312/606/294 313/604/297 385/468/215 384/474/219
f 502/605/314 500/607/63 499/287/63 501/283/59
f 434/475/220 433/469/216 321/585/305 320/581/302
f 368/278/55 369/282/58 500/607/63 502/605/314
f 311/608/291 312/606/294 384/474/219 383/482/226
f 500/607/63 498/609/315 497/291/67 499/287/63
f 435/483/227 434/475/220 320/581/302 319/577/298
f 369/282/58 370/286/62 498/609/315 500/607/63
f 310/610/289 311/608/291 383/482/226 382/484/228
f 498/609/315 496/611/22 495/297/22 497/291/67
f 436/485/229 435/483/227 319/577/298 318/573/295
f 370/286/62 371/290/66 496/611/22 498/609/315
f 309/612/286 310/610/289 382/484/228 413/492/206
f 496/611/22 494/613/316 493/305/80 495/297/22
f 429/493/207 436/485/229 318/573/295 317/572/171
f 371/290/66 372/302/77 494/613/316 496/611/22
f 332/498/240 396/500/242 426/499/241 330/496/238
f 494/613/316 507/614/51 508/311/51 493/305/80
f 327/481/225 391/508/248 424/507/247 328/490/234
f 445/502/244 448/501/243 293/437/189 295/441/193
f 372/302/77 333/304/79 507/614/51 494/613/316
f 520/615/317 519/269/47 521/272/50 522/616/318
f 331/497/239 395/512/252 421/511/251 325/452/203
f 446/510/250 451/509/249 287/424/177 289/429/181
f 232/537/267 520/615/317 522/616/318 230/538/268
f 518/617/319 517/277/54 519/269/47 520/615/317
f 329/491/235 393/519/257 396/500/242 332/498/240
f 447/514/254 449/513/253 297/445/196 299/459/210
f 234/541/271 518/617/319 520/615/317 232/537/267
f 516/618/57 515/281/57 517/277/54 518/617/319
f 330/496/238 426/499/241 395/512/252 331/497/239
f 448/501/243 450/520/258 291/433/185 293/437/189
f 236/534/266 516/618/57 518/617/319 234/541/271
f 514/619/320 513/285/61 515/281/57 516/618/57
f 328/490/234 424/507/247 393/519/257 329/491/235
f 449/513/253 445/502/244 295/441/193 297/445/196
f 238/533/265 514/619/320 516/618/57 236/534/266
f 512/620/321 511/289/65 513/285/61 514/619/320
f 326/480/204 390/525/261 391/508/248 327/481/225
f 450/520/258 446/510/250 289/429/181 291/433/185
f 240/540/270 512/620/321 514/619/320 238/533/265
f 510/621/322 509/301/76 511/289/65 512/620/321
f 325/452/203 421/511/251 390/531/261 326/453/204
f 451/509/249 452/526/262 285/425/178 287/424/177
f 242/539/269 510/621/322 512/620/321 240/540/270
f 523/622/78 524/303/78 509/301/76 510/621/322
f 230/538/268 522/616/318 523/623/78 228/542/272
f 452/532/262 447/514/254 299/459/210 285/467/178
f 228/543/272 523/622/78 510/621/322 242/539/269
f 522/616/318 521/272/50 524/624/78 523/623/78
f 521/272/50 366/271/49 333/601/79 524/624/78
f 545/625/22 546/626/44 528/627/44 526/628/22
f 546/626/44 551/629/6 530/630/6 528/627/44
f 551/631/6 556/632/43 532/633/43 530/634/6
f 556/632/43 561/635/16 534/636/16 532/633/43
f 561/635/16 566/637/46 536/638/46 534/636/16
f 566/637/46 571/639/14 538/640/14 536/638/46
f 574/641/14 579/642/45 578/643/45 573/644/14
f 571/639/14 576/645/45 540/646/45 538/640/14
f 576/645/45 545/625/22 526/628/22 540/646/45
f 575/647/14 580/648/45 579/642/45 574/641/14
f 537/649/14 539/650/45 580/648/45 575/647/14
f 577/651/45 544/652/22 545/625/22 576/645/45
f 578/643/45 543/653/22 544/652/22 577/651/45
f 579/642/45 541/654/22 543/653/22 578/643/45
f 580/648/45 542/655/22 541/654/22 579/642/45
f 539/650/45 525/656/22 542/655/22 580/648/45
f 573/644/14 578/643/45 577/651/45 572/657/14
f 572/657/14 577/651/45 576/645/45 571/639/14
f 535/658/46 537/649/14 575/647/14 570/659/46
f 570/659/46 575/647/14 574/641/14 569/660/46
f 569/660/46 574/641/14 573/644/14 568/661/46
f 568/661/46 573/644/14 572/657/14 567/662/46
f 567/662/46 572/657/14 571/639/14 566/637/46
f 533/663/16 535/658/46 570/659/46 565/664/16
f 565/664/16 570/659/46 569/660/46 564/665/16
f 564/665/16 569/660/46 568/661/46 563/666/16
f 563/666/16 568/661/46 567/662/46 562/667/16
f 562/667/16 567/662/46 566/637/46 561/635/16
f 531/668/43 533/663/16 565/664/16 560/669/43
f 560/669/43 565/664/16 564/665/16 559/670/43
f 559/670/43 564/665/16 563/666/16 558/671/43
f 558/671/43 563/666/16 562/667/16 557/672/43
f 557/672/43 562/667/16 561/635/16 556/632/43
f 529/673/6 531/668/43 560/669/43 555/674/6
f 555/674/6 560/669/43 559/670/43 554/675/6
f 554/675/6 559/670/43 558/671/43 553/676/6
f 553/676/6 558/671/43 557/672/43 552/677/6
f 552/677/6 557/672/43 556/632/43 551/631/6
f 527/678/44 529/679/6 555/680/6 550/681/44
f 550/681/44 555/680/6 554/682/6 549/683/44
f 549/683/44 554/682/6 553/684/6 548/685/44
f 548/685/44 553/684/6 552/686/6 547/687/44
f 547/687/44 552/686/6 551/629/6 546/626/44
f 525/656/22 527/678/44 550/681/44 542/655/22
f 542/655/22 550/681/44 549/683/44 541/654/22
f 541/654/22 549/683/44 548/685/44 543/653/22
f 543/653/22 548/685/44 547/687/44 544/652/22
f 544/652/22 547/687/44 546/626/44 545/625/22
f 873/688/65 875/689/76 720/690/77 721/691/66
f 862/692/51 622/693/51 623/694/81 859/695/80
f 871/696/61 873/688/65 721/691/66 722/697/62
f 859/695/80 623/694/81 624/698/73 857/699/22
f 869/700/57 871/696/61 722/697/62 723/701/58
f 857/699/22 624/698/73 625/702/68 855/703/67
f 867/704/54 869/700/57 723/701/58 724/705/55
f 855/703/67 625/702/68 626/706/64 853/707/63
f 865/708/47 867/704/54 724/705/55 725/709/48
f 853/707/63 626/706/64 627/710/60 851/711/59
f 630/712/83 631/713/72 728/714/71 695/715/82
f 851/711/59 627/710/60 628/716/56 849/717/16
f 728/714/71 597/718/75 604/719/84 695/715/82
f 863/720/50 865/708/47 725/709/48 726/721/49
f 878/722/78 863/720/50 726/721/49 687/723/79
f 849/717/16 628/716/56 629/724/53 847/725/52
f 631/726/72 632/727/69 729/728/70 728/729/71
f 847/725/52 629/724/53 622/730/51 862/731/51
f 729/728/70 598/732/74 597/733/75 728/729/71
f 633/734/94 634/735/91 731/736/92 698/737/93
f 731/736/92 600/738/95 599/739/96 698/737/93
f 635/740/88 636/741/85 733/742/86 700/743/87
f 733/742/86 603/744/89 602/745/90 700/743/87
f 634/735/91 637/746/98 734/747/97 731/736/92
f 734/747/97 601/748/99 600/738/95 731/736/92
f 636/741/85 630/712/83 695/715/82 733/742/86
f 695/715/82 604/719/84 603/744/89 733/742/86
f 632/727/69 633/734/94 698/737/93 729/728/70
f 698/737/93 599/739/96 598/732/74 729/728/70
f 637/746/98 635/740/88 700/743/87 734/747/97
f 700/743/87 602/745/90 601/748/99 734/747/97
f 604/719/84 704/749/323 703/750/107 603/744/89
f 704/749/323 612/751/113 611/752/109 703/750/107
f 602/745/90 706/753/108 705/754/104 601/748/99
f 706/753/108 610/755/110 609/756/14 705/754/104
f 600/738/95 708/757/105 707/758/100 599/739/96
f 708/757/105 608/759/106 607/760/102 707/758/100
f 598/732/74 710/761/101 709/762/111 597/733/75
f 710/761/101 606/763/103 605/764/6 709/762/111
f 597/718/75 709/765/111 704/749/323 604/719/84
f 709/765/111 605/766/6 612/751/113 704/749/323
f 603/744/89 703/750/107 706/753/108 602/745/90
f 703/750/107 611/752/109 610/755/110 706/753/108
f 601/748/99 705/754/104 708/757/105 600/738/95
f 705/754/104 609/756/14 608/759/106 708/757/105
f 599/739/96 707/758/100 710/761/101 598/732/74
f 707/758/100 607/760/102 606/763/103 710/761/101
f 593/767/118 613/768/117 581/769/116 595/770/121
f 585/771/324 613/768/117 589/772/325 587/773/326
f 581/769/116 613/768/117 585/771/324 583/774/327
f 589/772/325 613/768/117 593/767/118 591/775/119
f 581/769/116 583/774/327 711/776/137 712/777/123
f 711/776/137 615/778/138 614/779/125 712/777/123
f 583/774/327 585/771/324 713/780/135 711/776/137
f 713/780/135 616/781/136 615/778/138 711/776/137
f 585/771/324 587/773/326 714/782/133 713/780/135
f 714/782/133 617/783/134 616/781/136 713/780/135
f 587/773/326 589/772/325 715/784/131 714/782/133
f 715/784/131 618/785/132 617/783/134 714/782/133
f 589/772/325 591/775/119 716/786/129 715/784/131
f 716/786/129 619/787/130 618/785/132 715/784/131
f 591/775/119 593/767/118 717/788/127 716/786/129
f 717/788/127 620/789/128 619/787/130 716/786/129
f 593/767/118 595/770/121 718/790/124 717/788/127
f 718/790/124 621/791/126 620/789/128 717/788/127
f 595/770/121 581/769/116 712/777/123 718/790/124
f 712/777/123 614/779/125 621/791/126 718/790/124
f 792/792/153 694/793/154 719/794/141 791/795/140
f 793/796/151 693/797/152 694/793/154 792/792/153
f 694/793/154 621/798/126 614/799/125 719/794/141
f 794/800/149 692/801/150 693/797/152 793/796/151
f 693/797/152 620/802/128 621/798/126 694/793/154
f 795/803/147 691/804/148 692/801/150 794/800/149
f 692/801/150 619/805/130 620/802/128 693/797/152
f 796/806/145 690/807/146 691/804/148 795/803/147
f 691/804/148 618/808/132 619/805/130 692/801/150
f 797/809/143 689/810/144 690/807/146 796/806/145
f 690/807/146 617/811/134 618/808/132 691/804/148
f 798/812/139 688/813/142 689/810/144 797/809/143
f 689/810/144 616/814/136 617/811/134 690/807/146
f 791/815/140 719/816/141 688/813/142 798/812/139
f 688/813/142 615/817/138 616/814/136 689/810/144
f 807/818/167 732/819/168 702/820/157 810/821/156
f 719/816/141 614/822/125 615/817/138 688/813/142
f 732/819/168 635/740/88 637/746/98 702/820/157
f 808/823/164 730/824/165 697/825/166 813/826/163
f 730/824/165 633/734/94 632/727/69 697/825/166
f 809/827/160 727/828/161 701/829/162 811/830/159
f 727/828/161 630/712/83 636/741/85 701/829/162
f 810/821/156 702/820/157 699/831/158 812/832/155
f 702/820/157 637/746/98 634/735/91 699/831/158
f 811/830/159 701/829/162 732/819/168 807/818/167
f 701/829/162 636/741/85 635/740/88 732/819/168
f 812/832/155 699/831/158 730/824/165 808/823/164
f 699/831/158 634/735/91 633/734/94 730/824/165
f 813/826/163 697/825/166 696/833/170 814/834/169
f 697/825/166 632/727/69 631/726/72 696/833/170
f 814/835/169 696/836/170 727/828/161 809/827/160
f 696/836/170 631/713/72 630/712/83 727/828/161
f 845/837/171 735/838/174 768/839/202 844/840/201
f 829/841/175 639/842/178 641/843/210 828/844/209
f 844/840/201 768/839/202 769/845/194 842/846/22
f 828/844/209 641/843/210 643/847/196 826/848/195
f 842/846/22 769/845/194 770/849/191 840/850/190
f 826/848/195 643/847/196 645/851/193 824/852/192
f 840/850/190 770/849/191 771/853/187 838/854/186
f 824/852/192 645/851/193 647/855/189 822/856/188
f 838/854/186 771/853/187 772/857/183 836/858/182
f 822/856/188 647/855/189 649/859/185 820/860/184
f 836/858/182 772/857/183 773/861/179 834/862/16
f 820/860/184 649/859/185 651/863/181 818/864/180
f 654/865/197 776/866/200 743/867/218 661/868/217
f 834/862/16 773/861/179 774/869/173 832/870/172
f 776/866/200 680/871/204 679/872/225 743/867/218
f 742/873/228 784/874/229 783/875/207 767/876/206
f 818/864/180 651/863/181 653/877/177 816/878/176
f 741/879/226 785/880/227 784/874/229 742/873/228
f 832/870/172 774/869/173 735/881/174 845/882/171
f 740/883/219 786/884/220 785/880/227 741/879/226
f 816/878/176 653/877/177 639/885/178 829/886/175
f 739/887/215 787/888/216 786/884/220 740/883/219
f 655/889/198 777/890/199 776/891/200 654/892/197
f 738/893/213 788/894/214 787/888/216 739/887/215
f 657/895/231 779/896/232 746/897/233 656/898/230
f 777/890/199 681/899/203 680/900/204 776/891/200
f 737/901/211 789/902/328 788/894/214 738/893/213
f 736/903/205 790/904/208 789/902/328 737/901/211
f 660/905/222 781/906/223 748/907/224 659/908/221
f 779/896/232 683/909/238 682/910/239 746/897/233
f 767/911/206 783/912/207 790/904/208 736/903/205
f 629/724/53 792/792/153 791/795/140 622/730/51
f 658/913/236 782/914/237 779/896/232 657/895/231
f 781/906/223 685/915/234 684/916/235 748/907/224
f 628/716/56 793/796/151 792/792/153 629/724/53
f 627/710/60 794/800/149 793/796/151 628/716/56
f 661/868/217 743/867/218 781/906/223 660/905/222
f 782/914/237 686/917/240 683/909/238 779/896/232
f 626/706/64 795/803/147 794/800/149 627/710/60
f 625/702/68 796/806/145 795/803/147 626/706/64
f 656/898/230 746/897/233 777/890/199 655/889/198
f 743/867/218 679/872/225 685/915/234 781/906/223
f 624/698/73 797/809/143 796/806/145 625/702/68
f 623/694/81 798/812/139 797/809/143 624/698/73
f 659/908/221 748/907/224 782/914/237 658/913/236
f 746/897/233 682/910/239 681/899/203 777/890/199
f 622/693/51 791/815/140 798/812/139 623/694/81
f 780/918/257 799/919/258 802/920/243 750/921/242
f 612/922/113 752/923/264 751/924/259 611/925/109
f 748/907/224 684/916/235 686/917/240 782/914/237
f 778/926/252 800/927/253 805/928/254 745/929/251
f 775/930/248 801/931/249 803/932/250 749/933/247
f 610/934/110 754/935/260 753/936/255 609/937/14
f 752/923/264 661/868/217 660/905/222 751/924/259
f 750/921/242 802/920/243 804/938/244 747/939/241
f 749/933/247 803/932/250 799/919/258 780/918/257
f 608/940/106 756/941/256 755/942/245 607/943/102
f 754/935/260 659/908/221 658/913/236 753/936/255
f 747/939/241 804/938/244 800/927/253 778/926/252
f 745/929/251 805/928/254 806/944/262 744/945/261
f 606/946/103 758/947/246 757/948/263 605/949/6
f 756/941/256 657/895/231 656/898/230 755/942/245
f 744/950/261 806/951/262 801/931/249 775/930/248
f 592/952/271 807/818/167 810/821/156 590/953/266
f 605/954/6 757/955/263 752/923/264 612/922/113
f 758/947/246 655/889/198 654/892/197 757/948/263
f 586/956/270 808/823/164 813/826/163 584/957/269
f 596/958/268 809/827/160 811/830/159 594/959/267
f 611/925/109 751/924/259 754/935/260 610/934/110
f 757/955/263 654/865/197 661/868/217 752/923/264
f 590/953/266 810/821/156 812/832/155 588/960/265
f 594/959/267 811/830/159 807/818/167 592/952/271
f 609/937/14 753/936/255 756/941/256 608/940/106
f 751/924/259 660/905/222 659/908/221 754/935/260
f 588/960/265 812/832/155 808/823/164 586/956/270
f 584/957/269 813/826/163 814/834/169 582/961/272
f 607/943/102 755/942/245 758/947/246 606/946/103
f 753/936/255 658/913/236 657/895/231 756/941/256
f 582/962/272 814/835/169 809/827/160 596/958/268
f 830/963/175 829/841/175 828/844/209 827/964/284
f 825/965/65 826/848/195 824/852/192 823/966/279
f 755/942/245 656/898/230 655/889/198 758/947/246
f 735/838/174 830/963/175 827/964/284 768/839/202
f 827/964/284 828/844/209 826/848/195 825/965/65
f 769/845/194 825/965/65 823/966/279 770/849/191
f 768/839/202 827/964/284 825/965/65 769/845/194
f 662/967/275 650/968/282 652/969/283 638/970/276
f 770/849/191 823/966/279 821/971/188 771/853/187
f 821/971/188 822/856/188 820/860/184 819/972/274
f 823/966/279 824/852/192 822/856/188 821/971/188
f 646/973/329 662/967/275 642/974/278 644/975/330
f 819/972/274 820/860/184 818/864/180 817/976/47
f 772/857/183 819/972/274 817/976/47 773/861/179
f 771/853/187 821/971/188 819/972/274 772/857/183
f 662/967/275 638/970/276 640/977/277 642/974/278
f 773/861/179 817/976/47 815/978/273 774/869/173
f 815/978/273 816/878/176 829/886/175 830/979/175
f 817/976/47 818/864/180 816/878/176 815/978/273
f 646/973/329 648/980/331 650/968/282 662/967/275
f 663/981/286 664/982/332 759/983/307 760/984/287
f 664/982/332 665/985/304 761/986/303 759/983/307
f 759/983/307 640/977/277 638/970/276 760/984/287
f 774/869/173 815/978/273 830/979/175 735/881/174
f 846/987/171 845/837/171 844/840/201 843/988/311
f 665/985/304 666/989/301 762/990/300 761/986/303
f 761/986/303 642/974/278 640/977/277 759/983/307
f 671/991/171 846/987/171 843/988/311 672/992/312
f 843/988/311 844/840/201 842/846/22 841/993/22
f 666/989/301 667/994/297 763/995/333 762/990/300
f 762/990/300 644/975/330 642/974/278 761/986/303
f 672/992/312 843/988/311 841/993/22 673/996/310
f 841/993/22 842/846/22 840/850/190 839/997/306
f 667/994/297 668/998/294 764/999/293 763/995/333
f 763/995/333 646/973/329 644/975/330 762/990/300
f 673/996/310 841/993/22 839/997/306 674/1000/309
f 839/997/306 840/850/190 838/854/186 837/1001/186
f 668/998/294 669/1002/291 765/1003/290 764/999/293
f 764/999/293 648/980/331 646/973/329 763/995/333
f 674/1000/309 839/997/306 837/1001/186 675/1004/305
f 837/1001/186 838/854/186 836/858/182 835/1005/299
f 669/1002/291 670/1006/334 766/1007/288 765/1003/290
f 765/1003/290 650/968/282 648/980/331 764/999/293
f 675/1004/305 837/1001/186 835/1005/299 676/1008/302
f 835/1005/299 836/858/182 834/862/16 833/1009/16
f 670/1006/334 663/981/286 760/984/287 766/1007/288
f 766/1007/288 652/969/283 650/968/282 765/1003/290
f 676/1008/302 835/1005/299 833/1009/16 677/1010/298
f 833/1009/16 834/862/16 832/870/172 831/1011/292
f 670/1012/334 742/873/228 767/876/206 663/1013/286
f 760/984/287 638/970/276 652/969/283 766/1007/288
f 677/1010/298 833/1009/16 831/1011/292 678/1014/295
f 831/1011/292 832/870/172 845/882/171 846/1015/171
f 784/874/229 678/1014/295 671/1016/171 783/875/207
f 678/1014/295 831/1011/292 846/1015/171 671/1016/171
f 669/1017/291 741/879/226 742/873/228 670/1012/334
f 861/1018/51 862/692/51 859/695/80 860/1019/316
f 785/880/227 677/1010/298 678/1014/295 784/874/229
f 687/1020/79 861/1018/51 860/1019/316 720/690/77
f 668/1021/294 740/883/219 741/879/226 669/1017/291
f 860/1019/316 859/695/80 857/699/22 858/1022/22
f 786/884/220 676/1008/302 677/1010/298 785/880/227
f 720/690/77 860/1019/316 858/1022/22 721/691/66
f 667/1023/297 739/887/215 740/883/219 668/1021/294
f 858/1022/22 857/699/22 855/703/67 856/1024/315
f 787/888/216 675/1004/305 676/1008/302 786/884/220
f 721/691/66 858/1022/22 856/1024/315 722/697/62
f 666/1025/301 738/893/213 739/887/215 667/1023/297
f 856/1024/315 855/703/67 853/707/63 854/1026/63
f 788/894/214 674/1000/309 675/1004/305 787/888/216
f 722/697/62 856/1024/315 854/1026/63 723/701/58
f 665/1027/304 737/901/211 738/893/213 666/1025/301
f 854/1026/63 853/707/63 851/711/59 852/1028/314
f 789/902/328 673/996/310 674/1000/309 788/894/214
f 723/701/58 854/1026/63 852/1028/314 724/705/55
f 664/1029/332 736/903/205 737/901/211 665/1027/304
f 852/1028/314 851/711/59 849/717/16 850/1030/16
f 790/904/208 672/992/312 673/996/310 789/902/328
f 724/705/55 852/1028/314 850/1030/16 725/709/48
f 663/1031/286 767/911/206 736/903/205 664/1029/332
f 850/1030/16 849/717/16 847/725/52 848/1032/313
f 783/912/207 671/991/171 672/992/312 790/904/208
f 725/709/48 850/1030/16 848/1032/313 726/721/49
f 686/917/240 684/916/235 780/918/257 750/921/242
f 848/1032/313 847/725/52 862/731/51 861/1033/51
f 681/899/203 682/910/239 778/926/252 745/929/251
f 799/919/258 649/859/185 647/855/189 802/920/243
f 726/721/49 848/1032/313 861/1033/51 687/723/79
f 874/1034/321 876/1035/322 875/689/76 873/688/65
f 685/915/234 679/872/225 775/930/248 749/933/247
f 800/927/253 643/847/196 641/843/210 805/928/254
f 586/956/270 584/957/269 876/1035/322 874/1034/321
f 872/1036/320 874/1034/321 873/688/65 871/696/61
f 683/909/238 686/917/240 750/921/242 747/939/241
f 801/931/249 653/877/177 651/863/181 803/932/250
f 588/960/265 586/956/270 874/1034/321 872/1036/320
f 870/1037/57 872/1036/320 871/696/61 869/700/57
f 684/916/235 685/915/234 749/933/247 780/918/257
f 802/920/243 647/855/189 645/851/193 804/938/244
f 590/953/266 588/960/265 872/1036/320 870/1037/57
f 868/1038/319 870/1037/57 869/700/57 867/704/54
f 682/910/239 683/909/238 747/939/241 778/926/252
f 803/932/250 651/863/181 649/859/185 799/919/258
f 592/952/271 590/953/266 870/1037/57 868/1038/319
f 866/1039/317 868/1038/319 867/704/54 865/708/47
f 680/900/204 681/899/203 745/929/251 744/945/261
f 804/938/244 645/851/193 643/847/196 800/927/253
f 594/959/267 592/952/271 868/1038/319 866/1039/317
f 864/1040/318 866/1039/317 865/708/47 863/720/50
f 679/872/225 680/871/204 744/950/261 775/930/248
f 805/928/254 641/843/210 639/842/178 806/944/262
f 596/958/268 594/959/267 866/1039/317 864/1040/318
f 877/1041/78 864/1040/318 863/720/50 878/722/78
f 584/957/269 582/961/272 877/1042/78 876/1035/322
f 806/951/262 639/885/178 653/877/177 801/931/249
f 582/962/272 596/958/268 864/1040/318 877/1041/78
f 876/1035/322 877/1042/78 878/1043/78 875/689/76
f 875/689/76 878/1043/78 687/1020/79 720/690/77
f 917/1044/335 973/1045/336 995/1046/337 994/1047/338
f 973/1045/336 890/1048/339 925/1049/340 995/1046/337
f 995/1046/337 925/1049/340 886/1050/341 961/1051/342
f 994/1047/338 995/1046/337 961/1051/342 905/1052/343
f 902/1053/344 958/1054/345 996/1055/346 945/1056/347
f 958/1054/345 896/1057/348 931/1058/349 996/1055/346
f 996/1059/346 931/1060/349 881/1061/350 936/1062/351
f 945/1063/347 996/1059/346 936/1062/351 891/1064/352
f 921/1065/353 977/1066/354 997/1067/355 992/1068/356
f 977/1066/354 895/1069/357 948/1070/358 997/1067/355
f 997/1067/355 948/1071/358 879/1072/359 963/1073/360
f 992/1068/356 997/1067/355 963/1073/360 907/1074/361
f 900/1075/362 956/1076/363 998/1077/364 943/1078/365
f 956/1076/363 897/1079/366 949/1080/367 998/1077/364
f 998/1081/364 949/1082/367 880/1083/368 938/1084/369
f 943/1085/365 998/1081/364 938/1084/369 893/1086/370
f 919/1087/371 975/1088/372 999/1089/373 990/1090/374
f 975/1088/372 898/1091/375 950/1092/376 999/1089/373
f 999/1093/373 950/1094/376 882/1095/377 965/1096/378
f 990/1097/374 999/1093/373 965/1096/378 909/1098/379
f 913/1099/380 969/1100/381 1000/1101/382 988/1102/383
f 969/1100/381 893/1086/370 938/1084/369 1000/1101/382
f 1000/1101/382 938/1084/369 880/1083/368 928/1103/384
f 988/1102/383 1000/1101/382 928/1103/384 908/1104/385
f 909/1098/379 965/1096/378 1001/1105/386 986/1106/387
f 965/1096/378 882/1095/377 929/1107/388 1001/1105/386
f 1001/1105/386 929/1107/388 894/1108/389 967/1109/390
f 986/1106/387 1001/1105/386 967/1109/390 911/1110/391
f 911/1110/391 967/1109/390 1002/1111/392 984/1112/393
f 967/1109/390 894/1108/389 939/1113/394 1002/1111/392
f 1002/1111/392 939/1113/394 893/1086/370 969/1100/381
f 984/1112/393 1002/1111/392 969/1100/381 913/1099/380
f 898/1091/375 954/1114/395 1003/1115/396 950/1092/376
f 954/1114/395 899/1116/397 942/1117/398 1003/1115/396
f 1003/1118/396 942/1119/398 894/1108/389 929/1107/388
f 950/1094/376 1003/1118/396 929/1107/388 882/1095/377
f 899/1116/397 953/1120/399 1004/1121/400 942/1117/398
f 953/1120/399 900/1075/362 943/1078/365 1004/1121/400
f 1004/1122/400 943/1085/365 893/1086/370 939/1113/394
f 942/1119/398 1004/1122/400 939/1113/394 894/1108/389
f 895/1069/357 952/1123/401 1005/1124/402 948/1070/358
f 952/1123/401 901/1125/403 944/1126/404 1005/1124/402
f 1005/1127/402 944/1128/404 892/1129/405 927/1130/406
f 948/1071/358 1005/1127/402 927/1130/406 879/1072/359
f 901/1125/403 951/1131/407 1006/1132/408 944/1126/404
f 951/1131/407 902/1053/344 945/1056/347 1006/1132/408
f 1006/1133/408 945/1063/347 891/1064/352 937/1134/409
f 944/1128/404 1006/1133/408 937/1134/409 892/1129/405
f 904/1135/410 924/1136/411 1007/1137/412 982/1138/413
f 924/1136/411 885/1139/414 934/1140/415 1007/1137/412
f 1007/1137/412 934/1140/415 889/1141/416 971/1142/417
f 982/1138/413 1007/1137/412 971/1142/417 915/1143/418
f 915/1143/418 971/1142/417 1008/1144/419 980/1145/420
f 971/1142/417 889/1141/416 935/1146/421 1008/1144/419
f 1008/1144/419 935/1146/421 890/1048/339 973/1045/336
f 980/1145/420 1008/1144/419 973/1045/336 917/1044/335
f 888/1147/422 901/1125/403 952/1123/401 923/1148/423
f 933/1149/424 951/1131/407 901/1125/403 888/1147/422
f 889/1141/416 900/1075/362 953/1120/399 935/1146/421
f 923/1148/423 952/1123/401 895/1069/357 884/1150/425
f 890/1048/339 899/1116/397 954/1114/395 925/1049/340
f 935/1146/421 953/1120/399 899/1116/397 890/1048/339
f 898/1091/375 975/1088/372 961/1051/342 886/1050/341
f 925/1049/340 954/1114/395 898/1091/375 886/1050/341
f 897/1079/366 956/1076/363 934/1140/415 885/1139/414
f 961/1051/342 975/1088/372 919/1087/371 905/1052/343
f 895/1069/357 977/1066/354 959/1151/426 884/1150/425
f 934/1140/415 956/1076/363 900/1075/362 889/1141/416
f 883/1152/427 896/1057/348 958/1054/345 932/1153/428
f 959/1151/426 977/1066/354 921/1065/353 903/1154/429
f 904/1135/410 922/1155/430 957/1156/431 924/1136/411
f 932/1153/428 958/1054/345 902/1053/344 887/1157/432
f 903/1154/429 921/1065/353 978/1158/433 960/1159/434
f 924/1136/411 957/1156/431 897/1079/366 885/1139/414
f 906/1160/435 920/1161/436 955/1162/437 926/1163/438
f 960/1159/434 978/1158/433 922/1155/430 904/1135/410
f 905/1052/343 919/1087/371 976/1164/439 962/1165/440
f 926/1163/438 955/1162/437 896/1057/348 883/1152/427
f 962/1165/440 976/1164/439 920/1161/436 906/1160/435
f 888/1147/422 946/1166/441 1009/1167/442 933/1149/424
f 946/1166/441 916/1168/443 979/1169/444 1009/1167/442
f 1009/1167/442 979/1169/444 918/1170/445 947/1171/446
f 933/1149/424 1009/1167/442 947/1171/446 887/1157/432
f 916/1168/443 972/1172/447 1010/1173/14 979/1169/444
f 972/1172/447 915/1143/418 980/1145/420 1010/1173/14
f 1010/1173/14 980/1145/420 917/1044/335 974/1174/448
f 979/1169/444 1010/1173/14 974/1174/448 918/1170/445
f 884/1150/425 959/1151/426 1011/1175/449 923/1148/423
f 959/1151/426 903/1154/429 981/1176/450 1011/1175/449
f 1011/1175/449 981/1176/450 916/1168/443 946/1166/441
f 923/1148/423 1011/1175/449 946/1166/441 888/1147/422
f 903/1154/429 960/1159/434 1012/1177/451 981/1176/450
f 960/1159/434 904/1135/410 982/1138/413 1012/1177/451
f 1012/1177/451 982/1138/413 915/1143/418 972/1172/447
f 981/1176/450 1012/1177/451 972/1172/447 916/1168/443
f 891/1064/352 940/1178/452 1013/1179/453 937/1134/409
f 940/1178/452 912/1180/454 983/1181/455 1013/1179/453
f 1013/1179/453 983/1181/455 914/1182/456 941/1183/457
f 937/1134/409 1013/1179/453 941/1183/457 892/1129/405
f 912/1180/454 968/1184/458 1014/1185/6 983/1181/455
f 968/1184/458 911/1110/391 984/1112/393 1014/1185/6
f 1014/1185/6 984/1112/393 913/1099/380 970/1186/459
f 983/1181/455 1014/1185/6 970/1186/459 914/1182/456
f 881/1061/350 930/1187/460 1015/1188/461 936/1062/351
f 930/1187/460 910/1189/462 985/1190/463 1015/1188/461
f 1015/1188/461 985/1190/463 912/1180/454 940/1178/452
f 936/1062/351 1015/1188/461 940/1178/452 891/1064/352
f 910/1189/462 966/1191/464 1016/1192/465 985/1190/463
f 966/1191/464 909/1098/379 986/1106/387 1016/1192/465
f 1016/1192/465 986/1106/387 911/1110/391 968/1184/458
f 985/1190/463 1016/1192/465 968/1184/458 912/1180/454
f 892/1129/405 941/1183/457 1017/1193/466 927/1130/406
f 941/1183/457 914/1182/456 987/1194/467 1017/1193/466
f 1017/1193/466 987/1194/467 907/1074/361 963/1073/360
f 927/1130/406 1017/1193/466 963/1073/360 879/1072/359
f 914/1182/456 970/1186/459 1018/1195/468 987/1194/467
f 970/1186/459 913/1099/380 988/1102/383 1018/1195/468
f 1018/1195/468 988/1102/383 908/1104/385 964/1196/469
f 987/1194/467 1018/1195/468 964/1196/469 907/1074/361
f 896/1057/348 955/1162/437 1019/1197/470 931/1058/349
f 955/1162/437 920/1161/436 989/1198/471 1019/1197/470
f 1019/1199/470 989/1200/471 910/1189/462 930/1187/460
f 931/1060/349 1019/1199/470 930/1187/460 881/1061/350
f 920/1161/436 976/1164/439 1020/1201/472 989/1198/471
f 976/1164/439 919/1087/371 990/1090/374 1020/1201/472
f 1020/1202/472 990/1097/374 909/1098/379 966/1191/464
f 989/1200/471 1020/1202/472 966/1191/464 910/1189/462
f 897/1079/366 957/1156/431 1021/1203/473 949/1080/367
f 957/1156/431 922/1155/430 991/1204/474 1021/1203/473
f 1021/1203/473 991/1204/474 908/1104/385 928/1103/384
f 949/1082/367 1021/1203/473 928/1103/384 880/1083/368
f 922/1155/430 978/1158/433 1022/1205/475 991/1204/474
f 978/1158/433 921/1065/353 992/1068/356 1022/1205/475
f 1022/1205/475 992/1068/356 907/1074/361 964/1196/469
f 991/1204/474 1022/1205/475 964/1196/469 908/1104/385
f 887/1157/432 947/1171/446 1023/1206/476 932/1153/428
f 947/1171/446 918/1170/445 993/1207/477 1023/1206/476
f 1023/1206/476 993/1207/477 906/1160/435 926/1163/438
f 932/1153/428 1023/1206/476 926/1163/438 883/1152/427
f 918/1170/445 974/1174/448 1024/1208/478 993/1207/477
f 974/1174/448 917/1044/335 994/1047/338 1024/1208/478
f 1024/1208/478 994/1047/338 905/1052/343 962/1165/440
f 993/1207/477 1024/1208/478 962/1165/440 906/1160/435
f 887/1157/432 902/1053/344 951/1131/407 933/1149/424
f 1063/1209/445 1140/1210/477 1141/1211/476 1119/1212/446
f 1119/1212/446 1141/1211/476 1071/1213/428 1036/1214/432
f 1141/1211/476 1107/1215/438 1032/1216/427 1071/1213/428
f 1140/1210/477 1051/1217/435 1107/1215/438 1141/1211/476
f 1048/1218/397 1091/1219/398 1142/1220/396 1104/1221/395
f 1104/1221/395 1142/1220/396 1077/1222/376 1042/1223/479
f 1142/1224/396 1082/1225/388 1027/1226/377 1077/1227/376
f 1091/1228/398 1037/1229/389 1082/1225/388 1142/1224/396
f 1067/1230/430 1138/1231/474 1143/1232/473 1123/1233/431
f 1123/1233/431 1143/1232/473 1094/1234/367 1041/1235/366
f 1143/1232/473 1109/1236/384 1025/1237/368 1094/1238/367
f 1138/1231/474 1053/1239/385 1109/1236/384 1143/1232/473
f 1046/1240/403 1089/1241/404 1144/1242/402 1102/1243/401
f 1102/1243/401 1144/1242/402 1095/1244/358 1043/1245/357
f 1144/1246/402 1084/1247/480 1026/1248/359 1095/1249/358
f 1089/1250/404 1039/1251/405 1084/1247/480 1144/1246/402
f 1065/1252/436 1136/1253/471 1145/1254/470 1121/1255/437
f 1121/1255/437 1145/1254/470 1096/1256/349 1044/1257/481
f 1145/1258/470 1111/1259/460 1028/1260/350 1096/1261/349
f 1136/1262/471 1055/1263/462 1111/1259/460 1145/1258/470
f 1059/1264/456 1134/1265/467 1146/1266/466 1115/1267/457
f 1115/1267/457 1146/1266/466 1084/1247/480 1039/1251/405
f 1146/1266/466 1074/1268/360 1026/1248/359 1084/1247/480
f 1134/1265/467 1054/1269/361 1074/1268/360 1146/1266/466
f 1055/1263/462 1132/1270/463 1147/1271/461 1111/1259/460
f 1111/1259/460 1147/1271/461 1075/1272/351 1028/1260/350
f 1147/1271/461 1113/1273/452 1040/1274/352 1075/1272/351
f 1132/1270/463 1057/1275/454 1113/1273/452 1147/1271/461
f 1057/1275/454 1130/1276/455 1148/1277/453 1113/1273/452
f 1113/1273/452 1148/1277/453 1085/1278/409 1040/1274/352
f 1148/1277/453 1115/1267/457 1039/1251/405 1085/1278/409
f 1130/1276/455 1059/1264/456 1115/1267/457 1148/1277/453
f 1044/1257/481 1096/1256/349 1149/1279/346 1100/1280/345
f 1100/1280/345 1149/1279/346 1088/1281/347 1045/1282/344
f 1149/1283/346 1075/1272/351 1040/1274/352 1088/1284/347
f 1096/1261/349 1028/1260/350 1075/1272/351 1149/1283/346
f 1045/1282/344 1088/1281/347 1150/1285/408 1099/1286/407
f 1099/1286/407 1150/1285/408 1089/1241/404 1046/1240/403
f 1150/1287/408 1085/1278/409 1039/1251/405 1089/1250/404
f 1088/1284/347 1040/1274/352 1085/1278/409 1150/1287/408
f 1041/1235/366 1094/1234/367 1151/1288/364 1098/1289/363
f 1098/1289/363 1151/1288/364 1090/1290/482 1047/1291/362
f 1151/1292/364 1073/1293/369 1038/1294/370 1090/1295/482
f 1094/1238/367 1025/1237/368 1073/1293/369 1151/1292/364
f 1047/1291/362 1090/1290/482 1152/1296/400 1097/1297/399
f 1097/1297/399 1152/1296/400 1091/1219/398 1048/1218/397
f 1152/1298/400 1083/1299/394 1037/1229/389 1091/1228/398
f 1090/1295/482 1038/1294/370 1083/1299/394 1152/1298/400
f 1050/1300/429 1128/1301/450 1153/1302/449 1070/1303/426
f 1070/1303/426 1153/1302/449 1080/1304/423 1031/1305/425
f 1153/1302/449 1117/1306/441 1035/1307/422 1080/1304/423
f 1128/1301/450 1061/1308/443 1117/1306/441 1153/1302/449
f 1061/1308/443 1126/1309/444 1154/1310/442 1117/1306/441
f 1117/1306/441 1154/1310/442 1081/1311/424 1035/1307/422
f 1154/1310/442 1119/1212/446 1036/1214/432 1081/1311/424
f 1126/1309/444 1063/1209/445 1119/1212/446 1154/1310/442
f 1034/1312/416 1069/1313/415 1098/1289/363 1047/1291/362
f 1079/1314/421 1034/1312/416 1047/1291/362 1097/1297/399
f 1035/1307/422 1081/1311/424 1099/1286/407 1046/1240/403
f 1069/1313/415 1030/1315/414 1041/1235/366 1098/1289/363
f 1036/1214/432 1071/1213/428 1100/1280/345 1045/1282/344
f 1081/1311/424 1036/1214/432 1045/1282/344 1099/1286/407
f 1044/1257/481 1032/1216/427 1107/1215/438 1121/1255/437
f 1071/1213/428 1032/1216/427 1044/1257/481 1100/1280/345
f 1043/1245/357 1031/1305/425 1080/1304/423 1102/1243/401
f 1107/1215/438 1051/1217/435 1065/1252/436 1121/1255/437
f 1041/1235/366 1030/1315/414 1105/1316/411 1123/1233/431
f 1080/1304/423 1035/1307/422 1046/1240/403 1102/1243/401
f 1029/1317/341 1078/1318/340 1104/1221/395 1042/1223/479
f 1105/1316/411 1049/1319/410 1067/1230/430 1123/1233/431
f 1050/1300/429 1070/1303/426 1103/1320/354 1068/1321/353
f 1078/1318/340 1033/1322/339 1048/1218/397 1104/1221/395
f 1049/1319/410 1106/1323/483 1124/1324/433 1067/1230/430
f 1070/1303/426 1031/1305/425 1043/1245/357 1103/1320/354
f 1052/1325/343 1072/1326/342 1101/1327/372 1066/1328/371
f 1106/1323/483 1050/1300/429 1068/1321/353 1124/1324/433
f 1051/1217/435 1108/1329/484 1122/1330/439 1065/1252/436
f 1072/1326/342 1029/1317/341 1042/1223/479 1101/1327/372
f 1108/1329/484 1052/1325/343 1066/1328/371 1122/1330/439
f 1034/1312/416 1079/1314/421 1155/1331/419 1092/1332/417
f 1092/1332/417 1155/1331/419 1125/1333/420 1062/1334/418
f 1155/1331/419 1093/1335/336 1064/1336/335 1125/1333/420
f 1079/1314/421 1033/1322/339 1093/1335/336 1155/1331/419
f 1062/1334/418 1125/1333/420 1156/1337/14 1118/1338/447
f 1118/1338/447 1156/1337/14 1126/1309/444 1061/1308/443
f 1156/1337/14 1120/1339/448 1063/1209/445 1126/1309/444
f 1125/1333/420 1064/1336/335 1120/1339/448 1156/1337/14
f 1030/1315/414 1069/1313/415 1157/1340/412 1105/1316/411
f 1105/1316/411 1157/1340/412 1127/1341/413 1049/1319/410
f 1157/1340/412 1092/1332/417 1062/1334/418 1127/1341/413
f 1069/1313/415 1034/1312/416 1092/1332/417 1157/1340/412
f 1049/1319/410 1127/1341/413 1158/1342/451 1106/1323/483
f 1106/1323/483 1158/1342/451 1128/1301/450 1050/1300/429
f 1158/1342/451 1118/1338/447 1061/1308/443 1128/1301/450
f 1127/1341/413 1062/1334/418 1118/1338/447 1158/1342/451
f 1037/1229/389 1083/1299/394 1159/1343/392 1086/1344/390
f 1086/1344/390 1159/1343/392 1129/1345/393 1058/1346/391
f 1159/1343/392 1087/1347/381 1060/1348/380 1129/1345/393
f 1083/1299/394 1038/1294/370 1087/1347/381 1159/1343/392
f 1058/1346/391 1129/1345/393 1160/1349/6 1114/1350/458
f 1114/1350/458 1160/1349/6 1130/1276/455 1057/1275/454
f 1160/1349/6 1116/1351/459 1059/1264/456 1130/1276/455
f 1129/1345/393 1060/1348/380 1116/1351/459 1160/1349/6
f 1027/1226/377 1082/1225/388 1161/1352/386 1076/1353/378
f 1076/1353/378 1161/1352/386 1131/1354/387 1056/1355/379
f 1161/1352/386 1086/1344/390 1058/1346/391 1131/1354/387
f 1082/1225/388 1037/1229/389 1086/1344/390 1161/1352/386
f 1056/1355/379 1131/1354/387 1162/1356/465 1112/1357/464
f 1112/1357/464 1162/1356/465 1132/1270/463 1055/1263/462
f 1162/1356/465 1114/1350/458 1057/1275/454 1132/1270/463
f 1131/1354/387 1058/1346/391 1114/1350/458 1162/1356/465
f 1038/1294/370 1073/1293/369 1163/1358/382 1087/1347/381
f 1087/1347/381 1163/1358/382 1133/1359/383 1060/1348/380
f 1163/1358/382 1109/1236/384 1053/1239/385 1133/1359/383
f 1073/1293/369 1025/1237/368 1109/1236/384 1163/1358/382
f 1060/1348/380 1133/1359/383 1164/1360/468 1116/1351/459
f 1116/1351/459 1164/1360/468 1134/1265/467 1059/1264/456
f 1164/1360/468 1110/1361/469 1054/1269/361 1134/1265/467
f 1133/1359/383 1053/1239/385 1110/1361/469 1164/1360/468
f 1042/1223/479 1077/1222/376 1165/1362/373 1101/1327/372
f 1101/1327/372 1165/1362/373 1135/1363/374 1066/1328/371
f 1165/1364/373 1076/1353/378 1056/1355/379 1135/1365/374
f 1077/1227/376 1027/1226/377 1076/1353/378 1165/1364/373
f 1066/1328/371 1135/1363/374 1166/1366/472 1122/1330/439
f 1122/1330/439 1166/1366/472 1136/1253/471 1065/1252/436
f 1166/1367/472 1112/1357/464 1055/1263/462 1136/1262/471
f 1135/1365/374 1056/1355/379 1112/1357/464 1166/1367/472
f 1043/1245/357 1095/1244/358 1167/1368/355 1103/1320/354
f 1103/1320/354 1167/1368/355 1137/1369/356 1068/1321/353
f 1167/1368/355 1074/1268/360 1054/1269/361 1137/1369/356
f 1095/1249/358 1026/1248/359 1074/1268/360 1167/1368/355
f 1068/1321/353 1137/1369/356 1168/1370/475 1124/1324/433
f 1124/1324/433 1168/1370/475 1138/1231/474 1067/1230/430
f 1168/1370/475 1110/1361/469 1053/1239/385 1138/1231/474
f 1137/1369/356 1054/1269/361 1110/1361/469 1168/1370/475
f 1033/1322/339 1078/1318/340 1169/1371/337 1093/1335/336
f 1093/1335/336 1169/1371/337 1139/1372/338 1064/1336/335
f 1169/1371/337 1072/1326/342 1052/1325/343 1139/1372/338
f 1078/1318/340 1029/1317/341 1072/1326/342 1169/1371/337
f 1064/1336/335 1139/1372/338 1170/1373/478 1120/1339/448
f 1120/1339/448 1170/1373/478 1140/1210/477 1063/1209/445
f 1170/1373/478 1108/1329/484 1051/1217/435 1140/1210/477
f 1139/1372/338 1052/1325/343 1108/1329/484 1170/1373/478
f 1033/1322/339 1079/1314/421 1097/1297/399 1048/1218/397
f 1209/1374/418 1286/1375/413 1287/1376/412 1265/1377/417
f 1265/1377/417 1287/1376/412 1217/1378/415 1182/1379/416
f 1287/1376/412 1253/1380/411 1178/1381/414 1217/1378/415
f 1286/1375/413 1197/1382/410 1253/1380/411 1287/1376/412
f 1194/1383/403 1237/1384/404 1288/1385/402 1250/1386/401
f 1250/1386/401 1288/1385/402 1223/1387/358 1188/1388/357
f 1288/1389/402 1228/1390/406 1173/1391/359 1223/1392/358
f 1237/1393/404 1183/1394/405 1228/1390/406 1288/1389/402
f 1213/1395/436 1284/1396/471 1289/1397/470 1269/1398/437
f 1269/1398/437 1289/1397/470 1240/1399/349 1187/1400/348
f 1289/1401/470 1255/1402/460 1171/1403/350 1240/1404/349
f 1284/1405/471 1199/1406/462 1255/1402/460 1289/1401/470
f 1192/1407/397 1235/1408/398 1290/1409/396 1248/1410/395
f 1248/1410/395 1290/1409/396 1241/1411/376 1189/1412/375
f 1290/1413/396 1230/1414/485 1172/1415/377 1241/1416/376
f 1235/1417/398 1185/1418/389 1230/1414/485 1290/1413/396
f 1211/1419/430 1282/1420/474 1291/1421/473 1267/1422/431
f 1267/1422/431 1291/1421/473 1242/1423/367 1190/1424/366
f 1291/1421/473 1257/1425/384 1174/1426/368 1242/1427/367
f 1282/1420/474 1201/1428/385 1257/1425/384 1291/1421/473
f 1205/1429/391 1280/1430/387 1292/1431/386 1261/1432/390
f 1261/1432/390 1292/1431/386 1230/1414/485 1185/1418/389
f 1292/1431/386 1220/1433/378 1172/1415/377 1230/1414/485
f 1280/1430/387 1200/1434/379 1220/1433/378 1292/1431/386
f 1201/1428/385 1278/1435/383 1293/1436/382 1257/1425/384
f 1257/1425/384 1293/1436/382 1221/1437/369 1174/1426/368
f 1293/1436/382 1259/1438/381 1186/1439/370 1221/1437/369
f 1278/1435/383 1203/1440/380 1259/1438/381 1293/1436/382
f 1203/1440/380 1276/1441/393 1294/1442/392 1259/1438/381
f 1259/1438/381 1294/1442/392 1231/1443/394 1186/1439/370
f 1294/1442/392 1261/1432/390 1185/1418/389 1231/1443/394
f 1276/1441/393 1205/1429/391 1261/1432/390 1294/1442/392
f 1190/1424/366 1242/1423/367 1295/1444/364 1246/1445/363
f 1246/1445/363 1295/1444/364 1234/1446/365 1191/1447/362
f 1295/1448/364 1221/1437/369 1186/1439/370 1234/1449/365
f 1242/1427/367 1174/1426/368 1221/1437/369 1295/1448/364
f 1191/1447/362 1234/1446/365 1296/1450/400 1245/1451/399
f 1245/1451/399 1296/1450/400 1235/1408/398 1192/1407/397
f 1296/1452/400 1231/1443/394 1185/1418/389 1235/1417/398
f 1234/1449/365 1186/1439/370 1231/1443/394 1296/1452/400
f 1187/1400/348 1240/1399/349 1297/1453/346 1244/1454/345
f 1244/1454/345 1297/1453/346 1236/1455/347 1193/1456/344
f 1297/1457/346 1219/1458/351 1184/1459/352 1236/1460/347
f 1240/1404/349 1171/1403/350 1219/1458/351 1297/1457/346
f 1193/1456/344 1236/1455/347 1298/1461/408 1243/1462/407
f 1243/1462/407 1298/1461/408 1237/1384/404 1194/1383/403
f 1298/1463/408 1229/1464/409 1183/1394/405 1237/1393/404
f 1236/1460/347 1184/1459/352 1229/1464/409 1298/1463/408
f 1196/1465/343 1274/1466/338 1299/1467/337 1216/1468/342
f 1216/1468/342 1299/1467/337 1226/1469/340 1177/1470/341
f 1299/1467/337 1263/1471/336 1181/1472/339 1226/1469/340
f 1274/1466/338 1207/1473/335 1263/1471/336 1299/1467/337
f 1207/1473/335 1272/1474/420 1300/1475/419 1263/1471/336
f 1263/1471/336 1300/1475/419 1227/1476/421 1181/1472/339
f 1300/1475/419 1265/1377/417 1182/1379/416 1227/1476/421
f 1272/1474/420 1209/1374/418 1265/1377/417 1300/1475/419
f 1180/1477/432 1215/1478/428 1244/1454/345 1193/1456/344
f 1225/1479/424 1180/1477/432 1193/1456/344 1243/1462/407
f 1181/1472/339 1227/1476/421 1245/1451/399 1192/1407/397
f 1215/1478/428 1176/1480/427 1187/1400/348 1244/1454/345
f 1182/1379/416 1217/1378/415 1246/1445/363 1191/1447/362
f 1227/1476/421 1182/1379/416 1191/1447/362 1245/1451/399
f 1190/1424/366 1178/1381/414 1253/1380/411 1267/1422/431
f 1217/1378/415 1178/1381/414 1190/1424/366 1246/1445/363
f 1189/1412/375 1177/1470/341 1226/1469/340 1248/1410/395
f 1253/1380/411 1197/1382/410 1211/1419/430 1267/1422/431
f 1187/1400/348 1176/1480/427 1251/1481/438 1269/1398/437
f 1226/1469/340 1181/1472/339 1192/1407/397 1248/1410/395
f 1175/1482/425 1224/1483/423 1250/1386/401 1188/1388/357
f 1251/1481/438 1195/1484/435 1213/1395/436 1269/1398/437
f 1196/1465/343 1216/1468/342 1249/1485/372 1214/1486/371
f 1224/1483/423 1179/1487/422 1194/1383/403 1250/1386/401
f 1195/1484/435 1252/1488/440 1270/1489/439 1213/1395/436
f 1216/1468/342 1177/1470/341 1189/1412/375 1249/1485/372
f 1198/1490/429 1218/1491/426 1247/1492/354 1212/1493/353
f 1252/1488/440 1196/1465/343 1214/1486/371 1270/1489/439
f 1197/1382/410 1254/1494/434 1268/1495/433 1211/1419/430
f 1218/1491/426 1175/1482/425 1188/1388/357 1247/1492/354
f 1254/1494/434 1198/1490/429 1212/1493/353 1268/1495/433
f 1180/1477/432 1225/1479/424 1301/1496/442 1238/1497/446
f 1238/1497/446 1301/1496/442 1271/1498/444 1208/1499/445
f 1301/1496/442 1239/1500/441 1210/1501/443 1271/1498/444
f 1225/1479/424 1179/1487/422 1239/1500/441 1301/1496/442
f 1208/1499/445 1271/1498/444 1302/1502/14 1264/1503/448
f 1264/1503/448 1302/1502/14 1272/1474/420 1207/1473/335
f 1302/1502/14 1266/1504/447 1209/1374/418 1272/1474/420
f 1271/1498/444 1210/1501/443 1266/1504/447 1302/1502/14
f 1176/1480/427 1215/1478/428 1303/1505/476 1251/1481/438
f 1251/1481/438 1303/1505/476 1273/1506/477 1195/1484/435
f 1303/1505/476 1238/1497/446 1208/1499/445 1273/1506/477
f 1215/1478/428 1180/1477/432 1238/1497/446 1303/1505/476
f 1195/1484/435 1273/1506/477 1304/1507/478 1252/1488/440
f 1252/1488/440 1304/1507/478 1274/1466/338 1196/1465/343
f 1304/1507/478 1264/1503/448 1207/1473/335 1274/1466/338
f 1273/1506/477 1208/1499/445 1264/1503/448 1304/1507/478
f 1183/1394/405 1229/1464/409 1305/1508/453 1232/1509/457
f 1232/1509/457 1305/1508/453 1275/1510/455 1204/1511/456
f 1305/1508/453 1233/1512/452 1206/1513/454 1275/1510/455
f 1229/1464/409 1184/1459/352 1233/1512/452 1305/1508/453
f 1204/1511/456 1275/1510/455 1306/1514/6 1260/1515/459
f 1260/1515/459 1306/1514/6 1276/1441/393 1203/1440/380
f 1306/1514/6 1262/1516/458 1205/1429/391 1276/1441/393
f 1275/1510/455 1206/1513/454 1262/1516/458 1306/1514/6
f 1173/1391/359 1228/1390/406 1307/1517/466 1222/1518/360
f 1222/1518/360 1307/1517/466 1277/1519/467 1202/1520/361
f 1307/1517/466 1232/1509/457 1204/1511/456 1277/1519/467
f 1228/1390/406 1183/1394/405 1232/1509/457 1307/1517/466
f 1202/1520/361 1277/1519/467 1308/1521/468 1258/1522/469
f 1258/1522/469 1308/1521/468 1278/1435/383 1201/1428/385
f 1308/1521/468 1260/1515/459 1203/1440/380 1278/1435/383
f 1277/1519/467 1204/1511/456 1260/1515/459 1308/1521/468
f 1184/1459/352 1219/1458/351 1309/1523/461 1233/1512/452
f 1233/1512/452 1309/1523/461 1279/1524/463 1206/1513/454
f 1309/1523/461 1255/1402/460 1199/1406/462 1279/1524/463
f 1219/1458/351 1171/1403/350 1255/1402/460 1309/1523/461
f 1206/1513/454 1279/1524/463 1310/1525/465 1262/1516/458
f 1262/1516/458 1310/1525/465 1280/1430/387 1205/1429/391
f 1310/1525/465 1256/1526/464 1200/1434/379 1280/1430/387
f 1279/1524/463 1199/1406/462 1256/1526/464 1310/1525/465
f 1188/1388/357 1223/1387/358 1311/1527/355 1247/1492/354
f 1247/1492/354 1311/1527/355 1281/1528/356 1212/1493/353
f 1311/1527/355 1222/1518/360 1202/1520/361 1281/1528/356
f 1223/1392/358 1173/1391/359 1222/1518/360 1311/1527/355
f 1212/1493/353 1281/1528/356 1312/1529/475 1268/1495/433
f 1268/1495/433 1312/1529/475 1282/1420/474 1211/1419/430
f 1312/1529/475 1258/1522/469 1201/1428/385 1282/1420/474
f 1281/1528/356 1202/1520/361 1258/1522/469 1312/1529/475
f 1189/1412/375 1241/1411/376 1313/1530/373 1249/1485/372
f 1249/1485/372 1313/1530/373 1283/1531/374 1214/1486/371
f 1313/1532/373 1220/1433/378 1200/1434/379 1283/1533/374
f 1241/1416/376 1172/1415/377 1220/1433/378 1313/1532/373
f 1214/1486/371 1283/1531/374 1314/1534/472 1270/1489/439
f 1270/1489/439 1314/1534/472 1284/1396/471 1213/1395/436
f 1314/1535/472 1256/1526/464 1199/1406/462 1284/1405/471
f 1283/1533/374 1200/1434/379 1256/1526/464 1314/1535/472
f 1179/1487/422 1224/1483/423 1315/1536/449 1239/1500/441
f 1239/1500/441 1315/1536/449 1285/1537/450 1210/1501/443
f 1315/1536/449 1218/1491/426 1198/1490/429 1285/1537/450
f 1224/1483/423 1175/1482/425 1218/1491/426 1315/1536/449
f 1210/1501/443 1285/1537/450 1316/1538/451 1266/1504/447
f 1266/1504/447 1316/1538/451 1286/1375/413 1209/1374/418
f 1316/1538/451 1254/1494/434 1197/1382/410 1286/1375/413
f 1285/1537/450 1198/1490/429 1254/1494/434 1316/1538/451
f 1179/1487/422 1225/1479/424 1243/1462/407 1194/1383/403
f 1355/1539/443 1411/1540/441 1433/1541/449 1432/1542/450
f 1411/1540/441 1328/1543/422 1363/1544/423 1433/1541/449
f 1433/1541/449 1363/1544/423 1324/1545/425 1399/1546/426
f 1432/1542/450 1433/1541/449 1399/1546/426 1343/1547/429
f 1340/1548/362 1396/1549/363 1434/1550/364 1383/1551/365
f 1396/1549/363 1334/1552/486 1369/1553/367 1434/1550/364
f 1434/1554/364 1369/1555/367 1319/1556/368 1374/1557/369
f 1383/1558/365 1434/1554/364 1374/1557/369 1329/1559/370
f 1359/1560/371 1415/1561/372 1435/1562/373 1430/1563/374
f 1415/1561/372 1333/1564/479 1386/1565/376 1435/1562/373
f 1435/1566/373 1386/1567/376 1317/1568/377 1401/1569/378
f 1430/1570/374 1435/1566/373 1401/1569/378 1345/1571/379
f 1338/1572/344 1394/1573/345 1436/1574/346 1381/1575/347
f 1394/1573/345 1335/1576/348 1387/1577/349 1436/1574/346
f 1436/1578/346 1387/1579/349 1318/1580/350 1376/1581/351
f 1381/1582/347 1436/1578/346 1376/1581/351 1331/1583/352
f 1357/1584/353 1413/1585/354 1437/1586/355 1428/1587/356
f 1413/1585/354 1336/1588/357 1388/1589/358 1437/1586/355
f 1437/1586/355 1388/1590/358 1320/1591/359 1403/1592/360
f 1428/1587/356 1437/1586/355 1403/1592/360 1347/1593/361
f 1351/1594/454 1407/1595/452 1438/1596/461 1426/1597/463
f 1407/1595/452 1331/1583/352 1376/1581/351 1438/1596/461
f 1438/1596/461 1376/1581/351 1318/1580/350 1366/1598/460
f 1426/1597/463 1438/1596/461 1366/1598/460 1346/1599/462
f 1347/1593/361 1403/1592/360 1439/1600/466 1424/1601/467
f 1403/1592/360 1320/1591/359 1367/1602/480 1439/1600/466
f 1439/1600/466 1367/1602/480 1332/1603/405 1405/1604/457
f 1424/1601/467 1439/1600/466 1405/1604/457 1349/1605/456
f 1349/1605/456 1405/1604/457 1440/1606/453 1422/1607/455
f 1405/1604/457 1332/1603/405 1377/1608/409 1440/1606/453
f 1440/1606/453 1377/1608/409 1331/1583/352 1407/1595/452
f 1422/1607/455 1440/1606/453 1407/1595/452 1351/1594/454
f 1336/1588/357 1392/1609/401 1441/1610/402 1388/1589/358
f 1392/1609/401 1337/1611/403 1380/1612/404 1441/1610/402
f 1441/1613/402 1380/1614/404 1332/1603/405 1367/1602/480
f 1388/1590/358 1441/1613/402 1367/1602/480 1320/1591/359
f 1337/1611/403 1391/1615/407 1442/1616/408 1380/1612/404
f 1391/1615/407 1338/1572/344 1381/1575/347 1442/1616/408
f 1442/1617/408 1381/1582/347 1331/1583/352 1377/1608/409
f 1380/1614/404 1442/1617/408 1377/1608/409 1332/1603/405
f 1333/1564/479 1390/1618/395 1443/1619/396 1386/1565/376
f 1390/1618/395 1339/1620/397 1382/1621/398 1443/1619/396
f 1443/1622/396 1382/1623/398 1330/1624/389 1365/1625/485
f 1386/1567/376 1443/1622/396 1365/1625/485 1317/1568/377
f 1339/1620/397 1389/1626/487 1444/1627/400 1382/1621/398
f 1389/1626/487 1340/1548/362 1383/1551/365 1444/1627/400
f 1444/1628/400 1383/1558/365 1329/1559/370 1375/1629/394
f 1382/1623/398 1444/1628/400 1375/1629/394 1330/1624/389
f 1342/1630/435 1362/1631/438 1445/1632/476 1420/1633/477
f 1362/1631/438 1323/1634/427 1372/1635/428 1445/1632/476
f 1445/1632/476 1372/1635/428 1327/1636/432 1409/1637/446
f 1420/1633/477 1445/1632/476 1409/1637/446 1353/1638/445
f 1353/1638/445 1409/1637/446 1446/1639/442 1418/1640/444
f 1409/1637/446 1327/1636/432 1373/1641/488 1446/1639/442
f 1446/1639/442 1373/1641/488 1328/1543/422 1411/1540/441
f 1418/1640/444 1446/1639/442 1411/1540/441 1355/1539/443
f 1326/1642/339 1339/1620/397 1390/1618/395 1361/1643/340
f 1371/1644/421 1389/1626/487 1339/1620/397 1326/1642/339
f 1327/1636/432 1338/1572/344 1391/1615/407 1373/1641/488
f 1361/1643/340 1390/1618/395 1333/1564/479 1322/1645/341
f 1328/1543/422 1337/1611/403 1392/1609/401 1363/1544/423
f 1373/1641/488 1391/1615/407 1337/1611/403 1328/1543/422
f 1336/1588/357 1413/1585/354 1399/1546/426 1324/1545/425
f 1363/1544/423 1392/1609/401 1336/1588/357 1324/1545/425
f 1335/1576/348 1394/1573/345 1372/1635/428 1323/1634/427
f 1399/1546/426 1413/1585/354 1357/1584/353 1343/1547/429
f 1333/1564/479 1415/1561/372 1397/1646/342 1322/1645/341
f 1372/1635/428 1394/1573/345 1338/1572/344 1327/1636/432
f 1321/1647/414 1334/1552/486 1396/1549/363 1370/1648/415
f 1397/1646/342 1415/1561/372 1359/1560/371 1341/1649/343
f 1342/1630/435 1360/1650/436 1395/1651/437 1362/1631/438
f 1370/1648/415 1396/1549/363 1340/1548/362 1325/1652/416
f 1341/1649/343 1359/1560/371 1416/1653/439 1398/1654/484
f 1362/1631/438 1395/1651/437 1335/1576/348 1323/1634/427
f 1344/1655/410 1358/1656/430 1393/1657/431 1364/1658/411
f 1398/1654/484 1416/1653/439 1360/1650/436 1342/1630/435
f 1343/1547/429 1357/1584/353 1414/1659/433 1400/1660/434
f 1364/1658/411 1393/1657/431 1334/1552/486 1321/1647/414
f 1400/1660/434 1414/1659/433 1358/1656/430 1344/1655/410
f 1326/1642/339 1384/1661/336 1447/1662/419 1371/1644/421
f 1384/1661/336 1354/1663/335 1417/1664/420 1447/1662/419
f 1447/1662/419 1417/1664/420 1356/1665/418 1385/1666/417
f 1371/1644/421 1447/1662/419 1385/1666/417 1325/1652/416
f 1354/1663/335 1410/1667/448 1448/1668/14 1417/1664/420
f 1410/1667/448 1353/1638/445 1418/1640/444 1448/1668/14
f 1448/1668/14 1418/1640/444 1355/1539/443 1412/1669/447
f 1417/1664/420 1448/1668/14 1412/1669/447 1356/1665/418
f 1322/1645/341 1397/1646/342 1449/1670/337 1361/1643/340
f 1397/1646/342 1341/1649/343 1419/1671/338 1449/1670/337
f 1449/1670/337 1419/1671/338 1354/1663/335 1384/1661/336
f 1361/1643/340 1449/1670/337 1384/1661/336 1326/1642/339
f 1341/1649/343 1398/1654/484 1450/1672/478 1419/1671/338
f 1398/1654/484 1342/1630/435 1420/1633/477 1450/1672/478
f 1450/1672/478 1420/1633/477 1353/1638/445 1410/1667/448
f 1419/1671/338 1450/1672/478 1410/1667/448 1354/1663/335
f 1329/1559/370 1378/1673/381 1451/1674/392 1375/1629/394
f 1378/1673/381 1350/1675/380 1421/1676/393 1451/1674/392
f 1451/1674/392 1421/1676/393 1352/1677/391 1379/1678/390
f 1375/1629/394 1451/1674/392 1379/1678/390 1330/1624/389
f 1350/1675/380 1406/1679/459 1452/1680/6 1421/1676/393
f 1406/1679/459 1349/1605/456 1422/1607/455 1452/1680/6
f 1452/1680/6 1422/1607/455 1351/1594/454 1408/1681/458
f 1421/1676/393 1452/1680/6 1408/1681/458 1352/1677/391
f 1319/1556/368 1368/1682/384 1453/1683/382 1374/1557/369
f 1368/1682/384 1348/1684/385 1423/1685/383 1453/1683/382
f 1453/1683/382 1423/1685/383 1350/1675/380 1378/1673/381
f 1374/1557/369 1453/1683/382 1378/1673/381 1329/1559/370
f 1348/1684/385 1404/1686/469 1454/1687/468 1423/1685/383
f 1404/1686/469 1347/1593/361 1424/1601/467 1454/1687/468
f 1454/1687/468 1424/1601/467 1349/1605/456 1406/1679/459
f 1423/1685/383 1454/1687/468 1406/1679/459 1350/1675/380
f 1330/1624/389 1379/1678/390 1455/1688/386 1365/1625/485
f 1379/1678/390 1352/1677/391 1425/1689/387 1455/1688/386
f 1455/1688/386 1425/1689/387 1345/1571/379 1401/1569/378
f 1365/1625/485 1455/1688/386 1401/1569/378 1317/1568/377
f 1352/1677/391 1408/1681/458 1456/1690/465 1425/1689/387
f 1408/1681/458 1351/1594/454 1426/1597/463 1456/1690/465
f 1456/1690/465 1426/1597/463 1346/1599/462 1402/1691/464
f 1425/1689/387 1456/1690/465 1402/1691/464 1345/1571/379
f 1334/1552/486 1393/1657/431 1457/1692/473 1369/1553/367
f 1393/1657/431 1358/1656/430 1427/1693/474 1457/1692/473
f 1457/1692/473 1427/1693/474 1348/1684/385 1368/1682/384
f 1369/1555/367 1457/1692/473 1368/1682/384 1319/1556/368
f 1358/1656/430 1414/1659/433 1458/1694/475 1427/1693/474
f 1414/1659/433 1357/1584/353 1428/1587/356 1458/1694/475
f 1458/1694/475 1428/1587/356 1347/1593/361 1404/1686/469
f 1427/1693/474 1458/1694/475 1404/1686/469 1348/1684/385
f 1335/1576/348 1395/1651/437 1459/1695/470 1387/1577/349
f 1395/1651/437 1360/1650/436 1429/1696/471 1459/1695/470
f 1459/1697/470 1429/1698/471 1346/1599/462 1366/1598/460
f 1387/1579/349 1459/1697/470 1366/1598/460 1318/1580/350
f 1360/1650/436 1416/1653/439 1460/1699/472 1429/1696/471
f 1416/1653/439 1359/1560/371 1430/1563/374 1460/1699/472
f 1460/1700/472 1430/1570/374 1345/1571/379 1402/1691/464
f 1429/1698/471 1460/1700/472 1402/1691/464 1346/1599/462
f 1325/1652/416 1385/1666/417 1461/1701/412 1370/1648/415
f 1385/1666/417 1356/1665/418 1431/1702/413 1461/1701/412
f 1461/1701/412 1431/1702/413 1344/1655/410 1364/1658/411
f 1370/1648/415 1461/1701/412 1364/1658/411 1321/1647/414
f 1356/1665/418 1412/1669/447 1462/1703/451 1431/1702/413
f 1412/1669/447 1355/1539/443 1432/1542/450 1462/1703/451
f 1462/1703/451 1432/1542/450 1343/1547/429 1400/1660/434
f 1431/1702/413 1462/1703/451 1400/1660/434 1344/1655/410
f 1325/1652/416 1340/1548/362 1389/1626/487 1371/1644/421
f 1463/1704/489 1464/1705/490 1476/1706/491 1475/1707/492
f 1464/1705/490 1465/1708/493 1477/1709/494 1476/1706/491
f 1465/1708/493 1466/1710/495 1478/1711/496 1477/1709/494
f 1466/1710/495 1467/1712/497 1479/1713/498 1478/1711/496
f 1467/1712/497 1468/1714/499 1480/1715/500 1479/1713/498
f 1468/1714/499 1469/1716/501 1481/1717/502 1480/1715/500
f 1469/1718/501 1470/1719/503 1482/1720/504 1481/1721/502
f 1470/1719/503 1471/1722/505 1483/1723/506 1482/1720/504
f 1471/1722/505 1472/1724/507 1484/1725/508 1483/1723/506
f 1472/1724/507 1473/1726/509 1485/1727/510 1484/1725/508
f 1473/1726/509 1474/1728/511 1486/1729/512 1485/1727/510
f 1474/1728/511 1463/1704/489 1475/1707/492 1486/1729/512
f 1477/1709/494 1501/1730/513 1500/1731/514 1476/1706/491
f 1478/1711/496 1502/1732/515 1501/1730/513 1477/1709/494
f 1479/1713/498 1503/1733/516 1502/1732/515 1478/1711/496
f 1480/1715/500 1504/1734/517 1503/1733/516 1479/1713/498
f 1481/1717/502 1505/1735/518 1504/1734/517 1480/1715/500
f 1482/1720/504 1506/1736/519 1505/1737/518 1481/1721/502
f 1483/1723/506 1507/1738/520 1506/1736/519 1482/1720/504
f 1484/1725/508 1508/1739/521 1507/1738/520 1483/1723/506
f 1485/1727/510 1509/1740/522 1508/1739/521 1484/1725/508
f 1486/1729/512 1510/1741/523 1509/1740/522 1485/1727/510
f 1475/1707/492 1499/1742/524 1510/1741/523 1486/1729/512
f 1511/1743/525 1517/1744/526 1492/1745/527 1498/1746/528
f 1514/1747/529 1513/1748/530 1496/1749/531 1495/1750/532
f 1515/1751/533 1522/1752/534 1487/1753/535 1494/1754/536
f 1512/1755/537 1511/1743/525 1498/1746/528 1497/1756/538
f 1517/1744/526 1520/1757/539 1489/1758/540 1492/1745/527
f 1513/1748/530 1521/1759/541 1488/1760/542 1496/1749/531
f 1522/1752/534 1519/1761/543 1490/1762/544 1487/1753/535
f 1520/1757/539 1516/1763/545 1493/1764/546 1489/1758/540
f 1521/1759/541 1518/1765/547 1491/1766/548 1488/1760/542
f 1519/1767/543 1514/1747/529 1495/1750/532 1490/1768/544
f 1516/1763/545 1515/1751/533 1494/1754/536 1493/1764/546
f 1518/1765/547 1512/1755/537 1497/1756/538 1491/1766/548
f 1516/1763/545 1472/1724/507 1471/1722/505 1515/1751/533
f 1520/1757/539 1473/1726/509 1472/1724/507 1516/1763/545
f 1517/1744/526 1474/1728/511 1473/1726/509 1520/1757/539
f 1517/1744/526 1511/1743/525 1463/1704/489 1474/1728/511
f 1512/1755/537 1464/1705/490 1463/1704/489 1511/1743/525
f 1518/1765/547 1465/1708/493 1464/1705/490 1512/1755/537
f 1521/1759/541 1466/1710/495 1465/1708/493 1518/1765/547
f 1513/1748/530 1467/1712/497 1466/1710/495 1521/1759/541
f 1514/1747/529 1468/1714/499 1467/1712/497 1513/1748/530
f 1519/1767/543 1469/1716/501 1468/1714/499 1514/1747/529
f 1522/1752/534 1470/1719/503 1469/1718/501 1519/1761/543
f 1515/1751/533 1471/1722/505 1470/1719/503 1522/1752/534
f 1476/1706/491 1500/1731/514 1499/1742/524 1475/1707/492
f 1523/1769/549 1535/1770/550 1536/1771/551 1524/1772/552
f 1524/1772/552 1536/1771/551 1537/1773/553 1525/1774/554
f 1525/1774/554 1537/1773/553 1538/1775/555 1526/1776/556
f 1526/1776/556 1538/1775/555 1539/1777/557 1527/1778/558
f 1527/1778/558 1539/1777/557 1540/1779/559 1528/1780/560
f 1528/1780/560 1540/1779/559 1541/1781/561 1529/1782/562
f 1529/1783/562 1541/1784/561 1542/1785/563 1530/1786/564
f 1530/1786/564 1542/1785/563 1543/1787/565 1531/1788/566
f 1531/1788/566 1543/1787/565 1544/1789/567 1532/1790/568
f 1532/1790/568 1544/1789/567 1545/1791/569 1533/1792/570
f 1533/1792/570 1545/1791/569 1546/1793/571 1534/1794/572
f 1534/1794/572 1546/1793/571 1535/1770/550 1523/1769/549
f 1537/1773/553 1536/1771/551 1500/1731/514 1501/1730/513
f 1538/1775/555 1537/1773/553 1501/1730/513 1502/1732/515
f 1539/1777/557 1538/1775/555 1502/1732/515 1503/1733/516
f 1540/1779/559 1539/1777/557 1503/1733/516 1504/1734/517
f 1541/1781/561 1540/1779/559 1504/1734/517 1505/1735/518
f 1542/1785/563 1541/1784/561 1505/1737/518 1506/1736/519
f 1543/1787/565 1542/1785/563 1506/1736/519 1507/1738/520
f 1544/1789/567 1543/1787/565 1507/1738/520 1508/1739/521
f 1545/1791/569 1544/1789/567 1508/1739/521 1509/1740/522
f 1546/1793/571 1545/1791/569 1509/1740/522 1510/1741/523
f 1535/1770/550 1546/1793/571 1510/1741/523 1499/1742/524
f 1559/1795/573 1558/1796/574 1552/1797/575 1565/1798/576
f 1562/1799/577 1555/1800/578 1556/1801/579 1561/1802/580
f 1563/1803/581 1554/1804/582 1547/1805/583 1570/1806/584
f 1560/1807/585 1557/1808/586 1558/1796/574 1559/1795/573
f 1565/1798/576 1552/1797/575 1549/1809/587 1568/1810/588
f 1561/1802/580 1556/1801/579 1548/1811/589 1569/1812/590
f 1570/1806/584 1547/1805/583 1550/1813/591 1567/1814/592
f 1568/1810/588 1549/1809/587 1553/1815/593 1564/1816/594
f 1569/1812/590 1548/1811/589 1551/1817/595 1566/1818/596
f 1567/1819/592 1550/1820/591 1555/1800/578 1562/1799/577
f 1564/1816/594 1553/1815/593 1554/1804/582 1563/1803/581
f 1566/1818/596 1551/1817/595 1557/1808/586 1560/1807/585
f 1564/1816/594 1563/1803/581 1531/1788/566 1532/1790/568
f 1568/1810/588 1564/1816/594 1532/1790/568 1533/1792/570
f 1565/1798/576 1568/1810/588 1533/1792/570 1534/1794/572
f 1565/1798/576 1534/1794/572 1523/1769/549 1559/1795/573
f 1560/1807/585 1559/1795/573 1523/1769/549 1524/1772/552
f 1566/1818/596 1560/1807/585 1524/1772/552 1525/1774/554
f 1569/1812/590 1566/1818/596 1525/1774/554 1526/1776/556
f 1561/1802/580 1569/1812/590 1526/1776/556 1527/1778/558
f 1562/1799/577 1561/1802/580 1527/1778/558 1528/1780/560
f 1567/1819/592 1562/1799/577 1528/1780/560 1529/1782/562
f 1570/1806/584 1567/1814/592 1529/1783/562 1530/1786/564
f 1563/1803/581 1570/1806/584 1530/1786/564 1531/1788/566
f 1536/1771/551 1535/1770/550 1499/1742/524 1500/1731/514
f 1571/1821/597 1583/1822/598 1584/1823/599 1572/1824/600
f 1572/1824/600 1584/1823/599 1585/1825/601 1573/1826/602
f 1573/1826/602 1585/1825/601 1586/1827/603 1574/1828/604
f 1574/1828/604 1586/1827/603 1587/1829/605 1575/1830/606
f 1575/1830/606 1587/1829/605 1588/1831/607 1576/1832/608
f 1576/1832/608 1588/1831/607 1589/1833/609 1577/1834/610
f 1577/1835/610 1589/1836/609 1590/1837/611 1578/1838/612
f 1578/1838/612 1590/1837/611 1591/1839/613 1579/1840/614
f 1579/1840/614 1591/1839/613 1592/1841/615 1580/1842/616
f 1580/1842/616 1592/1841/615 1593/1843/617 1581/1844/618
f 1581/1844/618 1593/1843/617 1594/1845/619 1582/1846/620
f 1582/1846/620 1594/1845/619 1583/1822/598 1571/1821/597
f 1585/1825/601 1584/1823/599 1608/1847/621 1609/1848/622
f 1586/1827/603 1585/1825/601 1609/1848/622 1610/1849/623
f 1587/1829/605 1586/1827/603 1610/1849/623 1611/1850/624
f 1588/1831/607 1587/1829/605 1611/1850/624 1612/1851/625
f 1589/1833/609 1588/1831/607 1612/1851/625 1613/1852/626
f 1590/1837/611 1589/1836/609 1613/1853/626 1614/1854/627
f 1591/1839/613 1590/1837/611 1614/1854/627 1615/1855/628
f 1592/1841/615 1591/1839/613 1615/1855/628 1616/1856/629
f 1593/1843/617 1592/1841/615 1616/1856/629 1617/1857/630
f 1594/1845/619 1593/1843/617 1617/1857/630 1618/1858/631
f 1583/1822/598 1594/1845/619 1618/1858/631 1607/1859/632
f 1619/1860/633 1606/1861/634 1600/1862/635 1625/1863/636
f 1622/1864/637 1603/1865/638 1604/1866/639 1621/1867/640
f 1623/1868/641 1602/1869/642 1595/1870/643 1630/1871/644
f 1620/1872/645 1605/1873/646 1606/1861/634 1619/1860/633
f 1625/1863/636 1600/1862/635 1597/1874/647 1628/1875/648
f 1621/1867/640 1604/1866/639 1596/1876/649 1629/1877/650
f 1630/1871/644 1595/1870/643 1598/1878/651 1627/1879/652
f 1628/1875/648 1597/1874/647 1601/1880/653 1624/1881/654
f 1629/1877/650 1596/1876/649 1599/1882/655 1626/1883/656
f 1627/1884/652 1598/1885/651 1603/1865/638 1622/1864/637
f 1624/1881/654 1601/1880/653 1602/1869/642 1623/1868/641
f 1626/1883/656 1599/1882/655 1605/1873/646 1620/1872/645
f 1624/1881/654 1623/1868/641 1579/1840/614 1580/1842/616
f 1628/1875/648 1624/1881/654 1580/1842/616 1581/1844/618
f 1625/1863/636 1628/1875/648 1581/1844/618 1582/1846/620
f 1625/1863/636 1582/1846/620 1571/1821/597 1619/1860/633
f 1620/1872/645 1619/1860/633 1571/1821/597 1572/1824/600
f 1626/1883/656 1620/1872/645 1572/1824/600 1573/1826/602
f 1629/1877/650 1626/1883/656 1573/1826/602 1574/1828/604
f 1621/1867/640 1629/1877/650 1574/1828/604 1575/1830/606
f 1622/1864/637 1621/1867/640 1575/1830/606 1576/1832/608
f 1627/1884/652 1622/1864/637 1576/1832/608 1577/1834/610
f 1630/1871/644 1627/1879/652 1577/1835/610 1578/1838/612
f 1623/1868/641 1630/1871/644 1578/1838/612 1579/1840/614
f 1584/1823/599 1583/1822/598 1607/1859/632 1608/1847/621
f 1631/1886/657 1632/1887/658 1644/1888/659 1643/1889/660
f 1632/1887/658 1633/1890/661 1645/1891/662 1644/1888/659
f 1633/1890/661 1634/1892/663 1646/1893/664 1645/1891/662
f 1634/1892/663 1635/1894/665 1647/1895/666 1646/1893/664
f 1635/1894/665 1636/1896/667 1648/1897/668 1647/1895/666
f 1636/1896/667 1637/1898/669 1649/1899/670 1648/1897/668
f 1637/1900/669 1638/1901/671 1650/1902/672 1649/1903/670
f 1638/1901/671 1639/1904/673 1651/1905/674 1650/1902/672
f 1639/1904/673 1640/1906/675 1652/1907/676 1651/1905/674
f 1640/1906/675 1641/1908/677 1653/1909/678 1652/1907/676
f 1641/1908/677 1642/1910/679 1654/1911/680 1653/1909/678
f 1642/1910/679 1631/1886/657 1643/1889/660 1654/1911/680
f 1645/1891/662 1609/1848/622 1608/1847/621 1644/1888/659
f 1646/1893/664 1610/1849/623 1609/1848/622 1645/1891/662
f 1647/1895/666 1611/1850/624 1610/1849/623 1646/1893/664
f 1648/1897/668 1612/1851/625 1611/1850/624 1647/1895/666
f 1649/1899/670 1613/1852/626 1612/1851/625 1648/1897/668
f 1650/1902/672 1614/1854/627 1613/1853/626 1649/1903/670
f 1651/1905/674 1615/1855/628 1614/1854/627 1650/1902/672
f 1652/1907/676 1616/1856/629 1615/1855/628 1651/1905/674
f 1653/1909/678 1617/1857/630 1616/1856/629 1652/1907/676
f 1654/1911/680 1618/1858/631 1617/1857/630 1653/1909/678
f 1643/1889/660 1607/1859/632 1618/1858/631 1654/1911/680
f 1667/1912/681 1673/1913/682 1660/1914/683 1666/1915/684
f 1670/1916/685 1669/1917/686 1664/1918/687 1663/1919/688
f 1671/1920/689 1678/1921/690 1655/1922/691 1662/1923/692
f 1668/1924/693 1667/1912/681 1666/1915/684 1665/1925/694
f 1673/1913/682 1676/1926/695 1657/1927/696 1660/1914/683
f 1669/1917/686 1677/1928/697 1656/1929/698 1664/1918/687
f 1678/1921/690 1675/1930/699 1658/1931/700 1655/1922/691
f 1676/1926/695 1672/1932/701 1661/1933/702 1657/1927/696
f 1677/1928/697 1674/1934/703 1659/1935/704 1656/1929/698
f 1675/1936/699 1670/1916/685 1663/1919/688 1658/1937/700
f 1672/1932/701 1671/1920/689 1662/1923/692 1661/1933/702
f 1674/1934/703 1668/1924/693 1665/1925/694 1659/1935/704
f 1672/1932/701 1640/1906/675 1639/1904/673 1671/1920/689
f 1676/1926/695 1641/1908/677 1640/1906/675 1672/1932/701
f 1673/1913/682 1642/1910/679 1641/1908/677 1676/1926/695
f 1673/1913/682 1667/1912/681 1631/1886/657 1642/1910/679
f 1668/1924/693 1632/1887/658 1631/1886/657 1667/1912/681
f 1674/1934/703 1633/1890/661 1632/1887/658 1668/1924/693
f 1677/1928/697 1634/1892/663 1633/1890/661 1674/1934/703
f 1669/1917/686 1635/1894/665 1634/1892/663 1677/1928/697
f 1670/1916/685 1636/1896/667 1635/1894/665 1669/1917/686
f 1675/1936/699 1637/1898/669 1636/1896/667 1670/1916/685
f 1678/1921/690 1638/1901/671 1637/1900/669 1675/1930/699
f 1671/1920/689 1639/1904/673 1638/1901/671 1678/1921/690
f 1644/1888/659 1608/1847/621 1607/1859/632 1643/1889/660
f 1697/1938/16 1680/1939/16 1682/1940/43 1698/1941/43
f 1698/1941/43 1682/1940/43 1684/1942/6 1701/1943/6
f 1701/1944/6 1684/1945/6 1686/1946/44 1704/1947/44
f 1704/1947/44 1686/1946/44 1688/1948/22 1707/1949/22
f 1707/1949/22 1688/1948/22 1690/1950/45 1710/1951/45
f 1710/1951/45 1690/1950/45 1692/1952/14 1713/1953/14
f 1712/1954/45 1711/1955/45 1714/1956/14 1715/1957/14
f 1713/1953/14 1692/1952/14 1694/1958/46 1716/1959/46
f 1716/1959/46 1694/1958/46 1680/1939/16 1697/1938/16
f 1689/1960/45 1712/1954/45 1715/1957/14 1691/1961/14
f 1714/1956/14 1713/1953/14 1716/1959/46 1717/1962/46
f 1715/1957/14 1714/1956/14 1717/1962/46 1718/1963/46
f 1691/1961/14 1715/1957/14 1718/1963/46 1693/1964/46
f 1717/1962/46 1716/1959/46 1697/1938/16 1695/1965/16
f 1718/1963/46 1717/1962/46 1695/1965/16 1696/1966/16
f 1693/1964/46 1718/1963/46 1696/1966/16 1679/1967/16
f 1711/1955/45 1710/1951/45 1713/1953/14 1714/1956/14
f 1687/1968/22 1709/1969/22 1712/1954/45 1689/1960/45
f 1709/1969/22 1708/1970/22 1711/1955/45 1712/1954/45
f 1708/1970/22 1707/1949/22 1710/1951/45 1711/1955/45
f 1685/1971/44 1706/1972/44 1709/1969/22 1687/1968/22
f 1706/1972/44 1705/1973/44 1708/1970/22 1709/1969/22
f 1705/1973/44 1704/1947/44 1707/1949/22 1708/1970/22
f 1683/1974/6 1703/1975/6 1706/1972/44 1685/1971/44
f 1703/1975/6 1702/1976/6 1705/1973/44 1706/1972/44
f 1702/1976/6 1701/1944/6 1704/1947/44 1705/1973/44
f 1681/1977/43 1700/1978/43 1703/1979/6 1683/1980/6
f 1700/1978/43 1699/1981/43 1702/1982/6 1703/1979/6
f 1699/1981/43 1698/1941/43 1701/1943/6 1702/1982/6
f 1679/1967/16 1696/1966/16 1700/1978/43 1681/1977/43
f 1696/1966/16 1695/1965/16 1699/1981/43 1700/1978/43
f 1695/1965/16 1697/1938/16 1698/1941/43 1699/1981/43
f 1719/1983/597 1731/1984/598 1732/1985/599 1720/1986/600
f 1720/1986/600 1732/1985/599 1733/1987/601 1721/1988/602
f 1721/1988/602 1733/1987/601 1734/1989/603 1722/1990/604
f 1722/1990/604 1734/1989/603 1735/1991/605 1723/1992/606
f 1723/1992/606 1735/1991/605 1736/1993/607 1724/1994/608
f 1724/1994/608 1736/1993/607 1737/1995/609 1725/1996/610
f 1725/1997/610 1737/1998/609 1738/1999/611 1726/2000/612
f 1726/2000/612 1738/1999/611 1739/2001/613 1727/2002/614
f 1727/2002/614 1739/2001/613 1740/2003/615 1728/2004/616
f 1728/2004/616 1740/2003/615 1741/2005/617 1729/2006/618
f 1729/2006/618 1741/2005/617 1742/2007/619 1730/2008/620
f 1730/2008/620 1742/2007/619 1731/1984/598 1719/1983/597
f 1733/1987/601 1732/1985/599 1756/2009/621 1757/2010/622
f 1734/1989/603 1733/1987/601 1757/2010/622 1758/2011/705
f 1735/1991/605 1734/1989/603 1758/2011/705 1759/2012/624
f 1736/1993/607 1735/1991/605 1759/2012/624 1760/2013/625
f 1737/1995/609 1736/1993/607 1760/2013/625 1761/2014/626
f 1738/1999/611 1737/1998/609 1761/2015/626 1762/2016/627
f 1739/2001/613 1738/1999/611 1762/2016/627 1763/2017/628
f 1740/2003/615 1739/2001/613 1763/2017/628 1764/2018/629
f 1741/2005/617 1740/2003/615 1764/2018/629 1765/2019/630
f 1742/2007/619 1741/2005/617 1765/2019/630 1766/2020/631
f 1731/1984/598 1742/2007/619 1766/2020/631 1755/2021/632
f 1767/2022/633 1754/2023/634 1748/2024/706 1773/2025/636
f 1770/2026/637 1751/2027/638 1752/2028/639 1769/2029/707
f 1771/2030/641 1750/2031/642 1743/2032/643 1778/2033/644
f 1768/2034/645 1753/2035/646 1754/2023/634 1767/2022/633
f 1773/2025/636 1748/2024/706 1745/2036/647 1776/2037/648
f 1769/2029/707 1752/2028/639 1744/2038/649 1777/2039/650
f 1778/2033/644 1743/2032/643 1746/2040/651 1775/2041/652
f 1776/2037/648 1745/2036/647 1749/2042/708 1772/2043/654
f 1777/2039/650 1744/2038/649 1747/2044/655 1774/2045/656
f 1775/2046/652 1746/2047/651 1751/2027/638 1770/2026/637
f 1772/2043/654 1749/2042/708 1750/2031/642 1771/2030/641
f 1774/2045/656 1747/2044/655 1753/2035/646 1768/2034/645
f 1772/2043/654 1771/2030/641 1727/2002/614 1728/2004/616
f 1776/2037/648 1772/2043/654 1728/2004/616 1729/2006/618
f 1773/2025/636 1776/2037/648 1729/2006/618 1730/2008/620
f 1773/2025/636 1730/2008/620 1719/1983/597 1767/2022/633
f 1768/2034/645 1767/2022/633 1719/1983/597 1720/1986/600
f 1774/2045/656 1768/2034/645 1720/1986/600 1721/1988/602
f 1777/2039/650 1774/2045/656 1721/1988/602 1722/1990/604
f 1769/2029/707 1777/2039/650 1722/1990/604 1723/1992/606
f 1770/2026/637 1769/2029/707 1723/1992/606 1724/1994/608
f 1775/2046/652 1770/2026/637 1724/1994/608 1725/1996/610
f 1778/2033/644 1775/2041/652 1725/1997/610 1726/2000/612
f 1771/2030/641 1778/2033/644 1726/2000/612 1727/2002/614
f 1732/1985/599 1731/1984/598 1755/2021/632 1756/2009/621
f 1779/2048/657 1780/2049/658 1792/2050/659 1791/2051/660
f 1780/2049/658 1781/2052/709 1793/2053/662 1792/2050/659
f 1781/2052/709 1782/2054/663 1794/2055/664 1793/2053/662
f 1782/2054/663 1783/2056/665 1795/2057/666 1794/2055/664
f 1783/2056/665 1784/2058/667 1796/2059/668 1795/2057/666
f 1784/2058/667 1785/2060/669 1797/2061/670 1796/2059/668
f 1785/2062/669 1786/2063/671 1798/2064/672 1797/2065/670
f 1786/2063/671 1787/2066/673 1799/2067/674 1798/2064/672
f 1787/2066/673 1788/2068/675 1800/2069/676 1799/2067/674
f 1788/2068/675 1789/2070/677 1801/2071/678 1800/2069/676
f 1789/2070/677 1790/2072/679 1802/2073/680 1801/2071/678
f 1790/2072/679 1779/2048/657 1791/2051/660 1802/2073/680
f 1793/2053/662 1757/2010/622 1756/2009/621 1792/2050/659
f 1794/2055/664 1758/2011/705 1757/2010/622 1793/2053/662
f 1795/2057/666 1759/2012/624 1758/2011/705 1794/2055/664
f 1796/2059/668 1760/2013/625 1759/2012/624 1795/2057/666
f 1797/2061/670 1761/2014/626 1760/2013/625 1796/2059/668
f 1798/2064/672 1762/2016/627 1761/2015/626 1797/2065/670
f 1799/2067/674 1763/2017/628 1762/2016/627 1798/2064/672
f 1800/2069/676 1764/2018/629 1763/2017/628 1799/2067/674
f 1801/2071/678 1765/2019/630 1764/2018/629 1800/2069/676
f 1802/2073/680 1766/2020/631 1765/2019/630 1801/2071/678
f 1791/2051/660 1755/2021/632 1766/2020/631 1802/2073/680
f 1815/2074/681 1821/2075/682 1808/2076/683 1814/2077/684
f 1818/2078/685 1817/2079/686 1812/2080/687 1811/2081/688
f 1819/2082/689 1826/2083/690 1803/2084/691 1810/2085/692
f 1816/2086/693 1815/2074/681 1814/2077/684 1813/2087/694
f 1821/2075/682 1824/2088/695 1805/2089/710 1808/2076/683
f 1817/2079/686 1825/2090/697 1804/2091/698 1812/2080/687
f 1826/2083/690 1823/2092/699 1806/2093/700 1803/2084/691
f 1824/2088/695 1820/2094/701 1809/2095/702 1805/2089/710
f 1825/2090/697 1822/2096/703 1807/2097/704 1804/2091/698
f 1823/2098/699 1818/2078/685 1811/2081/688 1806/2099/700
f 1820/2094/701 1819/2082/689 1810/2085/692 1809/2095/702
f 1822/2096/703 1816/2086/693 1813/2087/694 1807/2097/704
f 1820/2094/701 1788/2068/675 1787/2066/673 1819/2082/689
f 1824/2088/695 1789/2070/677 1788/2068/675 1820/2094/701
f 1821/2075/682 1790/2072/679 1789/2070/677 1824/2088/695
f 1821/2075/682 1815/2074/681 1779/2048/657 1790/2072/679
f 1816/2086/693 1780/2049/658 1779/2048/657 1815/2074/681
f 1822/2096/703 1781/2052/709 1780/2049/658 1816/2086/693
f 1825/2090/697 1782/2054/663 1781/2052/709 1822/2096/703
f 1817/2079/686 1783/2056/665 1782/2054/663 1825/2090/697
f 1818/2078/685 1784/2058/667 1783/2056/665 1817/2079/686
f 1823/2098/699 1785/2060/669 1784/2058/667 1818/2078/685
f 1826/2083/690 1786/2063/671 1785/2062/669 1823/2092/699
f 1819/2082/689 1787/2066/673 1786/2063/671 1826/2083/690
f 1792/2050/659 1756/2009/621 1755/2021/632 1791/2051/660
f 1827/2100/489 1828/2101/490 1840/2102/491 1839/2103/492
f 1828/2101/490 1829/2104/493 1841/2105/494 1840/2102/491
f 1829/2104/493 1830/2106/495 1842/2107/496 1841/2105/494
f 1830/2106/495 1831/2108/497 1843/2109/498 1842/2107/496
f 1831/2108/497 1832/2110/499 1844/2111/500 1843/2109/498
f 1832/2110/499 1833/2112/501 1845/2113/502 1844/2111/500
f 1833/2114/501 1834/2115/503 1846/2116/504 1845/2117/502
f 1834/2115/503 1835/2118/505 1847/2119/506 1846/2116/504
f 1835/2118/505 1836/2120/507 1848/2121/508 1847/2119/506
f 1836/2120/507 1837/2122/509 1849/2123/510 1848/2121/508
f 1837/2122/509 1838/2124/511 1850/2125/512 1849/2123/510
f 1838/2124/511 1827/2100/489 1839/2103/492 1850/2125/512
f 1841/2105/494 1865/2126/513 1864/2127/514 1840/2102/491
f 1842/2107/496 1866/2128/515 1865/2126/513 1841/2105/494
f 1843/2109/498 1867/2129/516 1866/2128/515 1842/2107/496
f 1844/2111/500 1868/2130/517 1867/2129/516 1843/2109/498
f 1845/2113/502 1869/2131/518 1868/2130/517 1844/2111/500
f 1846/2116/504 1870/2132/519 1869/2133/518 1845/2117/502
f 1847/2119/506 1871/2134/520 1870/2132/519 1846/2116/504
f 1848/2121/508 1872/2135/521 1871/2134/520 1847/2119/506
f 1849/2123/510 1873/2136/522 1872/2135/521 1848/2121/508
f 1850/2125/512 1874/2137/523 1873/2136/522 1849/2123/510
f 1839/2103/492 1863/2138/524 1874/2137/523 1850/2125/512
f 1875/2139/525 1881/2140/526 1856/2141/527 1862/2142/528
f 1878/2143/529 1877/2144/530 1860/2145/711 1859/2146/532
f 1879/2147/533 1886/2148/534 1851/2149/535 1858/2150/536
f 1876/2151/537 1875/2139/525 1862/2142/528 1861/2152/538
f 1881/2140/526 1884/2153/539 1853/2154/540 1856/2141/527
f 1877/2144/530 1885/2155/541 1852/2156/712 1860/2145/711
f 1886/2148/534 1883/2157/543 1854/2158/544 1851/2149/535
f 1884/2153/539 1880/2159/545 1857/2160/546 1853/2154/540
f 1885/2155/541 1882/2161/547 1855/2162/548 1852/2156/712
f 1883/2163/543 1878/2143/529 1859/2146/532 1854/2164/544
f 1880/2159/545 1879/2147/533 1858/2150/536 1857/2160/546
f 1882/2161/547 1876/2151/537 1861/2152/538 1855/2162/548
f 1880/2159/545 1836/2120/507 1835/2118/505 1879/2147/533
f 1884/2153/539 1837/2122/509 1836/2120/507 1880/2159/545
f 1881/2140/526 1838/2124/511 1837/2122/509 1884/2153/539
f 1881/2140/526 1875/2139/525 1827/2100/489 1838/2124/511
f 1876/2151/537 1828/2101/490 1827/2100/489 1875/2139/525
f 1882/2161/547 1829/2104/493 1828/2101/490 1876/2151/537
f 1885/2155/541 1830/2106/495 1829/2104/493 1882/2161/547
f 1877/2144/530 1831/2108/497 1830/2106/495 1885/2155/541
f 1878/2143/529 1832/2110/499 1831/2108/497 1877/2144/530
f 1883/2163/543 1833/2112/501 1832/2110/499 1878/2143/529
f 1886/2148/534 1834/2115/503 1833/2114/501 1883/2157/543
f 1879/2147/533 1835/2118/505 1834/2115/503 1886/2148/534
f 1840/2102/491 1864/2127/514 1863/2138/524 1839/2103/492
f 1887/2165/549 1899/2166/550 1900/2167/551 1888/2168/552
f 1888/2168/552 1900/2167/551 1901/2169/553 1889/2170/554
f 1889/2170/554 1901/2169/553 1902/2171/555 1890/2172/556
f 1890/2172/556 1902/2171/555 1903/2173/557 1891/2174/558
f 1891/2174/558 1903/2173/557 1904/2175/559 1892/2176/560
f 1892/2176/560 1904/2175/559 1905/2177/561 1893/2178/562
f 1893/2179/562 1905/2180/561 1906/2181/563 1894/2182/564
f 1894/2182/564 1906/2181/563 1907/2183/565 1895/2184/566
f 1895/2184/566 1907/2183/565 1908/2185/567 1896/2186/568
f 1896/2186/568 1908/2185/567 1909/2187/569 1897/2188/570
f 1897/2188/570 1909/2187/569 1910/2189/571 1898/2190/572
f 1898/2190/572 1910/2189/571 1899/2166/550 1887/2165/549
f 1901/2169/553 1900/2167/551 1864/2127/514 1865/2126/513
f 1902/2171/555 1901/2169/553 1865/2126/513 1866/2128/515
f 1903/2173/557 1902/2171/555 1866/2128/515 1867/2129/516
f 1904/2175/559 1903/2173/557 1867/2129/516 1868/2130/517
f 1905/2177/561 1904/2175/559 1868/2130/517 1869/2131/518
f 1906/2181/563 1905/2180/561 1869/2133/518 1870/2132/519
f 1907/2183/565 1906/2181/563 1870/2132/519 1871/2134/520
f 1908/2185/567 1907/2183/565 1871/2134/520 1872/2135/521
f 1909/2187/569 1908/2185/567 1872/2135/521 1873/2136/522
f 1910/2189/571 1909/2187/569 1873/2136/522 1874/2137/523
f 1899/2166/550 1910/2189/571 1874/2137/523 1863/2138/524
f 1923/2191/573 1922/2192/574 1916/2193/575 1929/2194/576
f 1926/2195/577 1919/2196/578 1920/2197/713 1925/2198/580
f 1927/2199/581 1918/2200/582 1911/2201/583 1934/2202/584
f 1924/2203/585 1921/2204/586 1922/2192/574 1923/2191/573
f 1929/2194/576 1916/2193/575 1913/2205/587 1932/2206/588
f 1925/2198/580 1920/2197/713 1912/2207/714 1933/2208/590
f 1934/2202/584 1911/2201/583 1914/2209/591 1931/2210/592
f 1932/2206/588 1913/2205/587 1917/2211/593 1928/2212/594
f 1933/2208/590 1912/2207/714 1915/2213/595 1930/2214/596
f 1931/2215/592 1914/2216/591 1919/2196/578 1926/2195/577
f 1928/2212/594 1917/2211/593 1918/2200/582 1927/2199/581
f 1930/2214/596 1915/2213/595 1921/2204/586 1924/2203/585
f 1928/2212/594 1927/2199/581 1895/2184/566 1896/2186/568
f 1932/2206/588 1928/2212/594 1896/2186/568 1897/2188/570
f 1929/2194/576 1932/2206/588 1897/2188/570 1898/2190/572
f 1929/2194/576 1898/2190/572 1887/2165/549 1923/2191/573
f 1924/2203/585 1923/2191/573 1887/2165/549 1888/2168/552
f 1930/2214/596 1924/2203/585 1888/2168/552 1889/2170/554
f 1933/2208/590 1930/2214/596 1889/2170/554 1890/2172/556
f 1925/2198/580 1933/2208/590 1890/2172/556 1891/2174/558
f 1926/2195/577 1925/2198/580 1891/2174/558 1892/2176/560
f 1931/2215/592 1926/2195/577 1892/2176/560 1893/2178/562
f 1934/2202/584 1931/2210/592 1893/2179/562 1894/2182/564
f 1927/2199/581 1934/2202/584 1894/2182/564 1895/2184/566
f 1900/2167/551 1899/2166/550 1863/2138/524 1864/2127/514
f 1953/2217/22 1954/2218/44 1938/2219/44 1936/2220/22
f 1954/2218/44 1957/2221/6 1940/2222/6 1938/2219/44
f 1957/2223/6 1960/2224/43 1942/2225/43 1940/2226/6
f 1960/2224/43 1963/2227/16 1944/2228/16 1942/2225/43
f 1963/2227/16 1966/2229/46 1946/2230/46 1944/2228/16
f 1966/2229/46 1969/2231/14 1948/2232/14 1946/2230/46
f 1968/2233/46 1971/2234/14 1970/2235/14 1967/2236/46
f 1969/2231/14 1972/2237/45 1950/2238/45 1948/2232/14
f 1972/2237/45 1953/2217/22 1936/2220/22 1950/2238/45
f 1945/2239/46 1947/2240/14 1971/2234/14 1968/2233/46
f 1970/2235/14 1973/2241/45 1972/2237/45 1969/2231/14
f 1971/2234/14 1974/2242/45 1973/2241/45 1970/2235/14
f 1947/2240/14 1949/2243/45 1974/2242/45 1971/2234/14
f 1973/2241/45 1951/2244/22 1953/2217/22 1972/2237/45
f 1974/2242/45 1952/2245/22 1951/2244/22 1973/2241/45
f 1949/2243/45 1935/2246/22 1952/2245/22 1974/2242/45
f 1967/2236/46 1970/2235/14 1969/2231/14 1966/2229/46
f 1943/2247/16 1945/2239/46 1968/2233/46 1965/2248/16
f 1965/2248/16 1968/2233/46 1967/2236/46 1964/2249/16
f 1964/2249/16 1967/2236/46 1966/2229/46 1963/2227/16
f 1941/2250/43 1943/2247/16 1965/2248/16 1962/2251/43
f 1962/2251/43 1965/2248/16 1964/2249/16 1961/2252/43
f 1961/2252/43 1964/2249/16 1963/2227/16 1960/2224/43
f 1939/2253/6 1941/2250/43 1962/2251/43 1959/2254/6
f 1959/2254/6 1962/2251/43 1961/2252/43 1958/2255/6
f 1958/2255/6 1961/2252/43 1960/2224/43 1957/2223/6
f 1937/2256/44 1939/2257/6 1959/2258/6 1956/2259/44
f 1956/2259/44 1959/2258/6 1958/2260/6 1955/2261/44
f 1955/2261/44 1958/2260/6 1957/2221/6 1954/2218/44
f 1935/2246/22 1937/2256/44 1956/2259/44 1952/2245/22
f 1952/2245/22 1956/2259/44 1955/2261/44 1951/2244/22
f 1951/2244/22 1955/2261/44 1954/2218/44 1953/2217/22
