# Blender 5.1.2
# www.blender.org
mtllib SeeSaw02_22.mtl
o SM_Swings_02
v 0.078855 0.000000 0.001099
v 0.063342 -0.000000 -0.046650
v 0.063342 0.972767 -0.046650
v 0.078855 0.972767 0.001099
v 0.022722 -0.000000 -0.076162
v 0.022722 0.972767 -0.076162
v -0.027480 -0.000000 -0.076162
v -0.027480 0.972767 -0.076162
v -0.068103 -0.000000 -0.046650
v -0.068103 0.972767 -0.046650
v -0.083616 0.000000 0.001099
v -0.083616 0.972767 0.001099
v -0.068103 0.000000 0.048848
v -0.068103 0.972767 0.048848
v -0.027480 0.000000 0.078359
v -0.027480 0.972767 0.078359
v 0.022722 0.000000 0.078359
v 0.022722 0.972767 0.078359
v 0.063342 0.000000 0.048848
v 0.063342 0.972767 0.048848
v 1.219998 0.150906 -0.030037
v 1.178008 0.150906 -0.348970
v 1.180918 0.179376 -0.349749
v 1.223008 0.179376 -0.030037
v 1.054905 0.150906 -0.646169
v 1.057512 0.179376 -0.647676
v 0.859075 0.150906 -0.901379
v 0.861204 0.179376 -0.903508
v 0.603865 0.150906 -1.097209
v 0.605371 0.179376 -1.099817
v 0.306665 0.150906 -1.220312
v 0.307444 0.179376 -1.223223
v -0.012268 0.150906 -1.262302
v -0.012268 0.179376 -1.265312
v -0.331201 0.150906 -1.220312
v -0.331980 0.179376 -1.223223
v -0.628400 0.150906 -1.097209
v -0.629905 0.179376 -1.099817
v -0.883610 0.150906 -0.901379
v -0.885738 0.179376 -0.903508
v -1.079440 0.150906 -0.646169
v -1.082047 0.179376 -0.647676
v -1.202543 0.150906 -0.348970
v -1.205452 0.179376 -0.349751
v -1.244531 0.150906 -0.030037
v -1.247543 0.179376 -0.030037
v -1.202544 0.150906 0.288896
v -1.205453 0.179376 0.289675
v -1.079440 0.150906 0.586096
v -1.082048 0.179376 0.587600
v -0.883610 0.150906 0.841306
v -0.885740 0.179376 0.843435
v -0.628400 0.150906 1.037136
v -0.629906 0.179376 1.039744
v -0.331201 0.150906 1.160239
v -0.331982 0.179376 1.163149
v -0.012268 0.150906 1.202229
v -0.012268 0.179376 1.205239
v 0.306665 0.150906 1.160239
v 0.307444 0.179376 1.163149
v 0.603865 0.150906 1.037136
v 0.605369 0.179376 1.039744
v 0.859075 0.150906 0.841306
v 0.861204 0.179376 0.843435
v 1.054905 0.150906 0.586096
v 1.057512 0.179376 0.587602
v 1.178008 0.150906 0.288899
v 1.180918 0.179376 0.289678
v -0.704614 0.886903 -0.833794
v -0.717601 0.893967 -0.822661
v -0.736162 0.884338 -0.844814
v -0.720035 0.879097 -0.852170
v -0.722812 0.911080 -0.817717
v -0.748961 0.897132 -0.848877
v -0.717183 0.928339 -0.821946
v -0.750870 0.910180 -0.862061
v -0.703888 0.935535 -0.832927
v -0.740664 0.915650 -0.876755
v -0.690765 0.928339 -0.844114
v -0.724421 0.910180 -0.884255
v -0.685624 0.911080 -0.848923
v -0.711768 0.897132 -0.880085
v -0.691396 0.893967 -0.844651
v -0.709989 0.884338 -0.866775
v -0.749902 0.864556 -0.861265
v -0.732681 0.861689 -0.867241
v -0.765615 0.871709 -0.868723
v -0.770485 0.879077 -0.885449
v -0.761523 0.882168 -0.901616
v -0.744048 0.879077 -0.907632
v -0.728419 0.871709 -0.899932
v -0.723804 0.864556 -0.883164
v -0.737010 0.838537 -0.872402
v -0.754569 0.839801 -0.866721
v -0.754478 0.159264 -0.866519
v -0.736761 0.159263 -0.872104
v -0.770880 0.842868 -0.875005
v -0.770953 0.159265 -0.875095
v -0.776371 0.845946 -0.892522
v -0.776539 0.159264 -0.892812
v -0.767712 0.847224 -0.908992
v -0.767963 0.159263 -0.909290
v -0.749990 0.845946 -0.914658
v -0.750247 0.159264 -0.914875
v -0.733693 0.842868 -0.906209
v -0.733770 0.159265 -0.906296
v -0.728367 0.839801 -0.888706
v -0.728184 0.159264 -0.888582
v 0.647031 0.911080 0.814797
v 0.652173 0.928339 0.809988
v 0.665295 0.935535 0.798801
v 0.678589 0.928339 0.787820
v 0.684221 0.911080 0.783591
v 0.679009 0.893967 0.788535
v 0.666021 0.886903 0.799665
v 0.681443 0.879097 0.818044
v 0.671396 0.884338 0.832649
v 0.652803 0.893967 0.810525
v 0.673176 0.897132 0.845959
v 0.685828 0.910180 0.850129
v 0.702073 0.915650 0.842629
v 0.712278 0.910180 0.827935
v 0.710369 0.897132 0.814751
v 0.697568 0.884338 0.810688
v 0.694089 0.861686 0.833118
v 0.685217 0.864541 0.849038
v 0.689819 0.871708 0.865798
v 0.705432 0.879117 0.873489
v 0.722910 0.882227 0.867463
v 0.731877 0.879117 0.851299
v 0.727014 0.871708 0.834585
v 0.711311 0.864541 0.827143
v 0.698144 0.839846 0.837952
v 0.698169 0.159265 0.837978
v 0.689592 0.159265 0.854456
v 0.689583 0.839669 0.854368
v 0.695176 0.159265 0.872170
v 0.695110 0.839321 0.872092
v 0.711653 0.159265 0.880749
v 0.711589 0.839051 0.880757
v 0.729370 0.159265 0.875164
v 0.729385 0.838955 0.875181
v 0.737947 0.159265 0.858687
v 0.737966 0.839051 0.858623
v 0.732361 0.159265 0.840969
v 0.732295 0.839321 0.840889
v 0.715884 0.159265 0.832393
v 0.715801 0.839669 0.832368
v 0.047236 0.896665 0.062226
v 0.706660 0.194472 0.848098
v 0.696313 0.200375 0.861111
v 0.037964 0.901024 0.077263
v 0.696313 0.214579 0.871533
v 0.041340 0.911324 0.091755
v 0.706604 0.228727 0.873276
v 0.055120 0.921413 0.097336
v 0.721145 0.234575 0.865361
v 0.071272 0.925581 0.090874
v 0.731465 0.228727 0.852415
v 0.080444 0.921413 0.076084
v 0.731536 0.214579 0.841978
v 0.077339 0.911324 0.061550
v 0.721272 0.200375 0.840168
v 0.063652 0.901024 0.055708
v 0.412783 0.582413 0.451506
v 0.572878 0.582413 0.317170
v 0.591162 0.582413 0.307634
v 0.608992 0.582413 0.310090
v 0.626372 0.582413 0.324536
v 0.862009 0.582413 0.605359
v 0.873220 0.582413 0.624983
v 0.872541 0.582413 0.642969
v 0.859976 0.582413 0.659319
v 0.699880 0.582413 0.793655
v 0.665540 0.582413 0.809978
v 0.390745 0.582413 0.482493
v 0.390745 0.614479 0.482493
v 0.665540 0.614479 0.809978
v 0.699880 0.614479 0.793655
v 0.859976 0.614479 0.659319
v 0.872541 0.614479 0.642969
v 0.873220 0.614479 0.624983
v 0.862009 0.614479 0.605359
v 0.626372 0.614479 0.324536
v 0.608992 0.614479 0.310090
v 0.591162 0.614479 0.307634
v 0.572878 0.614479 0.317170
v 0.412783 0.614479 0.451506
v 0.196904 0.582413 0.632651
v 0.357000 0.582413 0.498315
v 0.644097 0.582413 0.840464
v 0.484001 0.582413 0.974797
v 0.465718 0.582413 0.984333
v 0.447886 0.582413 0.981880
v 0.430508 0.582413 0.967434
v 0.194868 0.582413 0.686609
v 0.183660 0.582413 0.666987
v 0.184338 0.582413 0.648999
v 0.194871 0.614479 0.686609
v 0.430508 0.614479 0.967434
v 0.447886 0.614479 0.981880
v 0.465718 0.614479 0.984333
v 0.484001 0.614479 0.974797
v 0.644097 0.614479 0.840464
v 0.357000 0.614479 0.498315
v 0.196904 0.614479 0.632651
v 0.184338 0.614479 0.648999
v 0.183660 0.614479 0.666987
v 0.482935 0.606527 0.962410
v 0.487166 0.591472 0.966826
v 0.460811 0.604528 0.988909
v 0.463486 0.616892 0.978725
v 0.496921 0.585192 0.978249
v 0.467720 0.599372 1.002754
v 0.506477 0.591472 0.989841
v 0.480154 0.604528 1.011960
v 0.510093 0.606527 0.994775
v 0.490647 0.616892 1.011094
v 0.505610 0.621431 0.990359
v 0.492971 0.629166 1.000916
v 0.495786 0.627597 0.979202
v 0.485979 0.634280 0.987432
v 0.486504 0.621431 0.967590
v 0.473916 0.629166 0.978203
v 0.443740 0.633468 1.003269
v 0.450254 0.639777 0.989831
v 0.449038 0.630833 1.018430
v 0.463047 0.633468 1.026279
v 0.477410 0.639777 1.022197
v 0.483704 0.646023 1.008738
v 0.478394 0.648605 0.993796
v 0.464600 0.646032 0.985976
v 0.437102 0.667322 1.008872
v 0.444663 0.667033 0.994526
v 0.441953 0.667425 1.024373
v 0.456377 0.667322 1.031843
v 0.471814 0.667033 1.026892
v 0.479216 0.666669 1.012534
v 0.474351 0.666487 0.997168
v 0.460208 0.666676 0.989619
v 0.864062 0.591412 0.689753
v 0.868228 0.606415 0.694260
v 0.854343 0.585162 0.678337
v 0.844788 0.591412 0.666782
v 0.841074 0.606415 0.661899
v 0.845330 0.621308 0.666465
v 0.854998 0.627455 0.677788
v 0.864468 0.621308 0.689275
v 0.888508 0.599609 0.669324
v 0.886675 0.612704 0.678791
v 0.881238 0.594146 0.655769
v 0.869153 0.599609 0.646255
v 0.859509 0.612704 0.646416
v 0.858013 0.625625 0.655955
v 0.865283 0.630908 0.669158
v 0.877021 0.625625 0.678611
v 0.908018 0.629046 0.652932
v 0.901995 0.636688 0.665933
v 0.902512 0.625881 0.637920
v 0.888684 0.629047 0.629890
v 0.874834 0.636688 0.633564
v 0.869155 0.644388 0.646548
v 0.874734 0.647644 0.661228
v 0.888223 0.644388 0.669270
v 0.914028 0.667264 0.647812
v 0.906499 0.667021 0.662146
v 0.909175 0.667362 0.632327
v 0.894768 0.667264 0.624858
v 0.879346 0.667021 0.629785
v 0.871934 0.666814 0.644123
v 0.876797 0.666766 0.659495
v 0.891091 0.666814 0.666955
v 0.510093 0.949882 0.994775
v 0.506477 0.964936 0.989841
v 0.480154 0.951881 1.011960
v 0.490647 0.939516 1.011094
v 0.496921 0.971217 0.978249
v 0.467720 0.957037 1.002754
v 0.487166 0.964936 0.966824
v 0.460811 0.951881 0.988909
v 0.482935 0.949882 0.962410
v 0.463486 0.939516 0.978725
v 0.486504 0.934977 0.967590
v 0.473916 0.927242 0.978203
v 0.495786 0.928811 0.979202
v 0.485979 0.922128 0.987432
v 0.505610 0.934977 0.990361
v 0.492971 0.927242 1.000915
v 0.463047 0.922940 1.026279
v 0.477410 0.916631 1.022197
v 0.449038 0.925575 1.018430
v 0.443740 0.922940 1.003269
v 0.450254 0.916631 0.989831
v 0.464602 0.910386 0.985972
v 0.478394 0.907804 0.993796
v 0.483701 0.910376 1.008738
v 0.456377 0.889086 1.031843
v 0.471816 0.889375 1.026887
v 0.441953 0.888984 1.024372
v 0.437102 0.889086 1.008872
v 0.444658 0.889376 0.994529
v 0.460083 0.889740 0.989731
v 0.474370 0.889921 0.997192
v 0.479348 0.889733 1.012432
v 0.844788 0.965127 0.666782
v 0.841074 0.950124 0.661899
v 0.854343 0.971377 0.678337
v 0.864065 0.965127 0.689753
v 0.868228 0.950124 0.694258
v 0.864468 0.935231 0.689277
v 0.854998 0.929084 0.677788
v 0.845327 0.935231 0.666467
v 0.869153 0.956930 0.646255
v 0.859509 0.943835 0.646416
v 0.881238 0.962393 0.655769
v 0.888508 0.956930 0.669324
v 0.886675 0.943835 0.678791
v 0.877021 0.930914 0.678611
v 0.865283 0.925631 0.669158
v 0.858013 0.930914 0.655955
v 0.888684 0.927493 0.629890
v 0.874834 0.919851 0.633564
v 0.902512 0.930658 0.637920
v 0.908018 0.927493 0.652932
v 0.901995 0.919851 0.665933
v 0.888223 0.912151 0.669270
v 0.874734 0.908895 0.661228
v 0.869155 0.912151 0.646548
v 0.894768 0.889275 0.624858
v 0.879346 0.889518 0.629785
v 0.909175 0.889177 0.632327
v 0.914028 0.889275 0.647812
v 0.906499 0.889518 0.662146
v 0.891091 0.889725 0.666955
v 0.876797 0.889774 0.659495
v 0.871934 0.889725 0.644121
v 1.060813 0.886903 -0.012878
v 1.060635 0.893967 -0.029983
v 1.089536 0.884338 -0.029961
v 1.084805 0.879097 -0.012878
v 1.060198 0.911080 -0.037151
v 1.100874 0.897132 -0.037153
v 1.059817 0.928339 -0.030122
v 1.112202 0.910180 -0.030142
v 1.059685 0.935535 -0.012878
v 1.116897 0.915650 -0.012878
v 1.059817 0.928339 0.004365
v 1.112202 0.910180 0.004385
v 1.060198 0.911080 0.011394
v 1.100874 0.897132 0.011396
v 1.060635 0.893967 0.004226
v 1.089536 0.884338 0.004204
v 1.110969 0.864556 -0.029912
v 1.104478 0.861689 -0.012878
v 1.126782 0.871709 -0.037156
v 1.142727 0.879077 -0.030134
v 1.149351 0.882168 -0.012878
v 1.142727 0.879077 0.004377
v 1.126782 0.871709 0.011399
v 1.110969 0.864556 0.004155
v 1.111216 0.838537 -0.012878
v 1.118149 0.839801 -0.029981
v 1.117935 0.159264 -0.030042
v 1.110825 0.159263 -0.012878
v 1.134980 0.842868 -0.037151
v 1.135095 0.159265 -0.037148
v 1.151926 0.845946 -0.030098
v 1.152258 0.159264 -0.030042
v 1.158977 0.847223 -0.012878
v 1.159368 0.159263 -0.012878
v 1.151926 0.845946 0.004341
v 1.152258 0.159264 0.004285
v 1.134980 0.842868 0.011394
v 1.135095 0.159265 0.011392
v 1.118149 0.839801 0.004224
v 1.117935 0.159264 0.004285
v -1.070900 0.911080 -0.037151
v -1.070520 0.928339 -0.030122
v -1.070386 0.935535 -0.012878
v -1.070520 0.928339 0.004365
v -1.070900 0.911080 0.011394
v -1.071337 0.893967 0.004226
v -1.071516 0.886903 -0.012878
v -1.095507 0.879097 -0.012878
v -1.100237 0.884338 -0.029961
v -1.071337 0.893967 -0.029983
v -1.111576 0.897132 -0.037153
v -1.122904 0.910180 -0.030142
v -1.127600 0.915650 -0.012878
v -1.122904 0.910180 0.004385
v -1.111576 0.897132 0.011396
v -1.100237 0.884338 0.004204
v -1.115182 0.861686 -0.012878
v -1.121676 0.864541 -0.029910
v -1.137471 0.871708 -0.037156
v -1.153400 0.879117 -0.030139
v -1.160020 0.882227 -0.012878
v -1.153400 0.879117 0.004382
v -1.137471 0.871708 0.011399
v -1.121676 0.864541 0.004153
v -1.121492 0.839846 -0.012878
v -1.121528 0.159265 -0.012878
v -1.128636 0.159265 -0.030039
v -1.128564 0.839669 -0.029990
v -1.145798 0.159265 -0.037148
v -1.145695 0.839321 -0.037151
v -1.162960 0.159265 -0.030039
v -1.162924 0.839051 -0.030095
v -1.170068 0.159265 -0.012878
v -1.170090 0.838955 -0.012878
v -1.162960 0.159265 0.004282
v -1.162924 0.839051 0.004338
v -1.145798 0.159265 0.011392
v -1.145695 0.839321 0.011394
v -1.128636 0.159265 0.004282
v -1.128564 0.839669 0.004233
v -0.108857 0.896665 -0.012878
v -1.134736 0.194472 -0.012878
v -1.138057 0.200375 -0.029170
v -0.114417 0.901024 -0.029646
v -1.146040 0.214579 -0.035869
v -0.127686 0.911324 -0.036375
v -1.153989 0.228727 -0.029104
v -0.140820 0.921413 -0.029409
v -1.157274 0.234575 -0.012878
v -0.146252 0.925581 -0.012878
v -1.153989 0.228727 0.003347
v -0.140820 0.921413 0.003652
v -1.146040 0.214579 0.010112
v -0.127686 0.911324 0.010618
v -1.138057 0.200375 0.003413
v -0.114417 0.901024 0.003889
v -0.455931 0.886903 0.956169
v -0.440354 0.893967 0.963235
v -0.452587 0.884338 0.989419
v -0.466071 0.879097 0.977913
v -0.433672 0.911080 0.965869
v -0.450861 0.897132 1.002737
v -0.439883 0.928339 0.962554
v -0.462003 0.910180 1.010039
v -0.455454 0.935535 0.955144
v -0.479634 0.915650 1.006999
v -0.471138 0.928339 0.947978
v -0.493295 0.910180 0.995447
v -0.477670 0.911080 0.945351
v -0.494863 0.897132 0.982217
v -0.471357 0.893967 0.948779
v -0.483551 0.884338 0.974980
v -0.461689 0.864556 1.008826
v -0.474384 0.861689 0.995742
v -0.461808 0.871709 1.026216
v -0.474910 0.879077 1.037698
v -0.493348 0.882168 1.036411
v -0.506188 0.879077 1.023115
v -0.505813 0.871709 1.005696
v -0.492566 0.864556 0.994426
v -0.477231 0.838537 1.001848
v -0.464662 0.839801 1.015359
v -0.464518 0.159264 1.015190
v -0.477068 0.159263 1.001497
v -0.465277 0.842868 1.033645
v -0.465328 0.159265 1.033750
v -0.478832 0.845946 1.046023
v -0.479023 0.159264 1.046299
v -0.497417 0.847224 1.045137
v -0.497582 0.159263 1.045488
v -0.510043 0.845946 1.031470
v -0.510131 0.159264 1.031792
v -0.509274 0.842868 1.013127
v -0.509320 0.159265 1.013235
v -0.495662 0.839801 1.000906
v -0.495625 0.159264 1.000686
v 0.466968 0.911080 -0.965562
v 0.460435 0.928339 -0.968189
v 0.444751 0.935535 -0.975354
v 0.429182 0.928339 -0.982764
v 0.422969 0.911080 -0.986079
v 0.429651 0.893967 -0.983445
v 0.445229 0.886903 -0.976379
v 0.455369 0.879097 -0.998123
v 0.472849 0.884338 -0.995190
v 0.460654 0.893967 -0.968989
v 0.484160 0.897132 -1.002427
v 0.482593 0.910180 -1.015657
v 0.468931 0.915650 -1.027210
v 0.451301 0.910180 -1.030249
v 0.440159 0.897132 -1.022947
v 0.441885 0.884338 -1.009629
v 0.463684 0.861686 -1.015955
v 0.481863 0.864541 -1.014641
v 0.495107 0.871708 -1.025894
v 0.495479 0.879117 -1.043296
v 0.482632 0.882227 -1.056592
v 0.464189 0.879117 -1.057886
v 0.451099 0.871708 -1.046416
v 0.450994 0.864541 -1.029038
v 0.466350 0.839846 -1.021672
v 0.466365 0.159265 -1.021706
v 0.484924 0.159265 -1.020896
v 0.484849 0.839669 -1.020852
v 0.498618 0.159265 -1.033445
v 0.498577 0.839321 -1.033350
v 0.499429 0.159265 -1.052002
v 0.499463 0.839051 -1.051948
v 0.486880 0.159265 -1.065698
v 0.486890 0.838955 -1.065718
v 0.468320 0.159265 -1.066509
v 0.468257 0.839051 -1.066499
v 0.454626 0.159265 -1.053960
v 0.454580 0.839321 -1.053865
v 0.453816 0.159265 -1.035400
v 0.453831 0.839669 -1.035315
v 0.038391 0.896665 -0.103914
v 0.471948 0.194472 -1.033677
v 0.488115 0.200375 -1.029800
v 0.055937 0.901024 -0.101865
v 0.497561 0.214579 -1.034207
v 0.067644 0.911324 -0.111050
v 0.494790 0.228727 -1.044268
v 0.066882 0.921413 -0.125894
v 0.481472 0.234575 -1.054102
v 0.054194 0.925581 -0.137805
v 0.465378 0.228727 -1.057983
v 0.036917 0.921413 -0.139866
v 0.455889 0.214579 -1.053638
v 0.025056 0.911324 -0.130911
v 0.458586 0.200375 -1.043569
v 0.025544 0.901024 -0.116038
v -1.082451 0.582413 -0.047236
v -1.082451 0.582413 -0.256226
v -1.078004 0.582413 -0.276360
v -1.064662 0.582413 -0.288442
v -1.042424 0.582413 -0.292468
v -0.675835 0.582413 -0.292468
v -0.653597 0.582413 -0.288442
v -0.640255 0.582413 -0.276360
v -0.635808 0.582413 -0.256226
v -0.635808 0.582413 -0.047236
v -0.645377 0.582413 -0.010437
v -1.072882 0.582413 -0.010437
v -1.072882 0.614479 -0.010437
v -0.645377 0.614479 -0.010437
v -0.635808 0.614479 -0.047236
v -0.635808 0.614479 -0.256226
v -0.640255 0.614479 -0.276360
v -0.653597 0.614479 -0.288442
v -0.675835 0.614479 -0.292468
v -1.042424 0.614479 -0.292468
v -1.064662 0.614479 -0.288442
v -1.078004 0.614479 -0.276360
v -1.082451 0.614479 -0.256226
v -1.082451 0.614479 -0.047236
v -1.082451 0.582413 0.234573
v -1.082451 0.582413 0.025586
v -0.635808 0.582413 0.025586
v -0.635808 0.582413 0.234573
v -0.640256 0.582413 0.254709
v -0.653599 0.582413 0.266790
v -0.675835 0.582413 0.270818
v -1.042424 0.582413 0.270818
v -1.064662 0.582413 0.266790
v -1.078003 0.582413 0.254709
v -1.042424 0.614479 0.270818
v -0.675835 0.614479 0.270818
v -0.653599 0.614479 0.266789
v -0.640256 0.614479 0.254709
v -0.635808 0.614479 0.234573
v -0.635808 0.614479 0.025586
v -1.082451 0.614479 0.025586
v -1.082451 0.614479 0.234573
v -1.078003 0.614479 0.254709
v -1.064661 0.614479 0.266789
v -1.078154 0.606526 -0.256458
v -1.084255 0.591472 -0.256055
v -1.084233 0.604528 -0.290437
v -1.078151 0.616892 -0.281843
v -1.099279 0.585192 -0.255925
v -1.099279 0.599372 -0.294045
v -1.114302 0.591472 -0.256055
v -1.114325 0.604528 -0.290437
v -1.120403 0.606527 -0.256458
v -1.120407 0.616892 -0.281843
v -1.114141 0.621431 -0.257053
v -1.114103 0.629166 -0.273518
v -1.099279 0.627597 -0.257405
v -1.099279 0.634280 -0.270210
v -1.084417 0.621431 -0.257053
v -1.084454 0.629166 -0.273518
v -1.084261 0.633468 -0.312747
v -1.078154 0.639777 -0.299119
v -1.099279 0.630833 -0.318433
v -1.114297 0.633468 -0.312747
v -1.120403 0.639777 -0.299119
v -1.114138 0.646023 -0.285647
v -1.099279 0.648605 -0.280112
v -1.084421 0.646032 -0.285649
v -1.084286 0.667322 -0.321433
v -1.078157 0.667033 -0.306419
v -1.099279 0.667425 -0.327681
v -1.114272 0.667322 -0.321433
v -1.120400 0.667032 -0.306426
v -1.114161 0.666669 -0.291526
v -1.099263 0.666487 -0.285376
v -1.084388 0.666676 -0.291357
v -1.114272 0.591412 0.210764
v -1.120400 0.606415 0.211060
v -1.099279 0.585162 0.210657
v -1.084285 0.591412 0.210764
v -1.078157 0.606415 0.211060
v -1.084390 0.621308 0.211382
v -1.099279 0.627455 0.211511
v -1.114166 0.621308 0.211382
v -1.114335 0.599609 0.242622
v -1.120409 0.612704 0.235132
v -1.099279 0.594146 0.245764
v -1.084222 0.599609 0.242622
v -1.078148 0.612704 0.235132
v -1.084492 0.625625 0.227854
v -1.099279 0.630908 0.224936
v -1.114065 0.625625 0.227854
v -1.114318 0.629046 0.268103
v -1.120405 0.636688 0.255134
v -1.099279 0.625881 0.273535
v -1.084239 0.629047 0.268103
v -1.078152 0.636688 0.255134
v -1.084447 0.644388 0.242439
v -1.099279 0.647644 0.237275
v -1.114109 0.644388 0.242439
v -1.114260 0.667264 0.275998
v -1.120399 0.667021 0.261018
v -1.099279 0.667362 0.282236
v -1.084297 0.667264 0.275998
v -1.078157 0.667021 0.261018
v -1.084375 0.666814 0.246123
v -1.099279 0.666766 0.239968
v -1.114182 0.666814 0.246123
v -1.120403 0.949882 -0.256458
v -1.114302 0.964936 -0.256055
v -1.114325 0.951881 -0.290437
v -1.120407 0.939516 -0.281843
v -1.099279 0.971217 -0.255925
v -1.099279 0.957037 -0.294045
v -1.084255 0.964936 -0.256055
v -1.084233 0.951881 -0.290437
v -1.078154 0.949882 -0.256458
v -1.078151 0.939516 -0.281843
v -1.084417 0.934977 -0.257053
v -1.084454 0.927242 -0.273518
v -1.099279 0.928811 -0.257405
v -1.099279 0.922128 -0.270210
v -1.114141 0.934977 -0.257053
v -1.114103 0.927242 -0.273518
v -1.114297 0.922940 -0.312747
v -1.120403 0.916631 -0.299119
v -1.099279 0.925575 -0.318433
v -1.084261 0.922940 -0.312747
v -1.078154 0.916631 -0.299119
v -1.084420 0.910386 -0.285647
v -1.099279 0.907804 -0.280112
v -1.114136 0.910376 -0.285649
v -1.114272 0.889086 -0.321433
v -1.120400 0.889375 -0.306419
v -1.099279 0.888984 -0.327681
v -1.084285 0.889086 -0.321433
v -1.078157 0.889376 -0.306426
v -1.084396 0.889740 -0.291526
v -1.099294 0.889921 -0.285376
v -1.114169 0.889733 -0.291357
v -1.084285 0.965127 0.210764
v -1.078157 0.950124 0.211059
v -1.099279 0.971377 0.210657
v -1.114272 0.965127 0.210764
v -1.120400 0.950124 0.211059
v -1.114166 0.935231 0.211382
v -1.099279 0.929084 0.211511
v -1.084390 0.935231 0.211382
v -1.084222 0.956930 0.242622
v -1.078148 0.943835 0.235132
v -1.099279 0.962393 0.245764
v -1.114335 0.956930 0.242622
v -1.120409 0.943835 0.235132
v -1.114065 0.930914 0.227854
v -1.099279 0.925631 0.224936
v -1.084492 0.930914 0.227854
v -1.084238 0.927493 0.268103
v -1.078152 0.919851 0.255134
v -1.099279 0.930658 0.273535
v -1.114318 0.927493 0.268103
v -1.120405 0.919851 0.255134
v -1.114109 0.912151 0.242439
v -1.099279 0.908895 0.237275
v -1.084447 0.912151 0.242439
v -1.084297 0.889275 0.275998
v -1.078157 0.889518 0.261018
v -1.099279 0.889177 0.282236
v -1.114260 0.889275 0.275998
v -1.120399 0.889518 0.261018
v -1.114182 0.889725 0.246123
v -1.099279 0.889774 0.239968
v -1.084375 0.889725 0.246123
v 0.480093 0.588927 -0.976377
v 0.669502 0.588927 -0.888054
v 0.685872 0.588927 -0.875513
v 0.691182 0.588927 -0.858315
v 0.685432 0.588927 -0.836460
v 0.530505 0.588927 -0.504216
v 0.517458 0.588927 -0.485767
v 0.500869 0.588927 -0.478779
v 0.480742 0.588927 -0.483257
v 0.291333 0.588927 -0.571580
v 0.262026 0.588927 -0.595806
v 0.442698 0.588927 -0.983257
v 0.442698 0.620993 -0.983257
v 0.262026 0.620993 -0.595806
v 0.291333 0.620993 -0.571580
v 0.480742 0.620993 -0.483257
v 0.500869 0.620993 -0.478779
v 0.517458 0.620993 -0.485767
v 0.530505 0.620993 -0.504216
v 0.685432 0.620993 -0.836460
v 0.691182 0.620993 -0.858315
v 0.685872 0.620993 -0.875513
v 0.669502 0.620993 -0.888054
v 0.480093 0.620993 -0.976377
v 0.224688 0.588927 -1.095474
v 0.414094 0.588927 -1.007151
v 0.225334 0.588927 -0.602356
v 0.035928 0.588927 -0.690679
v 0.019558 0.588927 -0.703218
v 0.014248 0.588927 -0.720417
v 0.019995 0.588927 -0.742273
v 0.174922 0.588927 -1.074514
v 0.187969 0.588927 -1.092966
v 0.204558 0.588927 -1.099954
v 0.174922 0.620993 -1.074514
v 0.019995 0.620993 -0.742273
v 0.014248 0.620993 -0.720417
v 0.019558 0.620993 -0.703218
v 0.035928 0.620993 -0.690679
v 0.225334 0.620993 -0.602356
v 0.414094 0.620993 -1.007151
v 0.224688 0.620993 -1.095474
v 0.204558 0.620993 -1.099954
v 0.187969 0.620993 -1.092966
v 0.254687 0.607880 -1.113423
v 0.252473 0.592826 -1.107722
v 0.221321 0.605881 -1.122273
v 0.231682 0.618246 -1.124153
v 0.246243 0.586546 -1.094053
v 0.211694 0.600726 -1.110161
v 0.239775 0.592826 -1.080491
v 0.208604 0.605881 -1.095000
v 0.236831 0.607880 -1.075132
v 0.213823 0.618246 -1.085857
v 0.238938 0.622785 -1.081060
v 0.224033 0.630520 -1.088052
v 0.244900 0.628951 -1.094678
v 0.233296 0.635634 -1.100088
v 0.251501 0.622785 -1.107998
v 0.236562 0.630520 -1.114922
v 0.201091 0.634822 -1.131677
v 0.216023 0.641131 -1.131450
v 0.189590 0.632187 -1.120469
v 0.188398 0.634822 -1.104456
v 0.198169 0.641131 -1.093162
v 0.213025 0.647376 -1.093147
v 0.224321 0.649958 -1.104272
v 0.225581 0.647386 -1.120078
v 0.193210 0.668676 -1.135325
v 0.209407 0.668387 -1.134534
v 0.181208 0.668778 -1.124377
v 0.180537 0.668676 -1.108147
v 0.191548 0.668386 -1.096250
v 0.207688 0.668022 -1.095608
v 0.219556 0.667840 -1.106511
v 0.220422 0.668029 -1.122522
v 0.662869 0.592766 -0.883230
v 0.660547 0.607769 -0.877554
v 0.669109 0.586516 -0.896865
v 0.675542 0.592766 -0.910410
v 0.678398 0.607769 -0.915840
v 0.676057 0.622662 -0.910054
v 0.669885 0.628809 -0.896504
v 0.663474 0.622662 -0.883066
v 0.691716 0.600962 -0.869712
v 0.682361 0.614057 -0.867371
v 0.700928 0.595500 -0.882029
v 0.704443 0.600962 -0.897002
v 0.700222 0.614058 -0.905671
v 0.690945 0.626979 -0.902998
v 0.682051 0.632262 -0.890830
v 0.678445 0.626979 -0.876196
v 0.714817 0.630400 -0.858958
v 0.700491 0.638041 -0.858921
v 0.726096 0.627234 -0.870293
v 0.727529 0.630400 -0.886218
v 0.718347 0.638041 -0.897217
v 0.704180 0.645742 -0.896875
v 0.693232 0.648998 -0.885618
v 0.691646 0.645742 -0.869993
v 0.721997 0.668617 -0.855674
v 0.705825 0.668375 -0.856440
v 0.733982 0.668716 -0.866616
v 0.734661 0.668617 -0.882830
v 0.723677 0.668375 -0.894724
v 0.707551 0.668168 -0.895383
v 0.695674 0.668119 -0.884478
v 0.694954 0.668168 -0.868369
v 0.236831 0.951236 -1.075132
v 0.239775 0.966290 -1.080491
v 0.208604 0.953234 -1.095003
v 0.213823 0.940870 -1.085857
v 0.246243 0.972570 -1.094053
v 0.211694 0.958390 -1.110161
v 0.252473 0.966290 -1.107722
v 0.221321 0.953234 -1.122273
v 0.254687 0.951236 -1.113423
v 0.231682 0.940870 -1.124153
v 0.251501 0.936331 -1.107998
v 0.236562 0.928596 -1.114922
v 0.244900 0.930165 -1.094678
v 0.233296 0.923482 -1.100088
v 0.238938 0.936331 -1.081060
v 0.224033 0.928596 -1.088052
v 0.188398 0.924294 -1.104456
v 0.198169 0.917985 -1.093162
v 0.189590 0.926929 -1.120469
v 0.201091 0.924294 -1.131677
v 0.216023 0.917985 -1.131450
v 0.225583 0.911739 -1.120081
v 0.224321 0.909157 -1.104273
v 0.213022 0.911730 -1.093150
v 0.180537 0.890440 -1.108147
v 0.191553 0.890729 -1.096248
v 0.181208 0.890337 -1.124377
v 0.193210 0.890440 -1.135325
v 0.209399 0.890730 -1.134536
v 0.220266 0.891093 -1.122586
v 0.219543 0.891275 -1.106484
v 0.207837 0.891086 -1.095532
v 0.675544 0.966480 -0.910410
v 0.678398 0.951478 -0.915840
v 0.669109 0.972731 -0.896865
v 0.662871 0.966480 -0.883230
v 0.660547 0.951478 -0.877554
v 0.663474 0.936585 -0.883066
v 0.669883 0.930438 -0.896504
v 0.676057 0.936585 -0.910054
v 0.704443 0.958284 -0.897002
v 0.700222 0.945189 -0.905671
v 0.700928 0.963747 -0.882029
v 0.691716 0.958284 -0.869712
v 0.682361 0.945189 -0.867371
v 0.678445 0.932268 -0.876196
v 0.682051 0.926985 -0.890830
v 0.690945 0.932268 -0.902998
v 0.727529 0.928846 -0.886218
v 0.718347 0.921205 -0.897217
v 0.726096 0.932012 -0.870293
v 0.714817 0.928846 -0.858958
v 0.700491 0.921205 -0.858921
v 0.691646 0.913505 -0.869993
v 0.693232 0.910248 -0.885618
v 0.704180 0.913505 -0.896875
v 0.734661 0.890629 -0.882830
v 0.723677 0.890872 -0.894724
v 0.733982 0.890530 -0.866616
v 0.721997 0.890629 -0.855674
v 0.705825 0.890872 -0.856440
v 0.694954 0.891078 -0.868369
v 0.695674 0.891127 -0.884478
v 0.707551 0.891078 -0.895383
vn 1.0000 -0.0000 -0.0000
vn 0.8090 -0.0000 -0.5878
vn 0.3090 -0.0000 -0.9511
vn -0.3090 -0.0000 -0.9511
vn -0.8090 -0.0000 -0.5878
vn -1.0000 -0.0000 -0.0000
vn -0.8090 -0.0000 0.5878
vn -0.3090 -0.0000 0.9511
vn 0.3090 -0.0000 0.9511
vn 0.8090 -0.0000 0.5878
vn -0.0000 1.0000 -0.0000
vn 0.9945 -0.1052 -0.0000
vn 0.9606 -0.1052 -0.2574
vn 0.8612 -0.1052 -0.4972
vn 0.7032 -0.1052 -0.7032
vn 0.4972 -0.1052 -0.8612
vn 0.2574 -0.1052 -0.9606
vn -0.0000 -0.1052 -0.9945
vn -0.2574 -0.1052 -0.9606
vn -0.4972 -0.1052 -0.8612
vn -0.7032 -0.1052 -0.7032
vn -0.8612 -0.1052 -0.4972
vn -0.9606 -0.1052 -0.2574
vn -0.9945 -0.1052 -0.0000
vn -0.9606 -0.1052 0.2574
vn -0.8612 -0.1052 0.4972
vn -0.7032 -0.1052 0.7032
vn -0.4972 -0.1052 0.8612
vn -0.2574 -0.1052 0.9606
vn -0.0000 -0.1052 0.9945
vn 0.2574 -0.1052 0.9606
vn 0.4972 -0.1051 0.8612
vn 0.7032 -0.1052 0.7032
vn 0.8612 -0.1052 0.4972
vn 0.9606 -0.1052 0.2574
vn -0.0000 -1.0000 -0.0000
vn 0.3141 -0.8724 0.3744
vn 0.1053 -0.9865 0.1255
vn -0.4801 -0.6848 0.5482
vn -0.3323 -0.5959 0.7311
vn -0.7747 0.0346 0.6314
vn -0.7770 0.0438 0.6280
vn -0.7445 0.3780 0.5504
vn -0.8414 0.3201 0.4353
vn -0.6059 0.7851 -0.1282
vn -0.3938 0.9113 0.1204
vn -0.1023 0.9872 -0.1221
vn -0.3483 0.8404 -0.4153
vn 0.1865 0.9113 -0.3670
vn -0.0211 0.7854 -0.6186
vn 0.7534 0.0438 -0.6561
vn 0.5748 0.3202 -0.7531
vn 0.6713 0.3780 -0.6376
vn 0.7563 0.0346 -0.6533
vn 0.7777 -0.5959 -0.2003
vn 0.6233 -0.6848 -0.3776
vn 0.5419 -0.5378 0.6458
vn -0.1989 -0.3522 0.9145
vn -0.7937 0.0312 0.6075
vn -0.9197 0.1819 0.3479
vn -0.8106 0.4623 -0.3594
vn -0.5595 0.4922 -0.6668
vn -0.2131 0.4623 -0.8607
vn 0.7361 0.0312 -0.6761
vn 0.5023 0.1820 -0.8453
vn 0.9352 -0.3522 -0.0371
vn 0.6428 0.0005 0.7660
vn 0.6365 -0.1395 0.7585
vn -0.1136 -0.0961 0.9889
vn -0.0870 0.0001 0.9962
vn -0.7847 0.0027 0.6199
vn -0.7661 -0.0000 0.6427
vn -0.9499 0.0527 0.3080
vn -0.9537 0.0001 0.3007
vn -0.8870 0.0005 -0.4618
vn -0.8823 0.1234 -0.4543
vn -0.6368 0.1362 -0.7589
vn -0.6428 0.0005 -0.7660
vn -0.8870 0.0005 -0.4617
vn -0.2941 0.1234 -0.9478
vn -0.3007 0.0004 -0.9537
vn 0.4617 0.0001 -0.8870
vn 0.4683 0.0527 -0.8820
vn 0.7468 0.0027 -0.6651
vn 0.7661 0.0001 -0.6427
vn 0.4618 0.0001 -0.8870
vn 0.9936 -0.0962 0.0598
vn 0.9962 0.0004 0.0873
vn -0.6713 0.3780 0.6376
vn -0.7563 0.0346 0.6533
vn 0.3939 0.9113 -0.1199
vn 0.1025 0.9872 0.1219
vn 0.7747 0.0346 -0.6314
vn 0.7444 0.3781 -0.5503
vn 0.4801 -0.6848 -0.5482
vn -0.6233 -0.6848 0.3776
vn -0.1053 -0.9865 -0.1255
vn -0.3141 -0.8724 -0.3744
vn -0.7777 -0.5959 0.2003
vn -0.7534 0.0438 0.6561
vn -0.5749 0.3201 0.7530
vn -0.1869 0.9113 0.3669
vn 0.0210 0.7852 0.6189
vn 0.3484 0.8405 0.4150
vn 0.6055 0.7855 0.1281
vn 0.7770 0.0438 -0.6280
vn 0.8414 0.3201 -0.4353
vn 0.3323 -0.5959 -0.7311
vn -0.5420 -0.5375 -0.6460
vn -0.9362 -0.3498 0.0353
vn -0.7346 0.0310 0.6778
vn -0.4998 0.1788 0.8475
vn 0.2193 0.4457 0.8679
vn 0.5654 0.4757 0.6738
vn 0.8167 0.4457 0.3667
vn 0.7950 0.0310 -0.6058
vn 0.9214 0.1788 -0.3450
vn 0.1974 -0.3498 -0.9158
vn -0.9937 -0.0916 -0.0638
vn -0.6363 -0.1420 -0.7583
vn -0.6428 -0.0001 -0.7660
vn -0.9962 -0.0001 -0.0872
vn -0.7494 0.0058 0.6621
vn -0.7661 -0.0001 0.6427
vn -0.4644 0.0408 0.8847
vn -0.4618 -0.0001 0.8870
vn 0.6387 0.1121 0.7612
vn 0.2977 0.1110 0.9482
vn 0.3007 -0.0000 0.9537
vn 0.6428 -0.0000 0.7660
vn 0.8821 0.1110 0.4578
vn 0.8870 -0.0000 0.4617
vn 0.7822 0.0057 -0.6231
vn 0.9519 0.0408 -0.3038
vn 0.9537 0.0001 -0.3008
vn 0.7660 -0.0000 -0.6428
vn 0.1097 -0.0917 -0.9897
vn 0.0871 -0.0000 -0.9962
vn -0.6225 -0.7657 -0.1618
vn -0.3630 -0.8253 -0.4327
vn -0.6284 -0.7625 -0.1538
vn -0.8467 -0.3202 0.4249
vn -0.8467 -0.3203 0.4249
vn -0.8464 -0.3151 0.4293
vn -0.8464 -0.3151 0.4294
vn -0.3089 0.5657 0.7646
vn -0.5534 0.3338 0.7631
vn -0.5665 0.3186 0.7600
vn -0.2946 0.5767 0.7620
vn 0.3627 0.8255 0.4324
vn 0.8065 0.5658 -0.1716
vn 0.8017 0.5766 -0.1576
vn 0.8474 0.3336 -0.4129
vn 0.8470 0.3183 -0.4258
vn 0.5655 -0.3203 -0.7600
vn 0.5697 -0.3151 -0.7590
vn 0.5698 -0.3150 -0.7590
vn -0.0512 -0.7658 -0.6410
vn -0.0425 -0.7625 -0.6456
vn -0.6428 -0.0000 -0.7660
vn 0.4293 -0.0000 0.9032
vn 0.8683 -0.0000 -0.4960
vn 0.9993 -0.0000 0.0377
vn 0.7929 -0.0000 0.6094
vn -0.8149 -0.0000 -0.5796
vn 0.6392 -0.0000 -0.7690
vn 0.1365 -0.0000 -0.9906
vn -0.4624 -0.0000 -0.8866
vn -0.7660 0.0001 0.6428
vn -0.7660 -0.0000 0.6428
vn -0.6393 -0.0000 0.7690
vn -0.6392 -0.0000 0.7690
vn -0.1363 -0.0000 0.9907
vn 0.4624 -0.0000 0.8866
vn 0.8179 -0.0000 0.5753
vn -0.7928 -0.0000 -0.6094
vn -0.9993 -0.0000 -0.0377
vn -0.8683 -0.0000 0.4960
vn -0.8683 0.0001 0.4961
vn -0.8683 -0.0000 0.4961
vn -0.4245 -0.0000 -0.9054
vn -0.7683 -0.3024 -0.5641
vn -0.6673 -0.0418 -0.7436
vn -0.6543 -0.0386 -0.7552
vn -0.6412 -0.3764 -0.6687
vn -0.4541 -0.8053 0.3811
vn -0.6700 -0.7401 0.0577
vn -0.3770 -0.9085 -0.1802
vn -0.1296 -0.9856 0.1087
vn 0.1120 -0.9085 0.4025
vn -0.1731 -0.7401 0.6498
vn 0.4221 -0.3024 0.8546
vn 0.5472 -0.3765 0.7476
vn 0.6301 -0.0386 0.7756
vn 0.6164 -0.0418 0.7863
vn 0.5795 0.6714 0.4620
vn 0.8053 0.5234 0.2784
vn 0.1864 0.9700 -0.1564
vn 0.5091 0.7472 -0.4272
vn -0.1343 0.5234 -0.8414
vn -0.3544 0.6713 -0.6510
vn -0.8561 -0.1652 -0.4897
vn -0.6683 -0.0188 -0.7436
vn -0.6889 -0.4374 0.5781
vn -0.8826 -0.4054 0.2380
vn -0.3876 -0.4054 0.8279
vn 0.3336 -0.1652 0.9281
vn 0.6164 -0.0183 0.7872
vn 0.9417 0.2991 0.1538
vn 0.6912 0.4313 -0.5798
vn 0.0131 0.2974 -0.9547
vn -0.6643 -0.0074 -0.7475
vn -0.8842 -0.0438 -0.4651
vn -0.9477 -0.1186 0.2964
vn -0.7606 -0.1194 0.6382
vn -0.4565 -0.1186 0.8818
vn 0.6222 -0.0073 0.7828
vn 0.3044 -0.0438 0.9515
vn 0.9895 0.0949 0.1094
vn 0.7602 0.1444 -0.6335
vn 0.0675 0.0935 -0.9933
vn 0.6487 -0.0267 0.7606
vn 0.6282 -0.3779 0.6801
vn 0.3370 -0.9166 0.2150
vn 0.0926 -0.9927 -0.0776
vn -0.1534 -0.9166 -0.3691
vn -0.5612 -0.3784 -0.7361
vn -0.6370 -0.0263 -0.7704
vn -0.5294 0.6902 -0.4933
vn -0.1001 0.9914 0.0840
vn 0.3938 0.6903 0.6070
vn 0.6689 -0.0539 0.7414
vn 0.7452 -0.3190 0.5855
vn 0.6208 -0.7838 -0.0153
vn 0.4001 -0.8528 -0.3356
vn 0.1229 -0.7837 -0.6089
vn -0.4462 -0.3193 -0.8360
vn -0.6137 -0.0531 -0.7878
vn -0.7572 0.5607 -0.3352
vn -0.4280 0.8294 0.3591
vn 0.1986 0.5606 0.8039
vn 0.8544 -0.1677 0.4917
vn 0.6779 -0.0186 0.7349
vn 0.6849 -0.4480 -0.5747
vn 0.8828 -0.4056 -0.2371
vn 0.3868 -0.4056 -0.8282
vn -0.3359 -0.1677 -0.9269
vn -0.6060 -0.0186 -0.7953
vn -0.9498 0.2703 -0.1576
vn -0.7103 0.3745 0.5960
vn -0.0097 0.2703 0.9627
vn 0.8855 -0.0347 0.4634
vn 0.6567 -0.0062 0.7542
vn 0.7623 -0.0990 -0.6396
vn 0.9496 -0.0965 -0.2982
vn 0.4586 -0.0965 -0.8834
vn -0.3027 -0.0347 -0.9525
vn -0.6287 -0.0063 -0.7776
vn -0.9939 0.0533 -0.0970
vn -0.7641 0.0713 0.6411
vn -0.0771 0.0533 0.9956
vn 0.4221 0.3024 0.8546
vn 0.6164 0.0418 0.7863
vn 0.6301 0.0387 0.7755
vn 0.5472 0.3764 0.7476
vn -0.4541 0.8053 0.3811
vn -0.1731 0.7401 0.6498
vn 0.1119 0.9085 0.4026
vn -0.1297 0.9856 0.1089
vn -0.3771 0.9085 -0.1801
vn -0.6700 0.7402 0.0577
vn -0.7683 0.3024 -0.5642
vn -0.6413 0.3763 -0.6687
vn -0.6544 0.0386 -0.7552
vn -0.6673 0.0418 -0.7436
vn -0.3543 -0.6713 -0.6510
vn -0.1342 -0.5234 -0.8414
vn 0.1865 -0.9699 -0.1565
vn 0.5091 -0.7472 -0.4272
vn 0.8053 -0.5234 0.2784
vn 0.5796 -0.6713 0.4619
vn 0.3337 0.1652 0.9281
vn 0.6163 0.0188 0.7873
vn -0.6889 0.4374 0.5781
vn -0.3876 0.4054 0.8279
vn -0.8826 0.4054 0.2380
vn -0.8561 0.1652 -0.4897
vn -0.6682 0.0183 -0.7438
vn 0.0122 -0.2992 -0.9541
vn 0.6910 -0.4314 -0.5800
vn 0.9424 -0.2974 0.1530
vn 0.6208 0.0074 0.7839
vn 0.3046 0.0437 0.9515
vn -0.4565 0.1186 0.8818
vn -0.7606 0.1194 0.6382
vn -0.9477 0.1186 0.2964
vn -0.6629 0.0073 -0.7487
vn -0.8843 0.0438 -0.4649
vn 0.0641 -0.0950 -0.9934
vn 0.7558 -0.1444 -0.6386
vn 0.9900 -0.0935 0.1061
vn -0.6364 0.0268 -0.7709
vn -0.5608 0.3778 -0.7367
vn -0.1533 0.9167 -0.3691
vn 0.0924 0.9927 -0.0776
vn 0.3368 0.9166 0.2153
vn 0.6275 0.3784 0.6805
vn 0.6481 0.0263 0.7611
vn 0.3940 -0.6902 0.6070
vn -0.1000 -0.9914 0.0839
vn -0.5293 -0.6902 -0.4934
vn -0.6140 0.0539 -0.7875
vn -0.4472 0.3190 -0.8356
vn 0.1229 0.7838 -0.6087
vn 0.4000 0.8528 -0.3357
vn 0.6210 0.7837 -0.0153
vn 0.7458 0.3193 0.5846
vn 0.6692 0.0532 0.7411
vn 0.1986 -0.5607 0.8039
vn -0.4280 -0.8294 0.3591
vn -0.7572 -0.5607 -0.3352
vn -0.3359 0.1677 -0.9269
vn -0.6060 0.0186 -0.7953
vn 0.6849 0.4480 -0.5746
vn 0.3868 0.4056 -0.8281
vn 0.8828 0.4056 -0.2371
vn 0.8544 0.1677 0.4917
vn 0.6779 0.0186 0.7349
vn -0.0097 -0.2703 0.9627
vn -0.7103 -0.3745 0.5960
vn -0.9498 -0.2703 -0.1576
vn -0.3027 0.0347 -0.9525
vn -0.6287 0.0063 -0.7776
vn 0.7623 0.0990 -0.6396
vn 0.4586 0.0965 -0.8834
vn 0.9496 0.0965 -0.2982
vn 0.8855 0.0347 0.4634
vn 0.6567 0.0062 0.7542
vn -0.0771 -0.0533 0.9956
vn -0.7641 -0.0713 0.6411
vn -0.9938 -0.0533 -0.0971
vn -0.4887 -0.8724 -0.0000
vn -0.1639 -0.9865 -0.0000
vn -0.1114 -0.6848 -0.7202
vn -0.3464 -0.5959 -0.7245
vn 0.0143 0.0346 -0.9993
vn 0.0183 0.0438 -0.9989
vn 0.0569 0.3779 -0.9241
vn 0.2074 0.3201 -0.9244
vn 0.4877 0.7851 -0.3817
vn 0.1609 0.9113 -0.3791
vn 0.1593 0.9872 0.0001
vn 0.5420 0.8404 0.0001
vn 0.1613 0.9113 0.3788
vn 0.4874 0.7855 0.3814
vn 0.0183 0.0438 0.9989
vn 0.2074 0.3201 0.9244
vn 0.0569 0.3779 0.9241
vn 0.0143 0.0346 0.9993
vn -0.3464 -0.5959 0.7245
vn -0.1114 -0.6848 0.7202
vn -0.8431 -0.5378 -0.0000
vn -0.5727 -0.3522 -0.7402
vn 0.0447 0.0312 -0.9985
vn 0.3247 0.1819 -0.9282
vn 0.7964 0.4623 -0.3899
vn 0.8705 0.4922 -0.0000
vn 0.7964 0.4623 0.3899
vn 0.0447 0.0312 0.9985
vn 0.3247 0.1819 0.9282
vn -0.5727 -0.3522 0.7402
vn -1.0000 0.0005 0.0001
vn -0.9902 -0.1395 -0.0000
vn -0.6845 -0.0961 -0.7226
vn -0.7072 0.0001 -0.7070
vn 0.0295 0.0027 -0.9996
vn -0.0000 -0.0000 -1.0000
vn 0.3747 0.0527 -0.9257
vn 0.3826 0.0001 -0.9239
vn 0.9239 0.0005 -0.3826
vn 0.9151 0.1233 -0.3839
vn 0.9907 0.1361 -0.0000
vn 1.0000 0.0005 -0.0000
vn 0.9239 0.0005 -0.3827
vn 0.9151 0.1234 0.3839
vn 0.9239 0.0004 0.3827
vn 0.3826 0.0001 0.9239
vn 0.3747 0.0527 0.9257
vn 0.0295 0.0027 0.9996
vn -0.0001 0.0001 1.0000
vn -0.6845 -0.0962 0.7227
vn -0.7072 0.0004 0.7070
vn -0.0569 0.3779 -0.9241
vn -0.0143 0.0346 -0.9993
vn -0.1613 0.9113 0.3788
vn -0.1593 0.9872 0.0001
vn -0.0143 0.0346 0.9993
vn -0.0569 0.3779 0.9241
vn 0.1114 -0.6848 0.7202
vn 0.1114 -0.6848 -0.7202
vn 0.1639 -0.9865 -0.0000
vn 0.4888 -0.8724 -0.0000
vn 0.3464 -0.5959 -0.7245
vn -0.0184 0.0438 -0.9989
vn -0.2074 0.3201 -0.9244
vn -0.1609 0.9113 -0.3790
vn -0.4876 0.7852 -0.3817
vn -0.5419 0.8405 0.0001
vn -0.4873 0.7855 0.3815
vn -0.0184 0.0438 0.9989
vn -0.2074 0.3201 0.9244
vn 0.3464 -0.5959 0.7245
vn 0.8432 -0.5375 -0.0000
vn 0.5747 -0.3498 -0.7399
vn -0.0469 0.0310 -0.9984
vn -0.3279 0.1788 -0.9276
vn -0.8058 0.4457 -0.3899
vn -0.8796 0.4757 -0.0000
vn -0.8058 0.4457 0.3899
vn -0.0469 0.0310 0.9984
vn -0.3279 0.1788 0.9276
vn 0.5747 -0.3498 0.7399
vn 0.6877 -0.0916 -0.7202
vn 0.9899 -0.1420 -0.0000
vn 1.0000 -0.0001 -0.0000
vn 0.7071 -0.0001 -0.7071
vn -0.0255 0.0058 -0.9997
vn -0.0000 -0.0001 -1.0000
vn -0.3792 0.0408 -0.9244
vn -0.3827 -0.0001 -0.9239
vn -0.9937 0.1121 -0.0000
vn -0.9177 0.1110 -0.3814
vn -0.9239 -0.0000 -0.3827
vn -0.9177 0.1110 0.3814
vn -0.9239 -0.0000 0.3827
vn -0.0255 0.0057 0.9997
vn -0.3792 0.0408 0.9244
vn -0.3826 0.0001 0.9239
vn -0.0000 -0.0000 1.0000
vn 0.6877 -0.0917 0.7202
vn 0.7071 -0.0000 0.7071
vn 0.5241 -0.7657 -0.3729
vn 0.5648 -0.8252 -0.0000
vn 0.5648 -0.8253 -0.0000
vn 0.5217 -0.7625 -0.3826
vn 0.2188 -0.3202 -0.9217
vn 0.2188 -0.3203 -0.9217
vn 0.2151 -0.3151 -0.9243
vn 0.2151 -0.3151 -0.9244
vn -0.3871 0.5656 -0.7281
vn -0.2287 0.3336 -0.9145
vn -0.2182 0.3187 -0.9224
vn -0.3944 0.5767 -0.7154
vn -0.5644 0.8255 -0.0001
vn -0.3869 0.5658 0.7281
vn -0.3946 0.5766 0.7154
vn -0.2284 0.3337 0.9146
vn -0.2183 0.3184 0.9225
vn 0.2187 -0.3203 0.9217
vn 0.2152 -0.3151 0.9243
vn 0.2152 -0.3150 0.9244
vn 0.5240 -0.7658 0.3728
vn 0.5219 -0.7624 0.3825
vn 0.2065 -0.8724 -0.4430
vn 0.0692 -0.9865 -0.1485
vn 0.6998 -0.6848 0.2034
vn 0.8030 -0.5959 -0.0078
vn 0.8996 0.0346 0.4353
vn 0.8975 0.0438 0.4388
vn 0.8134 0.3780 0.4421
vn 0.7501 0.3202 0.5787
vn 0.1399 0.7851 0.6033
vn 0.2755 0.9113 0.3060
vn -0.0674 0.9872 0.1443
vn -0.2292 0.8404 0.4912
vn -0.4115 0.9113 -0.0139
vn -0.5517 0.7854 0.2805
vn -0.9130 0.0438 -0.4055
vn -0.9254 0.3202 -0.2026
vn -0.8615 0.3780 -0.3389
vn -0.9117 0.0345 -0.4094
vn -0.5102 -0.5959 -0.6201
vn -0.6056 -0.6848 -0.4053
vn 0.3563 -0.5378 -0.7641
vn 0.9129 -0.3522 -0.2062
vn 0.8860 0.0312 0.4626
vn 0.7040 0.1819 0.6865
vn 0.0169 0.4623 0.8866
vn -0.3678 0.4922 0.7889
vn -0.6900 0.4623 0.5569
vn -0.9239 0.0312 -0.3814
vn -0.9784 0.1819 -0.0980
vn -0.4288 -0.3523 -0.8319
vn 0.4225 0.0005 -0.9063
vn 0.4184 -0.1395 -0.8975
vn 0.9442 -0.0961 -0.3150
vn 0.9396 0.0001 -0.3422
vn 0.8934 0.0027 0.4492
vn 0.9063 -0.0000 0.4227
vn 0.6806 0.0527 0.7308
vn 0.6756 0.0001 0.7373
vn -0.0437 0.0005 0.9990
vn -0.0388 0.1234 0.9916
vn -0.4186 0.1362 0.8979
vn -0.4226 0.0005 0.9063
vn -0.0436 0.0005 0.9990
vn -0.7347 0.1234 0.6671
vn -0.7373 0.0004 0.6755
vn -0.9990 0.0001 -0.0436
vn -0.9973 0.0527 -0.0516
vn -0.9184 0.0027 -0.3957
vn -0.9063 0.0001 -0.4227
vn -0.3656 -0.0963 -0.9258
vn -0.3419 0.0004 -0.9397
vn 0.8615 0.3780 0.3389
vn 0.9117 0.0346 0.4094
vn -0.2751 0.9113 -0.3063
vn 0.0672 0.9872 -0.1444
vn -0.8996 0.0346 -0.4353
vn -0.8134 0.3781 -0.4421
vn -0.6997 -0.6848 -0.2034
vn 0.6056 -0.6848 0.4053
vn -0.0692 -0.9865 0.1485
vn -0.2065 -0.8724 0.4430
vn 0.5102 -0.5959 0.6202
vn 0.9130 0.0438 0.4055
vn 0.9254 0.3201 0.2027
vn 0.4115 0.9113 0.0144
vn 0.5520 0.7852 -0.2806
vn 0.2289 0.8405 -0.4912
vn -0.1398 0.7855 -0.6029
vn -0.8975 0.0438 -0.4388
vn -0.7502 0.3201 -0.5786
vn -0.8030 -0.5959 0.0078
vn -0.3564 -0.5375 0.7642
vn 0.4276 -0.3498 0.8335
vn 0.9247 0.0310 0.3794
vn 0.9793 0.1788 0.0948
vn 0.6939 0.4457 -0.5655
vn 0.3717 0.4757 -0.7972
vn -0.0129 0.4457 -0.8951
vn -0.8850 0.0309 -0.4645
vn -0.7021 0.1788 -0.6892
vn -0.9134 -0.3498 0.2082
vn 0.3621 -0.0917 0.9276
vn -0.4183 -0.1420 0.8971
vn -0.4226 -0.0001 0.9063
vn 0.3420 -0.0001 0.9397
vn 0.9168 0.0058 0.3994
vn 0.9063 -0.0001 0.4226
vn 0.9981 0.0408 0.0469
vn 0.9990 -0.0001 0.0436
vn 0.4200 0.1121 -0.9006
vn 0.7335 0.1110 -0.6706
vn 0.7373 -0.0000 -0.6755
vn 0.4226 -0.0000 -0.9063
vn 0.0422 0.1110 -0.9929
vn 0.0436 -0.0000 -0.9990
vn -0.8952 0.0057 -0.4455
vn -0.6776 0.0408 -0.7343
vn -0.6757 0.0001 -0.7372
vn -0.9063 -0.0000 -0.4226
vn -0.9434 -0.0917 0.3189
vn -0.9397 -0.0000 0.3420
vn 0.1165 -0.7657 0.6326
vn -0.2387 -0.8253 0.5118
vn 0.1262 -0.7625 0.6345
vn 0.7430 -0.3202 0.5878
vn 0.7429 -0.3202 0.5878
vn 0.7469 -0.3151 0.5856
vn 0.7469 -0.3150 0.5856
vn 0.8235 0.5656 -0.0431
vn 0.9255 0.3336 0.1792
vn 0.9282 0.3187 0.1921
vn 0.8151 0.5767 -0.0550
vn 0.2385 0.8255 -0.5115
vn 0.2386 0.8255 -0.5115
vn -0.4963 0.5658 -0.6584
vn -0.4816 0.5766 -0.6600
vn -0.7323 0.3337 -0.5935
vn -0.7438 0.3184 -0.5877
vn -0.9278 -0.3202 -0.1914
vn -0.9278 -0.3203 -0.1914
vn -0.9287 -0.3151 -0.1956
vn -0.9287 -0.3150 -0.1956
vn -0.5593 -0.7658 0.3173
vn -0.5672 -0.7625 0.3113
vn 0.9678 -0.0000 0.2517
vn 0.1781 -0.0000 -0.9840
vn 0.6712 -0.0000 -0.7412
vn 0.9765 -0.0000 -0.2157
vn -0.9678 -0.0000 0.2517
vn -0.1781 -0.0000 -0.9840
vn -0.6713 -0.0000 -0.7412
vn -0.6712 -0.0000 -0.7412
vn -0.9765 -0.0000 -0.2157
vn 0.1783 -0.0000 0.9840
vn 0.6712 -0.0000 0.7413
vn 0.9765 -0.0000 0.2157
vn 0.9665 -0.0000 -0.2567
vn -0.9765 -0.0000 0.2157
vn -0.6712 -0.0000 0.7413
vn -0.1783 -0.0000 0.9840
vn -0.1782 -0.0000 0.9840
vn -0.9665 -0.0000 -0.2567
vn 0.9260 -0.3025 -0.2260
vn 0.9986 -0.0419 -0.0333
vn 0.9991 -0.0387 -0.0158
vn 0.9245 -0.3763 -0.0613
vn -0.0000 -0.8053 -0.5928
vn 0.3865 -0.7401 -0.5503
vn 0.3803 -0.9085 -0.1729
vn -0.0000 -0.9856 -0.1692
vn -0.3803 -0.9085 -0.1730
vn -0.3865 -0.7401 -0.5503
vn -0.9260 -0.3024 -0.2260
vn -0.9245 -0.3763 -0.0614
vn -0.9991 -0.0386 -0.0158
vn -0.9986 -0.0419 -0.0332
vn -0.7265 0.6713 0.1470
vn -0.7309 0.5234 0.4380
vn -0.0000 0.9700 0.2433
vn -0.0000 0.7472 0.6646
vn 0.7309 0.5234 0.4380
vn 0.7265 0.6713 0.1470
vn 0.9254 -0.1652 -0.3410
vn 0.9992 -0.0188 -0.0340
vn -0.0000 -0.4374 -0.8993
vn 0.3851 -0.4054 -0.8291
vn -0.3850 -0.4054 -0.8291
vn -0.9254 -0.1652 -0.3410
vn -0.9993 -0.0182 -0.0338
vn -0.7231 0.2992 0.6226
vn -0.0001 0.4313 0.9022
vn 0.7229 0.2974 0.6237
vn 0.9996 -0.0074 -0.0284
vn 0.9247 -0.0438 -0.3783
vn 0.3821 -0.1186 -0.9165
vn -0.0000 -0.1194 -0.9928
vn -0.3821 -0.1186 -0.9165
vn -0.9996 -0.0072 -0.0266
vn -0.9246 -0.0438 -0.3784
vn -0.7198 0.0950 0.6876
vn -0.0034 0.1444 0.9895
vn 0.7176 0.0935 0.6902
vn -0.9996 -0.0267 0.0081
vn -0.9248 -0.3778 0.0440
vn -0.3813 -0.9167 0.1200
vn -0.0001 -0.9927 0.1209
vn 0.3814 -0.9166 0.1197
vn 0.9246 -0.3785 0.0433
vn 0.9996 -0.0263 0.0072
vn 0.7182 0.6902 -0.0884
vn -0.0000 0.9914 -0.1307
vn -0.7181 0.6903 -0.0885
vn -0.9979 -0.0539 0.0358
vn -0.9276 -0.3190 0.1945
vn -0.3873 -0.7838 0.4854
vn -0.0001 -0.8528 0.5222
vn 0.3874 -0.7837 0.4856
vn 0.9272 -0.3193 0.1956
vn 0.9979 -0.0531 0.0363
vn 0.7435 0.5607 -0.3645
vn -0.0000 0.8294 -0.5587
vn -0.7435 0.5606 -0.3646
vn -0.9259 -0.1677 0.3385
vn -0.9987 -0.0186 0.0470
vn -0.0000 -0.4480 0.8940
vn -0.3858 -0.4056 0.8286
vn 0.3858 -0.4056 0.8286
vn 0.9259 -0.1677 0.3385
vn 0.9987 -0.0187 0.0470
vn 0.7313 0.2702 -0.6263
vn -0.0000 0.3745 -0.9272
vn -0.7313 0.2703 -0.6263
vn -0.9242 -0.0347 0.3804
vn -0.9998 -0.0063 0.0183
vn -0.0000 -0.0990 0.9951
vn -0.3820 -0.0965 0.9191
vn 0.3820 -0.0965 0.9191
vn 0.9242 -0.0347 0.3804
vn 0.9998 -0.0063 0.0183
vn 0.7132 0.0533 -0.6990
vn -0.0000 0.0712 -0.9975
vn -0.7132 0.0532 -0.6989
vn -0.9260 0.3024 -0.2259
vn -0.9986 0.0419 -0.0332
vn -0.9991 0.0386 -0.0158
vn -0.9245 0.3763 -0.0614
vn -0.0000 0.8053 -0.5928
vn -0.3865 0.7401 -0.5503
vn -0.3804 0.9085 -0.1731
vn -0.0000 0.9856 -0.1693
vn 0.3804 0.9085 -0.1731
vn 0.3865 0.7401 -0.5503
vn 0.9260 0.3025 -0.2260
vn 0.9244 0.3763 -0.0614
vn 0.9991 0.0386 -0.0158
vn 0.9986 0.0419 -0.0332
vn 0.7264 -0.6713 0.1471
vn 0.7309 -0.5235 0.4380
vn -0.0000 -0.9699 0.2434
vn -0.0000 -0.7472 0.6646
vn -0.7309 -0.5234 0.4380
vn -0.7264 -0.6713 0.1471
vn -0.9254 0.1652 -0.3410
vn -0.9992 0.0187 -0.0340
vn -0.0000 0.4374 -0.8993
vn -0.3850 0.4054 -0.8291
vn 0.3851 0.4054 -0.8291
vn 0.9254 0.1652 -0.3410
vn 0.9993 0.0182 -0.0338
vn 0.7231 -0.2992 0.6226
vn 0.0002 -0.4313 0.9022
vn -0.7229 -0.2974 0.6237
vn -0.9996 0.0074 -0.0284
vn -0.9247 0.0437 -0.3782
vn -0.3821 0.1186 -0.9165
vn -0.0000 0.1194 -0.9928
vn 0.3821 0.1186 -0.9165
vn 0.9996 0.0072 -0.0266
vn 0.9246 0.0438 -0.3784
vn 0.7198 -0.0950 0.6876
vn 0.0034 -0.1444 0.9895
vn -0.7176 -0.0935 0.6902
vn 0.9996 0.0268 0.0081
vn 0.9248 0.3778 0.0440
vn 0.3813 0.9167 0.1199
vn 0.0001 0.9927 0.1207
vn -0.3814 0.9166 0.1196
vn -0.9246 0.3785 0.0433
vn -0.9996 0.0263 0.0072
vn -0.7182 -0.6902 -0.0883
vn -0.0000 -0.9914 -0.1305
vn 0.7182 -0.6902 -0.0883
vn 0.9979 0.0539 0.0358
vn 0.9276 0.3190 0.1945
vn 0.3873 0.7838 0.4854
vn 0.0001 0.8528 0.5222
vn -0.3874 0.7837 0.4856
vn -0.9273 0.3193 0.1956
vn -0.9979 0.0531 0.0363
vn -0.7435 -0.5607 -0.3646
vn -0.0000 -0.8294 -0.5587
vn 0.7435 -0.5607 -0.3645
vn 0.9259 0.1677 0.3384
vn 0.9987 0.0186 0.0470
vn -0.0000 0.4480 0.8940
vn 0.3858 0.4056 0.8286
vn -0.3858 0.4056 0.8286
vn -0.9259 0.1677 0.3385
vn -0.9987 0.0186 0.0470
vn -0.7313 -0.2703 -0.6263
vn -0.0000 -0.3745 -0.9272
vn 0.7313 -0.2702 -0.6263
vn 0.9242 0.0347 0.3804
vn 0.9998 0.0063 0.0183
vn -0.0000 0.0990 0.9951
vn 0.3820 0.0965 0.9191
vn -0.3820 0.0965 0.9191
vn -0.9242 0.0347 0.3804
vn -0.9998 0.0063 0.0183
vn -0.7132 -0.0533 -0.6989
vn -0.0000 -0.0713 -0.9975
vn 0.7132 -0.0533 -0.6990
vn 0.9063 -0.0000 0.4226
vn -0.4226 -0.0000 0.9063
vn -0.6371 -0.0000 0.7708
vn 0.8165 -0.0000 0.5774
vn 0.3882 -0.0000 0.9216
vn -0.2172 -0.0000 0.9761
vn 0.1809 -0.0000 -0.9835
vn 0.9671 -0.0000 0.2544
vn 0.9555 -0.0000 -0.2950
vn 0.6082 -0.0000 -0.7938
vn -0.9671 -0.0000 -0.2543
vn -0.9555 -0.0000 0.2950
vn -0.6081 -0.0000 0.7939
vn -0.1757 -0.0000 0.9844
vn 0.2172 -0.0000 -0.9761
vn -0.3882 -0.0000 -0.9216
vn -0.8165 -0.0000 -0.5773
vn 0.6411 -0.0000 -0.7675
vn 0.1865 -0.3024 -0.9347
vn 0.3919 -0.0419 -0.9191
vn 0.4079 -0.0387 -0.9122
vn 0.3351 -0.3764 -0.8637
vn -0.5372 -0.8054 -0.2505
vn -0.3354 -0.7402 -0.5828
vn 0.0040 -0.9085 -0.4178
vn -0.1533 -0.9856 -0.0715
vn -0.3175 -0.9086 0.2716
vn -0.6620 -0.7402 0.1176
vn -0.5961 -0.3024 0.7438
vn -0.4463 -0.3764 0.8119
vn -0.4366 -0.0386 0.8988
vn -0.4521 -0.0418 0.8910
vn -0.1738 0.6713 0.7205
vn 0.0881 0.5235 0.8475
vn 0.2205 0.9700 0.1028
vn 0.6023 0.7472 0.2809
vn 0.7058 0.5234 -0.4773
vn 0.4402 0.6713 -0.5963
vn 0.0821 -0.1651 -0.9828
vn 0.3915 -0.0187 -0.9200
vn -0.8150 -0.4374 -0.3800
vn -0.5887 -0.4054 -0.6994
vn -0.9142 -0.4054 -0.0013
vn -0.7002 -0.1652 0.6946
vn -0.4529 -0.0182 0.8914
vn 0.2587 0.2992 0.9185
vn 0.8176 0.4314 0.3814
vn 0.8707 0.2974 -0.3916
vn 0.3967 -0.0074 -0.9179
vn 0.0480 -0.0437 -0.9979
vn -0.6690 -0.1186 -0.7337
vn -0.8998 -0.1194 -0.4196
vn -0.9921 -0.1186 -0.0409
vn -0.4465 -0.0073 0.8947
vn -0.7337 -0.0438 0.6780
vn 0.3191 0.0949 0.9430
vn 0.8954 0.1444 0.4213
vn 0.9288 0.0935 -0.3586
vn -0.4152 -0.0267 0.9093
vn -0.3510 -0.3777 0.8568
vn -0.0524 -0.9167 0.3962
vn 0.1095 -0.9927 0.0511
vn 0.2697 -0.9166 -0.2950
vn 0.4300 -0.3785 -0.8197
vn 0.4290 -0.0263 -0.9029
vn 0.2234 0.6903 -0.6882
vn -0.1184 0.9914 -0.0552
vn -0.3837 0.6902 0.6135
vn -0.3892 -0.0539 0.9196
vn -0.2156 -0.3190 0.9229
vn 0.2763 -0.7839 0.5561
vn 0.4732 -0.8528 0.2208
vn 0.6038 -0.7837 -0.1459
vn 0.5691 -0.3193 -0.7578
vn 0.4546 -0.0531 -0.8891
vn -0.0162 0.5606 -0.8279
vn -0.5064 0.8294 -0.2361
vn -0.6446 0.5606 0.5198
vn -0.0845 -0.1677 0.9822
vn -0.3795 -0.0186 0.9250
vn 0.8103 -0.4480 0.3778
vn 0.5880 -0.4056 0.6998
vn 0.9141 -0.4056 0.0006
vn 0.6981 -0.1677 -0.6961
vn 0.4646 -0.0186 -0.8853
vn -0.2586 0.2703 -0.9274
vn -0.8403 0.3745 -0.3919
vn -0.8766 0.2703 0.3981
vn -0.0458 -0.0347 0.9983
vn -0.4059 -0.0062 0.9139
vn 0.9019 -0.0990 0.4205
vn 0.6715 -0.0965 0.7346
vn 0.9944 -0.0965 0.0422
vn 0.7353 -0.0347 -0.6769
vn 0.4391 -0.0062 -0.8984
vn -0.3320 0.0533 -0.9418
vn -0.9040 0.0713 -0.4216
vn -0.9349 0.0533 0.3510
vn -0.5962 0.3024 0.7437
vn -0.4521 0.0419 0.8910
vn -0.4366 0.0386 0.8988
vn -0.4463 0.3763 0.8119
vn -0.5372 0.8054 -0.2505
vn -0.6621 0.7401 0.1177
vn -0.3176 0.9085 0.2715
vn -0.1535 0.9856 -0.0716
vn 0.0039 0.9085 -0.4179
vn -0.3354 0.7401 -0.5828
vn 0.1865 0.3025 -0.9347
vn 0.3350 0.3764 -0.8638
vn 0.4079 0.0386 -0.9122
vn 0.3919 0.0419 -0.9191
vn 0.4403 -0.6713 -0.5962
vn 0.7058 -0.5235 -0.4773
vn 0.2206 -0.9699 0.1029
vn 0.6023 -0.7472 0.2809
vn 0.0881 -0.5234 0.8475
vn -0.1737 -0.6713 0.7205
vn -0.7002 0.1652 0.6946
vn -0.4531 0.0187 0.8913
vn -0.8150 0.4374 -0.3800
vn -0.9142 0.4054 -0.0013
vn -0.5887 0.4054 -0.6994
vn 0.0821 0.1652 -0.9828
vn 0.3917 0.0182 -0.9199
vn 0.8698 -0.2992 -0.3923
vn 0.8177 -0.4313 0.3812
vn 0.2596 -0.2974 0.9188
vn -0.4481 0.0074 0.8939
vn -0.7337 0.0438 0.6781
vn -0.9921 0.1186 -0.0409
vn -0.8998 0.1194 -0.4196
vn -0.6690 0.1186 -0.7337
vn 0.3984 0.0072 -0.9172
vn 0.0478 0.0437 -0.9979
vn 0.9274 -0.0950 -0.3618
vn 0.8982 -0.1444 0.4151
vn 0.3223 -0.0935 0.9420
vn 0.4298 0.0268 -0.9025
vn 0.4307 0.3778 -0.8196
vn 0.2697 0.9167 -0.2949
vn 0.1094 0.9927 0.0510
vn -0.0528 0.9166 0.3962
vn -0.3516 0.3784 0.8563
vn -0.4159 0.0263 0.9090
vn -0.3836 -0.6902 0.6136
vn -0.1183 -0.9914 -0.0551
vn 0.2235 -0.6903 -0.6882
vn 0.4542 0.0539 -0.8893
vn 0.5683 0.3189 -0.7585
vn 0.6036 0.7838 -0.1458
vn 0.4733 0.8528 0.2206
vn 0.2763 0.7837 0.5563
vn -0.2146 0.3194 0.9230
vn -0.3888 0.0532 0.9198
vn -0.6446 -0.5606 0.5198
vn -0.5063 -0.8294 -0.2361
vn -0.0162 -0.5606 -0.8279
vn 0.6981 0.1677 -0.6961
vn 0.4646 0.0186 -0.8853
vn 0.8103 0.4480 0.3778
vn 0.9141 0.4056 0.0006
vn 0.5880 0.4056 0.6998
vn -0.0845 0.1677 0.9822
vn -0.3795 0.0186 0.9250
vn -0.8766 -0.2703 0.3981
vn -0.8404 -0.3745 -0.3919
vn -0.2586 -0.2703 -0.9274
vn 0.7353 0.0347 -0.6769
vn 0.4391 0.0062 -0.8984
vn 0.9019 0.0990 0.4205
vn 0.9944 0.0965 0.0422
vn 0.6715 0.0965 0.7347
vn -0.0458 0.0347 0.9983
vn -0.4059 0.0063 0.9139
vn -0.9349 -0.0533 0.3510
vn -0.9040 -0.0713 -0.4215
vn -0.3320 -0.0533 -0.9418
vt 0.050141 0.683991
vt 0.033193 0.683991
vt 0.033193 0.683116
vt 0.050141 0.683116
vt 0.033193 0.682241
vt 0.050141 0.682241
vt 0.033193 0.681367
vt 0.050141 0.681367
vt 0.033193 0.680492
vt 0.050141 0.680492
vt 0.033193 0.679617
vt 0.050141 0.679617
vt 0.033193 0.678742
vt 0.050141 0.678742
vt 0.033193 0.677868
vt 0.050141 0.677868
vt 0.050141 0.686615
vt 0.033193 0.686615
vt 0.033193 0.685740
vt 0.050141 0.685740
vt 0.033193 0.684865
vt 0.050141 0.684865
vt 0.049632 0.650183
vt 0.049902 0.651015
vt 0.049632 0.651847
vt 0.048924 0.652361
vt 0.048050 0.652361
vt 0.047342 0.651847
vt 0.047072 0.651015
vt 0.047342 0.650183
vt 0.048050 0.649669
vt 0.048924 0.649669
vt 0.518994 0.547040
vt 0.518398 0.547040
vt 0.518398 0.540340
vt 0.518994 0.540340
vt 0.518398 0.533641
vt 0.518994 0.533641
vt 0.518398 0.526941
vt 0.518994 0.526941
vt 0.518398 0.520242
vt 0.518994 0.520242
vt 0.518398 0.513542
vt 0.518994 0.513542
vt 0.520239 0.528271
vt 0.520835 0.528271
vt 0.520835 0.534971
vt 0.520239 0.534971
vt 0.520835 0.541670
vt 0.520239 0.541670
vt 0.520835 0.548370
vt 0.520239 0.548370
vt 0.520835 0.555069
vt 0.520239 0.555069
vt 0.520835 0.561769
vt 0.520239 0.561769
vt 0.520835 0.568468
vt 0.520239 0.568468
vt 0.520835 0.575168
vt 0.520239 0.575168
vt 0.520835 0.581867
vt 0.520239 0.581867
vt 0.520835 0.588567
vt 0.520239 0.588567
vt 0.520835 0.595266
vt 0.520239 0.595266
vt 0.520835 0.601966
vt 0.520239 0.601966
vt 0.520835 0.608665
vt 0.520239 0.608665
vt 0.518994 0.593937
vt 0.518398 0.593937
vt 0.518398 0.587237
vt 0.518994 0.587237
vt 0.518398 0.580537
vt 0.518994 0.580537
vt 0.518398 0.573838
vt 0.518994 0.573838
vt 0.518398 0.567138
vt 0.518994 0.567138
vt 0.518398 0.560439
vt 0.518994 0.560439
vt 0.518398 0.553739
vt 0.518994 0.553739
vt 0.566182 0.558339
vt 0.572364 0.560899
vt 0.577673 0.564973
vt 0.581746 0.570281
vt 0.584307 0.576463
vt 0.585180 0.583097
vt 0.584307 0.589732
vt 0.581746 0.595914
vt 0.577673 0.601222
vt 0.572364 0.605296
vt 0.566182 0.607856
vt 0.559548 0.608730
vt 0.552914 0.607856
vt 0.546732 0.605296
vt 0.541423 0.601222
vt 0.537350 0.595914
vt 0.534789 0.589732
vt 0.533916 0.583097
vt 0.534789 0.576463
vt 0.537350 0.570281
vt 0.541423 0.564973
vt 0.546732 0.560899
vt 0.552914 0.558339
vt 0.559548 0.557465
vt 0.587753 0.564932
vt 0.581103 0.564057
vt 0.574906 0.561490
vt 0.569584 0.557406
vt 0.565501 0.552085
vt 0.562934 0.545888
vt 0.562058 0.539237
vt 0.562934 0.532587
vt 0.565500 0.526390
vt 0.569584 0.521068
vt 0.574905 0.516985
vt 0.581103 0.514418
vt 0.587753 0.513542
vt 0.594403 0.514418
vt 0.600600 0.516985
vt 0.605922 0.521068
vt 0.610005 0.526390
vt 0.612572 0.532587
vt 0.613448 0.539237
vt 0.612572 0.545887
vt 0.610005 0.552085
vt 0.605922 0.557406
vt 0.600600 0.561490
vt 0.594403 0.564057
vt 0.043869 0.662709
vt 0.043869 0.663433
vt 0.043547 0.663433
vt 0.043547 0.662709
vt 0.046142 0.662709
vt 0.046142 0.663433
vt 0.045817 0.663433
vt 0.045817 0.662709
vt 0.045492 0.663433
vt 0.045492 0.662709
vt 0.045167 0.663433
vt 0.045167 0.662709
vt 0.044841 0.663433
vt 0.044841 0.662709
vt 0.044516 0.662709
vt 0.044516 0.663433
vt 0.044192 0.662709
vt 0.044192 0.663433
vt 0.043869 0.662089
vt 0.043547 0.662089
vt 0.046142 0.662089
vt 0.045817 0.662089
vt 0.045492 0.662089
vt 0.045167 0.662089
vt 0.044841 0.662089
vt 0.044516 0.662089
vt 0.044192 0.662089
vt 0.043869 0.649669
vt 0.043869 0.661574
vt 0.043547 0.661574
vt 0.043547 0.649669
vt 0.046142 0.649669
vt 0.046142 0.661574
vt 0.045817 0.661574
vt 0.045817 0.649669
vt 0.045492 0.661574
vt 0.045492 0.649669
vt 0.045167 0.661574
vt 0.045167 0.649669
vt 0.044841 0.661574
vt 0.044841 0.649669
vt 0.044516 0.661574
vt 0.044516 0.649669
vt 0.044192 0.661574
vt 0.044192 0.649669
vt 0.031651 0.725792
vt 0.031651 0.688662
vt 0.031976 0.688662
vt 0.031976 0.725792
vt 0.033592 0.725792
vt 0.033592 0.688662
vt 0.033917 0.688662
vt 0.033917 0.725792
vt 0.033267 0.725792
vt 0.033267 0.688662
vt 0.032944 0.725792
vt 0.032944 0.688662
vt 0.047007 0.674667
vt 0.047007 0.674989
vt 0.046259 0.674989
vt 0.046259 0.674667
vt 0.047007 0.674343
vt 0.046259 0.674343
vt 0.047007 0.676612
vt 0.047007 0.676938
vt 0.046259 0.676938
vt 0.046259 0.676612
vt 0.047007 0.676287
vt 0.046259 0.676287
vt 0.047007 0.675961
vt 0.046259 0.675961
vt 0.046259 0.675636
vt 0.047007 0.675636
vt 0.046259 0.675312
vt 0.047007 0.675312
vt 0.045625 0.674989
vt 0.045625 0.674667
vt 0.045625 0.674343
vt 0.045625 0.676938
vt 0.045625 0.676612
vt 0.045625 0.676287
vt 0.045625 0.675961
vt 0.045625 0.675636
vt 0.045625 0.675312
vt 0.045042 0.674667
vt 0.045042 0.674989
vt 0.033193 0.674989
vt 0.033193 0.674667
vt 0.045042 0.674343
vt 0.033193 0.674343
vt 0.045042 0.676612
vt 0.045042 0.676938
vt 0.033193 0.676938
vt 0.033193 0.676612
vt 0.045042 0.676287
vt 0.033193 0.676287
vt 0.045042 0.675961
vt 0.033193 0.675961
vt 0.045042 0.675636
vt 0.033193 0.675636
vt 0.045042 0.675312
vt 0.033193 0.675312
vt 0.032299 0.688662
vt 0.032621 0.688662
vt 0.032621 0.725792
vt 0.032299 0.725792
vt 0.034243 0.688662
vt 0.034243 0.725792
vt 0.033504 0.649669
vt 0.033816 0.649669
vt 0.033816 0.671167
vt 0.033504 0.671167
vt 0.033193 0.649669
vt 0.033193 0.671167
vt 0.035367 0.649669
vt 0.035676 0.649669
vt 0.035676 0.671167
vt 0.035367 0.671167
vt 0.035058 0.649669
vt 0.035058 0.671167
vt 0.034749 0.649669
vt 0.034749 0.671167
vt 0.034439 0.649669
vt 0.034439 0.671167
vt 0.034128 0.649669
vt 0.034128 0.671167
vt 0.338610 0.711821
vt 0.337894 0.711635
vt 0.337894 0.703312
vt 0.338610 0.703125
vt 0.342679 0.703125
vt 0.343071 0.703212
vt 0.343306 0.703472
vt 0.343385 0.703905
vt 0.343385 0.711042
vt 0.343306 0.711475
vt 0.343071 0.711735
vt 0.342679 0.711821
vt 0.281029 0.660957
vt 0.281420 0.660866
vt 0.285489 0.660831
vt 0.286207 0.661011
vt 0.286279 0.669334
vt 0.285565 0.669527
vt 0.281496 0.669562
vt 0.281103 0.669479
vt 0.280866 0.669221
vt 0.280784 0.668789
vt 0.280721 0.661652
vt 0.280796 0.661218
vt 0.352358 0.697064
vt 0.352982 0.697064
vt 0.352982 0.704201
vt 0.352358 0.704201
vt 0.352358 0.705393
vt 0.352982 0.705393
vt 0.352982 0.709462
vt 0.352358 0.709462
vt 0.352358 0.691803
vt 0.352982 0.691803
vt 0.352982 0.695872
vt 0.352358 0.695872
vt 0.352358 0.691063
vt 0.352982 0.691063
vt 0.352358 0.696624
vt 0.352982 0.696624
vt 0.352358 0.696273
vt 0.352982 0.696273
vt 0.352982 0.710202
vt 0.352358 0.710202
vt 0.352982 0.704641
vt 0.352358 0.704641
vt 0.352982 0.704991
vt 0.352358 0.704991
vt 0.332418 0.703905
vt 0.332496 0.703472
vt 0.332732 0.703212
vt 0.333123 0.703125
vt 0.337192 0.703125
vt 0.337192 0.711821
vt 0.333123 0.711821
vt 0.332731 0.711735
vt 0.332496 0.711475
vt 0.332418 0.711042
vt 0.290975 0.660783
vt 0.291368 0.660866
vt 0.291606 0.661124
vt 0.291688 0.661556
vt 0.291750 0.668693
vt 0.291675 0.669127
vt 0.291442 0.669389
vt 0.291051 0.669479
vt 0.286982 0.669514
vt 0.286907 0.660819
vt 0.352358 0.710928
vt 0.352982 0.710928
vt 0.352982 0.714996
vt 0.352358 0.714996
vt 0.352358 0.716188
vt 0.352982 0.716188
vt 0.352982 0.723326
vt 0.352358 0.723326
vt 0.352358 0.724517
vt 0.352982 0.724517
vt 0.352982 0.728586
vt 0.352358 0.728586
vt 0.352982 0.723766
vt 0.352358 0.723766
vt 0.352982 0.724116
vt 0.352358 0.724116
vt 0.352982 0.729312
vt 0.352358 0.729312
vt 0.352982 0.715398
vt 0.352358 0.715398
vt 0.352982 0.715748
vt 0.352358 0.715748
vt 0.038973 0.650166
vt 0.038690 0.650166
vt 0.038690 0.649669
vt 0.038973 0.649669
vt 0.037001 0.650166
vt 0.036718 0.650166
vt 0.036718 0.649669
vt 0.037001 0.649669
vt 0.037285 0.649669
vt 0.037285 0.650166
vt 0.037567 0.649669
vt 0.037567 0.650166
vt 0.037849 0.649669
vt 0.037849 0.650166
vt 0.038129 0.649669
vt 0.038129 0.650166
vt 0.038409 0.650166
vt 0.038409 0.649669
vt 0.038973 0.650680
vt 0.038690 0.650680
vt 0.037001 0.650680
vt 0.036718 0.650680
vt 0.037285 0.650680
vt 0.037567 0.650680
vt 0.037849 0.650680
vt 0.038129 0.650680
vt 0.038409 0.650680
vt 0.038690 0.651185
vt 0.038973 0.651185
vt 0.036718 0.651185
vt 0.037001 0.651185
vt 0.037285 0.651185
vt 0.037567 0.651185
vt 0.037849 0.651185
vt 0.038129 0.651185
vt 0.038409 0.651185
vt 0.044868 0.725163
vt 0.036718 0.725163
vt 0.036718 0.724880
vt 0.044868 0.724880
vt 0.036718 0.724597
vt 0.044868 0.724597
vt 0.036718 0.724313
vt 0.044868 0.724313
vt 0.036718 0.724031
vt 0.044868 0.724031
vt 0.036718 0.723749
vt 0.044868 0.723749
vt 0.036718 0.723469
vt 0.044868 0.723469
vt 0.044868 0.725724
vt 0.036718 0.725724
vt 0.036718 0.725444
vt 0.044868 0.725444
vt 0.045281 0.725163
vt 0.045281 0.724880
vt 0.045281 0.724597
vt 0.045281 0.724313
vt 0.045281 0.724031
vt 0.045281 0.723749
vt 0.045281 0.723469
vt 0.045281 0.725444
vt 0.045281 0.725724
vt 0.045807 0.724880
vt 0.045807 0.725163
vt 0.045807 0.724597
vt 0.045807 0.724313
vt 0.045807 0.724031
vt 0.045807 0.723749
vt 0.045807 0.723469
vt 0.045807 0.725444
vt 0.045807 0.725724
vt 0.046322 0.724880
vt 0.046322 0.725163
vt 0.046322 0.724597
vt 0.046322 0.724313
vt 0.046322 0.724031
vt 0.046322 0.723749
vt 0.046322 0.723469
vt 0.046322 0.725444
vt 0.046322 0.725724
vt 0.037285 0.656078
vt 0.037567 0.656078
vt 0.037567 0.656574
vt 0.037285 0.656574
vt 0.037001 0.656078
vt 0.037001 0.656574
vt 0.036718 0.656574
vt 0.036718 0.656078
vt 0.038973 0.656078
vt 0.038973 0.656574
vt 0.038690 0.656574
vt 0.038690 0.656078
vt 0.038409 0.656574
vt 0.038409 0.656078
vt 0.038129 0.656574
vt 0.038129 0.656078
vt 0.037849 0.656078
vt 0.037849 0.656574
vt 0.037285 0.655563
vt 0.037567 0.655563
vt 0.037001 0.655563
vt 0.036718 0.655563
vt 0.038973 0.655563
vt 0.038690 0.655563
vt 0.038409 0.655563
vt 0.038129 0.655563
vt 0.037849 0.655563
vt 0.037567 0.655059
vt 0.037285 0.655059
vt 0.037001 0.655059
vt 0.036718 0.655059
vt 0.038690 0.655059
vt 0.038973 0.655059
vt 0.038409 0.655059
vt 0.038129 0.655059
vt 0.037849 0.655059
vt 0.038690 0.664720
vt 0.038973 0.664720
vt 0.036718 0.664720
vt 0.037001 0.664720
vt 0.037285 0.664720
vt 0.037567 0.664720
vt 0.037849 0.664720
vt 0.038129 0.664720
vt 0.038409 0.664720
vt 0.051241 0.724031
vt 0.051654 0.724031
vt 0.051654 0.724313
vt 0.051241 0.724313
vt 0.051654 0.724597
vt 0.051241 0.724597
vt 0.051654 0.724880
vt 0.051241 0.724880
vt 0.051654 0.725163
vt 0.051241 0.725163
vt 0.051654 0.725444
vt 0.051241 0.725444
vt 0.051654 0.725724
vt 0.051241 0.725724
vt 0.051241 0.723749
vt 0.051241 0.723469
vt 0.051654 0.723469
vt 0.051654 0.723749
vt 0.050715 0.724313
vt 0.050715 0.724031
vt 0.050715 0.724597
vt 0.050715 0.724880
vt 0.050715 0.725163
vt 0.050715 0.725444
vt 0.050715 0.725724
vt 0.050715 0.723749
vt 0.050715 0.723469
vt 0.050199 0.724313
vt 0.050199 0.724031
vt 0.050199 0.724597
vt 0.050199 0.724880
vt 0.050199 0.725163
vt 0.050199 0.725444
vt 0.050199 0.725724
vt 0.050199 0.723749
vt 0.050199 0.723469
vt 0.041970 0.662737
vt 0.041970 0.663486
vt 0.041648 0.663486
vt 0.041648 0.662737
vt 0.041324 0.663486
vt 0.041324 0.662737
vt 0.040998 0.663486
vt 0.040998 0.662737
vt 0.040673 0.663486
vt 0.040673 0.662737
vt 0.040348 0.663486
vt 0.040348 0.662737
vt 0.040022 0.662737
vt 0.040022 0.663486
vt 0.042292 0.662737
vt 0.042617 0.662737
vt 0.042617 0.663486
vt 0.042292 0.663486
vt 0.041970 0.662103
vt 0.041648 0.662103
vt 0.041324 0.662103
vt 0.040998 0.662103
vt 0.040673 0.662103
vt 0.040348 0.662103
vt 0.040022 0.662103
vt 0.042292 0.662103
vt 0.042617 0.662103
vt 0.041970 0.649669
vt 0.041970 0.661579
vt 0.041648 0.661579
vt 0.041648 0.649669
vt 0.041324 0.661579
vt 0.041324 0.649669
vt 0.040998 0.661579
vt 0.040998 0.649669
vt 0.040673 0.661579
vt 0.040673 0.649669
vt 0.040348 0.661579
vt 0.040348 0.649669
vt 0.040022 0.661579
vt 0.040022 0.649669
vt 0.042617 0.649669
vt 0.042617 0.661579
vt 0.042292 0.661579
vt 0.042292 0.649669
vt 0.030109 0.646795
vt 0.067238 0.646795
vt 0.067238 0.647120
vt 0.030109 0.647120
vt 0.030109 0.646144
vt 0.067238 0.646144
vt 0.067238 0.646470
vt 0.030109 0.646470
vt 0.030109 0.648412
vt 0.067238 0.648412
vt 0.067238 0.648736
vt 0.030109 0.648736
vt 0.030109 0.648088
vt 0.067238 0.648088
vt 0.098049 0.718999
vt 0.097726 0.718999
vt 0.097726 0.718251
vt 0.098049 0.718251
vt 0.098373 0.718999
vt 0.098373 0.718251
vt 0.098699 0.718999
vt 0.098699 0.718251
vt 0.099024 0.718999
vt 0.099024 0.718251
vt 0.099349 0.718999
vt 0.099349 0.718251
vt 0.099675 0.718251
vt 0.099675 0.718999
vt 0.097404 0.718251
vt 0.097404 0.718999
vt 0.097080 0.718999
vt 0.097080 0.718251
vt 0.097726 0.717617
vt 0.098049 0.717617
vt 0.098373 0.717617
vt 0.098699 0.717617
vt 0.099024 0.717617
vt 0.099349 0.717617
vt 0.099675 0.717617
vt 0.097404 0.717617
vt 0.097080 0.717617
vt 0.098049 0.717034
vt 0.097726 0.717034
vt 0.097726 0.705185
vt 0.098049 0.705185
vt 0.098373 0.717034
vt 0.098373 0.705185
vt 0.098699 0.717034
vt 0.098699 0.705185
vt 0.099024 0.717034
vt 0.099024 0.705185
vt 0.099349 0.717034
vt 0.099349 0.705185
vt 0.099675 0.717034
vt 0.099675 0.705185
vt 0.097404 0.717034
vt 0.097080 0.717034
vt 0.097080 0.705185
vt 0.097404 0.705185
vt 0.067238 0.647443
vt 0.067238 0.647766
vt 0.030109 0.647766
vt 0.030109 0.647443
vt 0.103144 0.723870
vt 0.103144 0.724182
vt 0.081659 0.724182
vt 0.081659 0.723870
vt 0.103144 0.723559
vt 0.081659 0.723559
vt 0.103144 0.723249
vt 0.081659 0.723249
vt 0.103144 0.725424
vt 0.103144 0.725733
vt 0.081659 0.725733
vt 0.081659 0.725424
vt 0.103144 0.725115
vt 0.081659 0.725115
vt 0.103144 0.724805
vt 0.081659 0.724805
vt 0.103144 0.724494
vt 0.081659 0.724494
vt 0.037690 0.709482
vt 0.037690 0.708709
vt 0.038012 0.708709
vt 0.038012 0.709482
vt 0.038336 0.708709
vt 0.038336 0.709482
vt 0.038662 0.708709
vt 0.038662 0.709482
vt 0.038987 0.708709
vt 0.038987 0.709482
vt 0.039312 0.708709
vt 0.039312 0.709482
vt 0.037043 0.709482
vt 0.036718 0.709482
vt 0.036718 0.708709
vt 0.037043 0.708709
vt 0.037367 0.709482
vt 0.037367 0.708709
vt 0.037690 0.710130
vt 0.038012 0.710130
vt 0.038336 0.710130
vt 0.038662 0.710130
vt 0.038987 0.710130
vt 0.039312 0.710130
vt 0.037043 0.710130
vt 0.036718 0.710130
vt 0.037367 0.710130
vt 0.037690 0.722579
vt 0.037690 0.710662
vt 0.038012 0.710662
vt 0.038012 0.722579
vt 0.038336 0.710662
vt 0.038336 0.722579
vt 0.038662 0.710662
vt 0.038662 0.722579
vt 0.038987 0.710662
vt 0.038987 0.722579
vt 0.039312 0.710662
vt 0.039312 0.722579
vt 0.036718 0.722579
vt 0.036718 0.710662
vt 0.037043 0.710662
vt 0.037043 0.722579
vt 0.037367 0.710662
vt 0.037367 0.722579
vt 0.107613 0.679189
vt 0.107613 0.716319
vt 0.107288 0.716319
vt 0.107288 0.679189
vt 0.108264 0.679189
vt 0.108264 0.716319
vt 0.107938 0.716319
vt 0.107938 0.679189
vt 0.105996 0.679189
vt 0.105996 0.716319
vt 0.105671 0.716319
vt 0.105671 0.679189
vt 0.106320 0.679189
vt 0.106320 0.716319
vt 0.066121 0.658228
vt 0.066121 0.658551
vt 0.065397 0.658551
vt 0.065397 0.658228
vt 0.066121 0.657904
vt 0.065397 0.657904
vt 0.066121 0.657578
vt 0.065397 0.657578
vt 0.066121 0.657253
vt 0.065397 0.657253
vt 0.066121 0.656928
vt 0.065397 0.656928
vt 0.065397 0.656602
vt 0.066121 0.656602
vt 0.065397 0.656278
vt 0.066121 0.656278
vt 0.066121 0.658873
vt 0.065397 0.658873
vt 0.064777 0.658551
vt 0.064777 0.658228
vt 0.064777 0.657904
vt 0.064777 0.657578
vt 0.064777 0.657253
vt 0.064777 0.656928
vt 0.064777 0.656602
vt 0.064777 0.656278
vt 0.064777 0.658873
vt 0.064209 0.658228
vt 0.064209 0.658551
vt 0.052359 0.658551
vt 0.052359 0.658228
vt 0.064209 0.657904
vt 0.052359 0.657904
vt 0.064209 0.657578
vt 0.052359 0.657578
vt 0.064209 0.657253
vt 0.052359 0.657253
vt 0.064209 0.656928
vt 0.052359 0.656928
vt 0.064209 0.656602
vt 0.052359 0.656602
vt 0.064209 0.656278
vt 0.052359 0.656278
vt 0.064209 0.658873
vt 0.052359 0.658873
vt 0.106964 0.716319
vt 0.106642 0.716319
vt 0.106642 0.679189
vt 0.106964 0.679189
vt 0.101540 0.706195
vt 0.101228 0.706195
vt 0.101228 0.684697
vt 0.101540 0.684697
vt 0.101851 0.706195
vt 0.101851 0.684697
vt 0.102161 0.706195
vt 0.102161 0.684697
vt 0.102470 0.706195
vt 0.102470 0.684697
vt 0.102778 0.706195
vt 0.102778 0.684697
vt 0.103088 0.706195
vt 0.103088 0.684697
vt 0.100916 0.706195
vt 0.100605 0.706195
vt 0.100605 0.684697
vt 0.100916 0.684697
vt 0.307634 0.660388
vt 0.307448 0.661105
vt 0.299125 0.661105
vt 0.298938 0.660388
vt 0.298938 0.656319
vt 0.299025 0.655927
vt 0.299284 0.655692
vt 0.299717 0.655614
vt 0.306855 0.655614
vt 0.307288 0.655692
vt 0.307547 0.655927
vt 0.307634 0.656319
vt 0.301639 0.670452
vt 0.301726 0.670844
vt 0.301726 0.674912
vt 0.301539 0.675629
vt 0.293216 0.675629
vt 0.293030 0.674912
vt 0.293030 0.670843
vt 0.293117 0.670451
vt 0.293376 0.670216
vt 0.293809 0.670138
vt 0.300947 0.670138
vt 0.301380 0.670216
vt 0.271991 0.657428
vt 0.271367 0.657428
vt 0.271367 0.650291
vt 0.271991 0.650291
vt 0.271991 0.649099
vt 0.271367 0.649099
vt 0.271367 0.645030
vt 0.271991 0.645030
vt 0.271991 0.662689
vt 0.271367 0.662689
vt 0.271367 0.658620
vt 0.271991 0.658620
vt 0.271991 0.663429
vt 0.271367 0.663429
vt 0.271991 0.657868
vt 0.271367 0.657868
vt 0.271991 0.658218
vt 0.271367 0.658218
vt 0.271367 0.644289
vt 0.271991 0.644289
vt 0.271367 0.649851
vt 0.271991 0.649851
vt 0.271367 0.649500
vt 0.271991 0.649500
vt 0.299718 0.666580
vt 0.299285 0.666502
vt 0.299025 0.666267
vt 0.298939 0.665875
vt 0.298939 0.661806
vt 0.307634 0.661806
vt 0.307634 0.665875
vt 0.307548 0.666267
vt 0.307288 0.666502
vt 0.306855 0.666580
vt 0.301726 0.680399
vt 0.301639 0.680791
vt 0.301379 0.681026
vt 0.300946 0.681105
vt 0.293809 0.681105
vt 0.293376 0.681026
vt 0.293117 0.680791
vt 0.293030 0.680399
vt 0.293030 0.676330
vt 0.301726 0.676330
vt 0.271991 0.681813
vt 0.271367 0.681813
vt 0.271367 0.677744
vt 0.271991 0.677744
vt 0.271991 0.676552
vt 0.271367 0.676552
vt 0.271367 0.669415
vt 0.271991 0.669415
vt 0.271991 0.668223
vt 0.271367 0.668223
vt 0.271367 0.664154
vt 0.271991 0.664154
vt 0.271367 0.668975
vt 0.271991 0.668975
vt 0.271367 0.668625
vt 0.271991 0.668625
vt 0.271367 0.677343
vt 0.271991 0.677343
vt 0.271367 0.676992
vt 0.271991 0.676992
vt 0.271991 0.682539
vt 0.271367 0.682539
vt 0.061850 0.654105
vt 0.061850 0.654388
vt 0.061389 0.654388
vt 0.061389 0.654105
vt 0.061850 0.653821
vt 0.061389 0.653821
vt 0.061389 0.653538
vt 0.061850 0.653538
vt 0.061389 0.653255
vt 0.061850 0.653255
vt 0.061389 0.652974
vt 0.061850 0.652974
vt 0.061850 0.655229
vt 0.061389 0.655229
vt 0.061389 0.654949
vt 0.061850 0.654949
vt 0.061850 0.654669
vt 0.061389 0.654669
vt 0.062334 0.654105
vt 0.062334 0.654388
vt 0.062334 0.653821
vt 0.062334 0.653538
vt 0.062334 0.653255
vt 0.062334 0.652974
vt 0.062334 0.655229
vt 0.062334 0.654949
vt 0.062334 0.654669
vt 0.062812 0.654388
vt 0.062812 0.654105
vt 0.062812 0.653821
vt 0.062812 0.653538
vt 0.062812 0.653255
vt 0.062812 0.652974
vt 0.062812 0.654949
vt 0.062812 0.655229
vt 0.062812 0.654669
vt 0.053240 0.653255
vt 0.053240 0.653538
vt 0.053240 0.653821
vt 0.053240 0.654105
vt 0.053240 0.654388
vt 0.053240 0.654669
vt 0.053240 0.654949
vt 0.053240 0.655229
vt 0.053240 0.652974
vt 0.070395 0.651358
vt 0.070852 0.651358
vt 0.070852 0.651640
vt 0.070395 0.651640
vt 0.070852 0.651924
vt 0.070395 0.651924
vt 0.070395 0.649669
vt 0.070852 0.649669
vt 0.070852 0.649953
vt 0.070395 0.649953
vt 0.070852 0.650235
vt 0.070395 0.650235
vt 0.070852 0.650517
vt 0.070395 0.650517
vt 0.070852 0.650796
vt 0.070395 0.650796
vt 0.070395 0.651076
vt 0.070852 0.651076
vt 0.069828 0.651640
vt 0.069828 0.651358
vt 0.069828 0.651924
vt 0.069828 0.649669
vt 0.069828 0.649953
vt 0.069828 0.650235
vt 0.069828 0.650517
vt 0.069828 0.650796
vt 0.069828 0.651076
vt 0.069268 0.651640
vt 0.069268 0.651358
vt 0.069268 0.651924
vt 0.069268 0.649669
vt 0.069268 0.649953
vt 0.069268 0.650235
vt 0.069268 0.650517
vt 0.069268 0.650796
vt 0.069268 0.651076
vt 0.067651 0.653538
vt 0.067651 0.653255
vt 0.068112 0.653255
vt 0.068112 0.653538
vt 0.067651 0.653821
vt 0.068112 0.653821
vt 0.068112 0.654105
vt 0.067651 0.654105
vt 0.068112 0.654388
vt 0.067651 0.654388
vt 0.068112 0.654669
vt 0.067651 0.654669
vt 0.068112 0.654949
vt 0.067651 0.654949
vt 0.067651 0.655229
vt 0.068112 0.655229
vt 0.067651 0.652974
vt 0.068112 0.652974
vt 0.067167 0.653538
vt 0.067167 0.653255
vt 0.067167 0.653821
vt 0.067167 0.654105
vt 0.067167 0.654388
vt 0.067167 0.654669
vt 0.067167 0.654949
vt 0.067167 0.655229
vt 0.067167 0.652974
vt 0.066689 0.653255
vt 0.066689 0.653538
vt 0.066689 0.653821
vt 0.066689 0.654105
vt 0.066689 0.654388
vt 0.066689 0.654669
vt 0.066689 0.654949
vt 0.066689 0.655229
vt 0.066689 0.652974
vt 0.063809 0.650235
vt 0.055663 0.650235
vt 0.055663 0.649953
vt 0.063809 0.649953
vt 0.055663 0.649669
vt 0.063809 0.649669
vt 0.063809 0.651924
vt 0.055663 0.651924
vt 0.055663 0.651640
vt 0.063809 0.651640
vt 0.055663 0.651358
vt 0.063809 0.651358
vt 0.055663 0.651076
vt 0.063809 0.651076
vt 0.055663 0.650796
vt 0.063809 0.650796
vt 0.055663 0.650517
vt 0.063809 0.650517
vt 0.064266 0.650235
vt 0.064266 0.649953
vt 0.064266 0.649669
vt 0.064266 0.651924
vt 0.064266 0.651640
vt 0.064266 0.651358
vt 0.064266 0.651076
vt 0.064266 0.650796
vt 0.064266 0.650517
vt 0.064833 0.649953
vt 0.064833 0.650235
vt 0.064833 0.649669
vt 0.064833 0.651924
vt 0.064833 0.651640
vt 0.064833 0.651358
vt 0.064833 0.651076
vt 0.064833 0.650796
vt 0.064833 0.650517
vt 0.065393 0.649953
vt 0.065393 0.650235
vt 0.065393 0.649669
vt 0.065393 0.651924
vt 0.065393 0.651640
vt 0.065393 0.651358
vt 0.065393 0.651076
vt 0.065393 0.650796
vt 0.065393 0.650517
vt 0.338610 0.721669
vt 0.337894 0.721482
vt 0.337894 0.713159
vt 0.338610 0.712973
vt 0.342679 0.712973
vt 0.343071 0.713059
vt 0.343306 0.713319
vt 0.343385 0.713752
vt 0.343385 0.720889
vt 0.343306 0.721322
vt 0.343071 0.721582
vt 0.342679 0.721669
vt 0.336670 0.689180
vt 0.337062 0.689093
vt 0.341131 0.689093
vt 0.341848 0.689280
vt 0.341848 0.697603
vt 0.341131 0.697789
vt 0.337062 0.697789
vt 0.336670 0.697703
vt 0.336435 0.697443
vt 0.336357 0.697010
vt 0.336357 0.689873
vt 0.336435 0.689440
vt 0.275930 0.723311
vt 0.275305 0.723311
vt 0.275305 0.716174
vt 0.275930 0.716174
vt 0.275930 0.714982
vt 0.275305 0.714982
vt 0.275305 0.710913
vt 0.275930 0.710913
vt 0.275930 0.728572
vt 0.275305 0.728572
vt 0.275305 0.724503
vt 0.275930 0.724503
vt 0.275930 0.729312
vt 0.275305 0.729312
vt 0.275930 0.723751
vt 0.275305 0.723751
vt 0.275930 0.724101
vt 0.275305 0.724101
vt 0.275305 0.710173
vt 0.275930 0.710173
vt 0.275305 0.715734
vt 0.275930 0.715734
vt 0.275305 0.715383
vt 0.275930 0.715383
vt 0.332418 0.713751
vt 0.332496 0.713319
vt 0.332732 0.713059
vt 0.333124 0.712972
vt 0.337192 0.712972
vt 0.337192 0.721668
vt 0.333123 0.721668
vt 0.332731 0.721581
vt 0.332496 0.721322
vt 0.332418 0.720889
vt 0.346618 0.689093
vt 0.347010 0.689180
vt 0.347245 0.689440
vt 0.347323 0.689873
vt 0.347323 0.697010
vt 0.347245 0.697443
vt 0.347010 0.697703
vt 0.346618 0.697789
vt 0.342549 0.697789
vt 0.342549 0.689093
vt 0.275930 0.709447
vt 0.275305 0.709447
vt 0.275305 0.705378
vt 0.275930 0.705378
vt 0.275930 0.704186
vt 0.275305 0.704186
vt 0.275305 0.697049
vt 0.275930 0.697049
vt 0.275930 0.695857
vt 0.275305 0.695857
vt 0.275305 0.691788
vt 0.275930 0.691788
vt 0.275305 0.696609
vt 0.275930 0.696609
vt 0.275305 0.696259
vt 0.275930 0.696259
vt 0.275305 0.691063
vt 0.275930 0.691063
vt 0.275305 0.704977
vt 0.275930 0.704977
vt 0.275305 0.704626
vt 0.275930 0.704626
vt 0.091194 0.720789
vt 0.091194 0.720506
vt 0.091648 0.720506
vt 0.091648 0.720789
vt 0.091194 0.721072
vt 0.091648 0.721072
vt 0.091648 0.721356
vt 0.091194 0.721356
vt 0.091648 0.721639
vt 0.091194 0.721639
vt 0.091648 0.721920
vt 0.091194 0.721920
vt 0.091648 0.722200
vt 0.091194 0.722200
vt 0.091194 0.720225
vt 0.091194 0.719945
vt 0.091648 0.719945
vt 0.091648 0.720225
vt 0.090717 0.720789
vt 0.090717 0.720506
vt 0.090717 0.721072
vt 0.090717 0.721356
vt 0.090717 0.721639
vt 0.090717 0.721920
vt 0.090717 0.722200
vt 0.090717 0.720225
vt 0.090717 0.719945
vt 0.090244 0.720506
vt 0.090244 0.720789
vt 0.090244 0.721072
vt 0.090244 0.721356
vt 0.090244 0.721639
vt 0.090244 0.721920
vt 0.090244 0.722200
vt 0.090244 0.719945
vt 0.090244 0.720225
vt 0.099798 0.721639
vt 0.099798 0.721356
vt 0.099798 0.721072
vt 0.099798 0.720789
vt 0.099798 0.720506
vt 0.099798 0.720225
vt 0.099798 0.719945
vt 0.099798 0.722200
vt 0.099798 0.721920
vt 0.102230 0.707618
vt 0.102230 0.707167
vt 0.102512 0.707167
vt 0.102512 0.707618
vt 0.102796 0.707167
vt 0.102796 0.707618
vt 0.103080 0.707167
vt 0.103080 0.707618
vt 0.100825 0.707618
vt 0.100825 0.707167
vt 0.101108 0.707167
vt 0.101108 0.707618
vt 0.101389 0.707167
vt 0.101389 0.707618
vt 0.101669 0.707167
vt 0.101669 0.707618
vt 0.101949 0.707618
vt 0.101949 0.707167
vt 0.102512 0.708179
vt 0.102230 0.708179
vt 0.102796 0.708179
vt 0.103080 0.708179
vt 0.100825 0.708179
vt 0.101108 0.708179
vt 0.101389 0.708179
vt 0.101669 0.708179
vt 0.101949 0.708179
vt 0.102512 0.708732
vt 0.102230 0.708732
vt 0.102796 0.708732
vt 0.103080 0.708732
vt 0.100825 0.708732
vt 0.101108 0.708732
vt 0.101389 0.708732
vt 0.101669 0.708732
vt 0.101949 0.708732
vt 0.085417 0.721356
vt 0.085417 0.721639
vt 0.084963 0.721639
vt 0.084963 0.721356
vt 0.085417 0.721072
vt 0.084963 0.721072
vt 0.084963 0.720789
vt 0.085417 0.720789
vt 0.084963 0.720506
vt 0.085417 0.720506
vt 0.084963 0.720225
vt 0.085417 0.720225
vt 0.084963 0.719945
vt 0.085417 0.719945
vt 0.085417 0.721920
vt 0.085417 0.722200
vt 0.084963 0.722200
vt 0.084963 0.721920
vt 0.085894 0.721356
vt 0.085894 0.721639
vt 0.085894 0.721072
vt 0.085894 0.720789
vt 0.085894 0.720506
vt 0.085894 0.720225
vt 0.085894 0.719945
vt 0.085894 0.721920
vt 0.085894 0.722200
vt 0.086367 0.721639
vt 0.086367 0.721356
vt 0.086367 0.721072
vt 0.086367 0.720789
vt 0.086367 0.720506
vt 0.086367 0.720225
vt 0.086367 0.719945
vt 0.086367 0.722200
vt 0.086367 0.721920
vt 0.101108 0.714172
vt 0.101108 0.722318
vt 0.100825 0.722318
vt 0.100825 0.714172
vt 0.103080 0.714172
vt 0.103080 0.722318
vt 0.102796 0.722318
vt 0.102796 0.714172
vt 0.102512 0.722318
vt 0.102512 0.714172
vt 0.102230 0.722318
vt 0.102230 0.714172
vt 0.101949 0.722318
vt 0.101949 0.714172
vt 0.101669 0.722318
vt 0.101669 0.714172
vt 0.101389 0.722318
vt 0.101389 0.714172
vt 0.101108 0.713722
vt 0.100825 0.713722
vt 0.103080 0.713722
vt 0.102796 0.713722
vt 0.102512 0.713722
vt 0.102230 0.713722
vt 0.101949 0.713722
vt 0.101669 0.713722
vt 0.101389 0.713722
vt 0.100825 0.713161
vt 0.101108 0.713161
vt 0.102796 0.713161
vt 0.103080 0.713161
vt 0.102512 0.713161
vt 0.102230 0.713161
vt 0.101949 0.713161
vt 0.101669 0.713161
vt 0.101389 0.713161
vt 0.100825 0.712607
vt 0.101108 0.712607
vt 0.102796 0.712607
vt 0.103080 0.712607
vt 0.102512 0.712607
vt 0.102230 0.712607
vt 0.101949 0.712607
vt 0.101669 0.712607
vt 0.101389 0.712607
s 1
usemtl 07_-_Default.002
f 4/1/1 1/2/1 2/3/2
f 2/3/2 3/4/2 4/1/1
f 3/4/2 2/3/2 5/5/3
f 5/5/3 6/6/3 3/4/2
f 6/6/3 5/5/3 7/7/4
f 7/7/4 8/8/4 6/6/3
f 8/8/4 7/7/4 9/9/5
f 9/9/5 10/10/5 8/8/4
f 10/10/5 9/9/5 11/11/6
f 11/11/6 12/12/6 10/10/5
f 12/12/6 11/11/6 13/13/7
f 13/13/7 14/14/7 12/12/6
f 14/14/7 13/13/7 15/15/8
f 15/15/8 16/16/8 14/14/7
f 16/17/8 15/18/8 17/19/9
f 17/19/9 18/20/9 16/17/8
f 18/20/9 17/19/9 19/21/10
f 19/21/10 20/22/10 18/20/9
f 20/22/10 19/21/10 1/2/1
f 1/2/1 4/1/1 20/22/10
f 10/23/11 12/24/11 14/25/11
f 14/25/11 16/26/11 18/27/11
f 18/27/11 20/28/11 4/29/11
f 14/25/11 18/27/11 4/29/11
f 4/29/11 3/30/11 6/31/11
f 14/25/11 4/29/11 6/31/11
f 10/23/11 14/25/11 6/31/11
f 10/23/11 6/31/11 8/32/11
f 24/33/12 21/34/12 22/35/13
f 22/35/13 23/36/13 24/33/12
f 23/36/13 22/35/13 25/37/14
f 25/37/14 26/38/14 23/36/13
f 26/38/14 25/37/14 27/39/15
f 27/39/15 28/40/15 26/38/14
f 28/40/15 27/39/15 29/41/16
f 29/41/16 30/42/16 28/40/15
f 30/42/16 29/41/16 31/43/17
f 31/43/17 32/44/17 30/42/16
f 32/45/17 31/46/17 33/47/18
f 33/47/18 34/48/18 32/45/17
f 34/48/18 33/47/18 35/49/19
f 35/49/19 36/50/19 34/48/18
f 36/50/19 35/49/19 37/51/20
f 37/51/20 38/52/20 36/50/19
f 38/52/20 37/51/20 39/53/21
f 39/53/21 40/54/21 38/52/20
f 40/54/21 39/53/21 41/55/22
f 41/55/22 42/56/22 40/54/21
f 42/56/22 41/55/22 43/57/23
f 43/57/23 44/58/23 42/56/22
f 44/58/23 43/57/23 45/59/24
f 45/59/24 46/60/24 44/58/23
f 46/60/24 45/59/24 47/61/25
f 47/61/25 48/62/25 46/60/24
f 48/62/25 47/61/25 49/63/26
f 49/63/26 50/64/26 48/62/25
f 50/64/26 49/63/26 51/65/27
f 51/65/27 52/66/27 50/64/26
f 52/66/27 51/65/27 53/67/28
f 53/67/28 54/68/28 52/66/27
f 54/68/28 53/67/28 55/69/29
f 55/69/29 56/70/29 54/68/28
f 56/71/29 55/72/29 57/73/30
f 57/73/30 58/74/30 56/71/29
f 58/74/30 57/73/30 59/75/31
f 59/75/31 60/76/31 58/74/30
f 60/76/31 59/75/31 61/77/32
f 61/77/32 62/78/32 60/76/31
f 62/78/32 61/77/32 63/79/33
f 63/79/33 64/80/33 62/78/32
f 64/80/33 63/79/33 65/81/34
f 65/81/34 66/82/34 64/80/33
f 66/82/34 65/81/34 67/83/35
f 67/83/35 68/84/35 66/82/34
f 68/84/35 67/83/35 21/34/12
f 21/34/12 24/33/12 68/84/35
f 31/85/36 29/86/36 27/87/36
f 27/87/36 25/88/36 22/89/36
f 22/89/36 21/90/36 67/91/36
f 27/87/36 22/89/36 67/91/36
f 67/91/36 65/92/36 63/93/36
f 63/93/36 61/94/36 59/95/36
f 67/91/36 63/93/36 59/95/36
f 27/87/36 67/91/36 59/95/36
f 59/95/36 57/96/36 55/97/36
f 55/97/36 53/98/36 51/99/36
f 59/95/36 55/97/36 51/99/36
f 51/99/36 49/100/36 47/101/36
f 47/101/36 45/102/36 43/103/36
f 51/99/36 47/101/36 43/103/36
f 59/95/36 51/99/36 43/103/36
f 27/87/36 59/95/36 43/103/36
f 43/103/36 41/104/36 39/105/36
f 39/105/36 37/106/36 35/107/36
f 43/103/36 39/105/36 35/107/36
f 27/87/36 43/103/36 35/107/36
f 31/85/36 27/87/36 35/107/36
f 31/85/36 35/107/36 33/108/36
f 58/109/11 60/110/11 62/111/11
f 62/111/11 64/112/11 66/113/11
f 66/113/11 68/114/11 24/115/11
f 62/111/11 66/113/11 24/115/11
f 24/115/11 23/116/11 26/117/11
f 26/117/11 28/118/11 30/119/11
f 24/115/11 26/117/11 30/119/11
f 62/111/11 24/115/11 30/119/11
f 30/119/11 32/120/11 34/121/11
f 34/121/11 36/122/11 38/123/11
f 30/119/11 34/121/11 38/123/11
f 38/123/11 40/124/11 42/125/11
f 42/125/11 44/126/11 46/127/11
f 38/123/11 42/125/11 46/127/11
f 30/119/11 38/123/11 46/127/11
f 62/111/11 30/119/11 46/127/11
f 46/127/11 48/128/11 50/129/11
f 50/129/11 52/130/11 54/131/11
f 46/127/11 50/129/11 54/131/11
f 62/111/11 46/127/11 54/131/11
f 58/109/11 62/111/11 54/131/11
f 58/109/11 54/131/11 56/132/11
f 72/133/37 69/134/38 70/135/39
f 70/135/39 71/136/40 72/133/37
f 71/137/40 70/138/39 73/139/41
f 73/139/41 74/140/42 71/137/40
f 74/140/42 73/139/41 75/141/43
f 75/141/43 76/142/44 74/140/42
f 76/142/45 75/141/46 77/143/47
f 77/143/47 78/144/48 76/142/45
f 78/144/48 77/143/47 79/145/49
f 79/145/49 80/146/50 78/144/48
f 82/147/51 80/146/52 79/145/53
f 79/145/53 81/148/54 82/147/51
f 84/149/55 82/147/51 81/148/54
f 81/148/54 83/150/56 84/149/55
f 72/133/37 84/149/55 83/150/56
f 83/150/56 69/134/38 72/133/37
f 86/151/57 72/133/37 71/136/40
f 71/136/40 85/152/58 86/151/57
f 85/153/58 71/137/40 74/140/42
f 74/140/42 87/154/59 85/153/58
f 87/154/59 74/140/42 76/142/44
f 76/142/44 88/155/60 87/154/59
f 88/155/61 76/142/45 78/144/48
f 78/144/48 89/156/62 88/155/61
f 78/144/48 80/146/50 90/157/63
f 90/157/63 89/156/62 78/144/48
f 80/146/52 82/147/51 91/158/64
f 91/158/64 90/157/65 80/146/52
f 92/159/66 91/158/64 82/147/51
f 82/147/51 84/149/55 92/159/66
f 86/151/57 92/159/66 84/149/55
f 84/149/55 72/133/37 86/151/57
f 96/160/67 93/161/68 94/162/69
f 94/162/69 95/163/70 96/160/67
f 95/164/70 94/165/69 97/166/71
f 97/166/71 98/167/72 95/164/70
f 98/167/72 97/166/71 99/168/73
f 99/168/73 100/169/74 98/167/72
f 100/169/75 99/168/76 101/170/77
f 101/170/77 102/171/78 100/169/79
f 102/171/78 101/170/77 103/172/80
f 103/172/80 104/173/81 102/171/78
f 104/173/82 103/172/83 105/174/84
f 105/174/84 106/175/85 104/173/86
f 106/175/85 105/174/84 107/176/87
f 107/176/87 108/177/88 106/175/85
f 108/177/88 107/176/87 93/161/68
f 93/161/68 96/160/67 108/177/88
f 86/151/57 85/152/58 94/162/69
f 94/162/69 93/161/68 86/151/57
f 85/153/58 87/154/59 97/166/71
f 97/166/71 94/165/69 85/153/58
f 87/154/59 88/155/60 99/168/73
f 99/168/73 97/166/71 87/154/59
f 88/155/61 89/156/62 101/170/77
f 101/170/77 99/168/76 88/155/61
f 90/157/63 103/172/80 101/170/77
f 101/170/77 89/156/62 90/157/63
f 91/158/64 105/174/84 103/172/83
f 103/172/83 90/157/65 91/158/64
f 92/159/66 107/176/87 105/174/84
f 105/174/84 91/158/64 92/159/66
f 86/151/57 93/161/68 107/176/87
f 107/176/87 92/159/66 86/151/57
f 110/178/89 75/179/43 73/180/41
f 73/180/41 109/181/90 110/178/89
f 112/182/91 79/183/49 77/184/47
f 77/184/47 111/185/92 112/182/91
f 113/186/93 81/187/54 79/183/53
f 79/183/53 112/182/94 113/186/93
f 114/188/95 83/189/56 81/187/54
f 81/187/54 113/186/93 114/188/95
f 118/190/96 115/191/97 116/192/98
f 116/192/98 117/193/99 118/190/96
f 109/194/90 118/190/96 117/193/99
f 117/193/99 119/195/100 109/194/90
f 110/196/89 109/197/90 119/198/100
f 119/198/100 120/199/101 110/196/89
f 111/200/92 110/196/102 120/199/103
f 120/199/103 121/201/104 111/200/92
f 112/202/91 111/200/92 121/201/104
f 121/201/104 122/203/105 112/202/91
f 123/204/106 113/205/93 112/202/94
f 112/202/94 122/203/107 123/204/106
f 124/206/108 114/207/95 113/205/93
f 113/205/93 123/204/106 124/206/108
f 116/192/98 115/191/97 114/207/95
f 114/207/95 124/206/108 116/192/98
f 125/208/109 126/209/110 117/193/99
f 117/193/99 116/192/98 125/208/109
f 126/209/110 127/210/111 119/195/100
f 119/195/100 117/193/99 126/209/110
f 127/211/111 128/212/112 120/199/101
f 120/199/101 119/198/100 127/211/111
f 128/212/113 129/213/114 121/201/104
f 121/201/104 120/199/103 128/212/113
f 130/214/115 122/203/105 121/201/104
f 121/201/104 129/213/114 130/214/115
f 131/215/116 123/204/106 122/203/107
f 122/203/107 130/214/117 131/215/116
f 132/216/118 124/206/108 123/204/106
f 123/204/106 131/215/116 132/216/118
f 125/208/109 116/192/98 124/206/108
f 124/206/108 132/216/118 125/208/109
f 136/217/119 133/218/120 134/219/121
f 134/219/121 135/220/122 136/217/119
f 138/221/123 136/217/119 135/220/122
f 135/220/122 137/222/124 138/221/123
f 140/223/125 138/224/123 137/225/124
f 137/225/124 139/226/126 140/223/125
f 142/227/127 140/223/128 139/226/129
f 139/226/129 141/228/130 142/227/127
f 144/229/131 142/227/127 141/228/130
f 141/228/130 143/230/132 144/229/131
f 146/231/133 144/229/134 143/230/135
f 143/230/135 145/232/136 146/231/133
f 148/233/137 146/231/133 145/232/136
f 145/232/136 147/234/138 148/233/137
f 133/218/120 148/233/137 147/234/138
f 147/234/138 134/219/121 133/218/120
f 133/218/120 136/217/119 126/209/110
f 126/209/110 125/208/109 133/218/120
f 136/217/119 138/221/123 127/210/111
f 127/210/111 126/209/110 136/217/119
f 138/224/123 140/223/125 128/212/112
f 128/212/112 127/211/111 138/224/123
f 142/227/127 129/213/114 128/212/113
f 128/212/113 140/223/128 142/227/127
f 142/227/127 144/229/131 130/214/115
f 130/214/115 129/213/114 142/227/127
f 130/214/117 144/229/134 146/231/133
f 146/231/133 131/215/116 130/214/117
f 131/215/116 146/231/133 148/233/137
f 148/233/137 132/216/118 131/215/116
f 132/216/118 148/233/137 133/218/120
f 133/218/120 125/208/109 132/216/118
f 70/235/39 69/236/38 115/237/97
f 115/237/97 118/238/96 70/235/39
f 73/180/41 70/235/39 118/238/96
f 118/238/96 109/181/90 73/180/41
f 77/184/47 75/239/46 110/240/102
f 110/240/102 111/185/92 77/184/47
f 115/237/97 69/236/38 83/189/56
f 83/189/56 114/188/95 115/237/97
f 152/241/139 149/242/140 150/243/140
f 150/243/140 151/244/141 152/241/139
f 154/245/142 152/241/143 151/244/144
f 151/244/144 153/246/145 154/245/142
f 156/247/146 154/248/147 153/249/148
f 153/249/148 155/250/149 156/247/146
f 158/251/150 156/247/146 155/250/149
f 155/250/149 157/252/150 158/251/150
f 160/253/151 158/251/150 157/252/150
f 157/252/150 159/254/152 160/253/151
f 162/255/153 160/253/151 159/254/152
f 159/254/152 161/256/154 162/255/153
f 164/257/155 162/255/155 161/256/156
f 161/256/156 163/258/157 164/257/155
f 149/242/140 164/257/158 163/258/159
f 163/258/159 150/243/140 149/242/140
f 174/259/36 175/260/36 176/261/36
f 176/261/36 165/262/36 166/263/36
f 166/263/36 167/264/36 168/265/36
f 176/261/36 166/263/36 168/265/36
f 174/259/36 176/261/36 168/265/36
f 168/265/36 169/266/36 170/267/36
f 170/267/36 171/268/36 172/269/36
f 168/265/36 170/267/36 172/269/36
f 174/259/36 168/265/36 172/269/36
f 174/259/36 172/269/36 173/270/36
f 186/271/11 187/272/11 188/273/11
f 188/273/11 177/274/11 178/275/11
f 178/275/11 179/276/11 180/277/11
f 188/273/11 178/275/11 180/277/11
f 180/277/11 181/278/11 182/279/11
f 182/279/11 183/280/11 184/281/11
f 180/277/11 182/279/11 184/281/11
f 188/273/11 180/277/11 184/281/11
f 186/271/11 188/273/11 184/281/11
f 186/271/11 184/281/11 185/282/11
f 183/283/136 170/284/136 169/285/136
f 169/285/136 184/286/136 183/283/136
f 187/287/160 166/288/160 165/289/160
f 165/289/160 188/290/160 187/287/160
f 179/291/130 174/292/130 173/293/130
f 173/293/130 180/294/130 179/291/130
f 178/295/161 175/296/161 174/292/161
f 174/292/161 179/291/161 178/295/161
f 182/297/162 171/298/162 170/284/162
f 170/284/162 183/283/162 182/297/162
f 181/299/163 172/300/163 171/298/163
f 171/298/163 182/297/163 181/299/163
f 180/294/164 173/293/164 172/300/164
f 172/300/164 181/299/164 180/294/164
f 188/290/165 165/289/165 176/301/165
f 176/301/165 177/302/165 188/290/165
f 168/303/166 185/304/166 184/286/166
f 184/286/166 169/285/166 168/303/166
f 167/305/167 186/306/167 185/304/167
f 185/304/167 168/303/167 167/305/167
f 166/288/168 187/287/168 186/306/168
f 186/306/168 167/305/168 166/288/168
f 196/307/36 197/308/36 198/309/36
f 198/309/36 189/310/36 190/311/36
f 190/311/36 176/261/36 175/260/36
f 198/309/36 190/311/36 175/260/36
f 175/260/36 191/312/36 192/313/36
f 192/313/36 193/314/36 194/315/36
f 175/260/36 192/313/36 194/315/36
f 198/309/36 175/260/36 194/315/36
f 196/307/36 198/309/36 194/315/36
f 196/307/36 194/315/36 195/316/36
f 206/317/11 207/318/11 208/319/11
f 208/319/11 199/320/11 200/321/11
f 200/321/11 201/322/11 202/323/11
f 208/319/11 200/321/11 202/323/11
f 202/323/11 203/324/11 204/325/11
f 204/325/11 178/275/11 177/274/11
f 202/323/11 204/325/11 177/274/11
f 208/319/11 202/323/11 177/274/11
f 206/317/11 208/319/11 177/274/11
f 206/317/11 177/274/11 205/326/11
f 205/327/160 190/328/160 189/329/160
f 189/329/160 206/330/160 205/327/160
f 199/331/169 196/332/169 195/333/170
f 195/333/170 200/334/170 199/331/169
f 203/335/130 192/336/130 191/337/130
f 191/337/130 204/338/130 203/335/130
f 194/339/171 201/340/171 200/334/171
f 200/334/171 195/333/172 194/339/171
f 193/341/173 202/342/173 201/340/173
f 201/340/173 194/339/173 193/341/173
f 192/336/174 203/335/174 202/342/174
f 202/342/174 193/341/174 192/336/174
f 175/343/175 178/344/175 204/338/175
f 204/338/175 191/337/175 175/343/175
f 198/345/176 207/346/176 206/330/176
f 206/330/176 189/329/176 198/345/176
f 197/347/177 208/348/177 207/346/177
f 207/346/177 198/345/177 197/347/177
f 196/332/178 199/331/179 208/348/180
f 208/348/180 197/347/178 196/332/178
f 177/302/181 176/301/181 190/328/181
f 190/328/181 205/327/181 177/302/181
f 211/349/182 212/350/183 209/351/184
f 209/351/184 210/352/185 211/349/182
f 214/353/186 211/354/187 210/355/188
f 210/355/188 213/356/189 214/353/186
f 214/353/186 213/356/189 215/357/190
f 215/357/190 216/358/191 214/353/186
f 216/358/192 215/357/193 217/359/194
f 217/359/194 218/360/195 216/358/192
f 218/360/195 217/359/194 219/361/196
f 219/361/196 220/362/197 218/360/195
f 220/362/197 219/361/196 221/363/198
f 221/363/198 222/364/199 220/362/197
f 224/365/200 222/364/199 221/363/198
f 221/363/198 223/366/201 224/365/200
f 212/350/183 224/365/200 223/366/201
f 223/366/201 209/351/184 212/350/183
f 225/367/202 226/368/203 212/350/183
f 212/350/183 211/349/182 225/367/202
f 227/369/204 225/370/205 211/354/187
f 211/354/187 214/353/186 227/369/204
f 227/369/204 214/353/186 216/358/191
f 216/358/191 228/371/206 227/369/204
f 228/371/207 216/358/192 218/360/195
f 218/360/195 229/372/208 228/371/207
f 229/372/208 218/360/195 220/362/197
f 220/362/197 230/373/209 229/372/208
f 230/373/209 220/362/197 222/364/199
f 222/364/199 231/374/210 230/373/209
f 232/375/211 231/374/210 222/364/199
f 222/364/199 224/365/200 232/375/211
f 226/368/203 232/375/211 224/365/200
f 224/365/200 212/350/183 226/368/203
f 234/376/212 226/368/203 225/367/202
f 225/367/202 233/377/213 234/376/212
f 233/378/214 225/370/205 227/369/204
f 227/369/204 235/379/215 233/378/214
f 236/380/216 235/379/215 227/369/204
f 227/369/204 228/371/206 236/380/216
f 237/381/217 236/380/218 228/371/207
f 228/371/207 229/372/208 237/381/217
f 238/382/219 237/381/217 229/372/208
f 229/372/208 230/373/209 238/382/219
f 239/383/220 238/382/219 230/373/209
f 230/373/209 231/374/210 239/383/220
f 239/383/220 231/374/210 232/375/211
f 232/375/211 240/384/221 239/383/220
f 240/384/221 232/375/211 226/368/203
f 226/368/203 234/376/212 240/384/221
f 242/385/222 217/386/194 215/387/193
f 215/387/193 241/388/223 242/385/222
f 241/388/224 215/387/190 213/389/189
f 213/389/189 243/390/225 241/388/224
f 243/390/225 213/389/189 210/391/188
f 210/391/188 244/392/226 243/390/225
f 244/392/227 210/391/185 209/393/184
f 209/393/184 245/394/228 244/392/227
f 245/394/228 209/393/184 223/395/201
f 223/395/201 246/396/229 245/394/228
f 246/396/229 223/395/201 221/397/198
f 221/397/198 247/398/230 246/396/229
f 247/399/230 221/400/198 219/401/196
f 219/401/196 248/402/231 247/399/230
f 248/402/231 219/401/196 217/386/194
f 217/386/194 242/385/222 248/402/231
f 250/403/232 242/385/222 241/388/223
f 241/388/223 249/404/233 250/403/232
f 249/404/234 241/388/224 243/390/225
f 243/390/225 251/405/235 249/404/234
f 251/405/235 243/390/225 244/392/226
f 244/392/226 252/406/236 251/405/235
f 252/406/237 244/392/227 245/394/228
f 245/394/228 253/407/238 252/406/237
f 253/407/238 245/394/228 246/396/229
f 246/396/229 254/408/239 253/407/238
f 254/408/239 246/396/229 247/398/230
f 247/398/230 255/409/240 254/408/239
f 256/410/241 255/411/240 247/399/230
f 247/399/230 248/402/231 256/410/241
f 250/403/232 256/410/241 248/402/231
f 248/402/231 242/385/222 250/403/232
f 257/412/242 258/413/243 250/403/232
f 250/403/232 249/404/233 257/412/242
f 259/414/244 257/412/245 249/404/234
f 249/404/234 251/405/235 259/414/244
f 259/414/244 251/405/235 252/406/236
f 252/406/236 260/415/246 259/414/244
f 260/415/247 252/406/237 253/407/238
f 253/407/238 261/416/248 260/415/247
f 261/416/248 253/407/238 254/408/239
f 254/408/239 262/417/249 261/416/248
f 262/417/249 254/408/239 255/409/240
f 255/409/240 263/418/250 262/417/249
f 264/419/251 263/420/250 255/411/240
f 255/411/240 256/410/241 264/419/251
f 258/413/243 264/419/251 256/410/241
f 256/410/241 250/403/232 258/413/243
f 265/421/252 266/422/253 258/413/243
f 258/413/243 257/412/242 265/421/252
f 267/423/254 265/421/255 257/412/245
f 257/412/245 259/414/244 267/423/254
f 267/423/254 259/414/244 260/415/246
f 260/415/246 268/424/256 267/423/254
f 268/424/257 260/415/247 261/416/248
f 261/416/248 269/425/258 268/424/257
f 269/425/258 261/416/248 262/417/249
f 262/417/249 270/426/259 269/425/258
f 270/426/259 262/417/249 263/418/250
f 263/418/250 271/427/260 270/426/259
f 272/428/261 271/429/260 263/420/250
f 263/420/250 264/419/251 272/428/261
f 266/422/253 272/428/261 264/419/251
f 264/419/251 258/413/243 266/422/253
f 275/430/262 276/431/263 273/432/264
f 273/432/264 274/433/265 275/430/262
f 278/434/266 275/430/267 274/433/268
f 274/433/268 277/435/269 278/434/266
f 278/434/266 277/435/269 279/436/270
f 279/436/270 280/437/271 278/434/266
f 280/438/272 279/439/273 281/440/274
f 281/440/274 282/441/275 280/438/272
f 282/441/275 281/440/274 283/442/276
f 283/442/276 284/443/277 282/441/275
f 284/443/277 283/442/276 285/444/278
f 285/444/278 286/445/279 284/443/277
f 288/446/280 286/445/279 285/444/278
f 285/444/278 287/447/281 288/446/280
f 276/431/263 288/446/280 287/447/281
f 287/447/281 273/432/264 276/431/263
f 289/448/282 290/449/283 276/431/263
f 276/431/263 275/430/262 289/448/282
f 291/450/284 289/448/285 275/430/267
f 275/430/267 278/434/266 291/450/284
f 291/450/284 278/434/266 280/437/271
f 280/437/271 292/451/286 291/450/284
f 292/452/287 280/438/272 282/441/275
f 282/441/275 293/453/288 292/452/287
f 293/453/288 282/441/275 284/443/277
f 284/443/277 294/454/289 293/453/288
f 294/454/289 284/443/277 286/445/279
f 286/445/279 295/455/290 294/454/289
f 296/456/291 295/455/290 286/445/279
f 286/445/279 288/446/280 296/456/291
f 290/449/283 296/456/291 288/446/280
f 288/446/280 276/431/263 290/449/283
f 298/457/292 290/449/283 289/448/282
f 289/448/282 297/458/293 298/457/292
f 297/458/294 289/448/285 291/450/284
f 291/450/284 299/459/295 297/458/294
f 300/460/296 299/459/295 291/450/284
f 291/450/284 292/451/286 300/460/296
f 301/461/297 300/462/298 292/452/287
f 292/452/287 293/453/288 301/461/297
f 302/463/299 301/461/297 293/453/288
f 293/453/288 294/454/289 302/463/299
f 303/464/300 302/463/299 294/454/289
f 294/454/289 295/455/290 303/464/300
f 303/464/300 295/455/290 296/456/291
f 296/456/291 304/465/301 303/464/300
f 304/465/301 296/456/291 290/449/283
f 290/449/283 298/457/292 304/465/301
f 237/381/217 298/457/292 297/458/293
f 297/458/293 236/380/218 237/381/217
f 236/380/216 297/458/294 299/459/295
f 299/459/295 235/379/215 236/380/216
f 235/379/215 299/459/295 300/460/296
f 300/460/296 233/378/214 235/379/215
f 233/377/213 300/462/298 301/461/297
f 301/461/297 234/376/212 233/377/213
f 234/376/212 301/461/297 302/463/299
f 302/463/299 240/384/221 234/376/212
f 240/384/221 302/463/299 303/464/300
f 303/464/300 239/383/220 240/384/221
f 239/383/220 303/464/300 304/465/301
f 304/465/301 238/382/219 239/383/220
f 238/382/219 304/465/301 298/457/292
f 298/457/292 237/381/217 238/382/219
f 306/466/302 281/440/274 279/439/273
f 279/439/273 305/467/303 306/466/302
f 305/468/304 279/436/270 277/435/269
f 277/435/269 307/469/305 305/468/304
f 307/469/305 277/435/269 274/433/268
f 274/433/268 308/470/306 307/469/305
f 308/470/307 274/433/265 273/432/264
f 273/432/264 309/471/308 308/470/307
f 309/471/308 273/432/264 287/447/281
f 287/447/281 310/472/309 309/471/308
f 310/472/309 287/447/281 285/444/278
f 285/444/278 311/473/310 310/472/309
f 311/473/310 285/444/278 283/442/276
f 283/442/276 312/474/311 311/473/310
f 312/474/311 283/442/276 281/440/274
f 281/440/274 306/466/302 312/474/311
f 314/475/312 306/476/302 305/477/303
f 305/477/303 313/478/313 314/475/312
f 313/478/314 305/477/304 307/479/305
f 307/479/305 315/480/315 313/478/314
f 315/480/315 307/479/305 308/481/306
f 308/481/306 316/482/316 315/480/315
f 316/482/317 308/481/307 309/483/308
f 309/483/308 317/484/318 316/482/317
f 317/484/318 309/483/308 310/485/309
f 310/485/309 318/486/319 317/484/318
f 318/486/319 310/485/309 311/487/310
f 311/487/310 319/488/320 318/486/319
f 320/489/321 319/490/320 311/491/310
f 311/491/310 312/492/311 320/489/321
f 314/475/312 320/489/321 312/492/311
f 312/492/311 306/476/302 314/475/312
f 321/493/322 322/494/323 314/475/312
f 314/475/312 313/478/313 321/493/322
f 323/495/324 321/493/325 313/478/314
f 313/478/314 315/480/315 323/495/324
f 323/495/324 315/480/315 316/482/316
f 316/482/316 324/496/326 323/495/324
f 324/496/327 316/482/317 317/484/318
f 317/484/318 325/497/328 324/496/327
f 325/497/328 317/484/318 318/486/319
f 318/486/319 326/498/329 325/497/328
f 326/498/329 318/486/319 319/488/320
f 319/488/320 327/499/330 326/498/329
f 328/500/331 327/501/330 319/490/320
f 319/490/320 320/489/321 328/500/331
f 322/494/323 328/500/331 320/489/321
f 320/489/321 314/475/312 322/494/323
f 329/502/332 330/503/333 322/494/323
f 322/494/323 321/493/322 329/502/332
f 331/504/334 329/502/335 321/493/325
f 321/493/325 323/495/324 331/504/334
f 331/504/334 323/495/324 324/496/326
f 324/496/326 332/505/336 331/504/334
f 332/505/337 324/496/327 325/497/328
f 325/497/328 333/506/338 332/505/337
f 333/506/338 325/497/328 326/498/329
f 326/498/329 334/507/339 333/506/338
f 334/507/339 326/498/329 327/499/330
f 327/499/330 335/508/340 334/507/339
f 336/509/341 335/510/340 327/501/330
f 327/501/330 328/500/331 336/509/341
f 330/503/333 336/509/341 328/500/331
f 328/500/331 322/494/323 330/503/333
f 269/425/258 330/503/333 329/502/332
f 329/502/332 268/424/257 269/425/258
f 268/424/256 329/502/335 331/504/334
f 331/504/334 267/423/254 268/424/256
f 267/423/254 331/504/334 332/505/336
f 332/505/336 265/421/255 267/423/254
f 265/421/252 332/505/337 333/506/338
f 333/506/338 266/422/253 265/421/252
f 266/422/253 333/506/338 334/507/339
f 334/507/339 272/428/261 266/422/253
f 272/428/261 334/507/339 335/508/340
f 335/508/340 271/429/260 272/428/261
f 271/427/260 335/510/340 336/509/341
f 336/509/341 270/426/259 271/427/260
f 270/426/259 336/509/341 330/503/333
f 330/503/333 269/425/258 270/426/259
f 340/511/342 337/512/343 338/513/344
f 338/513/344 339/514/345 340/511/342
f 339/514/345 338/513/344 341/515/346
f 341/515/346 342/516/347 339/514/345
f 342/516/347 341/515/346 343/517/348
f 343/517/348 344/518/349 342/516/347
f 344/518/350 343/517/351 345/519/352
f 345/519/352 346/520/353 344/518/350
f 346/520/353 345/519/352 347/521/354
f 347/521/354 348/522/355 346/520/353
f 350/523/356 348/522/357 347/521/358
f 347/521/358 349/524/359 350/523/356
f 352/525/360 350/526/356 349/527/359
f 349/527/359 351/528/361 352/525/360
f 340/511/342 352/525/360 351/528/361
f 351/528/361 337/512/343 340/511/342
f 354/529/362 340/511/342 339/514/345
f 339/514/345 353/530/363 354/529/362
f 353/530/363 339/514/345 342/516/347
f 342/516/347 355/531/364 353/530/363
f 355/531/364 342/516/347 344/518/349
f 344/518/349 356/532/365 355/531/364
f 356/532/366 344/518/350 346/520/353
f 346/520/353 357/533/367 356/532/366
f 346/520/353 348/522/355 358/534/368
f 358/534/368 357/533/367 346/520/353
f 348/522/357 350/523/356 359/535/369
f 359/535/369 358/534/370 348/522/357
f 360/536/371 359/537/369 350/526/356
f 350/526/356 352/525/360 360/536/371
f 354/529/362 360/536/371 352/525/360
f 352/525/360 340/511/342 354/529/362
f 364/538/372 361/539/373 362/540/374
f 362/540/374 363/541/375 364/538/372
f 363/541/375 362/540/374 365/542/376
f 365/542/376 366/543/377 363/541/375
f 366/543/377 365/542/376 367/544/378
f 367/544/378 368/545/379 366/543/377
f 368/545/380 367/544/381 369/546/382
f 369/546/382 370/547/383 368/545/384
f 370/547/383 369/546/382 371/548/385
f 371/548/385 372/549/386 370/547/383
f 372/549/387 371/548/388 373/550/389
f 373/550/389 374/551/390 372/549/387
f 374/552/390 373/553/389 375/554/391
f 375/554/391 376/555/392 374/552/390
f 376/555/392 375/554/391 361/539/373
f 361/539/373 364/538/372 376/555/392
f 354/529/362 353/530/363 362/540/374
f 362/540/374 361/539/373 354/529/362
f 353/530/363 355/531/364 365/542/376
f 365/542/376 362/540/374 353/530/363
f 355/531/364 356/532/365 367/544/378
f 367/544/378 365/542/376 355/531/364
f 356/532/366 357/533/367 369/546/382
f 369/546/382 367/544/381 356/532/366
f 358/534/368 371/548/385 369/546/382
f 369/546/382 357/533/367 358/534/368
f 359/535/369 373/550/389 371/548/388
f 371/548/388 358/534/370 359/535/369
f 360/536/371 375/554/391 373/553/389
f 373/553/389 359/537/369 360/536/371
f 354/529/362 361/539/373 375/554/391
f 375/554/391 360/536/371 354/529/362
f 378/556/393 343/557/348 341/558/346
f 341/558/346 377/559/394 378/556/393
f 380/560/395 347/561/354 345/562/352
f 345/562/352 379/563/396 380/560/395
f 381/564/397 349/565/359 347/566/358
f 347/566/358 380/567/398 381/564/397
f 382/568/399 351/569/361 349/565/359
f 349/565/359 381/564/397 382/568/399
f 386/570/400 383/571/401 384/572/402
f 384/572/402 385/573/403 386/570/400
f 377/574/394 386/570/400 385/573/403
f 385/573/403 387/575/404 377/574/394
f 378/576/393 377/574/394 387/575/404
f 387/575/404 388/577/405 378/576/393
f 379/578/396 378/576/406 388/577/407
f 388/577/407 389/579/408 379/578/396
f 380/580/395 379/578/396 389/579/408
f 389/579/408 390/581/409 380/580/395
f 391/582/410 381/583/397 380/580/398
f 380/580/398 390/581/411 391/582/410
f 392/584/412 382/585/399 381/586/397
f 381/586/397 391/587/410 392/584/412
f 384/572/402 383/571/401 382/585/399
f 382/585/399 392/584/412 384/572/402
f 393/588/413 394/589/414 385/573/403
f 385/573/403 384/572/402 393/588/413
f 394/589/414 395/590/415 387/575/404
f 387/575/404 385/573/403 394/589/414
f 395/590/415 396/591/416 388/577/405
f 388/577/405 387/575/404 395/590/415
f 396/591/417 397/592/418 389/579/408
f 389/579/408 388/577/407 396/591/417
f 398/593/419 390/581/409 389/579/408
f 389/579/408 397/592/418 398/593/419
f 399/594/420 391/582/410 390/581/411
f 390/581/411 398/593/421 399/594/420
f 400/595/422 392/584/412 391/587/410
f 391/587/410 399/596/420 400/595/422
f 393/588/413 384/572/402 392/584/412
f 392/584/412 400/595/422 393/588/413
f 404/597/423 401/598/424 402/599/425
f 402/599/425 403/600/426 404/597/423
f 406/601/427 404/597/423 403/600/426
f 403/600/426 405/602/428 406/601/427
f 408/603/429 406/601/427 405/602/428
f 405/602/428 407/604/430 408/603/429
f 410/605/431 408/603/432 407/604/433
f 407/604/433 409/606/6 410/605/431
f 412/607/434 410/605/431 409/606/6
f 409/606/6 411/608/435 412/607/434
f 414/609/436 412/607/437 411/608/438
f 411/608/438 413/610/439 414/609/436
f 416/611/440 414/612/436 413/613/439
f 413/613/439 415/614/441 416/611/440
f 401/598/424 416/611/440 415/614/441
f 415/614/441 402/599/425 401/598/424
f 401/598/424 404/597/423 394/589/414
f 394/589/414 393/588/413 401/598/424
f 404/597/423 406/601/427 395/590/415
f 395/590/415 394/589/414 404/597/423
f 406/601/427 408/603/429 396/591/416
f 396/591/416 395/590/415 406/601/427
f 410/605/431 397/592/418 396/591/417
f 396/591/417 408/603/432 410/605/431
f 410/605/431 412/607/434 398/593/419
f 398/593/419 397/592/418 410/605/431
f 398/593/421 412/607/437 414/609/436
f 414/609/436 399/594/420 398/593/421
f 399/596/420 414/612/436 416/611/440
f 416/611/440 400/595/422 399/596/420
f 400/595/422 416/611/440 401/598/424
f 401/598/424 393/588/413 400/595/422
f 338/615/344 337/616/343 383/617/401
f 383/617/401 386/618/400 338/615/344
f 341/558/346 338/615/344 386/618/400
f 386/618/400 377/559/394 341/558/346
f 345/562/352 343/557/351 378/556/406
f 378/556/406 379/563/396 345/562/352
f 383/617/401 337/616/343 351/569/361
f 351/569/361 382/568/399 383/617/401
f 420/619/442 417/620/443 418/621/444
f 418/621/444 419/622/445 420/619/442
f 422/623/446 420/619/447 419/622/448
f 419/622/448 421/624/449 422/623/446
f 424/625/450 422/623/451 421/624/452
f 421/624/452 423/626/453 424/625/450
f 426/627/454 424/628/450 423/629/453
f 423/629/453 425/630/454 426/627/454
f 428/631/455 426/627/454 425/630/454
f 425/630/454 427/632/456 428/631/455
f 430/633/457 428/631/455 427/632/456
f 427/632/456 429/634/458 430/633/457
f 432/635/459 430/633/459 429/634/460
f 429/634/460 431/636/461 432/635/459
f 417/620/443 432/635/462 431/636/463
f 431/636/463 418/621/444 417/620/443
f 436/637/464 433/638/465 434/639/466
f 434/639/466 435/640/467 436/637/464
f 435/640/467 434/639/466 437/641/468
f 437/641/468 438/642/469 435/640/467
f 438/642/469 437/641/468 439/643/470
f 439/643/470 440/644/471 438/642/469
f 440/644/472 439/643/473 441/645/474
f 441/645/474 442/646/475 440/644/472
f 442/646/475 441/645/474 443/647/476
f 443/647/476 444/648/477 442/646/475
f 446/649/478 444/650/479 443/651/480
f 443/651/480 445/652/481 446/649/478
f 448/653/482 446/649/478 445/652/481
f 445/652/481 447/654/483 448/653/482
f 436/637/464 448/653/482 447/654/483
f 447/654/483 433/638/465 436/637/464
f 450/655/484 436/637/464 435/640/467
f 435/640/467 449/656/485 450/655/484
f 449/656/485 435/640/467 438/642/469
f 438/642/469 451/657/486 449/656/485
f 451/657/486 438/642/469 440/644/471
f 440/644/471 452/658/487 451/657/486
f 452/658/488 440/644/472 442/646/475
f 442/646/475 453/659/489 452/658/488
f 442/646/475 444/648/477 454/660/490
f 454/660/490 453/659/489 442/646/475
f 444/650/479 446/649/478 455/661/491
f 455/661/491 454/662/492 444/650/479
f 456/663/493 455/661/491 446/649/478
f 446/649/478 448/653/482 456/663/493
f 450/655/484 456/663/493 448/653/482
f 448/653/482 436/637/464 450/655/484
f 460/664/494 457/665/495 458/666/496
f 458/666/496 459/667/497 460/664/494
f 459/667/497 458/666/496 461/668/498
f 461/668/498 462/669/499 459/667/497
f 462/669/499 461/668/498 463/670/500
f 463/670/500 464/671/501 462/669/499
f 464/671/502 463/670/503 465/672/504
f 465/672/504 466/673/505 464/671/506
f 466/673/505 465/672/504 467/674/507
f 467/674/507 468/675/508 466/673/505
f 468/676/509 467/677/510 469/678/511
f 469/678/511 470/679/512 468/676/509
f 470/679/512 469/678/511 471/680/513
f 471/680/513 472/681/514 470/679/512
f 472/681/514 471/680/513 457/665/495
f 457/665/495 460/664/494 472/681/514
f 450/655/484 449/656/485 458/666/496
f 458/666/496 457/665/495 450/655/484
f 449/656/485 451/657/486 461/668/498
f 461/668/498 458/666/496 449/656/485
f 451/657/486 452/658/487 463/670/500
f 463/670/500 461/668/498 451/657/486
f 452/658/488 453/659/489 465/672/504
f 465/672/504 463/670/503 452/658/488
f 454/660/490 467/674/507 465/672/504
f 465/672/504 453/659/489 454/660/490
f 455/661/491 469/678/511 467/677/510
f 467/677/510 454/662/492 455/661/491
f 456/663/493 471/680/513 469/678/511
f 469/678/511 455/661/491 456/663/493
f 450/655/484 457/665/495 471/680/513
f 471/680/513 456/663/493 450/655/484
f 474/682/515 439/683/470 437/684/468
f 437/684/468 473/685/516 474/682/515
f 476/686/517 443/687/476 441/688/474
f 441/688/474 475/689/518 476/686/517
f 477/690/519 445/691/481 443/692/480
f 443/692/480 476/693/520 477/690/519
f 478/694/521 447/695/483 445/691/481
f 445/691/481 477/690/519 478/694/521
f 482/696/522 479/697/523 480/698/524
f 480/698/524 481/699/525 482/696/522
f 473/700/516 482/696/522 481/699/525
f 481/699/525 483/701/526 473/700/516
f 474/702/515 473/700/516 483/701/526
f 483/701/526 484/703/527 474/702/515
f 475/704/518 474/702/528 484/703/529
f 484/703/529 485/705/530 475/704/518
f 476/706/517 475/704/518 485/705/530
f 485/705/530 486/707/531 476/706/517
f 487/708/532 477/709/519 476/706/520
f 476/706/520 486/707/533 487/708/532
f 488/710/534 478/711/521 477/709/519
f 477/709/519 487/708/532 488/710/534
f 480/698/524 479/697/523 478/712/521
f 478/712/521 488/713/534 480/698/524
f 489/714/535 490/715/536 481/699/525
f 481/699/525 480/698/524 489/714/535
f 490/715/536 491/716/537 483/701/526
f 483/701/526 481/699/525 490/715/536
f 491/716/537 492/717/538 484/703/527
f 484/703/527 483/701/526 491/716/537
f 492/717/539 493/718/540 485/705/530
f 485/705/530 484/703/529 492/717/539
f 494/719/541 486/707/531 485/705/530
f 485/705/530 493/718/540 494/719/541
f 495/720/542 487/708/532 486/707/533
f 486/707/533 494/719/543 495/720/542
f 496/721/544 488/710/534 487/708/532
f 487/708/532 495/720/542 496/721/544
f 489/714/535 480/698/524 488/713/534
f 488/713/534 496/722/544 489/714/535
f 500/723/545 497/724/546 498/725/547
f 498/725/547 499/726/548 500/723/545
f 502/727/549 500/723/545 499/726/548
f 499/726/548 501/728/550 502/727/549
f 504/729/551 502/727/549 501/728/550
f 501/728/550 503/730/552 504/729/551
f 506/731/553 504/729/554 503/730/555
f 503/730/555 505/732/556 506/731/553
f 508/733/557 506/731/553 505/732/556
f 505/732/556 507/734/558 508/733/557
f 510/735/559 508/733/560 507/734/561
f 507/734/561 509/736/562 510/735/559
f 512/737/563 510/735/559 509/736/562
f 509/736/562 511/738/564 512/737/563
f 497/724/546 512/739/563 511/740/564
f 511/740/564 498/725/547 497/724/546
f 497/724/546 500/723/545 490/715/536
f 490/715/536 489/714/535 497/724/546
f 500/723/545 502/727/549 491/716/537
f 491/716/537 490/715/536 500/723/545
f 502/727/549 504/729/551 492/717/538
f 492/717/538 491/716/537 502/727/549
f 506/731/553 493/718/540 492/717/539
f 492/717/539 504/729/554 506/731/553
f 506/731/553 508/733/557 494/719/541
f 494/719/541 493/718/540 506/731/553
f 494/719/543 508/733/560 510/735/559
f 510/735/559 495/720/542 494/719/543
f 495/720/542 510/735/559 512/737/563
f 512/737/563 496/721/544 495/720/542
f 496/722/544 512/739/563 497/724/546
f 497/724/546 489/714/535 496/722/544
f 434/741/466 433/742/465 479/743/523
f 479/743/523 482/744/522 434/741/466
f 437/684/468 434/741/466 482/744/522
f 482/744/522 473/685/516 437/684/468
f 441/688/474 439/683/473 474/682/528
f 474/682/528 475/689/518 441/688/474
f 479/743/523 433/742/465 447/695/483
f 447/695/483 478/694/521 479/743/523
f 516/745/565 513/746/566 514/747/566
f 514/747/566 515/748/567 516/745/565
f 518/749/568 516/745/569 515/748/570
f 515/748/570 517/750/571 518/749/568
f 520/751/572 518/749/573 517/750/574
f 517/750/574 519/752/575 520/751/572
f 522/753/576 520/751/572 519/752/575
f 519/752/575 521/754/577 522/753/576
f 524/755/578 522/753/576 521/754/577
f 521/754/577 523/756/579 524/755/578
f 526/757/580 524/755/578 523/756/579
f 523/756/579 525/758/581 526/757/580
f 528/759/582 526/760/583 525/761/584
f 525/761/584 527/762/585 528/759/582
f 513/746/566 528/759/586 527/762/587
f 527/762/587 514/747/566 513/746/566
f 538/763/36 539/764/36 540/765/36
f 540/765/36 529/766/36 530/767/36
f 530/767/36 531/768/36 532/769/36
f 540/765/36 530/767/36 532/769/36
f 538/763/36 540/765/36 532/769/36
f 532/769/36 533/770/36 534/771/36
f 534/771/36 535/772/36 536/773/36
f 532/769/36 534/771/36 536/773/36
f 538/763/36 532/769/36 536/773/36
f 538/763/36 536/773/36 537/774/36
f 550/775/11 551/776/11 552/777/11
f 552/777/11 541/778/11 542/779/11
f 542/779/11 543/780/11 544/781/11
f 552/777/11 542/779/11 544/781/11
f 544/781/11 545/782/11 546/783/11
f 546/783/11 547/784/11 548/785/11
f 544/781/11 546/783/11 548/785/11
f 552/777/11 544/781/11 548/785/11
f 550/775/11 552/777/11 548/785/11
f 550/775/11 548/785/11 549/786/11
f 547/787/377 534/788/377 533/789/377
f 533/789/377 548/790/377 547/787/377
f 551/791/6 530/792/6 529/793/6
f 529/793/6 552/794/6 551/791/6
f 543/795/1 538/796/1 537/797/1
f 537/797/1 544/798/1 543/795/1
f 542/799/588 539/800/588 538/796/588
f 538/796/588 543/795/588 542/799/588
f 546/801/589 535/802/589 534/788/589
f 534/788/589 547/787/589 546/801/589
f 545/803/590 536/804/590 535/802/590
f 535/802/590 546/801/590 545/803/590
f 544/798/591 537/797/591 536/804/591
f 536/804/591 545/803/591 544/798/591
f 552/794/592 529/793/592 540/805/592
f 540/805/592 541/806/592 552/794/592
f 532/807/593 549/808/593 548/790/593
f 548/790/593 533/789/593 532/807/593
f 531/809/594 550/810/595 549/808/595
f 549/808/595 532/807/594 531/809/594
f 530/792/596 551/791/596 550/810/596
f 550/810/596 531/809/596 530/792/596
f 560/811/36 561/812/36 562/813/36
f 562/813/36 553/814/36 554/815/36
f 554/815/36 540/765/36 539/764/36
f 562/813/36 554/815/36 539/764/36
f 539/764/36 555/816/36 556/817/36
f 556/817/36 557/818/36 558/819/36
f 539/764/36 556/817/36 558/819/36
f 562/813/36 539/764/36 558/819/36
f 560/811/36 562/813/36 558/819/36
f 560/811/36 558/819/36 559/820/36
f 570/821/11 571/822/11 572/823/11
f 572/823/11 563/824/11 564/825/11
f 564/825/11 565/826/11 566/827/11
f 572/823/11 564/825/11 566/827/11
f 566/827/11 567/828/11 568/829/11
f 568/829/11 542/779/11 541/778/11
f 566/827/11 568/829/11 541/778/11
f 572/823/11 566/827/11 541/778/11
f 570/821/11 572/823/11 541/778/11
f 570/821/11 541/778/11 569/830/11
f 569/831/6 554/832/6 553/833/6
f 553/833/6 570/834/6 569/831/6
f 563/835/439 560/836/439 559/837/439
f 559/837/439 564/838/439 563/835/439
f 567/839/1 556/840/1 555/841/1
f 555/841/1 568/842/1 567/839/1
f 558/843/597 565/844/597 564/838/597
f 564/838/597 559/837/597 558/843/597
f 557/845/598 566/846/598 565/844/598
f 565/844/598 558/843/598 557/845/598
f 556/840/599 567/839/599 566/846/599
f 566/846/599 557/845/599 556/840/599
f 539/800/600 542/799/600 568/842/600
f 568/842/600 555/841/600 539/800/600
f 562/847/601 571/848/601 570/834/601
f 570/834/601 553/833/601 562/847/601
f 561/849/602 572/850/602 571/848/602
f 571/848/602 562/847/602 561/849/602
f 560/836/603 563/835/603 572/850/603
f 572/850/603 561/849/604 560/836/603
f 541/851/605 540/852/605 554/832/605
f 554/832/605 569/831/605 541/851/605
f 575/853/606 576/854/607 573/855/608
f 573/855/608 574/856/609 575/853/606
f 578/857/610 575/853/611 574/856/612
f 574/856/612 577/858/613 578/857/610
f 578/857/610 577/858/613 579/859/614
f 579/859/614 580/860/615 578/857/610
f 580/860/616 579/859/617 581/861/618
f 581/861/618 582/862/619 580/860/616
f 582/862/619 581/861/618 583/863/620
f 583/863/620 584/864/621 582/862/619
f 584/865/621 583/866/620 585/867/622
f 585/867/622 586/868/623 584/865/621
f 588/869/624 586/868/623 585/867/622
f 585/867/622 587/870/625 588/869/624
f 576/854/607 588/869/624 587/870/625
f 587/870/625 573/855/608 576/854/607
f 589/871/626 590/872/627 576/854/607
f 576/854/607 575/853/606 589/871/626
f 591/873/628 589/871/629 575/853/611
f 575/853/611 578/857/610 591/873/628
f 591/873/628 578/857/610 580/860/615
f 580/860/615 592/874/630 591/873/628
f 592/874/631 580/860/616 582/862/619
f 582/862/619 593/875/632 592/874/631
f 593/875/632 582/862/619 584/864/621
f 584/864/621 594/876/633 593/875/632
f 594/877/633 584/865/621 586/868/623
f 586/868/623 595/878/634 594/877/633
f 596/879/635 595/878/634 586/868/623
f 586/868/623 588/869/624 596/879/635
f 590/872/627 596/879/635 588/869/624
f 588/869/624 576/854/607 590/872/627
f 598/880/636 590/872/627 589/871/626
f 589/871/626 597/881/637 598/880/636
f 597/881/638 589/871/629 591/873/628
f 591/873/628 599/882/639 597/881/638
f 600/883/640 599/882/639 591/873/628
f 591/873/628 592/874/630 600/883/640
f 601/884/641 600/883/642 592/874/631
f 592/874/631 593/875/632 601/884/641
f 602/885/643 601/884/641 593/875/632
f 593/875/632 594/876/633 602/885/643
f 603/886/644 602/887/643 594/877/633
f 594/877/633 595/878/634 603/886/644
f 603/886/644 595/878/634 596/879/635
f 596/879/635 604/888/645 603/886/644
f 604/888/645 596/879/635 590/872/627
f 590/872/627 598/880/636 604/888/645
f 606/889/646 581/861/618 579/859/617
f 579/859/617 605/890/647 606/889/646
f 605/890/648 579/859/614 577/858/613
f 577/858/613 607/891/649 605/890/648
f 607/891/649 577/858/613 574/856/612
f 574/856/612 608/892/650 607/891/649
f 608/892/651 574/856/609 573/855/608
f 573/855/608 609/893/652 608/892/651
f 609/893/652 573/855/608 587/870/625
f 587/870/625 610/894/653 609/893/652
f 610/894/653 587/870/625 585/867/622
f 585/867/622 611/895/654 610/894/653
f 611/895/654 585/867/622 583/866/620
f 583/866/620 612/896/655 611/895/654
f 612/897/655 583/863/620 581/861/618
f 581/861/618 606/889/646 612/897/655
f 614/898/656 606/899/646 605/900/647
f 605/900/647 613/901/657 614/898/656
f 613/901/658 605/900/648 607/902/649
f 607/902/649 615/903/659 613/901/658
f 615/904/659 607/905/649 608/906/650
f 608/906/650 616/907/660 615/904/659
f 616/907/661 608/906/651 609/908/652
f 609/908/652 617/909/662 616/907/661
f 617/909/662 609/908/652 610/910/653
f 610/910/653 618/911/663 617/909/662
f 618/911/663 610/910/653 611/912/654
f 611/912/654 619/913/664 618/911/663
f 620/914/665 619/913/664 611/912/654
f 611/912/654 612/915/655 620/914/665
f 614/898/656 620/914/665 612/915/655
f 612/915/655 606/899/646 614/898/656
f 621/916/666 622/917/667 614/898/656
f 614/898/656 613/901/657 621/916/666
f 623/918/668 621/916/669 613/901/658
f 613/901/658 615/903/659 623/918/668
f 623/919/668 615/904/659 616/907/660
f 616/907/660 624/920/670 623/919/668
f 624/920/671 616/907/661 617/909/662
f 617/909/662 625/921/672 624/920/671
f 625/921/672 617/909/662 618/911/663
f 618/911/663 626/922/673 625/921/672
f 626/922/673 618/911/663 619/913/664
f 619/913/664 627/923/674 626/922/673
f 628/924/675 627/923/674 619/913/664
f 619/913/664 620/914/665 628/924/675
f 622/917/667 628/924/675 620/914/665
f 620/914/665 614/898/656 622/917/667
f 629/925/676 630/926/677 622/917/667
f 622/917/667 621/916/666 629/925/676
f 631/927/678 629/925/679 621/916/669
f 621/916/669 623/918/668 631/927/678
f 631/928/678 623/919/668 624/920/670
f 624/920/670 632/929/680 631/928/678
f 632/929/681 624/920/671 625/921/672
f 625/921/672 633/930/682 632/929/681
f 633/930/682 625/921/672 626/922/673
f 626/922/673 634/931/683 633/930/682
f 634/931/683 626/922/673 627/923/674
f 627/923/674 635/932/684 634/931/683
f 636/933/685 635/932/684 627/923/674
f 627/923/674 628/924/675 636/933/685
f 630/926/677 636/933/685 628/924/675
f 628/924/675 622/917/667 630/926/677
f 639/934/686 640/935/687 637/936/688
f 637/936/688 638/937/689 639/934/686
f 642/938/690 639/934/691 638/937/692
f 638/937/692 641/939/693 642/938/690
f 642/938/690 641/939/693 643/940/694
f 643/940/694 644/941/695 642/938/690
f 644/941/696 643/940/697 645/942/698
f 645/942/698 646/943/699 644/941/696
f 646/943/699 645/942/698 647/944/700
f 647/944/700 648/945/701 646/943/699
f 648/945/701 647/944/700 649/946/702
f 649/946/702 650/947/703 648/945/701
f 652/948/704 650/947/703 649/946/702
f 649/946/702 651/949/705 652/948/704
f 640/935/687 652/950/704 651/951/705
f 651/951/705 637/936/688 640/935/687
f 653/952/706 654/953/707 640/935/687
f 640/935/687 639/934/686 653/952/706
f 655/954/708 653/952/709 639/934/691
f 639/934/691 642/938/690 655/954/708
f 655/954/708 642/938/690 644/941/695
f 644/941/695 656/955/710 655/954/708
f 656/955/711 644/941/696 646/943/699
f 646/943/699 657/956/712 656/955/711
f 657/956/712 646/943/699 648/945/701
f 648/945/701 658/957/713 657/956/712
f 658/957/713 648/945/701 650/947/703
f 650/947/703 659/958/714 658/957/713
f 660/959/715 659/958/714 650/947/703
f 650/947/703 652/948/704 660/959/715
f 654/953/707 660/960/715 652/950/704
f 652/950/704 640/935/687 654/953/707
f 662/961/716 654/953/707 653/952/706
f 653/952/706 661/962/717 662/961/716
f 661/962/718 653/952/709 655/954/708
f 655/954/708 663/963/719 661/962/718
f 664/964/720 663/963/719 655/954/708
f 655/954/708 656/955/710 664/964/720
f 665/965/721 664/964/722 656/955/711
f 656/955/711 657/956/712 665/965/721
f 666/966/723 665/965/721 657/956/712
f 657/956/712 658/957/713 666/966/723
f 667/967/724 666/966/723 658/957/713
f 658/957/713 659/958/714 667/967/724
f 667/967/724 659/958/714 660/959/715
f 660/959/715 668/968/725 667/967/724
f 668/969/725 660/960/715 654/953/707
f 654/953/707 662/961/716 668/969/725
f 601/884/641 662/961/716 661/962/717
f 661/962/717 600/883/642 601/884/641
f 600/883/640 661/962/718 663/963/719
f 663/963/719 599/882/639 600/883/640
f 599/882/639 663/963/719 664/964/720
f 664/964/720 597/881/638 599/882/639
f 597/881/637 664/964/722 665/965/721
f 665/965/721 598/880/636 597/881/637
f 598/880/636 665/965/721 666/966/723
f 666/966/723 604/888/645 598/880/636
f 604/888/645 666/966/723 667/967/724
f 667/967/724 603/886/644 604/888/645
f 603/886/644 667/967/724 668/968/725
f 668/968/725 602/887/643 603/886/644
f 602/885/643 668/969/725 662/961/716
f 662/961/716 601/884/641 602/885/643
f 670/970/726 645/971/698 643/972/697
f 643/972/697 669/973/727 670/970/726
f 669/973/728 643/972/694 641/974/693
f 641/974/693 671/975/729 669/973/728
f 671/976/729 641/977/693 638/978/692
f 638/978/692 672/979/730 671/976/729
f 672/979/731 638/978/689 637/980/688
f 637/980/688 673/981/732 672/979/731
f 673/981/732 637/980/688 651/982/705
f 651/982/705 674/983/733 673/981/732
f 674/983/733 651/982/705 649/984/702
f 649/984/702 675/985/734 674/983/733
f 675/985/734 649/984/702 647/986/700
f 647/986/700 676/987/735 675/985/734
f 676/987/735 647/986/700 645/971/698
f 645/971/698 670/970/726 676/987/735
f 678/988/736 670/970/726 669/973/727
f 669/973/727 677/989/737 678/988/736
f 677/989/738 669/973/728 671/975/729
f 671/975/729 679/990/739 677/989/738
f 679/991/739 671/976/729 672/979/730
f 672/979/730 680/992/740 679/991/739
f 680/992/741 672/979/731 673/981/732
f 673/981/732 681/993/742 680/992/741
f 681/993/742 673/981/732 674/983/733
f 674/983/733 682/994/743 681/993/742
f 682/994/743 674/983/733 675/985/734
f 675/985/734 683/995/744 682/994/743
f 684/996/745 683/995/744 675/985/734
f 675/985/734 676/987/735 684/996/745
f 678/988/736 684/996/745 676/987/735
f 676/987/735 670/970/726 678/988/736
f 685/997/746 686/998/747 678/988/736
f 678/988/736 677/989/737 685/997/746
f 687/999/748 685/997/749 677/989/738
f 677/989/738 679/990/739 687/999/748
f 687/1000/748 679/991/739 680/992/740
f 680/992/740 688/1001/750 687/1000/748
f 688/1001/751 680/992/741 681/993/742
f 681/993/742 689/1002/752 688/1001/751
f 689/1002/752 681/993/742 682/994/743
f 682/994/743 690/1003/753 689/1002/752
f 690/1003/753 682/994/743 683/995/744
f 683/995/744 691/1004/754 690/1003/753
f 692/1005/755 691/1004/754 683/995/744
f 683/995/744 684/996/745 692/1005/755
f 686/998/747 692/1005/755 684/996/745
f 684/996/745 678/988/736 686/998/747
f 693/1006/756 694/1007/757 686/998/747
f 686/998/747 685/997/746 693/1006/756
f 695/1008/758 693/1006/759 685/997/749
f 685/997/749 687/999/748 695/1008/758
f 695/1009/758 687/1000/748 688/1001/750
f 688/1001/750 696/1010/760 695/1009/758
f 696/1010/761 688/1001/751 689/1002/752
f 689/1002/752 697/1011/762 696/1010/761
f 697/1011/762 689/1002/752 690/1003/753
f 690/1003/753 698/1012/763 697/1011/762
f 698/1012/763 690/1003/753 691/1004/754
f 691/1004/754 699/1013/764 698/1012/763
f 700/1014/765 699/1013/764 691/1004/754
f 691/1004/754 692/1005/755 700/1014/765
f 694/1007/757 700/1014/765 692/1005/755
f 692/1005/755 686/998/747 694/1007/757
f 633/930/682 694/1007/757 693/1006/756
f 693/1006/756 632/929/681 633/930/682
f 632/929/680 693/1006/759 695/1008/758
f 695/1008/758 631/928/678 632/929/680
f 631/927/678 695/1009/758 696/1010/760
f 696/1010/760 629/925/679 631/927/678
f 629/925/676 696/1010/761 697/1011/762
f 697/1011/762 630/926/677 629/925/676
f 630/926/677 697/1011/762 698/1012/763
f 698/1012/763 636/933/685 630/926/677
f 636/933/685 698/1012/763 699/1013/764
f 699/1013/764 635/932/684 636/933/685
f 635/932/684 699/1013/764 700/1014/765
f 700/1014/765 634/931/683 635/932/684
f 634/931/683 700/1014/765 694/1007/757
f 694/1007/757 633/930/682 634/931/683
f 710/1015/36 711/1016/36 712/1017/36
f 712/1017/36 701/1018/36 702/1019/36
f 702/1019/36 703/1020/36 704/1021/36
f 712/1017/36 702/1019/36 704/1021/36
f 710/1015/36 712/1017/36 704/1021/36
f 704/1021/36 705/1022/36 706/1023/36
f 706/1023/36 707/1024/36 708/1025/36
f 704/1021/36 706/1023/36 708/1025/36
f 710/1015/36 704/1021/36 708/1025/36
f 710/1015/36 708/1025/36 709/1026/36
f 722/1027/11 723/1028/11 724/1029/11
f 724/1029/11 713/1030/11 714/1031/11
f 714/1031/11 715/1032/11 716/1033/11
f 724/1029/11 714/1031/11 716/1033/11
f 716/1033/11 717/1034/11 718/1035/11
f 718/1035/11 719/1036/11 720/1037/11
f 716/1033/11 718/1035/11 720/1037/11
f 724/1029/11 716/1033/11 720/1037/11
f 722/1027/11 724/1029/11 720/1037/11
f 722/1027/11 720/1037/11 721/1038/11
f 719/1039/766 706/1040/766 705/1041/766
f 705/1041/766 720/1042/766 719/1039/766
f 723/1043/556 702/1044/556 701/1045/556
f 701/1045/556 724/1046/556 723/1043/556
f 715/1047/767 710/1048/767 709/1049/767
f 709/1049/767 716/1050/767 715/1047/767
f 714/1051/768 711/1052/768 710/1048/768
f 710/1048/768 715/1047/768 714/1051/768
f 718/1053/769 707/1054/769 706/1040/769
f 706/1040/769 719/1039/769 718/1053/769
f 717/1055/770 708/1056/770 707/1054/770
f 707/1054/770 718/1053/770 717/1055/770
f 716/1050/771 709/1049/771 708/1056/771
f 708/1056/771 717/1055/771 716/1050/771
f 724/1046/772 701/1045/772 712/1057/772
f 712/1057/772 713/1058/772 724/1046/772
f 704/1059/773 721/1060/773 720/1042/773
f 720/1042/773 705/1041/773 704/1059/773
f 703/1061/774 722/1062/774 721/1060/774
f 721/1060/774 704/1059/774 703/1061/774
f 702/1044/775 723/1043/775 722/1062/775
f 722/1062/775 703/1061/775 702/1044/775
f 732/1063/36 733/1064/36 734/1065/36
f 734/1065/36 725/1066/36 726/1067/36
f 726/1067/36 712/1017/36 711/1016/36
f 734/1065/36 726/1067/36 711/1016/36
f 711/1016/36 727/1068/36 728/1069/36
f 728/1069/36 729/1070/36 730/1071/36
f 711/1016/36 728/1069/36 730/1071/36
f 734/1065/36 711/1016/36 730/1071/36
f 732/1063/36 734/1065/36 730/1071/36
f 732/1063/36 730/1071/36 731/1072/36
f 742/1073/11 743/1074/11 744/1075/11
f 744/1075/11 735/1076/11 736/1077/11
f 736/1077/11 737/1078/11 738/1079/11
f 744/1075/11 736/1077/11 738/1079/11
f 738/1079/11 739/1080/11 740/1081/11
f 740/1081/11 714/1031/11 713/1030/11
f 738/1079/11 740/1081/11 713/1030/11
f 744/1075/11 738/1079/11 713/1030/11
f 742/1073/11 744/1075/11 713/1030/11
f 742/1073/11 713/1030/11 741/1082/11
f 741/1083/556 726/1084/556 725/1085/556
f 725/1085/556 742/1086/556 741/1083/556
f 735/1087/562 732/1088/562 731/1089/562
f 731/1089/562 736/1090/562 735/1087/562
f 739/1091/767 728/1092/767 727/1093/767
f 727/1093/767 740/1094/767 739/1091/767
f 730/1095/776 737/1096/776 736/1090/776
f 736/1090/776 731/1089/776 730/1095/776
f 729/1097/777 738/1098/777 737/1096/777
f 737/1096/777 730/1095/777 729/1097/777
f 728/1092/778 739/1091/778 738/1098/778
f 738/1098/778 729/1097/778 728/1092/778
f 711/1099/779 714/1100/779 740/1094/779
f 740/1094/779 727/1093/779 711/1099/779
f 734/1101/780 743/1102/780 742/1086/780
f 742/1086/780 725/1085/780 734/1101/780
f 733/1103/781 744/1104/781 743/1102/781
f 743/1102/781 734/1101/781 733/1103/781
f 732/1088/782 735/1087/782 744/1104/782
f 744/1104/782 733/1103/782 732/1088/782
f 713/1058/783 712/1057/783 726/1084/783
f 726/1084/783 741/1083/783 713/1058/783
f 747/1105/784 748/1106/785 745/1107/786
f 745/1107/786 746/1108/787 747/1105/784
f 750/1109/788 747/1105/789 746/1108/790
f 746/1108/790 749/1110/791 750/1109/788
f 750/1109/788 749/1110/791 751/1111/792
f 751/1111/792 752/1112/793 750/1109/788
f 752/1112/794 751/1111/795 753/1113/796
f 753/1113/796 754/1114/797 752/1112/794
f 754/1114/797 753/1113/796 755/1115/798
f 755/1115/798 756/1116/799 754/1114/797
f 756/1116/799 755/1115/798 757/1117/800
f 757/1117/800 758/1118/801 756/1116/799
f 760/1119/802 758/1120/801 757/1121/800
f 757/1121/800 759/1122/803 760/1119/802
f 748/1106/785 760/1119/802 759/1122/803
f 759/1122/803 745/1107/786 748/1106/785
f 761/1123/804 762/1124/805 748/1106/785
f 748/1106/785 747/1105/784 761/1123/804
f 763/1125/806 761/1123/807 747/1105/789
f 747/1105/789 750/1109/788 763/1125/806
f 763/1125/806 750/1109/788 752/1112/793
f 752/1112/793 764/1126/808 763/1125/806
f 764/1126/809 752/1112/794 754/1114/797
f 754/1114/797 765/1127/810 764/1126/809
f 765/1127/810 754/1114/797 756/1116/799
f 756/1116/799 766/1128/811 765/1127/810
f 766/1128/811 756/1116/799 758/1118/801
f 758/1118/801 767/1129/812 766/1128/811
f 768/1130/813 767/1131/812 758/1120/801
f 758/1120/801 760/1119/802 768/1130/813
f 762/1124/805 768/1130/813 760/1119/802
f 760/1119/802 748/1106/785 762/1124/805
f 770/1132/814 762/1124/805 761/1123/804
f 761/1123/804 769/1133/815 770/1132/814
f 769/1133/816 761/1123/807 763/1125/806
f 763/1125/806 771/1134/817 769/1133/816
f 772/1135/818 771/1134/817 763/1125/806
f 763/1125/806 764/1126/808 772/1135/818
f 773/1136/819 772/1135/820 764/1126/809
f 764/1126/809 765/1127/810 773/1136/819
f 774/1137/821 773/1136/819 765/1127/810
f 765/1127/810 766/1128/811 774/1137/821
f 775/1138/822 774/1137/821 766/1128/811
f 766/1128/811 767/1129/812 775/1138/822
f 775/1139/822 767/1131/812 768/1130/813
f 768/1130/813 776/1140/823 775/1139/822
f 776/1140/823 768/1130/813 762/1124/805
f 762/1124/805 770/1132/814 776/1140/823
f 778/1141/824 753/1113/796 751/1111/795
f 751/1111/795 777/1142/825 778/1141/824
f 777/1142/826 751/1111/792 749/1110/791
f 749/1110/791 779/1143/827 777/1142/826
f 779/1143/827 749/1110/791 746/1108/790
f 746/1108/790 780/1144/828 779/1143/827
f 780/1144/829 746/1108/787 745/1107/786
f 745/1107/786 781/1145/830 780/1144/829
f 781/1145/830 745/1107/786 759/1122/803
f 759/1122/803 782/1146/831 781/1145/830
f 782/1146/831 759/1122/803 757/1121/800
f 757/1121/800 783/1147/832 782/1146/831
f 783/1148/832 757/1117/800 755/1115/798
f 755/1115/798 784/1149/833 783/1148/832
f 784/1149/833 755/1115/798 753/1113/796
f 753/1113/796 778/1141/824 784/1149/833
f 786/1150/834 778/1151/824 777/1152/825
f 777/1152/825 785/1153/835 786/1150/834
f 785/1153/836 777/1152/826 779/1154/827
f 779/1154/827 787/1155/837 785/1153/836
f 787/1155/837 779/1154/827 780/1156/828
f 780/1156/828 788/1157/838 787/1155/837
f 788/1158/839 780/1159/829 781/1160/830
f 781/1160/830 789/1161/840 788/1158/839
f 789/1161/840 781/1160/830 782/1162/831
f 782/1162/831 790/1163/841 789/1161/840
f 790/1163/841 782/1162/831 783/1164/832
f 783/1164/832 791/1165/842 790/1163/841
f 792/1166/843 791/1165/842 783/1164/832
f 783/1164/832 784/1167/833 792/1166/843
f 786/1150/834 792/1166/843 784/1167/833
f 784/1167/833 778/1151/824 786/1150/834
f 793/1168/844 794/1169/845 786/1150/834
f 786/1150/834 785/1153/835 793/1168/844
f 795/1170/846 793/1168/847 785/1153/836
f 785/1153/836 787/1155/837 795/1170/846
f 795/1170/846 787/1155/837 788/1157/838
f 788/1157/838 796/1171/848 795/1170/846
f 796/1172/849 788/1158/839 789/1161/840
f 789/1161/840 797/1173/850 796/1172/849
f 797/1173/850 789/1161/840 790/1163/841
f 790/1163/841 798/1174/851 797/1173/850
f 798/1174/851 790/1163/841 791/1165/842
f 791/1165/842 799/1175/852 798/1174/851
f 800/1176/853 799/1175/852 791/1165/842
f 791/1165/842 792/1166/843 800/1176/853
f 794/1169/845 800/1176/853 792/1166/843
f 792/1166/843 786/1150/834 794/1169/845
f 801/1177/854 802/1178/855 794/1169/845
f 794/1169/845 793/1168/844 801/1177/854
f 803/1179/856 801/1177/857 793/1168/847
f 793/1168/847 795/1170/846 803/1179/856
f 803/1179/856 795/1170/846 796/1171/848
f 796/1171/848 804/1180/858 803/1179/856
f 804/1181/859 796/1172/849 797/1173/850
f 797/1173/850 805/1182/860 804/1181/859
f 805/1182/860 797/1173/850 798/1174/851
f 798/1174/851 806/1183/861 805/1182/860
f 806/1183/861 798/1174/851 799/1175/852
f 799/1175/852 807/1184/862 806/1183/861
f 808/1185/863 807/1184/862 799/1175/852
f 799/1175/852 800/1176/853 808/1185/863
f 802/1178/855 808/1185/863 800/1176/853
f 800/1176/853 794/1169/845 802/1178/855
f 811/1186/864 812/1187/865 809/1188/866
f 809/1188/866 810/1189/867 811/1186/864
f 814/1190/868 811/1186/869 810/1189/870
f 810/1189/870 813/1191/871 814/1190/868
f 814/1190/868 813/1191/871 815/1192/872
f 815/1192/872 816/1193/873 814/1190/868
f 816/1193/874 815/1192/875 817/1194/876
f 817/1194/876 818/1195/877 816/1193/874
f 818/1195/877 817/1194/876 819/1196/878
f 819/1196/878 820/1197/879 818/1195/877
f 820/1197/879 819/1196/878 821/1198/880
f 821/1198/880 822/1199/881 820/1197/879
f 824/1200/882 822/1201/881 821/1202/880
f 821/1202/880 823/1203/883 824/1200/882
f 812/1187/865 824/1200/882 823/1203/883
f 823/1203/883 809/1188/866 812/1187/865
f 825/1204/884 826/1205/885 812/1187/865
f 812/1187/865 811/1186/864 825/1204/884
f 827/1206/886 825/1204/887 811/1186/869
f 811/1186/869 814/1190/868 827/1206/886
f 827/1206/886 814/1190/868 816/1193/873
f 816/1193/873 828/1207/888 827/1206/886
f 828/1207/889 816/1193/874 818/1195/877
f 818/1195/877 829/1208/890 828/1207/889
f 829/1208/890 818/1195/877 820/1197/879
f 820/1197/879 830/1209/891 829/1208/890
f 830/1209/891 820/1197/879 822/1199/881
f 822/1199/881 831/1210/892 830/1209/891
f 832/1211/893 831/1212/892 822/1201/881
f 822/1201/881 824/1200/882 832/1211/893
f 826/1205/885 832/1211/893 824/1200/882
f 824/1200/882 812/1187/865 826/1205/885
f 834/1213/894 826/1205/885 825/1204/884
f 825/1204/884 833/1214/895 834/1213/894
f 833/1214/896 825/1204/887 827/1206/886
f 827/1206/886 835/1215/897 833/1214/896
f 836/1216/898 835/1215/897 827/1206/886
f 827/1206/886 828/1207/888 836/1216/898
f 837/1217/899 836/1216/900 828/1207/889
f 828/1207/889 829/1208/890 837/1217/899
f 838/1218/901 837/1217/899 829/1208/890
f 829/1208/890 830/1209/891 838/1218/901
f 839/1219/902 838/1218/901 830/1209/891
f 830/1209/891 831/1210/892 839/1219/902
f 839/1220/902 831/1212/892 832/1211/893
f 832/1211/893 840/1221/903 839/1220/902
f 840/1221/903 832/1211/893 826/1205/885
f 826/1205/885 834/1213/894 840/1221/903
f 773/1136/819 834/1213/894 833/1214/895
f 833/1214/895 772/1135/820 773/1136/819
f 772/1135/818 833/1214/896 835/1215/897
f 835/1215/897 771/1134/817 772/1135/818
f 771/1134/817 835/1215/897 836/1216/898
f 836/1216/898 769/1133/816 771/1134/817
f 769/1133/815 836/1216/900 837/1217/899
f 837/1217/899 770/1132/814 769/1133/815
f 770/1132/814 837/1217/899 838/1218/901
f 838/1218/901 776/1140/823 770/1132/814
f 776/1140/823 838/1218/901 839/1219/902
f 839/1219/902 775/1139/822 776/1140/823
f 775/1138/822 839/1220/902 840/1221/903
f 840/1221/903 774/1137/821 775/1138/822
f 774/1137/821 840/1221/903 834/1213/894
f 834/1213/894 773/1136/819 774/1137/821
f 842/1222/904 817/1223/876 815/1224/875
f 815/1224/875 841/1225/905 842/1222/904
f 841/1226/906 815/1227/872 813/1228/871
f 813/1228/871 843/1229/907 841/1226/906
f 843/1229/907 813/1228/871 810/1230/870
f 810/1230/870 844/1231/908 843/1229/907
f 844/1231/909 810/1230/867 809/1232/866
f 809/1232/866 845/1233/910 844/1231/909
f 845/1233/910 809/1232/866 823/1234/883
f 823/1234/883 846/1235/911 845/1233/910
f 846/1235/911 823/1234/883 821/1236/880
f 821/1236/880 847/1237/912 846/1235/911
f 847/1237/912 821/1236/880 819/1238/878
f 819/1238/878 848/1239/913 847/1237/912
f 848/1239/913 819/1238/878 817/1223/876
f 817/1223/876 842/1222/904 848/1239/913
f 850/1240/914 842/1222/904 841/1225/905
f 841/1225/905 849/1241/915 850/1240/914
f 849/1242/916 841/1226/906 843/1229/907
f 843/1229/907 851/1243/917 849/1242/916
f 851/1243/917 843/1229/907 844/1231/908
f 844/1231/908 852/1244/918 851/1243/917
f 852/1244/919 844/1231/909 845/1233/910
f 845/1233/910 853/1245/920 852/1244/919
f 853/1245/920 845/1233/910 846/1235/911
f 846/1235/911 854/1246/921 853/1245/920
f 854/1246/921 846/1235/911 847/1237/912
f 847/1237/912 855/1247/922 854/1246/921
f 856/1248/923 855/1247/922 847/1237/912
f 847/1237/912 848/1239/913 856/1248/923
f 850/1240/914 856/1248/923 848/1239/913
f 848/1239/913 842/1222/904 850/1240/914
f 857/1249/924 858/1250/925 850/1240/914
f 850/1240/914 849/1241/915 857/1249/924
f 859/1251/926 857/1252/927 849/1242/916
f 849/1242/916 851/1243/917 859/1251/926
f 859/1251/926 851/1243/917 852/1244/918
f 852/1244/918 860/1253/928 859/1251/926
f 860/1253/929 852/1244/919 853/1245/920
f 853/1245/920 861/1254/930 860/1253/929
f 861/1254/930 853/1245/920 854/1246/921
f 854/1246/921 862/1255/931 861/1254/930
f 862/1255/931 854/1246/921 855/1247/922
f 855/1247/922 863/1256/932 862/1255/931
f 864/1257/933 863/1256/932 855/1247/922
f 855/1247/922 856/1248/923 864/1257/933
f 858/1250/925 864/1257/933 856/1248/923
f 856/1248/923 850/1240/914 858/1250/925
f 865/1258/934 866/1259/935 858/1250/925
f 858/1250/925 857/1249/924 865/1258/934
f 867/1260/936 865/1261/937 857/1252/927
f 857/1252/927 859/1251/926 867/1260/936
f 867/1260/936 859/1251/926 860/1253/928
f 860/1253/928 868/1262/938 867/1260/936
f 868/1262/939 860/1253/929 861/1254/930
f 861/1254/930 869/1263/940 868/1262/939
f 869/1263/940 861/1254/930 862/1255/931
f 862/1255/931 870/1264/941 869/1263/940
f 870/1264/941 862/1255/931 863/1256/932
f 863/1256/932 871/1265/942 870/1264/941
f 872/1266/943 871/1265/942 863/1256/932
f 863/1256/932 864/1257/933 872/1266/943
f 866/1259/935 872/1266/943 864/1257/933
f 864/1257/933 858/1250/925 866/1259/935
f 805/1182/860 866/1259/935 865/1258/934
f 865/1258/934 804/1181/859 805/1182/860
f 804/1180/858 865/1261/937 867/1260/936
f 867/1260/936 803/1179/856 804/1180/858
f 803/1179/856 867/1260/936 868/1262/938
f 868/1262/938 801/1177/857 803/1179/856
f 801/1177/854 868/1262/939 869/1263/940
f 869/1263/940 802/1178/855 801/1177/854
f 802/1178/855 869/1263/940 870/1264/941
f 870/1264/941 808/1185/863 802/1178/855
f 808/1185/863 870/1264/941 871/1265/942
f 871/1265/942 807/1184/862 808/1185/863
f 807/1184/862 871/1265/942 872/1266/943
f 872/1266/943 806/1183/861 807/1184/862
f 806/1183/861 872/1266/943 866/1259/935
f 866/1259/935 805/1182/860 806/1183/861
