# Blender 5.1.2
# www.blender.org
mtllib URP_Tree.mtl
o Tree_3_LOD_2
v 0.366118 3.940557 -0.018512
v 0.370485 3.948806 -0.037559
v 0.381711 3.935599 -0.028370
v 0.378339 3.939012 -0.046860
v 0.360661 3.946079 -0.048430
v 0.353108 3.947034 -0.030910
v 0.000000 0.000000 0.156000
v -0.091694 0.000000 0.126207
v 0.008274 0.405435 -0.046117
v -0.061411 0.407240 -0.068826
v -0.148365 0.000000 0.048207
v -0.018985 0.826037 -0.033308
v 0.043665 0.819942 -0.012537
v -0.104519 0.406146 -0.128118
v -0.148365 -0.000000 -0.048207
v 0.040070 1.187011 0.125095
v 0.095555 1.177842 0.143761
v -0.104583 0.402572 -0.201345
v -0.091694 -0.000000 -0.126207
v -0.057720 0.827873 -0.087065
v 0.108707 1.589466 0.204943
v 0.157560 1.581107 0.221398
v 0.193295 1.974751 0.106375
v 0.125108 1.984959 0.055032
v 0.191045 2.371908 -0.013095
v -0.061579 0.397883 -0.260537
v 0.000000 -0.000000 -0.156000
v -0.057745 0.824750 -0.153275
v 0.006092 1.193159 0.076942
v 0.006598 1.193936 0.017695
v 0.079189 1.597644 0.162644
v 0.080282 1.602516 0.110660
v -0.019049 0.817859 -0.206649
v 0.008066 0.393869 -0.283084
v 0.091694 -0.000000 -0.126207
v 0.043586 0.809834 -0.226799
v 0.077752 0.392065 -0.260375
v 0.148365 -0.000000 -0.048207
v 0.041395 1.189046 -0.030015
v 0.097192 1.180357 -0.047965
v 0.120859 0.393159 -0.201083
v 0.148365 0.000000 0.048207
v 0.106236 0.803739 -0.206029
v 0.120923 0.396733 -0.127856
v 0.091694 0.000000 0.126207
v 0.144971 0.801903 -0.152272
v 0.077919 0.401422 -0.068664
v 0.106300 0.811917 -0.032687
v 0.144995 0.805027 -0.086061
v 0.151352 1.169152 0.125811
v 0.186655 1.165039 0.018854
v 0.207089 1.575759 0.205726
v 0.186149 1.164262 0.078101
v 0.152676 1.171187 -0.029299
v 0.239468 1.580338 0.111927
v 0.238375 1.575465 0.163911
v 0.263983 1.977597 0.057540
v 0.239483 1.989564 -0.023985
v 0.250803 2.377445 -0.053933
v 0.161096 1.596874 0.053173
v 0.209950 1.588515 0.069628
v 0.216672 2.790900 0.003660
v 0.167705 2.789963 0.036951
v 0.111568 1.602222 0.068845
v 0.153654 1.994114 -0.025535
v 0.230177 2.381792 -0.123397
v 0.157672 2.378942 -0.125489
v 0.206389 3.164023 0.133104
v 0.168469 3.170234 0.158113
v 0.133487 2.372833 -0.057318
v 0.200278 2.787067 -0.053116
v 0.141178 2.783761 -0.054914
v 0.121047 2.785551 0.000750
v 0.266695 3.574719 0.124654
v 0.240496 3.583699 0.141613
v 0.193729 3.157785 0.089483
v 0.147984 3.160140 0.087533
v 0.132372 3.167834 0.129948
v 0.258219 3.572791 0.093364
v 0.226782 3.580579 0.090985
v 0.215828 3.587320 0.120804
v 0.249701 2.082674 0.053020
v 0.164891 1.892944 0.111542
v 0.208731 2.119863 0.079723
v 0.143808 1.982560 0.112956
v 0.158232 2.170701 0.111859
v 0.105596 2.012900 0.039814
v 0.129619 1.937474 0.023132
v 0.142011 2.150498 -0.041886
v 0.104733 2.069940 0.132550
v 0.107739 2.224985 0.144407
v 0.068125 2.091317 0.071084
v 0.116049 2.166416 -0.009282
v 0.061844 2.153614 0.157188
v 0.047093 2.296036 0.184600
v 0.027613 2.168067 0.104993
v 0.006025 2.252939 0.192303
v -0.010559 2.374320 0.225118
v 0.157779 2.223073 0.038022
v 0.180130 2.224660 0.013723
v 0.122008 2.247051 0.069721
v 0.079931 2.203769 0.030529
v 0.083988 2.279666 0.101875
v 0.041924 2.247591 0.069862
v 0.035930 2.329628 0.140960
v -0.025212 2.260932 0.148229
v -0.013111 2.394111 0.178740
v -0.006538 2.308789 0.116213
v -0.082356 2.353003 0.192489
v -0.146203 2.671555 0.403553
v -0.138579 2.642911 0.432728
v -0.057484 2.380937 0.158574
v -0.053355 2.348913 0.233616
v -0.342293 2.889788 0.626933
v -0.340583 2.872022 0.654322
v -0.184396 2.664771 0.388553
v -0.200376 2.631935 0.408457
v -0.172059 2.618425 0.435759
v -0.459639 3.168261 0.871410
v -0.457207 3.149712 0.888088
v -0.369525 2.881208 0.611010
v -0.384645 2.858140 0.628559
v -0.366758 2.852463 0.655326
v -0.587182 3.304725 1.192538
v -0.585789 3.290410 1.199914
v -0.745368 3.568777 1.417365
v -0.599892 3.303996 1.182578
v -0.483965 3.170501 0.865808
v -0.496568 3.153336 0.879025
v -0.480031 3.140487 0.892794
v -0.606353 3.289230 1.183798
v -0.597637 3.280833 1.194512
v 0.146983 2.536981 -0.095608
v 0.230033 2.402268 -0.039243
v 0.232065 2.611839 -0.120901
v 0.296338 2.519812 -0.070417
v 0.339662 2.712846 -0.151705
v 0.283819 2.673655 -0.057191
v 0.219102 2.626539 -0.030362
v 0.374015 2.754240 -0.092810
v 0.391331 2.650228 -0.110003
v 0.464180 2.835494 -0.187722
v 0.481816 2.858061 -0.133181
v 0.506789 2.797680 -0.154694
v 0.600570 2.980780 -0.228508
v 0.604578 2.988151 -0.174747
v 0.641759 2.958302 -0.200962
v 0.910525 3.418206 -0.462554
v 0.921002 3.436222 -0.429382
v 0.939851 3.403866 -0.440896
v 1.313346 3.801153 -0.616957
v 1.313500 3.808088 -0.594042
v 1.622173 4.103518 -0.982425
v 1.331815 3.795426 -0.602841
v 0.142359 2.728207 0.017267
v 0.164483 2.675452 -0.056005
v -0.016752 2.837816 -0.015792
v 0.004711 2.804176 -0.076544
v -0.224057 2.982388 -0.053479
v 0.002652 2.892361 -0.060688
v 0.159763 2.802209 -0.039923
v -0.206084 3.023061 -0.086286
v -0.208930 2.963495 -0.103326
v -0.484916 3.167333 -0.091882
v -0.467773 3.199980 -0.117390
v -0.480255 3.161167 -0.136047
v -1.079133 3.515810 -0.396540
v -1.058298 3.529868 -0.406456
v -1.748950 3.821367 -0.424841
v -1.070518 3.511235 -0.421737
v 0.202803 2.943530 0.015430
v 0.178305 2.857991 0.057246
v 0.340002 3.029130 0.213663
v 0.313115 2.973657 0.241155
v 0.519770 3.146992 0.471459
v 0.308755 3.051101 0.261000
v 0.171197 2.975406 0.087354
v 0.491730 3.161243 0.497465
v 0.496862 3.112692 0.488799
v 0.748973 3.303305 0.792419
v 0.720064 3.310961 0.801688
v 1.245233 3.648566 1.556351
v 0.730857 3.281957 0.806432
v 0.214862 3.393161 0.145804
v 0.181951 3.348670 0.103107
v -0.003068 3.727660 0.094004
v -0.020363 3.702869 0.067507
v -0.287423 4.174005 0.026038
v -0.015864 3.754378 0.068917
v 0.194095 3.434662 0.107736
v -0.294262 4.187494 0.015992
v -0.642676 4.744761 -0.055768
v -0.293198 4.164290 0.016154
v 0.257290 3.582943 0.086746
v 0.249128 3.573279 0.127071
v 0.464890 3.828651 0.150142
v 0.458798 3.823483 0.174975
v 0.739016 4.153885 0.231717
v 0.472846 3.858227 0.164932
v 0.269800 3.629827 0.108935
v 0.744302 4.167786 0.237996
v 1.086316 4.567646 0.329422
v 0.736350 4.151709 0.240975
v 0.207084 1.421616 0.059026
v 0.197072 1.505996 0.151936
v 0.235742 1.499778 0.063196
v 0.163852 1.587622 0.025592
v 0.207087 1.619808 0.025362
v 0.286954 1.556091 0.058541
v 0.265778 1.645941 0.021150
v 0.234820 1.556934 0.144264
v 0.343536 1.602889 0.050707
v 0.326909 1.669598 0.014762
v 0.234347 1.692544 0.176032
v 0.191600 1.688117 0.192589
v 0.243752 1.822837 0.104871
v 0.290236 1.595998 0.128864
v 0.418280 1.650525 0.037401
v 0.403948 1.696682 0.003626
v 0.290307 1.700106 0.154721
v 0.263836 1.793532 0.105122
v 0.349398 1.629810 0.112016
v 0.500086 1.685573 0.018689
v 0.483428 1.722070 -0.013155
v 0.348438 1.709457 0.133519
v 0.425821 1.666161 0.090424
v 0.741826 1.784173 -0.041882
v 0.719216 1.811961 -0.066861
v 0.247831 1.776313 0.033149
v 0.225986 1.804031 0.026891
v 0.291330 1.762957 0.032198
v 0.305066 1.778227 0.096907
v 0.339897 1.756300 0.028176
v 0.351470 1.769790 0.086421
v 0.404181 1.756462 0.019355
v 0.421914 1.723857 0.108537
v 0.474278 1.769263 0.004526
v 0.413407 1.768164 0.071476
v 0.498446 1.743463 0.085896
v 0.707527 1.850965 -0.051069
v 0.481787 1.779960 0.054052
v 0.507596 1.696269 0.068214
v 0.918375 1.913201 -0.190684
v 0.917378 1.877563 -0.196506
v 0.718448 1.862181 -0.010299
v 0.741058 1.834393 0.014680
v 0.752747 1.795390 -0.001112
v 1.164123 1.890930 -0.350526
v 1.158339 1.861675 -0.351379
v 0.939086 1.926622 -0.164305
v 0.958802 1.904404 -0.143746
v 0.937093 1.855345 -0.175947
v 1.396858 1.885645 -0.454216
v 1.398592 1.863693 -0.457648
v 1.178904 1.902544 -0.327359
v 1.187901 1.884903 -0.305045
v 0.957805 1.868765 -0.149568
v 1.167336 1.844033 -0.329066
v 1.570079 1.893315 -0.666946
v 1.568280 1.878901 -0.664457
v 1.724089 1.716063 -0.827236
v 1.582516 1.900020 -0.662758
v 1.405951 1.894838 -0.436066
v 1.182117 1.855647 -0.305899
v 1.409418 1.850935 -0.442929
v 1.416777 1.882080 -0.421346
v 1.593155 1.892311 -0.656080
v 1.591356 1.877898 -0.653592
v 1.418511 1.860128 -0.424777
v 1.578919 1.871192 -0.657780
v 0.094137 1.682127 0.044308
v 0.146241 1.646526 -0.008522
v 0.092220 1.748253 0.022167
v 0.118333 1.885878 0.098628
v 0.100593 1.895083 0.058998
v 0.075738 1.800238 -0.021004
v 0.077295 1.909411 0.007504
v 0.143309 1.721748 -0.023109
v 0.054820 1.846106 -0.069003
v 0.052680 1.926086 -0.045130
v 0.213174 1.854140 -0.018234
v 0.239613 1.834500 0.014820
v 0.200431 1.994697 -0.034305
v 0.122972 1.780164 -0.060193
v 0.024389 1.896776 -0.132291
v 0.020742 1.950211 -0.110007
v 0.178189 1.876701 -0.062644
v 0.182912 1.974472 -0.044464
v 0.098126 1.831127 -0.103348
v -0.012672 1.941157 -0.200943
v -0.014074 1.980755 -0.174518
v 0.142802 1.900180 -0.109319
v 0.063563 1.886477 -0.162514
v -0.191265 2.100295 -0.395003
v -0.189660 2.131563 -0.369144
v 0.125459 1.989199 -0.006562
v 0.137888 2.010949 0.006438
v 0.104699 1.982382 -0.038489
v 0.155869 1.969565 -0.073113
v 0.082137 1.982335 -0.074936
v 0.127598 1.971306 -0.106775
v 0.052794 1.990825 -0.123688
v 0.100127 1.930793 -0.169121
v 0.021373 2.012449 -0.177212
v 0.092610 1.981674 -0.153161
v 0.059623 1.964947 -0.232756
v -0.163452 2.161906 -0.375577
v 0.058221 2.004545 -0.206331
v 0.024177 1.933254 -0.230062
v -0.403132 2.260276 -0.514309
v -0.415951 2.231100 -0.503696
v -0.138850 2.160982 -0.407870
v -0.140456 2.129714 -0.433729
v -0.166663 2.099371 -0.427296
v -0.683114 2.288469 -0.669109
v -0.689620 2.263744 -0.658346
v -0.388183 2.262121 -0.544331
v -0.386054 2.234791 -0.563740
v -0.413822 2.203770 -0.523105
v -0.911350 2.283889 -0.848967
v -0.918509 2.265455 -0.842779
v -0.669193 2.289942 -0.693058
v -0.661778 2.266690 -0.706243
v -0.398873 2.205615 -0.553127
v -0.682205 2.240492 -0.671532
v -1.136295 2.358997 -1.041759
v -1.143581 2.347529 -1.039980
v -1.415083 2.479758 -1.089643
v -1.128371 2.360428 -1.052847
v -0.897415 2.284989 -0.864264
v -0.668284 2.241965 -0.695481
v -0.911734 2.248120 -0.851888
v -0.890641 2.267654 -0.873373
v -1.127735 2.350393 -1.062155
v -1.135022 2.338925 -1.060376
v -0.897800 2.249220 -0.867186
v -1.142945 2.337494 -1.049288
v 1.598867 2.168966 -1.112666
v 1.920259 1.955844 0.084545
v 1.529725 1.615974 -0.135404
v 1.989402 2.508836 -0.892718
v 2.310793 2.295714 0.304494
v 2.379936 2.848706 -0.672769
v 1.967649 1.539703 -0.795113
v 1.551477 2.585106 -0.233008
v 1.160943 2.245237 -0.452957
v 2.358184 1.879573 -0.575164
v 1.942011 2.924976 -0.013059
v 2.748718 2.219443 -0.355216
v -1.453465 2.763220 -0.913997
v -0.626288 2.168116 -1.651330
v -0.745801 1.923693 -1.159009
v -1.333952 3.007642 -1.406319
v -0.506776 2.412539 -2.143652
v -1.214440 3.252065 -1.898640
v -1.520258 2.059798 -1.279440
v -0.559495 2.871538 -1.285888
v -0.679008 2.627115 -0.793567
v -1.400746 2.304220 -1.771761
v -0.439983 3.115961 -1.778210
v -1.281233 2.548643 -2.264082
v -0.473380 3.849316 1.193063
v -1.292158 2.895687 1.145903
v -0.748982 2.758604 1.196643
v -1.016556 3.986399 1.142323
v -1.835333 3.032770 1.095164
v -1.559731 4.123483 1.091583
v -0.659938 3.318119 1.755057
v -1.105600 3.426885 0.583910
v -0.562424 3.289801 0.634649
v -1.203114 3.455202 1.704317
v -1.648775 3.563968 0.533170
v -1.746289 3.592286 1.653577
v 1.418880 4.440332 -0.556491
v 1.994814 3.349917 -0.804125
v 1.445313 3.376481 -0.921382
v 1.968381 4.413768 -0.439235
v 2.544315 3.323352 -0.686869
v 2.517882 4.387204 -0.321979
v 1.551595 4.089391 -1.257946
v 1.862098 3.700858 -0.102671
v 1.312597 3.727423 -0.219927
v 2.101096 4.062827 -1.140689
v 2.411600 3.674294 0.014585
v 2.650597 4.036263 -1.023433
v -1.605372 4.104811 -0.103376
v -1.266124 3.577309 -1.193642
v -1.237548 3.250741 -0.736538
v -1.633948 4.431377 -0.560479
v -1.294699 3.903875 -1.650746
v -1.662523 4.757944 -1.017583
v -1.952276 3.512241 -0.505036
v -0.919220 4.169878 -0.791982
v -0.890644 3.843311 -0.334878
v -1.980852 3.838808 -0.962140
v -0.947795 4.496445 -1.249086
v -2.009427 4.165375 -1.419243
v 1.062835 4.077044 1.466620
v 0.979200 2.843074 1.695423
v 1.097131 2.993395 1.166366
v 0.944905 3.926723 1.995677
v 0.861270 2.692752 2.224481
v 0.826974 3.776401 2.524735
v 1.629714 3.519873 1.434672
v 0.412322 3.400245 1.727372
v 0.530252 3.550566 1.198314
v 1.511784 3.369552 1.963729
v 0.294391 3.249923 2.256429
v 1.393853 3.219230 2.492787
v -0.267934 5.026711 -0.122575
v -1.079944 4.103964 -0.389422
v -0.756630 4.030921 0.065044
v -0.591247 5.099755 -0.577040
v -1.403257 4.177008 -0.843888
v -0.914561 5.172798 -1.031506
v -0.902370 4.780155 0.289144
v -0.445508 4.350522 -0.801141
v -0.122195 4.277478 -0.346675
v -1.225683 4.853198 -0.165321
v -0.768821 4.423564 -1.255607
v -1.548997 4.926241 -0.619787
v 0.804007 4.952177 0.262975
v 1.309499 3.960209 0.848217
v 1.108908 3.871375 0.330261
v 1.004598 5.041011 0.780930
v 1.510091 4.049043 1.366171
v 1.205190 5.129844 1.298885
v 1.459376 4.540156 0.079831
v 0.654130 4.372230 1.031361
v 0.453538 4.283396 0.513406
v 1.659968 4.628990 0.597786
v 0.854721 4.461063 1.549316
v 1.860560 4.717824 1.115741
v 1.831943 1.475734 -0.915348
v 1.373599 2.616166 -0.872538
v 1.314757 2.310253 -0.419268
v 1.890785 1.781648 -1.368618
v 1.432441 2.922080 -1.325808
v 1.949627 2.087561 -1.821889
v 2.055187 2.079570 -0.478835
v 1.150355 2.012330 -1.309050
v 1.091513 1.706416 -0.855780
v 2.114029 2.385484 -0.932106
v 1.209197 2.318244 -1.762321
v 2.172871 2.691398 -1.385376
v -1.372380 1.993944 -1.389436
v -1.408881 2.871691 -0.528782
v -0.909863 2.706827 -0.690956
v -1.871398 2.158809 -1.227262
v -1.907899 3.036556 -0.366608
v -2.370416 2.323673 -1.065088
v -1.141537 2.735442 -1.432918
v -1.639724 2.130193 -0.485300
v -1.140706 1.965329 -0.647474
v -1.640555 2.900307 -1.270744
v -2.138743 2.295057 -0.323126
v -2.139573 3.065171 -1.108570
v -0.966212 3.177503 1.611855
v 0.027842 3.782546 1.214013
v -0.247768 3.489026 0.839332
v -0.690603 3.471023 1.986534
v 0.303451 4.076066 1.588692
v -0.414993 3.764543 2.361215
v -0.919238 3.771538 1.111940
v -0.019133 3.188511 1.713927
v -0.294743 2.894990 1.339247
v -0.643628 4.065059 1.486619
v 0.256476 3.482031 2.088607
v -0.368018 4.358579 1.861299
v 1.871900 3.800679 -1.088454
v 0.877737 4.462688 -0.795394
v 1.018222 4.061973 -0.445835
v 1.731415 4.201394 -1.438013
v 0.737253 4.863403 -1.144953
v 1.590930 4.602109 -1.787571
v 1.762192 4.284679 -0.489532
v 0.987445 3.978688 -1.394316
v 1.127929 3.577973 -1.044757
v 1.621708 4.685394 -0.839091
v 0.846960 4.379403 -1.743875
v 1.481223 5.086110 -1.188650
v -1.942659 3.437966 -0.422602
v -1.180656 4.345090 -0.092488
v -0.967818 3.947322 -0.407099
v -2.155497 3.835734 -0.107990
v -1.393494 4.742858 0.222124
v -2.368335 4.233502 0.206621
v -1.595314 3.974458 -0.865915
v -1.528001 3.808597 0.350825
v -1.315163 3.410829 0.036214
v -1.808152 4.372226 -0.551304
v -1.740839 4.206366 0.665437
v -2.020990 4.769994 -0.236692
v 1.399983 3.220287 1.659570
v 1.227632 4.218643 0.962377
v 0.798898 3.878119 1.014627
v 1.828717 3.560811 1.607320
v 1.656367 4.559167 0.910127
v 2.257452 3.901335 1.555071
v 0.931034 3.829127 1.779570
v 1.696581 3.609803 0.842376
v 1.267847 3.269279 0.894626
v 1.359768 4.169651 1.727320
v 2.125316 3.950327 0.790127
v 1.788502 4.510175 1.675071
v -1.073272 4.552992 -0.006025
v 0.040361 4.980007 0.293938
v 0.025860 4.550779 -0.049651
v -1.058770 4.982219 0.337564
v 0.054863 5.409234 0.637526
v -1.044268 5.411447 0.681153
v -0.540038 4.895779 -0.456756
v -0.492872 4.637220 0.744669
v -0.507374 4.207993 0.401080
v -0.525536 5.325006 -0.113167
v -0.478371 5.066448 1.088258
v -0.511035 5.754233 0.230422
v 1.468306 4.337413 0.509741
v 0.694434 4.837520 -0.304823
v 0.470597 4.518760 0.083492
v 1.692144 4.656173 0.121426
v 0.918272 5.156279 -0.693138
v 1.915982 4.974933 -0.266889
v 0.909950 4.867029 0.622637
v 1.252791 4.307904 -0.417718
v 1.028953 3.989145 -0.029403
v 1.133788 5.185789 0.234321
v 1.476628 4.626664 -0.806033
v 1.357625 5.504548 -0.153994
v 1.645409 2.299052 -0.972069
v 2.085984 1.462553 -0.252837
v 1.573025 1.417452 -0.383471
v 2.158368 2.344153 -0.841435
v 2.598943 1.507654 -0.122204
v 2.671327 2.389254 -0.710801
v 1.742594 1.565187 -1.100321
v 1.988799 2.196419 -0.124585
v 1.475840 2.151318 -0.255219
v 2.255553 1.610287 -0.969687
v 2.501759 2.241520 0.006049
v 2.768512 1.655388 -0.839053
v -1.178553 2.875600 -1.205149
v -1.350269 1.717681 -1.407308
v -1.176624 1.851165 -0.923308
v -1.352198 2.742116 -1.689149
v -1.523914 1.584197 -1.891308
v -1.525843 2.608632 -2.173149
v -1.679657 2.408566 -0.896562
v -0.849165 2.184716 -1.715895
v -0.675520 2.318200 -1.231895
v -1.853302 2.275081 -1.380562
v -1.022810 2.051232 -2.199895
v -2.026947 2.141597 -1.864562
v -0.366880 3.818434 1.324600
v -1.373831 3.202395 1.191638
v -0.921319 2.924623 1.174251
v -0.819391 4.096206 1.341986
v -1.826342 3.480168 1.209025
v -1.271903 4.373979 1.359373
v -0.668780 3.298423 1.775042
v -1.071931 3.722406 0.741196
v -0.619420 3.444633 0.723809
v -1.121291 3.576196 1.792429
v -1.524442 4.000179 0.758582
v -1.573802 3.853969 1.809816
v 1.366421 4.457904 -0.662607
v 2.111749 3.563194 -0.897366
v 1.592786 3.456658 -0.936779
v 1.885384 4.564441 -0.623195
v 2.630713 3.669730 -0.857953
v 2.404348 4.670978 -0.583782
v 1.489253 4.099593 -1.311436
v 1.988917 3.921506 -0.248538
v 1.469954 3.814969 -0.287950
v 2.008216 4.206130 -1.272023
v 2.507881 4.028042 -0.209125
v 2.527180 4.312666 -1.232610
v -1.529183 4.207803 -0.231605
v -1.738435 3.371333 -1.048712
v -1.478938 3.216868 -0.611644
v -1.788680 4.362267 -0.668673
v -1.997931 3.525798 -1.485780
v -2.048176 4.516733 -1.105741
v -1.966940 3.598849 -0.186911
v -1.300678 3.980287 -1.093406
v -1.041182 3.825822 -0.656337
v -2.226436 3.753314 -0.623979
v -1.560175 4.134752 -1.530474
v -2.485933 3.907779 -1.061047
v 1.063944 4.083228 1.469309
v 1.212896 2.953832 1.806072
v 1.179047 3.043447 1.283530
v 1.097793 3.993612 1.991851
v 1.246745 2.864216 2.328614
v 1.131641 3.903996 2.514393
v 1.648533 3.625864 1.353004
v 0.628307 3.411195 1.922378
v 0.594459 3.500811 1.399836
v 1.682382 3.536248 1.875545
v 0.662156 3.321579 2.444920
v 1.716230 3.446632 2.398087
v -0.467993 4.954877 0.336927
v -0.651788 4.591342 -0.778955
v -0.618916 4.212459 -0.408018
v -0.500865 5.333758 -0.034010
v -0.684661 4.970224 -1.149892
v -0.533738 5.712641 -0.404947
v -1.068288 4.613310 0.041242
v -0.051492 4.932909 -0.483271
v -0.018620 4.554027 -0.112334
v -1.101161 4.992192 -0.329694
v -0.084365 5.311790 -0.854208
v -1.134034 5.371074 -0.700631
v 0.955223 4.861942 -0.030652
v 1.115850 4.375848 1.041283
v 1.021381 4.040616 0.640133
v 1.049693 5.197174 0.370498
v 1.210320 4.711081 1.442432
v 1.144163 5.532406 0.771648
v 1.510037 4.416616 0.210841
v 0.561037 4.821175 0.799790
v 0.466567 4.485942 0.398640
v 1.604507 4.751848 0.611990
v 0.655506 5.156407 1.200940
v 1.698976 5.087080 1.013140
v 2.017441 1.763513 -0.389357
v 1.514200 1.758407 -1.434454
v 1.216770 1.902042 -1.034447
v 2.314871 1.619879 -0.789364
v 1.811630 1.614772 -1.834462
v 2.612300 1.476244 -1.189372
v 1.759823 2.326410 -0.783036
v 1.771817 1.195511 -1.040775
v 1.474387 1.339145 -0.640768
v 2.057253 2.182775 -1.183043
v 2.069247 1.051876 -1.440783
v 2.354683 2.039140 -1.583051
v -1.463710 1.972479 -1.237806
v -1.398453 3.088301 -0.927661
v -0.966439 2.806504 -0.872389
v -1.895725 2.254277 -1.293077
v -1.830468 3.370098 -0.982932
v -2.327740 2.536073 -1.348348
v -1.071391 2.515160 -1.537450
v -1.790772 2.545621 -0.628016
v -1.358757 2.263824 -0.572745
v -1.503406 2.796957 -1.592721
v -2.222787 2.827417 -0.683287
v -1.935421 3.078753 -1.647992
v -0.938392 3.154994 1.628671
v -0.280733 4.036228 1.259326
v -0.352323 3.644800 0.926520
v -0.866803 3.546422 1.961478
v -0.209144 4.427657 1.592133
v -0.795213 3.937850 2.294285
v -1.067384 3.636345 1.090281
v -0.151741 3.554878 1.797717
v -0.223331 3.163449 1.464911
v -0.995795 4.027773 1.423087
v -0.080151 3.946306 2.130524
v -0.924205 4.419201 1.755893
v 1.986462 3.844713 -0.727460
v 1.162826 4.388636 -1.336786
v 1.004014 4.110711 -0.928573
v 2.145274 4.122638 -1.135673
v 1.321638 4.666561 -1.744999
v 2.304086 4.400564 -1.543885
v 1.546023 4.395050 -0.524122
v 1.603265 3.838300 -1.540123
v 1.444453 3.560375 -1.131911
v 1.704835 4.672975 -0.932335
v 1.762077 4.116226 -1.948336
v 1.863647 4.950900 -1.340547
v -1.930656 3.393473 -0.459323
v -1.474805 4.436154 -0.234545
v -1.142876 4.063452 -0.376029
v -2.262585 3.766176 -0.317839
v -1.806733 4.808856 -0.093061
v -2.594513 4.138878 -0.176355
v -1.598209 3.862540 -0.915018
v -1.807252 3.967087 0.221150
v -1.475322 3.594385 0.079666
v -1.930138 4.235243 -0.773534
v -2.139180 4.339789 0.362634
v -2.262067 4.607945 -0.632050
v 1.277705 3.192006 1.717707
v 1.413916 4.236841 1.232657
v 1.002413 3.961272 1.078294
v 1.689208 3.467575 1.872071
v 1.825420 4.512410 1.387021
v 2.100711 3.743144 2.026435
v 0.855770 3.789291 1.776234
v 1.835850 3.639556 1.174131
v 1.424347 3.363987 1.019767
v 1.267274 4.064859 1.930598
v 2.247354 3.915125 1.328494
v 1.678777 4.340428 2.084962
v -0.988312 4.509420 -0.307849
v -0.357562 5.108556 0.459417
v -0.126450 4.700799 0.237104
v -1.219424 4.917177 -0.085535
v -0.588674 5.516312 0.681730
v -1.450536 5.324933 0.136778
v -0.384213 4.911180 -0.416731
v -0.961661 4.706796 0.568300
v -0.730549 4.299039 0.345987
v -0.615325 5.318937 -0.194418
v -1.192773 5.114552 0.790613
v -0.846437 5.726693 0.027895
v 1.260738 4.380816 0.747426
v 1.136150 4.844419 -0.308536
v 0.743973 4.552105 -0.135761
v 1.652915 4.673130 0.574650
v 1.528327 5.136732 -0.481312
v 2.045092 4.965442 0.401874
v 0.782044 4.886365 0.516178
v 1.614843 4.338870 -0.077288
v 1.222666 4.046557 0.095488
v 1.174222 5.178678 0.343402
v 2.007020 4.631183 -0.250064
v 1.566399 5.470991 0.170626
v 0.782456 2.091036 -0.422344
v 0.729632 1.894342 0.818845
v 0.461805 1.521765 0.493482
v 1.050283 2.463613 -0.096980
v 0.997459 2.266918 1.144209
v 1.318110 2.836190 0.228383
v 1.090073 1.495635 0.006237
v 0.422015 2.489743 0.390265
v 0.154188 2.117166 0.064901
v 1.357900 1.868212 0.331600
v 0.689842 2.862319 0.715628
v 1.625727 2.240788 0.656964
v -0.408494 2.498338 -0.273799
v 0.589243 1.925663 -0.782320
v 0.314929 1.643408 -0.380462
v -0.134180 2.780592 -0.675658
v 0.863556 2.207917 -1.184179
v 0.140133 3.062847 -1.077516
v -0.378931 1.838468 -0.717094
v 0.559680 2.585531 -0.339026
v 0.285367 2.303277 0.062833
v -0.104618 2.120723 -1.118952
v 0.833993 2.867786 -0.740885
v 0.169696 2.402978 -1.520811
v 0.064696 2.990720 0.278367
v -0.779344 2.096653 0.013281
v -0.283050 1.922816 0.212979
v -0.431597 3.164558 0.078669
v -1.275637 2.270491 -0.186416
v -0.927891 3.338396 -0.121028
v -0.308843 2.489650 0.770514
v -0.405804 2.597723 -0.478865
v 0.090490 2.423886 -0.279168
v -0.805137 2.663488 0.570816
v -0.902098 2.771561 -0.678563
v -1.301430 2.837325 0.371119
v 0.535874 3.462201 -0.046865
v 1.144340 2.361970 -0.082767
v 0.629129 2.371981 -0.308297
v 1.051085 3.452190 0.178665
v 1.659551 2.351959 0.142763
v 1.566295 3.442179 0.404194
v 0.803385 3.055513 -0.676034
v 0.876828 2.768658 0.546402
v 0.361618 2.778670 0.320872
v 1.318596 3.045502 -0.450505
v 1.392039 2.758647 0.771932
v 1.833807 3.035491 -0.224975
v -0.430898 3.455409 0.231007
v -0.158000 2.952441 -0.889073
v -0.104647 2.615117 -0.442115
v -0.484251 3.792733 -0.215952
v -0.211352 3.289766 -1.336031
v -0.537604 4.130058 -0.662910
v -0.803449 2.873722 -0.163528
v 0.214551 3.534129 -0.494538
v 0.267904 3.196804 -0.047580
v -0.856802 3.211046 -0.610486
v 0.161198 3.871453 -0.941497
v -0.910155 3.548370 -1.057445
v 0.466660 3.620297 0.559384
v 0.278918 2.396132 0.778936
v 0.388164 2.542424 0.246893
v 0.357414 3.474005 1.091427
v 0.169673 2.249841 1.310979
v 0.248168 3.327714 1.623471
v 0.977804 3.013892 0.497600
v -0.232225 3.002537 0.840719
v -0.122979 3.148828 0.308676
v 0.868558 2.867601 1.029644
v -0.341471 2.856246 1.372763
v 0.759312 2.721309 1.561687
v 0.195227 4.213475 0.015805
v -0.532555 3.243638 -0.318531
v -0.209241 3.170595 0.135935
v -0.128086 4.286518 -0.438660
v -0.855868 3.316682 -0.772996
v -0.451399 4.359561 -0.893126
v -0.420499 3.889952 0.401844
v 0.083172 3.567161 -0.704569
v 0.406485 3.494118 -0.250104
v -0.743812 3.962995 -0.052622
v -0.240142 3.640204 -1.159035
v -1.067126 4.036039 -0.507087
v 0.354210 4.358644 0.113384
v 0.752894 3.345759 0.743577
v 0.552302 3.256925 0.225622
v 0.554802 4.447479 0.631339
v 0.953486 3.434593 1.261532
v 0.755393 4.536313 1.149294
v 0.969356 3.878975 -0.042580
v 0.137748 3.825428 0.899541
v -0.062843 3.736594 0.381586
v 1.169947 3.967809 0.475375
v 0.338340 3.914262 1.417496
v 1.370539 4.056643 0.993330
v 1.224734 1.549083 -0.310439
v 0.516649 2.553439 -0.359266
v 0.423797 2.207062 0.057749
v 1.317586 1.895460 -0.727454
v 0.609501 2.899814 -0.776281
v 1.410438 2.241836 -1.144469
v 1.189647 2.150633 0.181401
v 0.551736 1.951889 -0.851106
v 0.458885 1.605512 -0.434091
v 1.282498 2.497009 -0.235614
v 0.644588 2.298265 -1.268121
v 1.375350 2.843385 -0.652630
v -0.516924 1.957705 -0.901709
v -0.597875 2.634375 0.122040
v -0.104301 2.420875 0.006704
v -1.010498 2.171205 -0.786373
v -1.091449 2.847875 0.237376
v -1.504071 2.384705 -0.671037
v -0.182861 2.640162 -0.735415
v -0.931937 1.951918 -0.044254
v -0.438364 1.738418 -0.159590
v -0.676435 2.853662 -0.620079
v -1.425511 2.165418 0.071082
v -1.170009 3.067162 -0.504743
v -0.620736 2.643342 0.784529
v 0.513507 3.042522 0.526371
v 0.269372 2.731280 0.144238
v -0.376601 2.954585 1.166663
v 0.757642 3.353765 0.908504
v -0.132466 3.265827 1.548796
v -0.387400 3.138637 0.232046
v 0.280171 2.547228 1.078854
v 0.036036 2.235986 0.696720
v -0.143265 3.449879 0.614180
v 0.524306 2.858470 1.460987
v 0.100871 3.761122 0.996313
v 1.230923 3.114514 -0.561568
v 0.128618 3.642691 -0.425730
v 0.253551 3.239900 -0.072671
v 1.105991 3.517305 -0.914628
v 0.003686 4.045482 -0.778790
v 0.981058 3.920096 -1.267688
v 0.961503 3.546435 0.026528
v 0.398039 3.210771 -1.013826
v 0.522972 2.807980 -0.660767
v 0.836570 3.949226 -0.326532
v 0.273106 3.613562 -1.366886
v 0.711638 4.352016 -0.679592
v -1.042165 3.028951 -0.141893
v -0.155348 3.799718 0.221387
v -0.004174 3.392100 -0.115501
v -1.193339 3.436568 0.194995
v -0.306522 4.207336 0.558275
v -1.344513 3.844187 0.531883
v -0.624608 3.532049 -0.563245
v -0.572904 3.296619 0.642739
v -0.421730 2.889001 0.305851
v -0.775782 3.939667 -0.226357
v -0.724078 3.704238 0.979627
v -0.926957 4.347286 0.110531
v 0.880443 2.907749 0.954151
v 0.728596 3.835749 0.161525
v 0.302982 3.492917 0.223319
v 1.306057 3.250581 0.892357
v 1.154210 4.178581 0.099731
v 1.731671 3.593413 0.830563
v 0.396810 3.515548 0.995124
v 1.212229 3.227950 0.120552
v 0.786615 2.885118 0.182346
v 0.822424 3.858380 0.933330
v 1.637843 3.570782 0.058758
v 1.248038 4.201212 0.871536
v -0.662185 3.924589 0.045226
v 0.448842 4.279722 0.435095
v 0.434340 3.850495 0.091506
v -0.647683 4.353817 0.388814
v 0.463344 4.708950 0.778684
v -0.633181 4.783044 0.732403
v -0.072719 4.229435 -0.360482
v -0.140623 3.974876 0.840803
v -0.155125 3.545649 0.497215
v -0.058218 4.658663 -0.016894
v -0.126121 4.404104 1.184392
v -0.043716 5.087890 0.326695
v 1.056823 3.903092 0.429655
v 0.300856 4.310441 -0.450730
v 0.077018 3.991681 -0.062415
v 1.280660 4.221852 0.041340
v 0.524693 4.629200 -0.839045
v 1.504498 4.540611 -0.346975
v 0.455600 4.393402 0.485577
v 0.902078 3.820130 -0.506651
v 0.678240 3.501370 -0.118336
v 0.679438 4.712162 0.097261
v 1.125916 4.138890 -0.894966
v 0.903275 5.030921 -0.291054
v 1.232829 2.296807 -0.620030
v 1.626340 1.525179 0.192909
v 1.132138 1.449616 0.013242
v 1.727032 2.372370 -0.440363
v 2.120543 1.600742 0.372576
v 2.221235 2.447933 -0.260696
v 1.370779 1.561629 -0.690289
v 1.488390 2.260357 0.263168
v 0.994187 2.184793 0.083501
v 1.864982 1.637192 -0.510622
v 1.982593 2.335920 0.442835
v 2.359185 1.712756 -0.330955
v -0.689227 2.770698 -0.798510
v -0.814257 1.626389 -1.091861
v -0.644784 1.728094 -0.598747
v -0.858699 2.668993 -1.291624
v -0.983730 1.524684 -1.584975
v -1.028172 2.567289 -1.784738
v -1.170008 2.260633 -0.528075
v -0.333476 2.136454 -1.362296
v -0.164003 2.238159 -0.869182
v -1.339481 2.158928 -1.021189
v -0.502948 2.034750 -1.855410
v -1.508953 2.057224 -1.514303
v -0.147426 3.425605 0.858397
v -1.141057 2.855019 0.544932
v -0.701748 2.559749 0.590210
v -0.586735 3.720876 0.813118
v -1.580365 3.150289 0.499653
v -1.026043 4.016146 0.767839
v -0.536015 2.905413 1.236353
v -0.752468 3.375211 0.166975
v -0.313160 3.079941 0.212253
v -0.975324 3.200683 1.191075
v -1.191776 3.670481 0.121696
v -1.414632 3.495953 1.145796
v 0.903196 4.027757 -0.395732
v 1.693193 3.147046 -0.502432
v 1.182682 3.018123 -0.573027
v 1.413707 4.156679 -0.325137
v 2.203704 3.275968 -0.431837
v 1.924219 4.285602 -0.254542
v 1.088509 3.626696 -1.003402
v 1.507881 3.548106 0.105238
v 0.997370 3.419183 0.034643
v 1.599020 3.755619 -0.932807
v 2.018392 3.677028 0.175833
v 2.109531 3.884542 -0.862212
v -0.958730 3.900569 -0.116888
v -1.069628 3.106884 -0.993755
v -0.834524 2.937635 -0.548438
v -1.193834 4.069818 -0.562205
v -1.304731 3.276133 -1.439072
v -1.428938 4.239067 -1.007522
v -1.368957 3.271554 -0.139375
v -0.659401 3.735900 -0.971267
v -0.424297 3.566651 -0.525950
v -1.604061 3.440803 -0.584693
v -0.894504 3.905149 -1.416584
v -1.839164 3.610051 -1.030010
v 0.798180 3.867351 0.998041
v 0.845730 2.733166 1.348034
v 0.805661 2.819015 0.825299
v 0.838248 3.781503 1.520775
v 0.885798 2.647319 1.870768
v 0.878316 3.695655 2.043509
v 1.331644 3.353378 0.872740
v 0.312265 3.247140 1.473334
v 0.272197 3.332988 0.950600
v 1.371712 3.267530 1.395475
v 0.352334 3.161292 1.996068
v 1.411780 3.181682 1.918209
v -0.266943 4.539790 0.395154
v -0.340192 4.174124 -0.732700
v -0.307319 3.795242 -0.361763
v -0.299816 4.918672 0.024217
v -0.373065 4.553006 -1.103637
v -0.332689 5.297554 -0.346720
v -0.816978 4.158193 0.054129
v 0.209843 4.555721 -0.391675
v 0.242716 4.176838 -0.020738
v -0.849851 4.537075 -0.316808
v 0.176970 4.934603 -0.762612
v -0.882724 4.915957 -0.687745
v 0.756739 4.555458 -0.102391
v 0.807931 4.081110 0.985499
v 0.713462 3.745877 0.584349
v 0.851209 4.890690 0.298759
v 0.902401 4.416342 1.386649
v 0.945678 5.225922 0.699908
v 1.257435 4.073268 0.182651
v 0.307236 4.563300 0.700456
v 0.212766 4.228067 0.299306
v 1.351905 4.408501 0.583801
v 0.401705 4.898532 1.101606
v 1.446374 4.743733 0.984951
v 1.779169 1.852505 -0.098882
v 1.356191 1.747024 -1.173810
v 1.015525 1.865836 -0.801074
v 2.119835 1.733693 -0.471617
v 1.696857 1.628211 -1.546544
v 2.460502 1.614881 -0.844352
v 1.482549 2.364087 -0.533052
v 1.652810 1.235443 -0.739640
v 1.312144 1.354255 -0.366904
v 1.823216 2.245275 -0.905787
v 1.993477 1.116630 -1.112375
v 2.163882 2.126463 -1.278522
v -1.131549 1.874370 -1.076331
v -1.110099 2.959998 -0.668339
v -0.678908 2.679076 -0.603077
v -1.562739 2.155292 -1.141593
v -1.541289 3.240920 -0.733601
v -1.993930 2.436213 -1.206855
v -0.726468 2.444937 -1.296705
v -1.515179 2.389431 -0.447965
v -1.083989 2.108509 -0.382703
v -1.157658 2.725859 -1.361967
v -1.946370 2.670352 -0.513227
v -1.588849 3.006781 -1.427229
v -0.848514 3.001765 1.286865
v -0.068288 3.796568 0.962762
v -0.135888 3.393880 0.642803
v -0.780914 3.404453 1.606824
v -0.000688 4.199255 1.282722
v -0.713313 3.807141 1.926784
v -0.863109 3.459558 0.713789
v -0.053693 3.338775 1.535838
v -0.121293 2.936087 1.215879
v -0.795509 3.862245 1.033749
v 0.013907 3.741463 1.855797
v -0.727908 4.264933 1.353708
v 1.738595 3.664517 -0.416771
v 0.951388 4.105820 -1.145513
v 0.769758 3.815593 -0.755795
v 1.920225 3.954744 -0.806489
v 1.133019 4.396046 -1.535232
v 2.101855 4.244970 -1.196208
v 1.216088 4.163333 -0.288816
v 1.473895 3.607004 -1.273468
v 1.292265 3.316778 -0.883749
v 1.397718 4.453560 -0.678535
v 1.655525 3.897230 -1.663187
v 1.579349 4.743786 -1.068253
v -1.557368 3.253391 -0.522322
v -1.087908 4.250986 -0.161882
v -0.757637 3.871114 -0.287261
v -1.887639 3.633263 -0.396943
v -1.418179 4.630858 -0.036502
v -2.217909 4.013134 -0.271563
v -1.146087 3.733726 -0.894248
v -1.499189 3.770651 0.210045
v -1.168918 3.390779 0.084665
v -1.476358 4.113597 -0.768869
v -1.829459 4.150523 0.335424
v -1.806629 4.493469 -0.643490
v 1.061816 3.089118 1.472868
v 1.253719 4.083898 0.907985
v 0.842056 3.806878 0.756676
v 1.473479 3.366138 1.624178
v 1.665382 4.360919 1.059294
v 1.885142 3.643159 1.775487
v 0.656029 3.700122 1.458245
v 1.659506 3.472895 0.922608
v 1.247843 3.195874 0.771299
v 1.067692 3.977143 1.609555
v 2.071170 3.749915 1.073918
v 1.479355 4.254162 1.760864
v -0.815304 4.292177 -0.309742
v -0.225477 4.826279 0.534265
v 0.005635 4.418522 0.311952
v -1.046416 4.699934 -0.087428
v -0.456589 5.234035 0.756578
v -1.277528 5.107690 0.134885
v -0.187570 4.669746 -0.349683
v -0.853211 4.448710 0.574207
v -0.622099 4.040953 0.351894
v -0.418683 5.077503 -0.127370
v -1.084322 4.856467 0.796520
v -0.649794 5.485259 0.094943
v 1.086133 4.244214 0.724806
v 1.010434 4.619094 -0.370293
v 0.618257 4.326781 -0.197517
v 1.478310 4.536527 0.552030
v 1.402611 4.911407 -0.543069
v 1.870488 4.828840 0.379254
v 0.606083 4.712053 0.426678
v 1.490484 4.151254 -0.072166
v 1.098307 3.858941 0.100610
v 0.998260 5.004366 0.253902
v 1.882662 4.443567 -0.244941
v 1.390437 5.296679 0.081126
vn 0.3896 0.6647 0.6375
vn 0.8440 0.5216 0.1245
vn 0.5117 0.7394 0.4376
vn 0.6118 0.5887 -0.5283
vn 0.7694 0.6384 -0.0225
vn -0.1974 0.8915 -0.4077
vn 0.3569 0.7777 -0.5175
vn -0.2099 0.9419 0.2623
vn -0.1446 0.9827 -0.1158
vn 0.0061 0.4469 0.8946
vn 0.2322 -0.0166 0.9725
vn -0.4115 0.4191 0.8093
vn -0.5190 0.0831 0.8507
vn -0.8567 0.2801 0.4331
vn -0.4979 -0.2150 0.8402
vn 0.1682 -0.3686 0.9143
vn -0.8791 0.0606 0.4727
vn -0.9870 0.0487 -0.1531
vn -0.5093 -0.1336 0.8501
vn 0.1911 -0.2462 0.9502
vn -0.9676 0.0954 -0.2339
vn -0.7028 -0.1785 -0.6887
vn -0.8839 -0.0530 0.4647
vn -0.5033 0.2605 0.8239
vn 0.1612 0.0901 0.9828
vn 0.4792 0.2502 0.8413
vn -0.7427 0.2033 0.6380
vn 0.4547 -0.0142 0.8905
vn -0.7091 0.1368 -0.6917
vn -0.1572 -0.2991 -0.9412
vn -0.9544 0.2268 -0.1944
vn -0.8832 0.0561 0.4656
vn -0.9549 0.2242 -0.1949
vn -0.9044 0.1911 0.3814
vn -0.9606 0.0802 -0.2662
vn -0.6357 0.3991 -0.6608
vn -0.0777 0.0304 -0.9965
vn 0.4347 -0.2771 -0.8569
vn -0.0666 0.3689 -0.9271
vn 0.4376 0.0679 -0.8966
vn 0.8843 -0.1144 -0.4527
vn -0.6755 0.2884 -0.6786
vn -0.0656 0.2955 -0.9531
vn 0.9229 -0.0168 -0.3846
vn 0.9805 0.1326 0.1449
vn 0.4526 0.3250 -0.8304
vn 0.9894 -0.0551 0.1346
vn 0.6745 0.3425 0.6541
vn 0.9079 0.0629 -0.4144
vn 0.6528 0.0108 0.7575
vn 0.6231 -0.3213 0.7131
vn 0.9770 -0.1643 0.1363
vn 0.6353 -0.2695 0.7237
vn 0.9127 0.0049 -0.4087
vn 0.6140 0.1434 0.7761
vn 0.9778 -0.1573 0.1386
vn 0.4607 0.1555 -0.8738
vn 0.9275 -0.1106 -0.3570
vn 0.9687 -0.0492 0.2431
vn 0.9968 0.0348 0.0726
vn 0.2364 -0.2359 -0.9426
vn 0.9955 0.0570 0.0759
vn -0.0566 -0.1488 -0.9873
vn 0.5077 -0.1519 -0.8480
vn 0.9975 0.0180 0.0680
vn 0.4265 -0.2468 0.8702
vn -0.6453 -0.0102 -0.7639
vn -0.7543 -0.1287 -0.6438
vn 0.2586 0.1632 -0.9521
vn -0.7660 0.0272 -0.6422
vn 0.9909 -0.0972 0.0932
vn 0.4240 -0.0927 0.9009
vn -0.7777 -0.1006 0.6206
vn 0.2584 0.3411 -0.9038
vn -0.7527 0.2076 -0.6248
vn -0.7657 -0.1859 0.6157
vn 0.9690 -0.2184 0.1157
vn 0.4602 0.1658 0.8722
vn 0.2878 -0.0144 -0.9576
vn -0.7311 0.1629 -0.6626
vn -0.7842 0.1541 0.6011
vn 0.2049 -0.3865 -0.8992
vn -0.7474 0.0468 -0.6627
vn -0.6852 0.4791 0.5486
vn 0.9350 0.0929 0.3424
vn 0.7357 0.4866 0.4712
vn -0.7432 0.2012 0.6381
vn 0.2328 -0.1460 0.9615
vn 0.7634 0.4981 0.4112
vn -0.9273 -0.3741 -0.0106
vn -0.9280 -0.0478 -0.3694
vn -0.9607 -0.0215 -0.2769
vn 0.2166 -0.2100 0.9534
vn 0.7903 0.4989 0.3557
vn -0.8928 -0.4503 0.0084
vn -0.7206 0.0539 -0.6913
vn 0.1836 -0.2665 0.9462
vn 0.8283 0.4727 0.3008
vn -0.8696 -0.4923 0.0375
vn 0.1431 -0.3303 0.9330
vn 0.9194 0.3215 0.2265
vn 0.1035 0.8922 -0.4396
vn 0.1955 0.0759 0.9778
vn 0.2648 0.8269 -0.4961
vn -0.6899 0.0500 -0.7222
vn 0.3502 0.7755 -0.5253
vn -0.6604 0.0440 -0.7496
vn 0.4335 0.7006 -0.5667
vn -0.8414 -0.5358 0.0697
vn 0.4624 0.6766 -0.5730
vn -0.6235 0.0222 -0.7815
vn -0.8632 -0.4887 0.1268
vn 0.4254 0.7778 -0.4627
vn 0.8598 0.3846 0.3359
vn -0.6997 0.2213 -0.6793
vn 0.1888 -0.5271 0.8286
vn 0.4904 0.7107 -0.5044
vn 0.9389 0.2309 0.2552
vn -0.6568 0.1869 -0.7305
vn -0.8120 -0.5834 0.0167
vn 0.1887 -0.5778 0.7941
vn 0.4892 0.8281 -0.2738
vn 0.9324 0.1905 0.3073
vn -0.6871 0.3038 -0.6600
vn -0.8778 -0.4745 0.0657
vn 0.1650 -0.5941 0.7873
vn 0.6167 0.7321 -0.2894
vn 0.8985 0.1128 0.4243
vn 0.6728 0.6701 -0.3136
vn -0.5936 0.3625 -0.7185
vn -0.7145 0.4945 -0.4950
vn -0.8771 -0.4790 -0.0352
vn 0.1841 -0.8495 0.4945
vn -0.9074 -0.4069 -0.1052
vn -0.9245 -0.3633 -0.1154
vn -0.0203 -0.6474 0.7619
vn 0.0972 -0.5775 0.8106
vn -0.7940 0.0907 -0.6012
vn -0.6892 0.6761 -0.2607
vn 0.9413 0.0336 0.3359
vn 0.3389 -0.5166 -0.7863
vn -0.7107 0.6704 -0.2130
vn 0.1173 0.3168 0.9412
vn 0.9792 0.1011 -0.1758
vn 0.1148 0.2715 0.9556
vn 0.3909 -0.5545 -0.7347
vn -0.7375 0.6518 -0.1767
vn 0.1294 0.2087 0.9694
vn 0.4443 -0.5821 -0.6810
vn -0.8265 0.5416 -0.1535
vn 0.2237 0.2918 0.9299
vn 0.4455 -0.6435 -0.6224
vn -0.7372 0.6179 -0.2736
vn 0.1652 0.3058 0.9376
vn 0.4696 -0.6893 -0.5516
vn -0.7931 0.5087 -0.3350
vn 0.2163 0.5793 0.7859
vn 0.2110 0.6899 0.6925
vn 0.2895 -0.8437 -0.4521
vn 0.1611 -0.8230 -0.5447
vn -0.2249 -0.2459 0.9429
vn 0.1667 0.4687 0.8675
vn -0.4270 0.2487 -0.8694
vn -0.5798 -0.8106 -0.0819
vn 0.1798 0.4403 0.8797
vn 0.4250 0.5269 -0.7360
vn -0.2489 0.3261 -0.9120
vn 0.4706 0.5779 -0.6668
vn -0.5619 -0.8095 -0.1705
vn -0.0801 0.5211 0.8497
vn 0.5614 0.6051 -0.5645
vn -0.4302 -0.8768 -0.2149
vn 0.0198 0.2993 0.9540
vn 0.4337 0.7598 -0.4844
vn 0.3612 0.8288 -0.4272
vn -0.3950 -0.9088 -0.1340
vn -0.4157 -0.9092 0.0230
vn 0.4521 0.1748 -0.8747
vn 0.1348 0.8626 -0.4875
vn 0.5619 -0.1983 0.8031
vn 0.6789 -0.7261 -0.1087
vn 0.1601 0.8384 -0.5211
vn -0.8166 0.2297 0.5296
vn 0.5469 -0.1637 0.8211
vn -0.8271 0.2404 0.5081
vn 0.6050 -0.7957 -0.0288
vn 0.2474 0.8077 -0.5351
vn -0.8392 0.2539 0.4810
vn -0.8406 0.3005 0.4506
vn 0.6182 -0.7851 -0.0377
vn 0.7055 -0.6937 -0.1448
vn 0.5929 0.0088 0.8052
vn 0.7844 0.5461 0.2942
vn -0.9236 0.2165 -0.3164
vn -0.7514 -0.3846 0.5362
vn 0.7758 0.5339 0.3362
vn 0.5197 0.2363 -0.8210
vn -0.9527 0.3034 -0.0195
vn 0.5237 0.2254 -0.8215
vn 0.5507 0.2414 -0.7991
vn -0.7186 -0.3582 0.5961
vn -0.6563 -0.3099 0.6880
vn 0.1077 -0.3340 -0.9364
vn -0.2576 0.4347 -0.8630
vn 0.9076 -0.0874 0.4106
vn 0.7058 -0.6523 0.2763
vn -0.2413 0.4126 -0.8783
vn -0.7582 0.6144 0.2185
vn 0.8364 0.0622 0.5446
vn -0.7643 0.6086 0.2133
vn -0.7676 0.6166 0.1746
vn 0.7301 -0.6551 0.1942
vn 0.7567 -0.6505 0.0649
vn 0.9769 -0.0584 0.2057
vn 0.5072 -0.4694 -0.7228
vn 0.6270 0.1421 0.7660
vn 0.8919 -0.1275 -0.4338
vn -0.0232 0.0253 -0.9994
vn 0.3994 -0.5978 -0.6951
vn -0.0799 0.0636 -0.9948
vn 0.6334 -0.5592 0.5348
vn 0.3244 -0.6847 -0.6526
vn -0.1371 0.1094 -0.9845
vn 0.3743 0.0107 0.9272
vn 0.4681 0.1372 0.8730
vn 0.9618 0.0515 0.2688
vn 0.5796 -0.6515 0.4895
vn 0.2198 -0.7779 -0.5887
vn -0.2248 0.1584 -0.9615
vn 0.3505 0.0196 0.9364
vn 0.3491 0.6698 0.6554
vn 0.5248 -0.7364 0.4269
vn 0.1916 -0.8132 -0.5496
vn -0.2785 0.1741 -0.9445
vn 0.3283 0.0254 0.9442
vn 0.4316 -0.8234 0.3684
vn 0.0595 -0.8716 -0.4866
vn -0.5173 0.0616 -0.8536
vn 0.3521 0.7000 -0.6213
vn 0.3136 -0.2493 -0.9162
vn 0.1036 0.8105 -0.5764
vn 0.2409 0.7334 0.6357
vn -0.0414 0.8410 -0.5394
vn 0.1445 0.7760 0.6139
vn -0.2112 0.8477 -0.4867
vn 0.2916 0.0261 0.9562
vn -0.3548 0.8239 -0.4418
vn 0.0143 0.7975 0.6031
vn 0.2745 0.0245 0.9613
vn -0.4734 0.7788 -0.4114
vn -0.0975 0.7851 0.6117
vn 0.4308 -0.8389 0.3325
vn -0.3545 0.7711 -0.5288
vn -0.5396 0.0303 -0.8414
vn 0.0870 0.8596 0.5035
vn 0.4834 0.1271 0.8661
vn 0.4985 -0.8109 0.3065
vn -0.2646 0.7542 -0.6009
vn -0.4261 -0.0044 -0.9047
vn 0.2908 0.8987 0.3282
vn 0.5745 0.1620 0.8023
vn -0.1674 -0.9339 -0.3161
vn -0.4938 0.7250 -0.4802
vn -0.7234 -0.0801 -0.6858
vn 0.2038 0.9130 0.3533
vn 0.4798 0.1893 0.8567
vn 0.2987 -0.8267 0.4767
vn -0.1428 -0.9466 -0.2892
vn -0.3925 0.5446 -0.7412
vn -0.7552 -0.0981 -0.6481
vn -0.3315 0.4579 -0.8249
vn 0.5636 0.7778 -0.2782
vn 0.2861 0.9260 0.2462
vn 0.2757 -0.8147 0.5102
vn -0.1547 -0.9554 -0.2515
vn 0.6972 0.2481 0.6726
vn 0.8571 0.2683 0.4398
vn 0.8798 0.2825 0.3821
vn 0.2545 -0.6303 0.7335
vn 0.5252 -0.7685 0.3655
vn -0.3945 -0.8896 0.2302
vn -0.4319 -0.8183 0.3792
vn 0.6599 -0.1895 -0.7271
vn -0.9765 -0.1964 0.0886
vn 0.7901 -0.1615 -0.5913
vn 0.0407 0.2674 0.9627
vn -0.7854 0.4457 0.4295
vn -0.9484 -0.2911 0.1257
vn -0.7395 0.4908 0.4606
vn -0.4901 -0.5929 -0.6389
vn -0.9207 -0.3625 0.1447
vn -0.6860 0.5281 0.5005
vn 0.6775 -0.1855 -0.7118
vn 0.2813 -0.2531 -0.9256
vn -0.3225 -0.2124 -0.9224
vn -0.4142 -0.7130 -0.5658
vn -0.8768 -0.4512 0.1663
vn -0.6177 0.5440 0.5679
vn 0.7003 -0.2186 -0.6795
vn 0.6955 0.2992 -0.6532
vn -0.3472 -0.7877 -0.5089
vn -0.8042 -0.5472 0.2321
vn -0.5001 0.4484 0.7408
vn 0.7033 -0.2511 -0.6651
vn -0.2712 -0.8595 -0.4332
vn -0.6300 -0.6780 0.3789
vn -0.3838 0.3594 0.8506
vn -0.3292 0.9281 -0.1737
vn -0.9985 0.0550 0.0052
vn -0.1451 0.9884 0.0439
vn 0.7473 0.3759 -0.5479
vn -0.0529 0.9850 0.1644
vn 0.7796 0.4355 -0.4500
vn 0.0490 0.9521 0.3019
vn 0.6986 -0.3090 -0.6453
vn 0.1513 0.8797 0.4509
vn 0.8238 0.4636 -0.3263
vn 0.6022 -0.2760 -0.7491
vn 0.1288 0.8800 0.4571
vn 0.7767 0.5189 -0.3570
vn -0.2722 -0.8520 -0.4472
vn -0.0448 0.9259 0.3751
vn -0.4201 0.3530 0.8360
vn 0.5617 0.6557 -0.5045
vn 0.4527 -0.1738 -0.8746
vn -0.2014 -0.8992 -0.3884
vn -0.2015 0.9351 0.2917
vn -0.5651 0.3463 0.7488
vn 0.3972 0.7036 -0.5892
vn 0.4271 -0.1589 -0.8901
vn -0.4335 -0.7560 0.4905
vn -0.1052 0.9174 0.3838
vn -0.5513 0.3384 0.7626
vn 0.4158 0.7069 -0.5722
vn 0.5460 -0.1597 -0.8224
vn 0.0091 -0.9573 -0.2888
vn -0.4003 -0.7715 0.4945
vn 0.1563 0.8018 0.5768
vn -0.2115 0.1846 0.9598
vn 0.2144 0.7453 0.6314
vn 0.3825 0.7342 -0.5609
vn 0.5649 0.7009 -0.4354
vn 0.1277 -0.9654 -0.2275
vn -0.5340 -0.7607 0.3690
vn 0.5867 -0.1520 -0.7954
vn 0.2595 0.0381 -0.9650
vn 0.1468 0.1175 -0.9822
vn -0.3106 -0.8149 -0.4893
vn -0.0265 -0.9255 -0.3778
vn -0.5065 -0.7838 0.3592
vn -0.4741 -0.8069 0.3524
vn -0.5557 0.8013 -0.2215
vn -0.6237 0.2584 0.7377
vn -0.3480 0.5694 0.7448
vn -0.2984 0.9516 0.0737
vn -0.2684 0.7002 0.6616
vn -0.2371 0.9425 0.2356
vn 0.4583 0.0664 -0.8863
vn -0.3399 0.7644 -0.5478
vn 0.0452 0.8927 -0.4485
vn 0.6059 0.4068 -0.6837
vn 0.2182 0.8647 -0.4524
vn 0.5728 0.5568 -0.6016
vn 0.2782 0.8373 0.4707
vn 0.9730 0.0128 0.2303
vn 0.9511 0.3010 -0.0693
vn 0.4644 0.8803 0.0970
vn 0.8834 0.4508 -0.1279
vn 0.5746 0.8181 -0.0221
vn -0.9364 0.3442 -0.0690
vn -0.1043 0.9053 0.4118
vn -0.1464 0.9892 0.0040
vn -0.7280 0.5980 -0.3353
vn -0.2318 0.9616 -0.1466
vn -0.6001 0.7138 -0.3611
vn 0.1985 0.5171 -0.8326
vn -0.0721 -0.5546 -0.8290
vn -0.4030 -0.3025 -0.8638
vn -0.2152 0.4505 -0.8665
vn -0.4670 -0.1399 -0.8731
vn -0.3476 0.3375 -0.8748
vn 0.1462 0.8220 0.5505
vn 0.2428 0.7939 -0.5574
vn -0.1437 0.8923 -0.4279
vn -0.2141 0.9127 0.3481
vn -0.2546 0.9211 -0.2947
vn -0.2988 0.9338 0.1966
vn -0.1862 0.2558 0.9486
vn -0.1602 -0.7919 0.5893
vn 0.2159 -0.6561 0.7231
vn 0.1985 0.0824 0.9766
vn 0.3135 -0.5255 0.7910
vn 0.3023 -0.0579 0.9514
vn 0.1021 0.9649 -0.2419
vn -0.1338 0.6076 0.7829
vn 0.2814 0.6419 0.7133
vn 0.4488 0.8936 -0.0084
vn 0.4127 0.6833 0.6023
vn 0.5185 0.8426 0.1456
vn 0.6043 0.6675 0.4351
vn 0.9666 -0.1738 -0.1885
vn 0.8934 0.1759 -0.4134
vn 0.6378 0.7697 0.0259
vn 0.8412 0.3447 -0.4166
vn 0.6794 0.7206 -0.1385
vn -0.7961 0.4698 0.3815
vn 0.2519 0.7967 0.5494
vn 0.0779 0.9750 0.2080
vn -0.6609 0.7452 0.0887
vn -0.0630 0.9927 0.1024
vn -0.5304 0.8473 0.0270
vn -0.8309 0.5559 -0.0246
vn -0.7971 -0.5118 -0.3204
vn -0.8837 -0.4593 0.0898
vn -0.9077 0.2941 0.2992
vn -0.9097 -0.3486 0.2255
vn -0.9249 0.1281 0.3579
vn 0.5166 0.7854 0.3409
vn -0.5684 0.8157 0.1077
vn -0.4909 0.7070 0.5092
vn 0.2744 0.6854 0.6745
vn -0.3719 0.6755 0.6367
vn 0.1122 0.6618 0.7412
vn 0.8168 0.1190 -0.5645
vn 0.3352 -0.8623 -0.3796
vn 0.1814 -0.6675 -0.7221
vn 0.5211 0.0253 -0.8531
vn 0.1843 -0.5269 -0.8297
vn 0.3993 -0.0885 -0.9125
vn -0.0248 0.9845 0.1734
vn 0.7451 0.4885 -0.4541
vn 0.4075 0.6122 -0.6776
vn -0.1362 0.9623 -0.2354
vn 0.2482 0.6900 -0.6800
vn -0.0957 0.9114 -0.4002
vn -0.8938 0.3429 0.2891
vn -0.5933 -0.7223 0.3554
vn -0.4980 -0.5043 0.7055
vn -0.7100 0.2481 0.6590
vn -0.4999 -0.3498 0.7923
vn -0.6341 0.1262 0.7629
vn 0.2713 0.9261 -0.2621
vn -0.7211 0.6728 0.1656
vn -0.4360 0.7718 0.4629
vn 0.2648 0.9507 0.1614
vn -0.2703 0.8210 0.5028
vn 0.1730 0.9342 0.3120
vn -0.4699 -0.6956 -0.5435
vn -0.9889 0.1417 -0.0455
vn -0.8708 0.2309 -0.4340
vn -0.5064 -0.3547 -0.7860
vn -0.7930 0.1806 -0.5819
vn -0.5618 -0.1912 -0.8049
vn 0.8795 -0.4352 -0.1927
vn -0.0961 -0.8131 -0.5741
vn 0.0899 -0.5437 -0.8345
vn 0.7729 -0.2770 -0.5709
vn 0.2262 -0.4387 -0.8697
vn 0.6585 -0.2702 -0.7024
vn -0.2405 -0.9385 0.2477
vn 0.2239 -0.2229 0.9488
vn -0.1922 -0.2134 0.9579
vn -0.5209 -0.7148 0.4666
vn -0.3447 -0.2743 0.8978
vn -0.5528 -0.5924 0.5861
vn -0.3588 -0.1456 -0.9220
vn -0.3578 -0.9251 -0.1271
vn -0.7073 -0.6945 -0.1316
vn -0.7114 -0.1476 -0.6871
vn -0.8002 -0.5640 -0.2039
vn -0.8024 -0.2180 -0.5556
vn 0.1163 -0.8163 0.5658
vn 0.8381 -0.5033 -0.2104
vn 0.9242 -0.3438 0.1661
vn 0.4182 -0.5624 0.7133
vn 0.8826 -0.3290 0.3357
vn 0.5616 -0.4678 0.6824
vn -0.8544 0.2124 0.4742
vn -0.2228 -0.6743 0.7040
vn -0.1229 -0.3372 0.9334
vn -0.5644 0.2864 0.7743
vn -0.1531 -0.1684 0.9738
vn -0.4326 0.2260 0.8728
vn -0.0511 -0.6641 -0.7459
vn -0.9108 -0.4009 -0.0987
vn -0.8838 -0.1559 -0.4411
vn -0.2777 -0.3408 -0.8982
vn -0.7989 -0.1146 -0.5904
vn -0.4151 -0.2317 -0.8798
vn 0.9648 0.1617 -0.2076
vn 0.3243 -0.5519 -0.7682
vn 0.3190 -0.1631 -0.9336
vn 0.7701 0.3408 -0.5393
vn 0.3756 0.0046 -0.9268
vn 0.6610 0.3232 -0.6772
vn -0.2800 -0.6811 0.6765
vn 0.7019 -0.1680 0.6921
vn 0.4070 0.0385 0.9126
vn -0.2863 -0.3229 0.9021
vn 0.2398 0.0470 0.9697
vn -0.1990 -0.1819 0.9630
vn -0.8796 -0.0986 -0.4655
vn -0.5967 -0.6676 0.4452
vn -0.7894 -0.3019 0.5346
vn -0.9892 0.1002 -0.1070
vn -0.8661 -0.1534 0.4758
vn -0.9925 0.1008 0.0698
vn 0.5594 -0.7537 -0.3449
vn -0.0463 -0.0909 -0.9948
vn 0.3467 0.0535 -0.9364
vn 0.7748 -0.4140 -0.4778
vn 0.5059 0.0318 -0.8620
vn 0.7768 -0.2641 -0.5717
vn 0.2862 -0.2136 0.9341
vn 0.6261 -0.7787 0.0409
vn 0.8808 -0.4538 0.1349
vn 0.6416 -0.0546 0.7651
vn 0.9175 -0.3166 0.2409
vn 0.7661 -0.0641 0.6396
vn -0.5291 -0.5179 0.6722
vn 0.5786 -0.5202 0.6282
vn 0.4264 -0.2150 0.8786
vn -0.3558 -0.2130 0.9100
vn 0.2856 -0.1338 0.9490
vn -0.2094 -0.1325 0.9688
vn -0.8476 0.3501 -0.3988
vn -0.8146 -0.3441 0.4669
vn -0.8092 0.0629 0.5841
vn -0.8325 0.5534 -0.0266
vn -0.8108 0.2338 0.5366
vn -0.8255 0.5440 0.1502
vn 0.5934 -0.7548 -0.2795
vn -0.4122 -0.5720 -0.7091
vn -0.1057 -0.3722 -0.9221
vn 0.6049 -0.5010 -0.6190
vn 0.0670 -0.3358 -0.9396
vn 0.5165 -0.4173 -0.7477
vn 0.6950 0.3066 0.6503
vn 0.8151 -0.5793 -0.0076
vn 0.9568 -0.2226 -0.1873
vn 0.8722 0.4032 0.2770
vn 0.9834 -0.0476 -0.1751
vn 0.9299 0.3482 0.1186
vn -0.1642 0.9185 0.3597
vn -0.2395 0.0029 0.9709
vn 0.1425 0.1695 0.9752
vn 0.1988 0.8138 0.5461
vn 0.2518 0.2958 0.9215
vn 0.2870 0.7043 0.6493
vn 0.2042 0.3824 -0.9011
vn -0.0757 0.9970 -0.0152
vn 0.3384 0.9396 -0.0510
vn 0.5388 0.5090 -0.6713
vn 0.4736 0.8695 -0.1401
vn 0.5999 0.5971 -0.5326
vn 0.7846 0.4594 -0.4163
vn 0.7867 -0.6049 -0.1233
vn 0.6602 -0.5454 -0.5165
vn 0.6577 0.2026 -0.7255
vn 0.6258 -0.4342 -0.6479
vn 0.6243 0.0402 -0.7801
vn -0.5302 0.8463 -0.0513
vn 0.5224 0.7517 -0.4027
vn 0.2410 0.6689 -0.7032
vn -0.4989 0.7343 -0.4604
vn 0.0717 0.6556 -0.7517
vn -0.3962 0.6971 -0.5975
vn 0.3219 0.5826 -0.7463
vn -0.2546 -0.3470 -0.9027
vn -0.4988 -0.0089 -0.8667
vn -0.0951 0.6471 -0.7565
vn -0.5125 0.1649 -0.8427
vn -0.2563 0.5804 -0.7729
vn 0.4026 0.6255 0.6684
vn 0.4543 0.7786 -0.4328
vn 0.1168 0.9590 -0.2581
vn 0.0776 0.8532 0.5158
vn 0.0225 0.9934 -0.1125
vn -0.0019 0.9262 0.3770
vn -0.1308 0.2993 0.9451
vn 0.1052 -0.7445 0.6593
vn 0.4513 -0.5133 0.7300
vn 0.2858 0.2237 0.9318
vn 0.5220 -0.3573 0.7745
vn 0.4171 0.1092 0.9023
vn -0.1647 0.9329 -0.3203
vn -0.1849 0.6353 0.7498
vn 0.1993 0.7574 0.6218
vn 0.2149 0.9676 -0.1329
vn 0.3031 0.8168 0.4908
vn 0.3128 0.9497 0.0135
vn 0.6982 0.6951 -0.1714
vn 0.7506 -0.3382 -0.5676
vn 0.5523 -0.0735 -0.8304
vn 0.5148 0.6565 -0.5514
vn 0.4947 0.0906 -0.8643
vn 0.4710 0.5525 -0.6876
vn -0.5242 0.6576 0.5411
vn 0.4435 0.8948 0.0505
vn 0.1108 0.9737 -0.1989
vn -0.5726 0.8066 0.1464
vn -0.0653 0.9732 -0.2205
vn -0.4975 0.8675 -0.0020
vn -0.8858 0.4440 0.1351
vn -0.7657 -0.6405 -0.0587
vn -0.7583 -0.5475 0.3539
vn -0.8430 0.2185 0.4915
vn -0.7671 -0.4244 0.4810
vn -0.8208 0.0604 0.5680
vn 0.4608 0.8790 0.1226
vn -0.6408 0.7483 0.1714
vn -0.4544 0.7016 0.5489
vn 0.3233 0.7938 0.5152
vn -0.3049 0.7012 0.6445
vn 0.1870 0.7595 0.6231
vn 0.9010 0.3418 0.2674
vn 0.7435 -0.4328 -0.5098
vn 0.7423 -0.0406 -0.6689
vn 0.8535 0.5071 -0.1202
vn 0.7562 0.1340 -0.6405
vn 0.8266 0.4804 -0.2933
vn -0.4303 0.6131 0.6625
vn 0.6665 0.5512 0.5020
vn 0.4815 0.8393 0.2525
vn -0.2931 0.8836 0.3653
vn 0.3328 0.9214 0.2009
vn -0.1571 0.9493 0.2723
vn -0.8517 0.4835 -0.2021
vn -0.7827 -0.3736 0.4978
vn -0.7232 -0.0012 0.6907
vn -0.7719 0.6047 0.1964
vn -0.7136 0.1755 0.6782
vn -0.7444 0.5588 0.3655
vn 0.4935 0.6074 -0.6225
vn -0.5967 0.6799 -0.4263
vn -0.3673 0.9163 -0.1595
vn 0.4029 0.8655 -0.2977
vn -0.2074 0.9724 -0.1066
vn 0.2797 0.9403 -0.1940
vn 0.1993 -0.8688 0.4532
vn -0.6522 -0.7215 -0.2327
vn -0.3069 -0.8491 -0.4300
vn 0.2955 -0.9540 0.0508
vn -0.1374 -0.8963 -0.4215
vn 0.2442 -0.9627 -0.1164
vn 0.7972 0.4178 0.4357
vn 0.4906 -0.6425 0.5887
vn 0.7582 -0.5946 0.2676
vn 0.9763 0.1493 0.1566
vn 0.8574 -0.4863 0.1684
vn 0.9950 -0.0157 0.0986
vn -0.4996 -0.6429 0.5806
vn 0.0295 0.2443 0.9693
vn -0.3690 0.3246 0.8709
vn -0.7448 -0.2991 0.5965
vn -0.5235 0.2666 0.8092
vn -0.7614 -0.1290 0.6353
vn -0.2479 -0.5300 -0.8110
vn -0.5564 -0.7999 0.2248
vn -0.8346 -0.5500 0.0316
vn -0.6213 -0.3578 -0.6971
vn -0.8811 -0.4592 -0.1134
vn -0.7457 -0.3380 -0.5742
vn 0.3667 -0.6376 0.6774
vn 0.9907 -0.1162 -0.0703
vn 0.9527 0.1000 0.2871
vn 0.5128 -0.2658 0.8163
vn 0.8861 0.1111 0.4501
vn 0.6073 -0.1210 0.7852
vn -0.9215 -0.1354 0.3639
vn -0.0160 -0.6429 0.7658
vn -0.0952 -0.2754 0.9566
vn -0.7321 0.0844 0.6760
vn -0.1982 -0.1317 0.9713
vn -0.6010 0.0954 0.7935
vn 0.4434 -0.8110 -0.3817
vn -0.6054 -0.5270 -0.5964
vn -0.3326 -0.3594 -0.8719
vn 0.4087 -0.5594 -0.7212
vn -0.1648 -0.3404 -0.9257
vn 0.3043 -0.4671 -0.8302
vn 0.8423 0.2346 0.4853
vn 0.7335 -0.6592 -0.1655
vn 0.8693 -0.3190 -0.3777
vn 0.9464 0.3127 0.0805
vn 0.9152 -0.1475 -0.3749
vn 0.9640 0.2519 -0.0850
vn -0.3229 -0.5719 0.7541
vn 0.5183 0.1435 0.8431
vn 0.1454 0.3194 0.9364
vn -0.4495 -0.1853 0.8738
vn -0.0301 0.3013 0.9531
vn -0.4066 -0.0182 0.9134
vn -0.6981 -0.3925 -0.5988
vn -0.5666 -0.6796 0.4660
vn -0.8361 -0.3566 0.4168
vn -0.9298 -0.1531 -0.3347
vn -0.9197 -0.2449 0.3069
vn -0.9788 -0.1163 -0.1684
vn 0.6041 -0.7515 -0.2651
vn 0.3100 0.0702 -0.9481
vn 0.6630 0.1576 -0.7318
vn 0.8714 -0.4227 -0.2489
vn 0.7835 0.1062 -0.6122
vn 0.9153 -0.2610 -0.3067
vn -0.0827 -0.3885 0.9177
vn 0.5258 -0.8437 0.1081
vn 0.7471 -0.5693 0.3431
vn 0.3181 -0.2473 0.9153
vn 0.7505 -0.4551 0.4792
vn 0.4791 -0.2515 0.8410
vn -0.7386 -0.5927 0.3212
vn 0.1822 -0.3882 0.9034
vn -0.1268 -0.1106 0.9857
vn -0.7779 -0.2547 0.5745
vn -0.2925 -0.0554 0.9546
vn -0.7045 -0.1466 0.6944
vn -0.5060 0.1747 -0.8446
vn -0.8767 -0.4802 -0.0284
vn -0.9969 -0.0766 0.0198
vn -0.7354 0.3867 -0.5565
vn -0.9951 0.0900 -0.0417
vn -0.8296 0.3830 -0.4062
vn 0.6301 -0.7648 0.1341
vn 0.0779 -0.5818 -0.8096
vn 0.4545 -0.3880 -0.8018
vn 0.8452 -0.5171 -0.1349
vn 0.6048 -0.3532 -0.7138
vn 0.8519 -0.4349 -0.2919
vn 0.1792 0.3124 0.9329
vn 0.6505 -0.5862 0.4828
vn 0.8776 -0.2340 0.4183
vn 0.5450 0.4013 0.7362
vn 0.8950 -0.0588 0.4422
vn 0.6845 0.3429 0.6433
vn -0.5232 0.7624 -0.3808
vn -0.8356 0.2076 0.5086
vn -0.6150 0.5303 0.5836
vn -0.3957 0.9181 -0.0243
vn -0.5285 0.6637 0.5293
vn -0.3891 0.9105 0.1404
vn 0.7193 0.1334 -0.6818
vn -0.2135 0.7512 -0.6246
vn 0.1049 0.9006 -0.4219
vn 0.7469 0.4839 -0.4560
vn 0.2678 0.8879 -0.3740
vn 0.6747 0.6225 -0.3965
vn 0.1579 0.7780 0.6080
vn 0.8613 -0.0550 0.5051
vn 0.9320 0.2526 0.2598
vn 0.4505 0.8315 0.3250
vn 0.8915 0.4057 0.2016
vn 0.5836 0.7745 0.2441
vn -0.8465 0.4147 -0.3338
vn -0.1862 0.8767 0.4435
vn -0.1079 0.9923 0.0610
vn -0.5565 0.6799 -0.4776
vn -0.1439 0.9839 -0.1057
vn -0.4292 0.7850 -0.4467
vn 0.4405 0.4806 -0.7582
vn 0.1024 -0.5610 -0.8214
vn -0.1712 -0.2910 -0.9413
vn 0.0564 0.4321 -0.9001
vn -0.2165 -0.1296 -0.9677
vn -0.0704 0.3310 -0.9410
vn 0.0313 0.8282 0.5596
vn 0.4295 0.7625 -0.4838
vn 0.0410 0.8885 -0.4570
vn -0.2394 0.9360 0.2581
vn -0.0952 0.9279 -0.3604
vn -0.2721 0.9577 0.0935
vn -0.3596 0.3292 0.8731
vn -0.2685 -0.7402 0.6165
vn 0.0657 -0.5880 0.8062
vn 0.0055 0.1596 0.9872
vn 0.1471 -0.4532 0.8792
vn 0.1084 0.0215 0.9939
vn 0.1637 0.9414 -0.2949
vn -0.2743 0.6671 0.6926
vn 0.1410 0.7019 0.6982
vn 0.4499 0.8930 0.0115
vn 0.2893 0.7356 0.6125
vn 0.4845 0.8566 0.1774
vn 0.6327 0.6601 0.4049
vn 0.9528 -0.1645 -0.2553
vn 0.8687 0.1856 -0.4592
vn 0.6444 0.7647 -0.0004
vn 0.8178 0.3516 -0.4556
vn 0.6754 0.7190 -0.1639
vn -0.7728 0.4686 0.4280
vn 0.2885 0.7885 0.5432
vn 0.0935 0.9705 0.2224
vn -0.6470 0.7497 0.1391
vn -0.0519 0.9904 0.1277
vn -0.5209 0.8503 0.0754
vn -0.7798 0.6254 0.0260
vn -0.8568 -0.4324 -0.2810
vn -0.9188 -0.3745 0.1246
vn -0.8656 0.3649 0.3428
vn -0.9283 -0.2658 0.2601
vn -0.8945 0.2036 0.3981
vn 0.6004 0.7253 0.3369
vn -0.4896 0.8590 0.1496
vn -0.4013 0.7399 0.5399
vn 0.3588 0.6456 0.6741
vn -0.2814 0.6969 0.6597
vn 0.2000 0.6373 0.7442
vn 0.8056 0.2205 -0.5498
vn 0.4082 -0.8044 -0.4317
vn 0.2462 -0.6029 -0.7589
vn 0.5235 0.1166 -0.8440
vn 0.2382 -0.4579 -0.8565
vn 0.4143 -0.0017 -0.9101
vn -0.1161 0.9672 0.2258
vn 0.7022 0.5756 -0.4190
vn 0.3592 0.6842 -0.6347
vn -0.2154 0.9588 -0.1853
vn 0.1957 0.7480 -0.6342
vn -0.1679 0.9218 -0.3494
vn -0.8589 0.4375 0.2661
vn -0.6641 -0.6459 0.3764
vn -0.5552 -0.4251 0.7148
vn -0.6913 0.3367 0.6393
vn -0.5434 -0.2695 0.7950
vn -0.6298 0.2133 0.7469
vn 0.3667 0.8855 -0.2854
vn -0.6538 0.7447 0.1339
vn -0.3648 0.8269 0.4279
vn 0.3521 0.9261 0.1357
vn -0.1969 0.8614 0.4681
vn 0.2567 0.9241 0.2829
vn -0.1525 -0.7236 -0.6732
vn -0.9496 -0.0696 -0.3056
vn -0.7680 0.0640 -0.6372
vn -0.2145 -0.3834 -0.8984
vn -0.6504 0.0452 -0.7583
vn -0.2975 -0.2410 -0.9238
vn 0.9800 -0.1985 0.0141
vn 0.2352 -0.7551 -0.6120
vn 0.4118 -0.4373 -0.7995
vn 0.9254 -0.0491 -0.3759
vn 0.5230 -0.3060 -0.7955
vn 0.8484 -0.0608 -0.5259
vn -0.4238 -0.9057 -0.0089
vn -0.0116 -0.4446 0.8956
vn -0.4029 -0.3695 0.8373
vn -0.6961 -0.6861 0.2117
vn -0.5442 -0.3879 0.7439
vn -0.7299 -0.5901 0.3449
vn -0.2051 0.1214 -0.9712
vn -0.4642 -0.7976 -0.3852
vn -0.7605 -0.5142 -0.3965
vn -0.5896 0.1220 -0.7984
vn -0.8167 -0.3604 -0.4506
vn -0.7073 0.0424 -0.7057
vn -0.1117 -0.7162 0.6889
vn 0.7759 -0.6289 0.0492
vn 0.8080 -0.4312 0.4015
vn 0.1943 -0.4877 0.8511
vn 0.7401 -0.3847 0.5516
vn 0.3488 -0.4213 0.8372
vn -0.8750 0.4067 0.2626
vn -0.4448 -0.5123 0.7347
vn -0.3438 -0.1613 0.9251
vn -0.6377 0.4778 0.6042
vn -0.3550 0.0112 0.9348
vn -0.5417 0.4155 0.7307
vn 0.1554 -0.6143 -0.7736
vn -0.8254 -0.4886 -0.2828
vn -0.7671 -0.2273 -0.5999
vn -0.0803 -0.3126 -0.9465
vn -0.6644 -0.1683 -0.7282
vn -0.2285 -0.2228 -0.9477
vn 0.9573 0.2878 -0.0282
vn 0.5131 -0.4605 -0.7244
vn 0.4923 -0.0679 -0.8678
vn 0.8019 0.4580 -0.3836
vn 0.5266 0.1025 -0.8439
vn 0.7227 0.4350 -0.5371
vn -0.3702 -0.6620 0.6517
vn 0.6721 -0.2974 0.6781
vn 0.4130 -0.0674 0.9082
vn -0.3192 -0.3206 0.8918
vn 0.2511 -0.0380 0.9672
vn -0.2132 -0.1990 0.9565
vn -0.8892 0.0592 -0.4536
vn -0.6838 -0.5921 0.4264
vn -0.8205 -0.2103 0.5316
vn -0.9653 0.2480 -0.0822
vn -0.8753 -0.0513 0.4809
vn -0.9668 0.2385 0.0922
vn 0.5932 -0.7652 -0.2502
vn 0.0132 -0.1777 -0.9840
vn 0.3948 -0.0255 -0.9184
vn 0.8045 -0.4356 -0.4039
vn 0.5483 -0.0369 -0.8354
vn 0.8078 -0.2973 -0.5090
vn 0.2466 -0.1162 0.9621
vn 0.6411 -0.7547 0.1391
vn 0.8808 -0.4202 0.2183
vn 0.6073 0.0289 0.7940
vn 0.9092 -0.2748 0.3129
vn 0.7357 0.0091 0.6773
vn -0.6133 -0.4746 0.6313
vn 0.4889 -0.5492 0.6777
vn 0.3367 -0.2375 0.9111
vn -0.4380 -0.1831 0.8801
vn 0.1976 -0.1476 0.9691
vn -0.2934 -0.1133 0.9492
vn -0.7863 0.4080 -0.4639
vn -0.8697 -0.2839 0.4037
vn -0.8475 0.1203 0.5170
vn -0.7890 0.6078 -0.0902
vn -0.8344 0.2894 0.4691
vn -0.7973 0.5975 0.0848
vn 0.6639 -0.7165 -0.2142
vn -0.3218 -0.6274 -0.7091
vn -0.0195 -0.4163 -0.9090
vn 0.6751 -0.4778 -0.5622
vn 0.1495 -0.3679 -0.9178
vn 0.5894 -0.4070 -0.6979
vn 0.6302 0.3876 0.6727
vn 0.8553 -0.5143 0.0621
vn 0.9802 -0.1564 -0.1214
vn 0.8229 0.4787 0.3062
vn 0.9932 0.0195 -0.1150
vn 0.8935 0.4211 0.1557
vn -0.2266 0.9301 0.2892
vn -0.3313 0.0560 0.9419
vn 0.0310 0.2364 0.9712
vn 0.1122 0.8476 0.5186
vn 0.1394 0.3612 0.9220
vn 0.1900 0.7501 0.6335
vn 0.2956 0.3338 -0.8951
vn -0.1028 0.9916 -0.0789
vn 0.3085 0.9484 -0.0732
vn 0.5930 0.4939 -0.6359
vn 0.4529 0.8799 -0.1437
vn 0.6318 0.5921 -0.5002
vn 0.7630 0.5169 -0.3882
vn 0.8090 -0.5593 -0.1811
vn 0.6819 -0.4729 -0.5580
vn 0.6471 0.2772 -0.7103
vn 0.6425 -0.3557 -0.6787
vn 0.6207 0.1218 -0.7745
vn -0.5711 0.8208 0.0072
vn 0.4902 0.7975 -0.3517
vn 0.2113 0.7295 -0.6505
vn -0.5279 0.7442 -0.4093
vn 0.0438 0.7142 -0.6986
vn -0.4236 0.7237 -0.5448
vn 0.4491 0.5934 -0.6680
vn -0.1236 -0.3024 -0.9451
vn -0.3510 0.0380 -0.9356
vn 0.0437 0.6687 -0.7422
vn -0.3628 0.2088 -0.9082
vn -0.1110 0.6093 -0.7851
vn 0.3020 0.5920 0.7472
vn 0.5373 0.7756 -0.3314
vn 0.1878 0.9609 -0.2034
vn 0.0180 0.8373 0.5464
vn 0.0744 0.9945 -0.0741
vn -0.0322 0.9157 0.4005
vn -0.2097 0.3637 0.9076
vn 0.0807 -0.6858 0.7233
vn 0.4076 -0.4386 0.8009
vn 0.2069 0.3006 0.9311
vn 0.4694 -0.2784 0.8379
vn 0.3417 0.1901 0.9204
vn -0.1635 0.8997 -0.4048
vn -0.2592 0.6821 0.6838
vn 0.1265 0.8085 0.5748
vn 0.1972 0.9621 -0.1885
vn 0.2374 0.8618 0.4482
vn 0.2817 0.9589 -0.0347
vn 0.6735 0.7343 -0.0846
vn 0.8027 -0.2670 -0.5333
vn 0.6130 0.0023 -0.7901
vn 0.5206 0.7080 -0.4772
vn 0.5503 0.1640 -0.8187
vn 0.4919 0.6113 -0.6200
vn -0.5953 0.6002 0.5342
vn 0.3951 0.9095 0.1290
vn 0.0777 0.9877 -0.1356
vn -0.6191 0.7716 0.1460
vn -0.0956 0.9809 -0.1694
vn -0.5361 0.8441 0.0092
vn -0.8344 0.5285 0.1565
vn -0.8266 -0.5623 -0.0233
vn -0.7982 -0.4649 0.3830
vn -0.8035 0.3030 0.5125
vn -0.7911 -0.3409 0.5079
vn -0.7945 0.1457 0.5896
vn 0.5496 0.8295 0.0999
vn -0.5604 0.8081 0.1814
vn -0.3677 0.7489 0.5513
vn 0.4127 0.7635 0.4968
vn -0.2166 0.7354 0.6421
vn 0.2769 0.7446 0.6073
vn 0.8516 0.4055 0.3321
vn 0.8096 -0.3698 -0.4560
vn 0.7915 0.0201 -0.6109
vn 0.8209 0.5682 -0.0570
vn 0.7902 0.1940 -0.5813
vn 0.8089 0.5410 -0.2303
vn -0.5235 0.5759 0.6279
vn 0.5861 0.5954 0.5496
vn 0.3988 0.8700 0.2899
vn -0.3821 0.8580 0.3434
vn 0.2490 0.9412 0.2281
vn -0.2449 0.9334 0.2622
vn -0.7957 0.5454 -0.2635
vn -0.8408 -0.2981 0.4519
vn -0.7649 0.0705 0.6403
vn -0.7328 0.6665 0.1371
vn -0.7404 0.2448 0.6259
vn -0.7201 0.6222 0.3071
vn 0.5811 0.5547 -0.5955
vn -0.5121 0.7166 -0.4735
vn -0.2822 0.9388 -0.1974
vn 0.4882 0.8259 -0.2820
vn -0.1223 0.9832 -0.1354
vn 0.3649 0.9116 -0.1890
vn 0.2739 -0.8234 0.4970
vn -0.5342 -0.8090 -0.2454
vn -0.1687 -0.8965 -0.4096
vn 0.4043 -0.9085 0.1058
vn 0.0030 -0.9212 -0.3892
vn 0.3664 -0.9285 -0.0609
vn 0.7091 0.5323 0.4624
vn 0.5248 -0.5585 0.6424
vn 0.8046 -0.4861 0.3412
vn 0.9389 0.2732 0.2094
vn 0.8963 -0.3696 0.2450
vn 0.9805 0.1106 0.1626
vn -0.5362 -0.6912 0.4845
vn -0.0567 0.1605 0.9854
vn -0.4408 0.2426 0.8642
vn -0.7843 -0.3516 0.5112
vn -0.5881 0.1899 0.7861
vn -0.8055 -0.1881 0.5620
vn -0.1772 -0.4551 -0.8726
vn -0.5629 -0.8186 0.1140
vn -0.8260 -0.5580 -0.0797
vn -0.5633 -0.2998 -0.7700
vn -0.8622 -0.4565 -0.2198
vn -0.6953 -0.2938 -0.6560
vn 0.2208 -0.6221 0.7512
vn 0.9760 -0.2066 0.0683
vn 0.9153 0.0289 0.4016
vn 0.3852 -0.2578 0.8861
vn 0.8313 0.0565 0.5529
vn 0.4946 -0.1262 0.8599
vn -0.9681 -0.0237 0.2495
vn -0.1683 -0.5885 0.7908
vn -0.2362 -0.2070 0.9494
vn -0.7948 0.1936 0.5751
vn -0.3263 -0.0548 0.9437
vn -0.6795 0.1977 0.7065
vn 0.5786 -0.7582 -0.3007
vn -0.4532 -0.5973 -0.6617
vn -0.1674 -0.4041 -0.8993
vn 0.5614 -0.5157 -0.6472
vn 0.0022 -0.3664 -0.9304
vn 0.4639 -0.4374 -0.7704
vn 0.7362 0.3360 0.5875
vn 0.8180 -0.5730 -0.0512
vn 0.9425 -0.2222 -0.2495
vn 0.8862 0.4192 0.1973
vn 0.9685 -0.0468 -0.2444
vn 0.9328 0.3584 0.0384
vn -0.4468 -0.6017 0.6621
vn 0.4053 0.0564 0.9124
vn 0.0344 0.2441 0.9691
vn -0.5686 -0.2180 0.7932
vn -0.1418 0.2352 0.9615
vn -0.5236 -0.0578 0.8500
vn -0.6305 -0.3077 -0.7126
vn -0.6550 -0.6758 0.3380
vn -0.8995 -0.3371 0.2779
vn -0.8842 -0.0757 -0.4609
vn -0.9625 -0.2139 0.1669
vn -0.9526 -0.0489 -0.3003
vn 0.5947 -0.7860 -0.1689
vn 0.3604 -0.0206 -0.9326
vn 0.7026 0.0752 -0.7076
vn 0.8699 -0.4638 -0.1678
vn 0.8152 0.0317 -0.5783
vn 0.9209 -0.3097 -0.2366
vn -0.1389 -0.3030 0.9428
vn 0.4957 -0.8437 0.2062
vn 0.7121 -0.5564 0.4281
vn 0.2668 -0.1741 0.9479
vn 0.7122 -0.4312 0.5539
vn 0.4303 -0.1897 0.8825
vn -0.7878 -0.5703 0.2326
vn 0.0880 -0.4355 0.8959
vn -0.2132 -0.1492 0.9656
vn -0.8324 -0.2429 0.4980
vn -0.3728 -0.0849 0.9240
vn -0.7647 -0.1443 0.6280
vn -0.4259 0.2376 -0.8730
vn -0.8916 -0.4363 -0.1211
vn -0.9975 -0.0307 -0.0642
vn -0.6699 0.4460 -0.5935
vn -0.9834 0.1380 -0.1173
vn -0.7763 0.4393 -0.4521
vn 0.6462 -0.7277 0.2299
vn 0.1468 -0.6396 -0.7546
vn 0.5143 -0.4327 -0.7404
vn 0.8682 -0.4941 -0.0456
vn 0.6575 -0.3854 -0.6474
vn 0.8814 -0.4244 -0.2076
vn 0.1128 0.3919 0.9131
vn 0.6400 -0.5220 0.5638
vn 0.8582 -0.1679 0.4850
vn 0.4873 0.4777 0.7310
vn 0.8683 0.0089 0.4959
vn 0.6337 0.4171 0.6515
vt 0.000490 10.260180
vt 0.200290 10.260180
vt 0.100390 10.209450
vt 0.400100 10.260180
vt 0.300200 10.209450
vt 0.599900 10.260180
vt 0.500000 10.209450
vt 0.799710 10.260180
vt 0.699800 10.209450
vt 0.999510 10.260180
vt 0.899610 10.209450
vt 0.999510 0.000490
vt 0.999510 0.653920
vt 0.899610 0.000490
vt 0.899610 0.653920
vt 0.799710 0.000490
vt 0.899610 1.336440
vt 0.999510 1.336440
vt 0.799710 0.653920
vt 0.699800 0.000490
vt 0.899610 2.049980
vt 0.999510 2.049980
vt 0.699800 0.653920
vt 0.599900 0.000490
vt 0.799710 1.336440
vt 0.899610 2.866960
vt 0.999510 2.866960
vt 0.999510 3.736100
vt 0.799710 3.736100
vt 0.999510 4.695460
vt 0.599900 0.653920
vt 0.500000 0.000490
vt 0.699800 1.336440
vt 0.799710 2.049980
vt 0.699800 2.049980
vt 0.799710 2.866960
vt 0.699800 2.866960
vt 0.599900 1.336440
vt 0.500000 0.653920
vt 0.400100 0.000490
vt 0.500000 1.336440
vt 0.400100 0.653920
vt 0.300200 0.000490
vt 0.599900 2.049980
vt 0.500000 2.049980
vt 0.300200 0.653920
vt 0.200290 0.000490
vt 0.400100 1.336440
vt 0.200290 0.653920
vt 0.100390 0.000490
vt 0.300200 1.336440
vt 0.100390 0.653920
vt 0.000490 0.000490
vt 0.000490 0.653920
vt 0.100390 1.336440
vt 0.000490 1.336440
vt 0.200290 1.336440
vt 0.100390 2.049980
vt 0.000490 2.049980
vt 0.300200 2.049980
vt 0.100390 2.866960
vt 0.000490 2.866960
vt 0.000490 3.736100
vt 0.200290 2.049980
vt 0.400100 2.049980
vt 0.300200 2.866960
vt 0.200290 2.866960
vt 0.200290 3.736100
vt 0.400100 3.736100
vt 0.200290 4.695460
vt 0.000490 4.695460
vt 0.500000 2.866960
vt 0.400100 2.866960
vt 0.200290 5.799280
vt 0.000490 5.799280
vt 0.599900 2.866960
vt 0.599900 3.736100
vt 0.400100 4.695460
vt 0.599900 4.695460
vt 0.200290 7.011290
vt 0.000490 7.011290
vt 0.799710 4.695460
vt 0.999510 5.799280
vt 0.400100 5.799280
vt 0.599900 5.799280
vt 0.799710 5.799280
vt 0.999510 7.011290
vt 0.200290 8.507530
vt 0.000490 8.507530
vt 0.400100 7.011290
vt 0.599900 7.011290
vt 0.799710 7.011290
vt 0.999510 8.507530
vt 0.400100 8.507530
vt 0.599900 8.507530
vt 0.799710 8.507530
vt 0.999510 4.102120
vt 0.999510 4.428710
vt 0.799710 3.750260
vt 0.799710 4.155120
vt 0.999510 4.661300
vt 0.599900 3.989390
vt 0.599900 3.599300
vt 0.400100 3.182410
vt 0.799710 4.481120
vt 0.999510 4.864730
vt 0.599900 4.346420
vt 0.400100 3.777530
vt 0.799710 4.758290
vt 0.999510 5.101230
vt 0.599900 4.674820
vt 0.799710 5.055950
vt 0.999510 5.373640
vt 0.200290 4.263690
vt 0.200290 3.983390
vt 0.000490 4.102120
vt 0.000490 4.428710
vt 0.200290 4.554140
vt 0.000490 4.661300
vt 0.400100 4.272930
vt 0.200290 4.821980
vt 0.000490 4.864730
vt 0.400100 4.680070
vt 0.200290 5.101330
vt 0.000490 5.101230
vt 0.599900 5.030620
vt 0.200290 5.373640
vt 0.000490 5.373640
vt 0.400100 5.053250
vt 0.599900 5.373640
vt 0.200290 6.950860
vt 0.000490 6.950860
vt 0.400100 5.373640
vt 0.799710 5.373640
vt 0.999510 6.950860
vt 0.200290 8.693320
vt 0.000490 8.693320
vt 0.400100 6.950860
vt 0.599900 6.950860
vt 0.799710 6.950860
vt 0.999510 8.693320
vt 0.200290 10.742120
vt 0.000490 10.742120
vt 0.400100 8.693320
vt 0.599900 8.693320
vt 0.799710 8.693320
vt 0.999510 10.742120
vt 0.200290 12.887570
vt 0.000490 12.887570
vt 0.200290 15.564080
vt 0.400100 12.887570
vt 0.400100 10.742120
vt 0.599900 10.742120
vt 0.799710 10.742120
vt 0.999510 12.887570
vt 0.599900 12.887570
vt 0.599900 15.564080
vt 0.799710 12.887570
vt 0.999510 15.564080
vt 0.999510 6.101530
vt 0.999510 6.377990
vt 0.666500 5.619460
vt 0.666500 6.074380
vt 0.999510 6.725860
vt 0.333500 5.707530
vt 0.333500 4.880130
vt 0.000490 6.101530
vt 0.000490 6.377990
vt 0.333500 6.447570
vt 0.000490 6.725860
vt 0.666500 6.564380
vt 0.999510 7.185680
vt 0.333500 7.127580
vt 0.000490 7.185680
vt 0.666500 7.123790
vt 0.999510 7.769350
vt 0.333500 7.769350
vt 0.000490 7.769350
vt 0.666500 7.769350
vt 0.999510 10.793180
vt 0.333500 10.793180
vt 0.000490 10.793180
vt 0.666500 10.793180
vt 0.999510 14.196750
vt 0.333500 14.196750
vt 0.000490 14.196750
vt 0.333500 18.247511
vt 0.666500 14.196750
vt 0.999510 18.247511
vt 0.999510 6.907620
vt 0.999510 7.495310
vt 0.666500 6.868000
vt 0.666500 7.460220
vt 0.999510 8.284700
vt 0.333500 7.181880
vt 0.333500 6.306340
vt 0.000490 6.907620
vt 0.000490 7.495310
vt 0.333500 8.165360
vt 0.000490 8.284700
vt 0.666500 8.255130
vt 0.999510 9.300390
vt 0.333500 9.300390
vt 0.000490 9.300390
vt 0.666500 9.300390
vt 0.999510 13.578190
vt 0.333500 13.578190
vt 0.000490 13.578190
vt 0.333500 18.920891
vt 0.666500 13.578190
vt 0.999510 18.920891
vt 0.999510 8.182820
vt 0.999510 8.981230
vt 0.666500 7.992390
vt 0.666500 8.920960
vt 0.999510 10.130120
vt 0.333500 8.733750
vt 0.333500 7.597770
vt 0.000490 8.182820
vt 0.000490 8.981230
vt 0.333500 10.070990
vt 0.000490 10.130120
vt 0.666500 10.122970
vt 0.999510 11.658030
vt 0.333500 11.658030
vt 0.000490 11.658030
vt 0.333500 18.760201
vt 0.666500 11.658030
vt 0.999510 18.760201
vt 0.999510 12.134780
vt 0.999510 13.892070
vt 0.666500 11.698620
vt 0.666500 13.671140
vt 0.999510 16.386440
vt 0.333500 13.506140
vt 0.333500 11.255460
vt 0.000490 12.134780
vt 0.000490 13.892070
vt 0.333500 16.285830
vt 0.000490 16.386440
vt 0.333500 19.673670
vt 0.666500 16.306299
vt 0.999510 19.673670
vt 0.999510 12.186630
vt 0.999510 13.606180
vt 0.666500 11.745390
vt 0.666500 13.388640
vt 0.999510 15.639770
vt 0.333500 13.278610
vt 0.333500 11.442320
vt 0.000490 12.186630
vt 0.000490 13.606180
vt 0.333500 15.555730
vt 0.000490 15.639770
vt 0.333500 18.332109
vt 0.666500 15.564630
vt 0.999510 18.332109
vt 0.833010 2.765720
vt 0.833010 3.045090
vt 0.666500 2.525540
vt 0.999510 2.561770
vt 0.999510 2.994460
vt 0.833010 3.296070
vt 0.999510 3.303200
vt 0.666500 2.904760
vt 0.833010 3.514910
vt 0.999510 3.540150
vt 0.500000 2.784830
vt 0.500000 2.336820
vt 0.333500 2.537770
vt 0.666500 3.205240
vt 0.833010 3.739310
vt 0.999510 3.752490
vt 0.500000 3.144400
vt 0.333500 2.899570
vt 0.666500 3.463230
vt 0.833010 3.968140
vt 0.999510 3.968140
vt 0.500000 3.442530
vt 0.666500 3.722890
vt 0.833010 4.973880
vt 0.999510 4.973880
vt 0.166990 3.172240
vt 0.166990 2.972280
vt 0.000490 2.561770
vt 0.000490 2.994460
vt 0.166990 3.367830
vt 0.000490 3.303200
vt 0.333500 3.218240
vt 0.166990 3.555010
vt 0.000490 3.540150
vt 0.333500 3.487290
vt 0.166990 3.756720
vt 0.000490 3.752490
vt 0.500000 3.720110
vt 0.166990 3.968140
vt 0.000490 3.968140
vt 0.333500 3.738020
vt 0.500000 3.968140
vt 0.166990 4.973880
vt 0.000490 4.973880
vt 0.333500 3.968140
vt 0.666500 3.968140
vt 0.166990 6.073710
vt 0.000490 6.073710
vt 0.333500 4.973880
vt 0.500000 4.973880
vt 0.666500 4.973880
vt 0.166990 7.372910
vt 0.000490 7.372910
vt 0.333500 6.073710
vt 0.500000 6.073710
vt 0.833010 6.073710
vt 0.999510 6.073710
vt 0.166990 8.705460
vt 0.000490 8.705460
vt 0.333500 7.372910
vt 0.500000 7.372910
vt 0.666500 6.073710
vt 0.833010 7.372910
vt 0.999510 7.372910
vt 0.166990 10.345380
vt 0.000490 10.345380
vt 0.166990 12.227440
vt 0.333500 10.345380
vt 0.333500 8.705460
vt 0.666500 7.372910
vt 0.833010 8.705460
vt 0.999510 8.705460
vt 0.500000 8.705460
vt 0.500000 10.345380
vt 0.500000 12.227440
vt 0.666500 10.345380
vt 0.666500 8.705460
vt 0.833010 10.345380
vt 0.999510 10.345380
vt 0.833010 12.227440
vt 0.833010 3.033480
vt 0.833010 3.421640
vt 0.666500 3.272390
vt 0.999510 3.314240
vt 0.999510 3.636710
vt 0.833010 3.729430
vt 0.999510 3.865950
vt 0.666500 3.497070
vt 0.833010 3.977060
vt 0.999510 4.053080
vt 0.500000 3.183730
vt 0.500000 2.652650
vt 0.333500 2.948960
vt 0.666500 3.724540
vt 0.833010 4.211060
vt 0.999510 4.241970
vt 0.500000 3.581830
vt 0.333500 3.343560
vt 0.666500 3.945270
vt 0.833010 4.447720
vt 0.999510 4.447720
vt 0.500000 3.900910
vt 0.666500 4.193910
vt 0.833010 5.697500
vt 0.999510 5.697500
vt 0.166990 3.683840
vt 0.166990 3.488940
vt 0.000490 3.314240
vt 0.000490 3.636710
vt 0.166990 3.875590
vt 0.000490 3.865950
vt 0.333500 3.684230
vt 0.166990 4.057650
vt 0.000490 4.053080
vt 0.333500 3.966380
vt 0.166990 4.250130
vt 0.000490 4.241970
vt 0.500000 4.191390
vt 0.166990 4.447720
vt 0.000490 4.447720
vt 0.333500 4.222430
vt 0.500000 4.447720
vt 0.166990 5.697500
vt 0.000490 5.697500
vt 0.333500 4.447720
vt 0.666500 4.447720
vt 0.166990 6.953850
vt 0.000490 6.953850
vt 0.333500 5.697500
vt 0.500000 5.697500
vt 0.666500 5.697500
vt 0.166990 8.435560
vt 0.000490 8.435560
vt 0.333500 6.953850
vt 0.500000 6.953850
vt 0.833010 6.953850
vt 0.999510 6.953850
vt 0.166990 9.954950
vt 0.000490 9.954950
vt 0.333500 8.435560
vt 0.500000 8.435560
vt 0.666500 6.953850
vt 0.833010 8.435560
vt 0.999510 8.435560
vt 0.166990 11.813130
vt 0.000490 11.813130
vt 0.166990 13.942300
vt 0.333500 11.813130
vt 0.333500 9.954950
vt 0.666500 8.435560
vt 0.833010 9.954950
vt 0.999510 9.954950
vt 0.500000 9.954950
vt 0.500000 11.813130
vt 0.500000 13.942300
vt 0.666500 11.813130
vt 0.666500 9.954950
vt 0.833010 11.813130
vt 0.999510 11.813130
vt 0.833010 13.942300
vt 0.000170 0.000170
vt 0.999830 0.000170
vt 0.999830 0.500000
vt 0.000170 0.500000
vt 0.999830 0.999830
vt 0.000170 0.999830
s 1
usemtl Trunk
f 1/1/1 3/2/2 2/3/3
f 3/2/2 4/4/4 2/5/5
f 4/4/4 5/6/6 2/7/7
f 5/6/6 6/8/8 2/9/9
f 6/8/8 1/10/1 2/11/3
f 7/12/10 9/13/11 8/14/12
f 10/15/13 8/14/12 9/13/11
f 8/14/12 10/15/13 11/16/14
f 10/15/13 9/13/11 12/17/15
f 13/18/16 12/17/15 9/13/11
f 14/19/17 11/16/14 10/15/13
f 10/15/13 12/17/15 14/19/17
f 11/16/14 14/19/17 15/20/18
f 12/17/15 13/18/16 16/21/19
f 17/22/20 16/21/19 13/18/16
f 18/23/21 15/20/18 14/19/17
f 15/20/18 18/23/21 19/24/22
f 20/25/23 14/19/17 12/17/15
f 12/17/15 16/21/19 20/25/23
f 16/21/19 17/22/20 21/26/24
f 22/27/25 21/26/24 17/22/20
f 22/27/25 23/28/26 21/26/24
f 21/26/24 23/28/26 24/29/27
f 23/28/26 25/30/28 24/29/27
f 26/31/29 19/24/22 18/23/21
f 19/24/22 26/31/29 27/32/30
f 18/23/21 14/19/17 28/33/31
f 20/25/23 28/33/31 14/19/17
f 18/23/21 28/33/31 26/31/29
f 29/34/32 20/25/23 16/21/19
f 16/21/19 21/26/24 29/34/32
f 28/33/31 20/25/23 30/35/33
f 29/34/32 30/35/33 20/25/23
f 31/36/34 29/34/32 21/26/24
f 31/36/34 21/26/24 24/29/27
f 31/36/34 32/37/35 29/34/32
f 30/35/33 29/34/32 32/37/35
f 31/36/34 24/29/27 32/37/35
f 28/33/31 30/35/33 33/38/36
f 33/38/36 26/31/29 28/33/31
f 34/39/37 27/32/30 26/31/29
f 27/32/30 34/39/37 35/40/38
f 34/39/37 26/31/29 36/41/39
f 33/38/36 36/41/39 26/31/29
f 37/42/40 35/40/38 34/39/37
f 34/39/37 36/41/39 37/42/40
f 35/40/38 37/42/40 38/43/41
f 39/44/42 33/38/36 30/35/33
f 30/35/33 32/37/35 39/44/42
f 36/41/39 33/38/36 40/45/43
f 39/44/42 40/45/43 33/38/36
f 41/46/44 38/43/41 37/42/40
f 38/43/41 41/46/44 42/47/45
f 43/48/46 37/42/40 36/41/39
f 36/41/39 40/45/43 43/48/46
f 44/49/47 42/47/45 41/46/44
f 42/47/45 44/49/47 45/50/48
f 41/46/44 37/42/40 46/51/49
f 43/48/46 46/51/49 37/42/40
f 41/46/44 46/51/49 44/49/47
f 47/52/50 45/50/48 44/49/47
f 45/50/48 47/52/50 7/53/10
f 9/54/11 7/53/10 47/52/50
f 47/52/50 48/55/51 9/54/11
f 47/52/50 44/49/47 48/55/51
f 13/56/16 9/54/11 48/55/51
f 49/57/52 44/49/47 46/51/49
f 49/57/52 48/55/51 44/49/47
f 48/55/51 50/58/53 13/56/16
f 48/55/51 49/57/52 50/58/53
f 17/59/20 13/56/16 50/58/53
f 46/51/49 43/48/46 51/60/54
f 46/51/49 51/60/54 49/57/52
f 50/58/53 52/61/55 17/59/20
f 22/62/25 17/59/20 52/61/55
f 22/62/25 52/61/55 23/63/26
f 53/64/56 50/58/53 49/57/52
f 53/64/56 49/57/52 51/60/54
f 50/58/53 53/64/56 52/61/55
f 54/65/57 51/60/54 43/48/46
f 54/65/57 43/48/46 40/45/43
f 51/60/54 55/66/58 53/64/56
f 51/60/54 54/65/57 55/66/58
f 56/67/59 52/61/55 53/64/56
f 56/67/59 53/64/56 55/66/58
f 56/67/59 57/68/60 52/61/55
f 52/61/55 57/68/60 23/63/26
f 56/67/59 55/66/58 57/68/60
f 55/66/58 58/69/61 57/68/60
f 57/68/60 59/70/62 23/63/26
f 57/68/60 58/69/61 59/70/62
f 25/71/28 23/63/26 59/70/62
f 40/45/43 60/72/63 54/65/57
f 40/45/43 39/44/42 60/72/63
f 61/73/64 55/66/58 54/65/57
f 61/73/64 58/69/61 55/66/58
f 61/73/64 54/65/57 60/72/63
f 61/73/64 60/72/63 58/69/61
f 59/70/62 62/74/65 25/71/28
f 63/75/66 25/71/28 62/74/65
f 64/76/67 60/72/63 39/44/42
f 64/76/67 39/44/42 32/37/35
f 64/76/67 65/77/68 60/72/63
f 64/76/67 32/37/35 65/77/68
f 60/72/63 65/77/68 58/69/61
f 32/37/35 24/29/27 65/77/68
f 66/78/69 59/70/62 58/69/61
f 59/70/62 66/78/69 62/74/65
f 65/77/68 67/79/70 58/69/61
f 65/77/68 24/29/27 67/79/70
f 66/78/69 58/69/61 67/79/70
f 62/74/65 68/80/71 63/75/66
f 69/81/72 63/75/66 68/80/71
f 70/82/73 67/79/70 24/29/27
f 70/82/73 24/29/27 25/30/28
f 25/30/28 63/83/66 70/82/73
f 71/84/74 62/74/65 66/78/69
f 62/74/65 71/84/74 68/80/71
f 67/79/70 72/85/75 66/78/69
f 67/79/70 70/82/73 72/85/75
f 71/84/74 66/78/69 72/85/75
f 73/86/76 70/82/73 63/83/66
f 73/86/76 72/85/75 70/82/73
f 63/83/66 69/87/72 73/86/76
f 68/80/71 74/88/77 69/81/72
f 75/89/78 69/81/72 74/88/77
f 76/90/79 68/80/71 71/84/74
f 68/80/71 76/90/79 74/88/77
f 72/85/75 77/91/80 71/84/74
f 72/85/75 73/86/76 77/91/80
f 76/90/79 71/84/74 77/91/80
f 78/92/81 73/86/76 69/87/72
f 78/92/81 77/91/80 73/86/76
f 69/87/72 75/93/78 78/92/81
f 74/88/77 3/2/2 75/89/78
f 1/1/1 75/89/78 3/2/2
f 74/88/77 79/94/82 3/2/2
f 79/94/82 74/88/77 76/90/79
f 4/4/4 3/2/2 79/94/82
f 4/4/4 79/94/82 5/6/6
f 77/91/80 80/95/83 76/90/79
f 79/94/82 76/90/79 80/95/83
f 77/91/80 78/92/81 80/95/83
f 80/95/83 5/6/6 79/94/82
f 81/96/84 78/92/81 75/93/78
f 81/96/84 80/95/83 78/92/81
f 80/95/83 81/96/84 5/6/6
f 75/93/78 1/10/1 81/96/84
f 6/8/8 5/6/6 81/96/84
f 6/8/8 81/96/84 1/10/1
f 82/97/85 84/98/86 83/99/87
f 85/100/88 83/99/87 84/98/86
f 84/98/86 86/101/89 85/100/88
f 85/100/88 87/102/90 83/99/87
f 88/103/91 83/99/87 87/102/90
f 88/103/91 87/102/90 89/104/92
f 90/105/93 85/100/88 86/101/89
f 86/101/89 91/106/94 90/105/93
f 87/102/90 85/100/88 92/107/95
f 90/105/93 92/107/95 85/100/88
f 93/108/96 89/104/92 87/102/90
f 87/102/90 92/107/95 93/108/96
f 94/109/97 90/105/93 91/106/94
f 91/106/94 95/110/98 94/109/97
f 92/107/95 90/105/93 96/111/99
f 94/109/97 96/111/99 90/105/93
f 97/112/100 94/109/97 95/110/98
f 95/110/98 98/113/101 97/112/100
f 93/108/96 99/114/102 89/104/92
f 100/115/103 89/104/92 99/114/102
f 100/115/103 99/114/102 82/116/85
f 84/117/86 82/116/85 99/114/102
f 99/114/102 101/118/104 84/117/86
f 99/114/102 93/108/96 101/118/104
f 86/119/89 84/117/86 101/118/104
f 102/120/105 93/108/96 92/107/95
f 102/120/105 101/118/104 93/108/96
f 92/107/95 96/111/99 102/120/105
f 101/118/104 103/121/106 86/119/89
f 101/118/104 102/120/105 103/121/106
f 91/122/94 86/119/89 103/121/106
f 104/123/107 102/120/105 96/111/99
f 104/123/107 103/121/106 102/120/105
f 103/121/106 105/124/108 91/122/94
f 103/121/106 104/123/107 105/124/108
f 95/125/98 91/122/94 105/124/108
f 96/111/99 106/126/109 104/123/107
f 96/111/99 94/109/97 106/126/109
f 97/112/100 106/126/109 94/109/97
f 105/124/108 107/127/110 95/125/98
f 98/128/101 95/125/98 107/127/110
f 108/129/111 105/124/108 104/123/107
f 108/129/111 104/123/107 106/126/109
f 105/124/108 108/129/111 107/127/110
f 106/126/109 97/112/100 109/130/112
f 106/126/109 109/130/112 108/129/111
f 107/127/110 110/131/113 98/128/101
f 111/132/114 98/128/101 110/131/113
f 112/133/115 107/127/110 108/129/111
f 112/133/115 108/129/111 109/130/112
f 107/127/110 112/133/115 110/131/113
f 113/134/116 109/130/112 97/112/100
f 113/134/116 97/112/100 98/113/101
f 98/113/101 111/135/114 113/134/116
f 110/131/113 114/136/117 111/132/114
f 115/137/118 111/132/114 114/136/117
f 116/138/119 110/131/113 112/133/115
f 110/131/113 116/138/119 114/136/117
f 109/130/112 117/139/120 112/133/115
f 109/130/112 113/134/116 117/139/120
f 116/138/119 112/133/115 117/139/120
f 118/140/121 113/134/116 111/135/114
f 118/140/121 117/139/120 113/134/116
f 111/135/114 115/141/118 118/140/121
f 114/136/117 119/142/122 115/137/118
f 120/143/123 115/137/118 119/142/122
f 121/144/124 114/136/117 116/138/119
f 114/136/117 121/144/124 119/142/122
f 117/139/120 122/145/125 116/138/119
f 117/139/120 118/140/121 122/145/125
f 121/144/124 116/138/119 122/145/125
f 123/146/126 118/140/121 115/141/118
f 123/146/126 122/145/125 118/140/121
f 115/141/118 120/147/123 123/146/126
f 119/142/122 124/148/127 120/143/123
f 125/149/128 120/143/123 124/148/127
f 124/148/127 126/150/129 125/149/128
f 124/148/127 127/151/130 126/150/129
f 119/142/122 128/152/131 124/148/127
f 128/152/131 119/142/122 121/144/124
f 127/151/130 124/148/127 128/152/131
f 122/145/125 129/153/132 121/144/124
f 122/145/125 123/146/126 129/153/132
f 128/152/131 121/144/124 129/153/132
f 130/154/133 123/146/126 120/147/123
f 130/154/133 129/153/132 123/146/126
f 120/147/123 125/155/128 130/154/133
f 127/151/130 128/152/131 131/156/134
f 129/153/132 131/156/134 128/152/131
f 129/153/132 130/154/133 131/156/134
f 131/156/134 126/157/135 127/151/130
f 131/156/134 132/158/136 126/157/135
f 132/158/136 131/156/134 130/154/133
f 132/158/136 130/154/133 125/155/128
f 125/155/128 126/159/137 132/158/136
f 133/160/138 135/161/139 134/162/140
f 136/163/141 134/162/140 135/161/139
f 135/161/139 137/164/142 136/163/141
f 136/163/141 138/165/143 134/162/140
f 139/166/144 134/162/140 138/165/143
f 139/166/144 138/165/143 133/167/138
f 135/168/139 133/167/138 138/165/143
f 138/165/143 140/169/145 135/168/139
f 138/165/143 136/163/141 140/169/145
f 137/170/142 135/168/139 140/169/145
f 141/171/146 136/163/141 137/164/142
f 141/171/146 140/169/145 136/163/141
f 137/164/142 142/172/147 141/171/146
f 140/169/145 143/173/148 137/170/142
f 140/169/145 141/171/146 143/173/148
f 142/174/147 137/170/142 143/173/148
f 144/175/149 141/171/146 142/172/147
f 144/175/149 143/173/148 141/171/146
f 142/172/147 145/176/150 144/175/149
f 143/173/148 146/177/151 142/174/147
f 143/173/148 144/175/149 146/177/151
f 145/178/150 142/174/147 146/177/151
f 147/179/152 144/175/149 145/176/150
f 147/179/152 146/177/151 144/175/149
f 145/176/150 148/180/153 147/179/152
f 146/177/151 149/181/154 145/178/150
f 146/177/151 147/179/152 149/181/154
f 148/182/153 145/178/150 149/181/154
f 150/183/155 147/179/152 148/180/153
f 150/183/155 149/181/154 147/179/152
f 148/180/153 151/184/156 150/183/155
f 149/181/154 152/185/157 148/182/153
f 149/181/154 150/183/155 152/185/157
f 151/186/156 148/182/153 152/185/157
f 152/185/157 153/187/158 151/186/156
f 152/185/157 154/188/159 153/187/158
f 154/188/159 152/185/157 150/183/155
f 154/188/159 150/183/155 151/184/156
f 151/184/156 153/189/160 154/188/159
f 155/190/161 157/191/162 156/192/163
f 158/193/164 156/192/163 157/191/162
f 157/191/162 159/194/165 158/193/164
f 158/193/164 160/195/166 156/192/163
f 161/196/167 156/192/163 160/195/166
f 161/196/167 160/195/166 155/197/161
f 157/198/162 155/197/161 160/195/166
f 160/195/166 162/199/168 157/198/162
f 160/195/166 158/193/164 162/199/168
f 159/200/165 157/198/162 162/199/168
f 163/201/169 158/193/164 159/194/165
f 163/201/169 162/199/168 158/193/164
f 159/194/165 164/202/170 163/201/169
f 162/199/168 165/203/171 159/200/165
f 162/199/168 163/201/169 165/203/171
f 164/204/170 159/200/165 165/203/171
f 166/205/172 163/201/169 164/202/170
f 166/205/172 165/203/171 163/201/169
f 164/202/170 167/206/173 166/205/172
f 165/203/171 168/207/174 164/204/170
f 165/203/171 166/205/172 168/207/174
f 167/208/173 164/204/170 168/207/174
f 168/207/174 169/209/175 167/208/173
f 168/207/174 170/210/176 169/209/175
f 170/210/176 168/207/174 166/205/172
f 170/210/176 166/205/172 167/206/173
f 167/206/173 169/211/177 170/210/176
f 171/212/178 173/213/179 172/214/180
f 174/215/181 172/214/180 173/213/179
f 173/213/179 175/216/182 174/215/181
f 174/215/181 176/217/183 172/214/180
f 177/218/184 172/214/180 176/217/183
f 177/218/184 176/217/183 171/219/178
f 173/220/179 171/219/178 176/217/183
f 176/217/183 178/221/185 173/220/179
f 176/217/183 174/215/181 178/221/185
f 175/222/182 173/220/179 178/221/185
f 179/223/186 174/215/181 175/216/182
f 179/223/186 178/221/185 174/215/181
f 175/216/182 180/224/187 179/223/186
f 178/221/185 181/225/188 175/222/182
f 178/221/185 179/223/186 181/225/188
f 180/226/187 175/222/182 181/225/188
f 181/225/188 182/227/189 180/226/187
f 181/225/188 183/228/190 182/227/189
f 183/228/190 181/225/188 179/223/186
f 183/228/190 179/223/186 180/224/187
f 180/224/187 182/229/191 183/228/190
f 184/230/192 186/231/193 185/232/194
f 187/233/195 185/232/194 186/231/193
f 186/231/193 188/234/196 187/233/195
f 187/233/195 189/235/197 185/232/194
f 190/236/198 185/232/194 189/235/197
f 190/236/198 189/235/197 184/237/192
f 186/238/193 184/237/192 189/235/197
f 189/235/197 191/239/199 186/238/193
f 189/235/197 187/233/195 191/239/199
f 188/240/196 186/238/193 191/239/199
f 191/239/199 192/241/200 188/240/196
f 191/239/199 193/242/201 192/241/200
f 193/242/201 191/239/199 187/233/195
f 193/242/201 187/233/195 188/234/196
f 188/234/196 192/243/202 193/242/201
f 194/244/203 196/245/204 195/246/205
f 197/247/206 195/246/205 196/245/204
f 196/245/204 198/248/207 197/247/206
f 197/247/206 199/249/208 195/246/205
f 200/250/209 195/246/205 199/249/208
f 200/250/209 199/249/208 194/251/203
f 196/252/204 194/251/203 199/249/208
f 199/249/208 201/253/210 196/252/204
f 199/249/208 197/247/206 201/253/210
f 198/254/207 196/252/204 201/253/210
f 201/253/210 202/255/211 198/254/207
f 201/253/210 203/256/212 202/255/211
f 203/256/212 201/253/210 197/247/206
f 203/256/212 197/247/206 198/248/207
f 198/248/207 202/257/213 203/256/212
f 204/258/214 206/259/215 205/260/216
f 204/258/214 207/261/217 206/259/215
f 208/262/218 206/259/215 207/261/217
f 206/259/215 208/262/218 209/263/219
f 210/264/220 209/263/219 208/262/218
f 211/265/221 205/260/216 206/259/215
f 206/259/215 209/263/219 211/265/221
f 209/263/219 210/264/220 212/266/222
f 213/267/223 212/266/222 210/264/220
f 211/265/221 214/268/224 205/260/216
f 215/269/225 205/260/216 214/268/224
f 215/269/225 214/268/224 216/270/226
f 217/271/227 211/265/221 209/263/219
f 209/263/219 212/266/222 217/271/227
f 212/266/222 213/267/223 218/272/228
f 219/273/229 218/272/228 213/267/223
f 214/268/224 211/265/221 220/274/230
f 217/271/227 220/274/230 211/265/221
f 221/275/231 216/270/226 214/268/224
f 214/268/224 220/274/230 221/275/231
f 222/276/232 217/271/227 212/266/222
f 212/266/222 218/272/228 222/276/232
f 218/272/228 219/273/229 223/277/233
f 224/278/234 223/277/233 219/273/229
f 220/274/230 217/271/227 225/279/235
f 222/276/232 225/279/235 217/271/227
f 226/280/236 222/276/232 218/272/228
f 218/272/228 223/277/233 226/280/236
f 223/277/233 224/278/234 227/281/237
f 228/282/238 227/281/237 224/278/234
f 221/275/231 229/283/239 216/270/226
f 230/284/240 216/270/226 229/283/239
f 230/284/240 229/283/239 207/285/217
f 208/286/218 207/285/217 229/283/239
f 229/283/239 231/287/241 208/286/218
f 229/283/239 221/275/231 231/287/241
f 210/288/220 208/286/218 231/287/241
f 232/289/242 231/287/241 221/275/231
f 232/289/242 221/275/231 220/274/230
f 220/274/230 225/279/235 232/289/242
f 231/287/241 233/290/243 210/288/220
f 231/287/241 232/289/242 233/290/243
f 213/291/223 210/288/220 233/290/243
f 234/292/244 232/289/242 225/279/235
f 234/292/244 233/290/243 232/289/242
f 233/290/243 235/293/245 213/291/223
f 233/290/243 234/292/244 235/293/245
f 219/294/229 213/291/223 235/293/245
f 225/279/235 236/295/246 234/292/244
f 225/279/235 222/276/232 236/295/246
f 226/280/236 236/295/246 222/276/232
f 235/293/245 237/296/247 219/294/229
f 224/297/234 219/294/229 237/296/247
f 238/298/248 235/293/245 234/292/244
f 238/298/248 234/292/244 236/295/246
f 235/293/245 238/298/248 237/296/247
f 236/295/246 226/280/236 239/299/249
f 236/295/246 239/299/249 238/298/248
f 237/296/247 240/300/250 224/297/234
f 228/301/238 224/297/234 240/300/250
f 241/302/251 237/296/247 238/298/248
f 241/302/251 238/298/248 239/299/249
f 237/296/247 241/302/251 240/300/250
f 242/303/252 239/299/249 226/280/236
f 242/303/252 226/280/236 223/277/233
f 223/277/233 227/281/237 242/303/252
f 240/300/250 243/304/253 228/301/238
f 244/305/254 228/301/238 243/304/253
f 245/306/255 240/300/250 241/302/251
f 240/300/250 245/306/255 243/304/253
f 239/299/249 246/307/256 241/302/251
f 239/299/249 242/303/252 246/307/256
f 245/306/255 241/302/251 246/307/256
f 247/308/257 242/303/252 227/281/237
f 247/308/257 246/307/256 242/303/252
f 243/304/253 248/309/258 244/305/254
f 249/310/259 244/305/254 248/309/258
f 250/311/260 243/304/253 245/306/255
f 243/304/253 250/311/260 248/309/258
f 246/307/256 251/312/261 245/306/255
f 246/307/256 247/308/257 251/312/261
f 250/311/260 245/306/255 251/312/261
f 227/281/237 252/313/262 247/308/257
f 227/281/237 228/282/238 252/313/262
f 244/314/254 252/313/262 228/282/238
f 248/309/258 253/315/263 249/310/259
f 254/316/264 249/310/259 253/315/263
f 255/317/265 248/309/258 250/311/260
f 248/309/258 255/317/265 253/315/263
f 251/312/261 256/318/266 250/311/260
f 255/317/265 250/311/260 256/318/266
f 257/319/267 251/312/261 247/308/257
f 257/319/267 247/308/257 252/313/262
f 251/312/261 257/319/267 256/318/266
f 252/313/262 244/314/254 258/320/268
f 252/313/262 258/320/268 257/319/267
f 249/321/259 258/320/268 244/314/254
f 253/315/263 259/322/269 254/316/264
f 260/323/270 254/316/264 259/322/269
f 259/322/269 261/324/271 260/323/270
f 259/322/269 262/325/272 261/324/271
f 253/315/263 263/326/273 259/322/269
f 262/325/272 259/322/269 263/326/273
f 263/326/273 253/315/263 255/317/265
f 264/327/274 256/318/266 257/319/267
f 264/327/274 257/319/267 258/320/268
f 258/320/268 249/321/259 265/328/275
f 258/320/268 265/328/275 264/327/274
f 254/329/264 265/328/275 249/321/259
f 256/318/266 266/330/276 255/317/265
f 263/326/273 255/317/265 266/330/276
f 256/318/266 264/327/274 266/330/276
f 262/325/272 263/326/273 267/331/277
f 266/330/276 267/331/277 263/326/273
f 267/331/277 261/332/278 262/325/272
f 267/331/277 268/333/279 261/332/278
f 269/334/280 266/330/276 264/327/274
f 266/330/276 269/334/280 267/331/277
f 269/334/280 264/327/274 265/328/275
f 268/333/279 267/331/277 269/334/280
f 265/328/275 254/329/264 270/335/281
f 265/328/275 270/335/281 269/334/280
f 268/333/279 269/334/280 270/335/281
f 260/336/270 270/335/281 254/329/264
f 270/335/281 261/337/282 268/333/279
f 270/335/281 260/336/270 261/337/282
f 271/338/283 273/339/284 272/340/285
f 271/338/283 274/341/286 273/339/284
f 275/342/287 273/339/284 274/341/286
f 273/339/284 275/342/287 276/343/288
f 277/344/289 276/343/288 275/342/287
f 278/345/290 272/340/285 273/339/284
f 273/339/284 276/343/288 278/345/290
f 276/343/288 277/344/289 279/346/291
f 280/347/292 279/346/291 277/344/289
f 278/345/290 281/348/293 272/340/285
f 282/349/294 272/340/285 281/348/293
f 282/349/294 281/348/293 283/350/295
f 284/351/296 278/345/290 276/343/288
f 276/343/288 279/346/291 284/351/296
f 279/346/291 280/347/292 285/352/297
f 286/353/298 285/352/297 280/347/292
f 281/348/293 278/345/290 287/354/299
f 284/351/296 287/354/299 278/345/290
f 288/355/300 283/350/295 281/348/293
f 281/348/293 287/354/299 288/355/300
f 289/356/301 284/351/296 279/346/291
f 279/346/291 285/352/297 289/356/301
f 285/352/297 286/353/298 290/357/302
f 291/358/303 290/357/302 286/353/298
f 287/354/299 284/351/296 292/359/304
f 289/356/301 292/359/304 284/351/296
f 293/360/305 289/356/301 285/352/297
f 285/352/297 290/357/302 293/360/305
f 290/357/302 291/358/303 294/361/306
f 295/362/307 294/361/306 291/358/303
f 288/355/300 296/363/308 283/350/295
f 297/364/309 283/350/295 296/363/308
f 297/364/309 296/363/308 274/365/286
f 275/366/287 274/365/286 296/363/308
f 296/363/308 298/367/310 275/366/287
f 296/363/308 288/355/300 298/367/310
f 277/368/289 275/366/287 298/367/310
f 299/369/311 298/367/310 288/355/300
f 299/369/311 288/355/300 287/354/299
f 287/354/299 292/359/304 299/369/311
f 298/367/310 300/370/312 277/368/289
f 298/367/310 299/369/311 300/370/312
f 280/371/292 277/368/289 300/370/312
f 301/372/313 299/369/311 292/359/304
f 301/372/313 300/370/312 299/369/311
f 300/370/312 302/373/314 280/371/292
f 300/370/312 301/372/313 302/373/314
f 286/374/298 280/371/292 302/373/314
f 292/359/304 303/375/315 301/372/313
f 292/359/304 289/356/301 303/375/315
f 293/360/305 303/375/315 289/356/301
f 302/373/314 304/376/316 286/374/298
f 291/377/303 286/374/298 304/376/316
f 305/378/317 302/373/314 301/372/313
f 305/378/317 301/372/313 303/375/315
f 302/373/314 305/378/317 304/376/316
f 303/375/315 293/360/305 306/379/318
f 303/375/315 306/379/318 305/378/317
f 304/376/316 307/380/319 291/377/303
f 295/381/307 291/377/303 307/380/319
f 308/382/320 304/376/316 305/378/317
f 308/382/320 305/378/317 306/379/318
f 304/376/316 308/382/320 307/380/319
f 309/383/321 306/379/318 293/360/305
f 309/383/321 293/360/305 290/357/302
f 290/357/302 294/361/306 309/383/321
f 307/380/319 310/384/322 295/381/307
f 311/385/323 295/381/307 310/384/322
f 312/386/324 307/380/319 308/382/320
f 307/380/319 312/386/324 310/384/322
f 306/379/318 313/387/325 308/382/320
f 306/379/318 309/383/321 313/387/325
f 312/386/324 308/382/320 313/387/325
f 314/388/326 309/383/321 294/361/306
f 314/388/326 313/387/325 309/383/321
f 310/384/322 315/389/327 311/385/323
f 316/390/328 311/385/323 315/389/327
f 317/391/329 310/384/322 312/386/324
f 310/384/322 317/391/329 315/389/327
f 313/387/325 318/392/330 312/386/324
f 313/387/325 314/388/326 318/392/330
f 317/391/329 312/386/324 318/392/330
f 294/361/306 319/393/331 314/388/326
f 294/361/306 295/362/307 319/393/331
f 311/394/323 319/393/331 295/362/307
f 315/389/327 320/395/332 316/390/328
f 321/396/333 316/390/328 320/395/332
f 322/397/334 315/389/327 317/391/329
f 315/389/327 322/397/334 320/395/332
f 318/392/330 323/398/335 317/391/329
f 322/397/334 317/391/329 323/398/335
f 324/399/336 318/392/330 314/388/326
f 324/399/336 314/388/326 319/393/331
f 318/392/330 324/399/336 323/398/335
f 319/393/331 311/394/323 325/400/337
f 319/393/331 325/400/337 324/399/336
f 316/401/328 325/400/337 311/394/323
f 320/395/332 326/402/338 321/396/333
f 327/403/339 321/396/333 326/402/338
f 326/402/338 328/404/340 327/403/339
f 326/402/338 329/405/341 328/404/340
f 320/395/332 330/406/342 326/402/338
f 329/405/341 326/402/338 330/406/342
f 330/406/342 320/395/332 322/397/334
f 331/407/343 323/398/335 324/399/336
f 331/407/343 324/399/336 325/400/337
f 325/400/337 316/401/328 332/408/344
f 325/400/337 332/408/344 331/407/343
f 321/409/333 332/408/344 316/401/328
f 323/398/335 333/410/345 322/397/334
f 330/406/342 322/397/334 333/410/345
f 323/398/335 331/407/343 333/410/345
f 329/405/341 330/406/342 334/411/346
f 333/410/345 334/411/346 330/406/342
f 334/411/346 328/412/347 329/405/341
f 334/411/346 335/413/348 328/412/347
f 336/414/349 333/410/345 331/407/343
f 333/410/345 336/414/349 334/411/346
f 336/414/349 331/407/343 332/408/344
f 335/413/348 334/411/346 336/414/349
f 332/408/344 321/409/333 337/415/350
f 332/408/344 337/415/350 336/414/349
f 335/413/348 336/414/349 337/415/350
f 327/416/339 337/415/350 321/409/333
f 337/415/350 328/417/351 335/413/348
f 337/415/350 327/416/339 328/417/351
usemtl Leaf
f 338/418/352 340/419/353 339/420/354
f 341/421/355 338/418/352 339/420/354
f 341/421/355 339/420/354 342/422/356
f 343/423/357 341/421/355 342/422/356
f 344/418/358 346/419/359 345/420/360
f 347/421/361 344/418/358 345/420/360
f 347/421/361 345/420/360 348/422/362
f 349/423/363 347/421/361 348/422/362
f 350/418/364 352/419/365 351/420/366
f 353/421/367 350/418/364 351/420/366
f 353/421/367 351/420/366 354/422/368
f 355/423/369 353/421/367 354/422/368
f 356/418/370 358/419/371 357/420/372
f 359/421/373 356/418/370 357/420/372
f 359/421/373 357/420/372 360/422/374
f 361/423/375 359/421/373 360/422/374
f 362/418/376 364/419/377 363/420/378
f 365/421/379 362/418/376 363/420/378
f 365/421/379 363/420/378 366/422/380
f 367/423/381 365/421/379 366/422/380
f 368/418/382 370/419/383 369/420/384
f 371/421/385 368/418/382 369/420/384
f 371/421/385 369/420/384 372/422/386
f 373/423/387 371/421/385 372/422/386
f 374/418/388 376/419/389 375/420/390
f 377/421/391 374/418/388 375/420/390
f 377/421/391 375/420/390 378/422/392
f 379/423/393 377/421/391 378/422/392
f 380/418/394 382/419/395 381/420/396
f 383/421/397 380/418/394 381/420/396
f 383/421/397 381/420/396 384/422/398
f 385/423/399 383/421/397 384/422/398
f 386/418/400 388/419/401 387/420/402
f 389/421/403 386/418/400 387/420/402
f 389/421/403 387/420/402 390/422/404
f 391/423/405 389/421/403 390/422/404
f 392/418/406 394/419/407 393/420/408
f 395/421/409 392/418/406 393/420/408
f 395/421/409 393/420/408 396/422/410
f 397/423/411 395/421/409 396/422/410
f 398/418/412 400/419/413 399/420/414
f 401/421/415 398/418/412 399/420/414
f 401/421/415 399/420/414 402/422/416
f 403/423/417 401/421/415 402/422/416
f 404/418/418 406/419/419 405/420/420
f 407/421/421 404/418/418 405/420/420
f 407/421/421 405/420/420 408/422/422
f 409/423/423 407/421/421 408/422/422
f 410/418/424 412/419/425 411/420/426
f 413/421/427 410/418/424 411/420/426
f 413/421/427 411/420/426 414/422/428
f 415/423/429 413/421/427 414/422/428
f 416/418/430 418/419/431 417/420/432
f 419/421/433 416/418/430 417/420/432
f 419/421/433 417/420/432 420/422/434
f 421/423/435 419/421/433 420/422/434
f 422/418/436 424/419/437 423/420/438
f 425/421/439 422/418/436 423/420/438
f 425/421/439 423/420/438 426/422/440
f 427/423/441 425/421/439 426/422/440
f 428/418/442 430/419/443 429/420/444
f 431/421/445 428/418/442 429/420/444
f 431/421/445 429/420/444 432/422/446
f 433/423/447 431/421/445 432/422/446
f 434/418/448 436/419/449 435/420/450
f 437/421/451 434/418/448 435/420/450
f 437/421/451 435/420/450 438/422/452
f 439/423/453 437/421/451 438/422/452
f 440/418/454 442/419/455 441/420/456
f 443/421/457 440/418/454 441/420/456
f 443/421/457 441/420/456 444/422/458
f 445/423/459 443/421/457 444/422/458
f 446/418/460 448/419/461 447/420/462
f 449/421/463 446/418/460 447/420/462
f 449/421/463 447/420/462 450/422/464
f 451/423/465 449/421/463 450/422/464
f 452/418/466 454/419/467 453/420/468
f 455/421/469 452/418/466 453/420/468
f 455/421/469 453/420/468 456/422/470
f 457/423/471 455/421/469 456/422/470
f 458/418/472 460/419/473 459/420/474
f 461/421/475 458/418/472 459/420/474
f 461/421/475 459/420/474 462/422/476
f 463/423/477 461/421/475 462/422/476
f 464/418/478 466/419/479 465/420/480
f 467/421/481 464/418/478 465/420/480
f 467/421/481 465/420/480 468/422/482
f 469/423/483 467/421/481 468/422/482
f 470/418/484 472/419/485 471/420/486
f 473/421/487 470/418/484 471/420/486
f 473/421/487 471/420/486 474/422/488
f 475/423/489 473/421/487 474/422/488
f 476/418/490 478/419/491 477/420/492
f 479/421/493 476/418/490 477/420/492
f 479/421/493 477/420/492 480/422/494
f 481/423/495 479/421/493 480/422/494
f 482/418/496 484/419/497 483/420/498
f 485/421/499 482/418/496 483/420/498
f 485/421/499 483/420/498 486/422/500
f 487/423/501 485/421/499 486/422/500
f 488/418/502 490/419/503 489/420/504
f 491/421/505 488/418/502 489/420/504
f 491/421/505 489/420/504 492/422/506
f 493/423/507 491/421/505 492/422/506
f 494/418/508 496/419/509 495/420/510
f 497/421/511 494/418/508 495/420/510
f 497/421/511 495/420/510 498/422/512
f 499/423/513 497/421/511 498/422/512
f 500/418/514 502/419/515 501/420/516
f 503/421/517 500/418/514 501/420/516
f 503/421/517 501/420/516 504/422/518
f 505/423/519 503/421/517 504/422/518
f 506/418/520 508/419/521 507/420/522
f 509/421/523 506/418/520 507/420/522
f 509/421/523 507/420/522 510/422/524
f 511/423/525 509/421/523 510/422/524
f 512/418/526 514/419/527 513/420/528
f 515/421/529 512/418/526 513/420/528
f 515/421/529 513/420/528 516/422/530
f 517/423/531 515/421/529 516/422/530
f 518/418/532 520/419/533 519/420/534
f 521/421/535 518/418/532 519/420/534
f 521/421/535 519/420/534 522/422/536
f 523/423/537 521/421/535 522/422/536
f 524/418/538 526/419/539 525/420/540
f 527/421/541 524/418/538 525/420/540
f 527/421/541 525/420/540 528/422/542
f 529/423/543 527/421/541 528/422/542
f 530/418/544 532/419/545 531/420/546
f 533/421/547 530/418/544 531/420/546
f 533/421/547 531/420/546 534/422/548
f 535/423/549 533/421/547 534/422/548
f 536/418/550 538/419/551 537/420/552
f 539/421/553 536/418/550 537/420/552
f 539/421/553 537/420/552 540/422/554
f 541/423/555 539/421/553 540/422/554
f 542/418/556 544/419/557 543/420/558
f 545/421/559 542/418/556 543/420/558
f 545/421/559 543/420/558 546/422/560
f 547/423/561 545/421/559 546/422/560
f 548/418/562 550/419/563 549/420/564
f 551/421/565 548/418/562 549/420/564
f 551/421/565 549/420/564 552/422/566
f 553/423/567 551/421/565 552/422/566
f 554/418/568 556/419/569 555/420/570
f 557/421/571 554/418/568 555/420/570
f 557/421/571 555/420/570 558/422/572
f 559/423/573 557/421/571 558/422/572
f 560/418/574 562/419/575 561/420/576
f 563/421/577 560/418/574 561/420/576
f 563/421/577 561/420/576 564/422/578
f 565/423/579 563/421/577 564/422/578
f 566/418/580 568/419/581 567/420/582
f 569/421/583 566/418/580 567/420/582
f 569/421/583 567/420/582 570/422/584
f 571/423/585 569/421/583 570/422/584
f 572/418/586 574/419/587 573/420/588
f 575/421/589 572/418/586 573/420/588
f 575/421/589 573/420/588 576/422/590
f 577/423/591 575/421/589 576/422/590
f 578/418/592 580/419/593 579/420/594
f 581/421/595 578/418/592 579/420/594
f 581/421/595 579/420/594 582/422/596
f 583/423/597 581/421/595 582/422/596
f 584/418/598 586/419/599 585/420/600
f 587/421/601 584/418/598 585/420/600
f 587/421/601 585/420/600 588/422/602
f 589/423/603 587/421/601 588/422/602
f 590/418/604 592/419/605 591/420/606
f 593/421/607 590/418/604 591/420/606
f 593/421/607 591/420/606 594/422/608
f 595/423/609 593/421/607 594/422/608
f 596/418/610 598/419/611 597/420/612
f 599/421/613 596/418/610 597/420/612
f 599/421/613 597/420/612 600/422/614
f 601/423/615 599/421/613 600/422/614
f 602/418/616 604/419/617 603/420/618
f 605/421/619 602/418/616 603/420/618
f 605/421/619 603/420/618 606/422/620
f 607/423/621 605/421/619 606/422/620
f 608/418/622 610/419/623 609/420/624
f 611/421/625 608/418/622 609/420/624
f 611/421/625 609/420/624 612/422/626
f 613/423/627 611/421/625 612/422/626
f 614/418/628 616/419/629 615/420/630
f 617/421/631 614/418/628 615/420/630
f 617/421/631 615/420/630 618/422/632
f 619/423/633 617/421/631 618/422/632
f 620/418/634 622/419/635 621/420/636
f 623/421/637 620/418/634 621/420/636
f 623/421/637 621/420/636 624/422/638
f 625/423/639 623/421/637 624/422/638
f 626/418/640 628/419/641 627/420/642
f 629/421/643 626/418/640 627/420/642
f 629/421/643 627/420/642 630/422/644
f 631/423/645 629/421/643 630/422/644
f 632/418/646 634/419/647 633/420/648
f 635/421/649 632/418/646 633/420/648
f 635/421/649 633/420/648 636/422/650
f 637/423/651 635/421/649 636/422/650
f 638/418/652 640/419/653 639/420/654
f 641/421/655 638/418/652 639/420/654
f 641/421/655 639/420/654 642/422/656
f 643/423/657 641/421/655 642/422/656
f 644/418/658 646/419/659 645/420/660
f 647/421/661 644/418/658 645/420/660
f 647/421/661 645/420/660 648/422/662
f 649/423/663 647/421/661 648/422/662
f 650/418/664 652/419/665 651/420/666
f 653/421/667 650/418/664 651/420/666
f 653/421/667 651/420/666 654/422/668
f 655/423/669 653/421/667 654/422/668
f 656/418/670 658/419/671 657/420/672
f 659/421/673 656/418/670 657/420/672
f 659/421/673 657/420/672 660/422/674
f 661/423/675 659/421/673 660/422/674
f 662/418/676 664/419/677 663/420/678
f 665/421/679 662/418/676 663/420/678
f 665/421/679 663/420/678 666/422/680
f 667/423/681 665/421/679 666/422/680
f 668/418/682 670/419/683 669/420/684
f 671/421/685 668/418/682 669/420/684
f 671/421/685 669/420/684 672/422/686
f 673/423/687 671/421/685 672/422/686
f 674/418/688 676/419/689 675/420/690
f 677/421/691 674/418/688 675/420/690
f 677/421/691 675/420/690 678/422/692
f 679/423/693 677/421/691 678/422/692
f 680/418/694 682/419/695 681/420/696
f 683/421/697 680/418/694 681/420/696
f 683/421/697 681/420/696 684/422/698
f 685/423/699 683/421/697 684/422/698
f 686/418/700 688/419/701 687/420/702
f 689/421/703 686/418/700 687/420/702
f 689/421/703 687/420/702 690/422/704
f 691/423/705 689/421/703 690/422/704
f 692/418/706 694/419/707 693/420/708
f 695/421/709 692/418/706 693/420/708
f 695/421/709 693/420/708 696/422/710
f 697/423/711 695/421/709 696/422/710
f 698/418/712 700/419/713 699/420/714
f 701/421/715 698/418/712 699/420/714
f 701/421/715 699/420/714 702/422/716
f 703/423/717 701/421/715 702/422/716
f 704/418/718 706/419/719 705/420/720
f 707/421/721 704/418/718 705/420/720
f 707/421/721 705/420/720 708/422/722
f 709/423/723 707/421/721 708/422/722
f 710/418/724 712/419/725 711/420/726
f 713/421/727 710/418/724 711/420/726
f 713/421/727 711/420/726 714/422/728
f 715/423/729 713/421/727 714/422/728
f 716/418/730 718/419/731 717/420/732
f 719/421/733 716/418/730 717/420/732
f 719/421/733 717/420/732 720/422/734
f 721/423/735 719/421/733 720/422/734
f 722/418/736 724/419/737 723/420/738
f 725/421/739 722/418/736 723/420/738
f 725/421/739 723/420/738 726/422/740
f 727/423/741 725/421/739 726/422/740
f 728/418/742 730/419/743 729/420/744
f 731/421/745 728/418/742 729/420/744
f 731/421/745 729/420/744 732/422/746
f 733/423/747 731/421/745 732/422/746
f 734/418/748 736/419/749 735/420/750
f 737/421/751 734/418/748 735/420/750
f 737/421/751 735/420/750 738/422/752
f 739/423/753 737/421/751 738/422/752
f 740/418/754 742/419/755 741/420/756
f 743/421/757 740/418/754 741/420/756
f 743/421/757 741/420/756 744/422/758
f 745/423/759 743/421/757 744/422/758
f 746/418/760 748/419/761 747/420/762
f 749/421/763 746/418/760 747/420/762
f 749/421/763 747/420/762 750/422/764
f 751/423/765 749/421/763 750/422/764
f 752/418/766 754/419/767 753/420/768
f 755/421/769 752/418/766 753/420/768
f 755/421/769 753/420/768 756/422/770
f 757/423/771 755/421/769 756/422/770
f 758/418/772 760/419/773 759/420/774
f 761/421/775 758/418/772 759/420/774
f 761/421/775 759/420/774 762/422/776
f 763/423/777 761/421/775 762/422/776
f 764/418/778 766/419/779 765/420/780
f 767/421/781 764/418/778 765/420/780
f 767/421/781 765/420/780 768/422/782
f 769/423/783 767/421/781 768/422/782
f 770/418/784 772/419/785 771/420/786
f 773/421/787 770/418/784 771/420/786
f 773/421/787 771/420/786 774/422/788
f 775/423/789 773/421/787 774/422/788
f 776/418/790 778/419/791 777/420/792
f 779/421/793 776/418/790 777/420/792
f 779/421/793 777/420/792 780/422/794
f 781/423/795 779/421/793 780/422/794
f 782/418/796 784/419/797 783/420/798
f 785/421/799 782/418/796 783/420/798
f 785/421/799 783/420/798 786/422/800
f 787/423/801 785/421/799 786/422/800
f 788/418/802 790/419/803 789/420/804
f 791/421/805 788/418/802 789/420/804
f 791/421/805 789/420/804 792/422/806
f 793/423/807 791/421/805 792/422/806
f 794/418/808 796/419/809 795/420/810
f 797/421/811 794/418/808 795/420/810
f 797/421/811 795/420/810 798/422/812
f 799/423/813 797/421/811 798/422/812
f 800/418/814 802/419/815 801/420/816
f 803/421/817 800/418/814 801/420/816
f 803/421/817 801/420/816 804/422/818
f 805/423/819 803/421/817 804/422/818
f 806/418/820 808/419/821 807/420/822
f 809/421/823 806/418/820 807/420/822
f 809/421/823 807/420/822 810/422/824
f 811/423/825 809/421/823 810/422/824
f 812/418/826 814/419/827 813/420/828
f 815/421/829 812/418/826 813/420/828
f 815/421/829 813/420/828 816/422/830
f 817/423/831 815/421/829 816/422/830
f 818/418/832 820/419/833 819/420/834
f 821/421/835 818/418/832 819/420/834
f 821/421/835 819/420/834 822/422/836
f 823/423/837 821/421/835 822/422/836
f 824/418/838 826/419/839 825/420/840
f 827/421/841 824/418/838 825/420/840
f 827/421/841 825/420/840 828/422/842
f 829/423/843 827/421/841 828/422/842
f 830/418/844 832/419/845 831/420/846
f 833/421/847 830/418/844 831/420/846
f 833/421/847 831/420/846 834/422/848
f 835/423/849 833/421/847 834/422/848
f 836/418/850 838/419/851 837/420/852
f 839/421/853 836/418/850 837/420/852
f 839/421/853 837/420/852 840/422/854
f 841/423/855 839/421/853 840/422/854
f 842/418/856 844/419/857 843/420/858
f 845/421/859 842/418/856 843/420/858
f 845/421/859 843/420/858 846/422/860
f 847/423/861 845/421/859 846/422/860
f 848/418/862 850/419/863 849/420/864
f 851/421/865 848/418/862 849/420/864
f 851/421/865 849/420/864 852/422/866
f 853/423/867 851/421/865 852/422/866
f 854/418/868 856/419/869 855/420/870
f 857/421/871 854/418/868 855/420/870
f 857/421/871 855/420/870 858/422/872
f 859/423/873 857/421/871 858/422/872
f 860/418/874 862/419/875 861/420/876
f 863/421/877 860/418/874 861/420/876
f 863/421/877 861/420/876 864/422/878
f 865/423/879 863/421/877 864/422/878
f 866/418/880 868/419/881 867/420/882
f 869/421/883 866/418/880 867/420/882
f 869/421/883 867/420/882 870/422/884
f 871/423/885 869/421/883 870/422/884
f 872/418/886 874/419/887 873/420/888
f 875/421/889 872/418/886 873/420/888
f 875/421/889 873/420/888 876/422/890
f 877/423/891 875/421/889 876/422/890
f 878/418/892 880/419/893 879/420/894
f 881/421/895 878/418/892 879/420/894
f 881/421/895 879/420/894 882/422/896
f 883/423/897 881/421/895 882/422/896
f 884/418/898 886/419/899 885/420/900
f 887/421/901 884/418/898 885/420/900
f 887/421/901 885/420/900 888/422/902
f 889/423/903 887/421/901 888/422/902
f 890/418/904 892/419/905 891/420/906
f 893/421/907 890/418/904 891/420/906
f 893/421/907 891/420/906 894/422/908
f 895/423/909 893/421/907 894/422/908
f 896/418/910 898/419/911 897/420/912
f 899/421/913 896/418/910 897/420/912
f 899/421/913 897/420/912 900/422/914
f 901/423/915 899/421/913 900/422/914
f 902/418/916 904/419/917 903/420/918
f 905/421/919 902/418/916 903/420/918
f 905/421/919 903/420/918 906/422/920
f 907/423/921 905/421/919 906/422/920
f 908/418/922 910/419/923 909/420/924
f 911/421/925 908/418/922 909/420/924
f 911/421/925 909/420/924 912/422/926
f 913/423/927 911/421/925 912/422/926
f 914/418/928 916/419/929 915/420/930
f 917/421/931 914/418/928 915/420/930
f 917/421/931 915/420/930 918/422/932
f 919/423/933 917/421/931 918/422/932
f 920/418/934 922/419/935 921/420/936
f 923/421/937 920/418/934 921/420/936
f 923/421/937 921/420/936 924/422/938
f 925/423/939 923/421/937 924/422/938
f 926/418/940 928/419/941 927/420/942
f 929/421/943 926/418/940 927/420/942
f 929/421/943 927/420/942 930/422/944
f 931/423/945 929/421/943 930/422/944
f 932/418/946 934/419/947 933/420/948
f 935/421/949 932/418/946 933/420/948
f 935/421/949 933/420/948 936/422/950
f 937/423/951 935/421/949 936/422/950
f 938/418/952 940/419/953 939/420/954
f 941/421/955 938/418/952 939/420/954
f 941/421/955 939/420/954 942/422/956
f 943/423/957 941/421/955 942/422/956
f 944/418/958 946/419/959 945/420/960
f 947/421/961 944/418/958 945/420/960
f 947/421/961 945/420/960 948/422/962
f 949/423/963 947/421/961 948/422/962
f 950/418/964 952/419/965 951/420/966
f 953/421/967 950/418/964 951/420/966
f 953/421/967 951/420/966 954/422/968
f 955/423/969 953/421/967 954/422/968
f 956/418/970 958/419/971 957/420/972
f 959/421/973 956/418/970 957/420/972
f 959/421/973 957/420/972 960/422/974
f 961/423/975 959/421/973 960/422/974
f 962/418/976 964/419/977 963/420/978
f 965/421/979 962/418/976 963/420/978
f 965/421/979 963/420/978 966/422/980
f 967/423/981 965/421/979 966/422/980
f 968/418/982 970/419/983 969/420/984
f 971/421/985 968/418/982 969/420/984
f 971/421/985 969/420/984 972/422/986
f 973/423/987 971/421/985 972/422/986
f 974/418/988 976/419/989 975/420/990
f 977/421/991 974/418/988 975/420/990
f 977/421/991 975/420/990 978/422/992
f 979/423/993 977/421/991 978/422/992
f 980/418/994 982/419/995 981/420/996
f 983/421/997 980/418/994 981/420/996
f 983/421/997 981/420/996 984/422/998
f 985/423/999 983/421/997 984/422/998
f 986/418/1000 988/419/1001 987/420/1002
f 989/421/1003 986/418/1000 987/420/1002
f 989/421/1003 987/420/1002 990/422/1004
f 991/423/1005 989/421/1003 990/422/1004
f 992/418/1006 994/419/1007 993/420/1008
f 995/421/1009 992/418/1006 993/420/1008
f 995/421/1009 993/420/1008 996/422/1010
f 997/423/1011 995/421/1009 996/422/1010
f 998/418/1012 1000/419/1013 999/420/1014
f 1001/421/1015 998/418/1012 999/420/1014
f 1001/421/1015 999/420/1014 1002/422/1016
f 1003/423/1017 1001/421/1015 1002/422/1016
f 1004/418/1018 1006/419/1019 1005/420/1020
f 1007/421/1021 1004/418/1018 1005/420/1020
f 1007/421/1021 1005/420/1020 1008/422/1022
f 1009/423/1023 1007/421/1021 1008/422/1022
f 1010/418/1024 1012/419/1025 1011/420/1026
f 1013/421/1027 1010/418/1024 1011/420/1026
f 1013/421/1027 1011/420/1026 1014/422/1028
f 1015/423/1029 1013/421/1027 1014/422/1028
f 1016/418/1030 1018/419/1031 1017/420/1032
f 1019/421/1033 1016/418/1030 1017/420/1032
f 1019/421/1033 1017/420/1032 1020/422/1034
f 1021/423/1035 1019/421/1033 1020/422/1034
f 1022/418/1036 1024/419/1037 1023/420/1038
f 1025/421/1039 1022/418/1036 1023/420/1038
f 1025/421/1039 1023/420/1038 1026/422/1040
f 1027/423/1041 1025/421/1039 1026/422/1040
f 1028/418/1042 1030/419/1043 1029/420/1044
f 1031/421/1045 1028/418/1042 1029/420/1044
f 1031/421/1045 1029/420/1044 1032/422/1046
f 1033/423/1047 1031/421/1045 1032/422/1046
f 1034/418/1048 1036/419/1049 1035/420/1050
f 1037/421/1051 1034/418/1048 1035/420/1050
f 1037/421/1051 1035/420/1050 1038/422/1052
f 1039/423/1053 1037/421/1051 1038/422/1052
f 1040/418/1054 1042/419/1055 1041/420/1056
f 1043/421/1057 1040/418/1054 1041/420/1056
f 1043/421/1057 1041/420/1056 1044/422/1058
f 1045/423/1059 1043/421/1057 1044/422/1058
f 1046/418/1060 1048/419/1061 1047/420/1062
f 1049/421/1063 1046/418/1060 1047/420/1062
f 1049/421/1063 1047/420/1062 1050/422/1064
f 1051/423/1065 1049/421/1063 1050/422/1064
f 1052/418/1066 1054/419/1067 1053/420/1068
f 1055/421/1069 1052/418/1066 1053/420/1068
f 1055/421/1069 1053/420/1068 1056/422/1070
f 1057/423/1071 1055/421/1069 1056/422/1070
f 1058/418/1072 1060/419/1073 1059/420/1074
f 1061/421/1075 1058/418/1072 1059/420/1074
f 1061/421/1075 1059/420/1074 1062/422/1076
f 1063/423/1077 1061/421/1075 1062/422/1076
f 1064/418/1078 1066/419/1079 1065/420/1080
f 1067/421/1081 1064/418/1078 1065/420/1080
f 1067/421/1081 1065/420/1080 1068/422/1082
f 1069/423/1083 1067/421/1081 1068/422/1082
f 1070/418/1084 1072/419/1085 1071/420/1086
f 1073/421/1087 1070/418/1084 1071/420/1086
f 1073/421/1087 1071/420/1086 1074/422/1088
f 1075/423/1089 1073/421/1087 1074/422/1088
f 1076/418/1090 1078/419/1091 1077/420/1092
f 1079/421/1093 1076/418/1090 1077/420/1092
f 1079/421/1093 1077/420/1092 1080/422/1094
f 1081/423/1095 1079/421/1093 1080/422/1094
f 1082/418/1096 1084/419/1097 1083/420/1098
f 1085/421/1099 1082/418/1096 1083/420/1098
f 1085/421/1099 1083/420/1098 1086/422/1100
f 1087/423/1101 1085/421/1099 1086/422/1100
f 1088/418/1102 1090/419/1103 1089/420/1104
f 1091/421/1105 1088/418/1102 1089/420/1104
f 1091/421/1105 1089/420/1104 1092/422/1106
f 1093/423/1107 1091/421/1105 1092/422/1106
f 1094/418/1108 1096/419/1109 1095/420/1110
f 1097/421/1111 1094/418/1108 1095/420/1110
f 1097/421/1111 1095/420/1110 1098/422/1112
f 1099/423/1113 1097/421/1111 1098/422/1112
f 1100/418/1114 1102/419/1115 1101/420/1116
f 1103/421/1117 1100/418/1114 1101/420/1116
f 1103/421/1117 1101/420/1116 1104/422/1118
f 1105/423/1119 1103/421/1117 1104/422/1118
